solid A_buet_konveks_gap1000
 facet normal -0.237674 -0.971345 0
  outer loop
   vertex 758.078 29.7043 900
   vertex 766.555 27.6301 0
   vertex 766.555 27.6301 900
  endloop
 endfacet
 facet normal -0.229214 -0.973376 -0
  outer loop
   vertex 766.555 27.6301 900
   vertex 766.555 27.6301 0
   vertex 775.049 25.6299 0
  endloop
 endfacet
 facet normal -0.229214 -0.973376 0
  outer loop
   vertex 766.555 27.6301 900
   vertex 775.049 25.6299 0
   vertex 775.049 25.6299 900
  endloop
 endfacet
 facet normal -0.220704 -0.975341 -0
  outer loop
   vertex 775.049 25.6299 900
   vertex 775.049 25.6299 0
   vertex 783.56 23.704 0
  endloop
 endfacet
 facet normal -0.220704 -0.975341 0
  outer loop
   vertex 775.049 25.6299 900
   vertex 783.56 23.704 0
   vertex 783.56 23.704 900
  endloop
 endfacet
 facet normal -0.212177 -0.977231 -0
  outer loop
   vertex 783.56 23.704 900
   vertex 783.56 23.704 0
   vertex 792.088 21.8524 0
  endloop
 endfacet
 facet normal -0.212177 -0.977231 0
  outer loop
   vertex 783.56 23.704 900
   vertex 792.088 21.8524 0
   vertex 792.088 21.8524 900
  endloop
 endfacet
 facet normal -0.203636 -0.979047 -0
  outer loop
   vertex 792.088 21.8524 900
   vertex 792.088 21.8524 0
   vertex 800.632 20.0753 0
  endloop
 endfacet
 facet normal -0.203636 -0.979047 0
  outer loop
   vertex 792.088 21.8524 900
   vertex 800.632 20.0753 0
   vertex 800.632 20.0753 900
  endloop
 endfacet
 facet normal -0.195091 -0.980785 -0
  outer loop
   vertex 800.632 20.0753 900
   vertex 800.632 20.0753 0
   vertex 809.191 18.3728 0
  endloop
 endfacet
 facet normal -0.195091 -0.980785 0
  outer loop
   vertex 800.632 20.0753 900
   vertex 809.191 18.3728 0
   vertex 809.191 18.3728 900
  endloop
 endfacet
 facet normal -0.18651 -0.982453 -0
  outer loop
   vertex 809.191 18.3728 900
   vertex 809.191 18.3728 0
   vertex 817.765 16.7451 0
  endloop
 endfacet
 facet normal -0.18651 -0.982453 0
  outer loop
   vertex 809.191 18.3728 900
   vertex 817.765 16.7451 0
   vertex 817.765 16.7451 900
  endloop
 endfacet
 facet normal -0.177945 -0.98404 -0
  outer loop
   vertex 817.765 16.7451 900
   vertex 817.765 16.7451 0
   vertex 826.352 15.1923 0
  endloop
 endfacet
 facet normal -0.177945 -0.98404 0
  outer loop
   vertex 817.765 16.7451 900
   vertex 826.352 15.1923 0
   vertex 826.352 15.1923 900
  endloop
 endfacet
 facet normal -0.169366 -0.985553 -0
  outer loop
   vertex 826.352 15.1923 900
   vertex 826.352 15.1923 0
   vertex 834.952 13.7144 0
  endloop
 endfacet
 facet normal -0.169366 -0.985553 0
  outer loop
   vertex 826.352 15.1923 900
   vertex 834.952 13.7144 0
   vertex 834.952 13.7144 900
  endloop
 endfacet
 facet normal -0.160752 -0.986995 -0
  outer loop
   vertex 834.952 13.7144 900
   vertex 834.952 13.7144 0
   vertex 843.565 12.3116 0
  endloop
 endfacet
 facet normal -0.160752 -0.986995 0
  outer loop
   vertex 834.952 13.7144 900
   vertex 843.565 12.3116 0
   vertex 843.565 12.3116 900
  endloop
 endfacet
 facet normal -0.152105 -0.988364 -0
  outer loop
   vertex 843.565 12.3116 900
   vertex 843.565 12.3116 0
   vertex 852.191 10.9841 0
  endloop
 endfacet
 facet normal -0.152105 -0.988364 0
  outer loop
   vertex 843.565 12.3116 900
   vertex 852.191 10.9841 0
   vertex 852.191 10.9841 900
  endloop
 endfacet
 facet normal -0.143491 -0.989652 -0
  outer loop
   vertex 852.191 10.9841 900
   vertex 852.191 10.9841 0
   vertex 860.827 9.73195 0
  endloop
 endfacet
 facet normal -0.143491 -0.989652 0
  outer loop
   vertex 852.191 10.9841 900
   vertex 860.827 9.73195 0
   vertex 860.827 9.73195 900
  endloop
 endfacet
 facet normal -0.134855 -0.990865 -0
  outer loop
   vertex 860.827 9.73195 900
   vertex 860.827 9.73195 0
   vertex 869.474 8.55511 0
  endloop
 endfacet
 facet normal -0.134855 -0.990865 0
  outer loop
   vertex 860.827 9.73195 900
   vertex 869.474 8.55511 0
   vertex 869.474 8.55511 900
  endloop
 endfacet
 facet normal -0.126192 -0.992006 -0
  outer loop
   vertex 869.474 8.55511 900
   vertex 869.474 8.55511 0
   vertex 878.131 7.45386 0
  endloop
 endfacet
 facet normal -0.126192 -0.992006 0
  outer loop
   vertex 869.474 8.55511 900
   vertex 878.131 7.45386 0
   vertex 878.131 7.45386 900
  endloop
 endfacet
 facet normal -0.117543 -0.993068 -0
  outer loop
   vertex 878.131 7.45386 900
   vertex 878.131 7.45386 0
   vertex 886.797 6.42812 0
  endloop
 endfacet
 facet normal -0.117543 -0.993068 0
  outer loop
   vertex 878.131 7.45386 900
   vertex 886.797 6.42812 0
   vertex 886.797 6.42812 900
  endloop
 endfacet
 facet normal -0.108876 -0.994055 -0
  outer loop
   vertex 886.797 6.42812 900
   vertex 886.797 6.42812 0
   vertex 895.471 5.47808 0
  endloop
 endfacet
 facet normal -0.108876 -0.994055 0
  outer loop
   vertex 886.797 6.42812 900
   vertex 895.471 5.47808 0
   vertex 895.471 5.47808 900
  endloop
 endfacet
 facet normal -0.100182 -0.994969 -0
  outer loop
   vertex 895.471 5.47808 900
   vertex 895.471 5.47808 0
   vertex 904.154 4.6038 0
  endloop
 endfacet
 facet normal -0.100182 -0.994969 0
  outer loop
   vertex 895.471 5.47808 900
   vertex 904.154 4.6038 0
   vertex 904.154 4.6038 900
  endloop
 endfacet
 facet normal -0.091504 -0.995805 -0
  outer loop
   vertex 904.154 4.6038 900
   vertex 904.154 4.6038 0
   vertex 912.844 3.80528 0
  endloop
 endfacet
 facet normal -0.091504 -0.995805 0
  outer loop
   vertex 904.154 4.6038 900
   vertex 912.844 3.80528 0
   vertex 912.844 3.80528 900
  endloop
 endfacet
 facet normal -0.0827997 -0.996566 -0
  outer loop
   vertex 912.844 3.80528 900
   vertex 912.844 3.80528 0
   vertex 921.541 3.08269 0
  endloop
 endfacet
 facet normal -0.0827997 -0.996566 0
  outer loop
   vertex 912.844 3.80528 900
   vertex 921.541 3.08269 0
   vertex 921.541 3.08269 900
  endloop
 endfacet
 facet normal -0.0741114 -0.99725 -0
  outer loop
   vertex 921.541 3.08269 900
   vertex 921.541 3.08269 0
   vertex 930.244 2.43592 0
  endloop
 endfacet
 facet normal -0.0741114 -0.99725 0
  outer loop
   vertex 921.541 3.08269 900
   vertex 930.244 2.43592 0
   vertex 930.244 2.43592 900
  endloop
 endfacet
 facet normal -0.0654058 -0.997859 -0
  outer loop
   vertex 930.244 2.43592 900
   vertex 930.244 2.43592 0
   vertex 938.951 1.86521 0
  endloop
 endfacet
 facet normal -0.0654058 -0.997859 0
  outer loop
   vertex 930.244 2.43592 900
   vertex 938.951 1.86521 0
   vertex 938.951 1.86521 900
  endloop
 endfacet
 facet normal -0.0566882 -0.998392 -0
  outer loop
   vertex 938.951 1.86521 900
   vertex 938.951 1.86521 0
   vertex 947.664 1.37049 0
  endloop
 endfacet
 facet normal -0.0566882 -0.998392 0
  outer loop
   vertex 938.951 1.86521 900
   vertex 947.664 1.37049 0
   vertex 947.664 1.37049 900
  endloop
 endfacet
 facet normal -0.0479799 -0.998848 -0
  outer loop
   vertex 947.664 1.37049 900
   vertex 947.664 1.37049 0
   vertex 956.381 0.951767 0
  endloop
 endfacet
 facet normal -0.0479799 -0.998848 0
  outer loop
   vertex 947.664 1.37049 900
   vertex 956.381 0.951767 0
   vertex 956.381 0.951767 900
  endloop
 endfacet
 facet normal -0.0392595 -0.999229 -0
  outer loop
   vertex 956.381 0.951767 900
   vertex 956.381 0.951767 0
   vertex 965.101 0.60916 0
  endloop
 endfacet
 facet normal -0.0392595 -0.999229 0
  outer loop
   vertex 956.381 0.951767 900
   vertex 965.101 0.60916 0
   vertex 965.101 0.60916 900
  endloop
 endfacet
 facet normal -0.0305399 -0.999534 -0
  outer loop
   vertex 965.101 0.60916 900
   vertex 965.101 0.60916 0
   vertex 973.823 0.342667 0
  endloop
 endfacet
 facet normal -0.0305399 -0.999534 0
  outer loop
   vertex 965.101 0.60916 900
   vertex 973.823 0.342667 0
   vertex 973.823 0.342667 900
  endloop
 endfacet
 facet normal -0.0218145 -0.999762 -0
  outer loop
   vertex 973.823 0.342667 900
   vertex 973.823 0.342667 0
   vertex 982.548 0.15229 0
  endloop
 endfacet
 facet normal -0.0218145 -0.999762 0
  outer loop
   vertex 973.823 0.342667 900
   vertex 982.548 0.15229 0
   vertex 982.548 0.15229 900
  endloop
 endfacet
 facet normal -0.013088 -0.999914 -0
  outer loop
   vertex 982.548 0.15229 900
   vertex 982.548 0.15229 0
   vertex 991.273 0.0380874 0
  endloop
 endfacet
 facet normal -0.013088 -0.999914 0
  outer loop
   vertex 982.548 0.15229 900
   vertex 991.273 0.0380874 0
   vertex 991.273 0.0380874 900
  endloop
 endfacet
 facet normal -0.00436428 -0.99999 -0
  outer loop
   vertex 991.273 0.0380874 900
   vertex 991.273 0.0380874 0
   vertex 1000 0 0
  endloop
 endfacet
 facet normal -0.00436428 -0.99999 0
  outer loop
   vertex 991.273 0.0380874 900
   vertex 1000 0 0
   vertex 1000 0 900
  endloop
 endfacet
 facet normal 0.00436278 -0.99999 0
  outer loop
   vertex 1000 0 900
   vertex 1000 0 0
   vertex 1008.73 0.0380874 0
  endloop
 endfacet
 facet normal 0.00436278 -0.99999 0
  outer loop
   vertex 1000 0 900
   vertex 1008.73 0.0380874 0
   vertex 1008.73 0.0380874 900
  endloop
 endfacet
 facet normal 0.0130955 -0.999914 0
  outer loop
   vertex 1008.73 0.0380874 900
   vertex 1008.73 0.0380874 0
   vertex 1017.45 0.15229 0
  endloop
 endfacet
 facet normal 0.0130955 -0.999914 0
  outer loop
   vertex 1008.73 0.0380874 900
   vertex 1017.45 0.15229 0
   vertex 1017.45 0.15229 900
  endloop
 endfacet
 facet normal 0.021802 -0.999762 0
  outer loop
   vertex 1017.45 0.15229 900
   vertex 1017.45 0.15229 0
   vertex 1026.18 0.342667 0
  endloop
 endfacet
 facet normal 0.021802 -0.999762 0
  outer loop
   vertex 1017.45 0.15229 900
   vertex 1026.18 0.342667 0
   vertex 1026.18 0.342667 900
  endloop
 endfacet
 facet normal 0.0305469 -0.999533 0
  outer loop
   vertex 1026.18 0.342667 900
   vertex 1026.18 0.342667 0
   vertex 1034.9 0.60916 0
  endloop
 endfacet
 facet normal 0.0305469 -0.999533 0
  outer loop
   vertex 1026.18 0.342667 900
   vertex 1034.9 0.60916 0
   vertex 1034.9 0.60916 900
  endloop
 endfacet
 facet normal 0.0392595 -0.999229 0
  outer loop
   vertex 1034.9 0.60916 900
   vertex 1034.9 0.60916 0
   vertex 1043.62 0.951767 0
  endloop
 endfacet
 facet normal 0.0392595 -0.999229 0
  outer loop
   vertex 1034.9 0.60916 900
   vertex 1043.62 0.951767 0
   vertex 1043.62 0.951767 900
  endloop
 endfacet
 facet normal 0.0479634 -0.998849 0
  outer loop
   vertex 1043.62 0.951767 900
   vertex 1043.62 0.951767 0
   vertex 1052.34 1.37049 0
  endloop
 endfacet
 facet normal 0.0479634 -0.998849 0
  outer loop
   vertex 1043.62 0.951767 900
   vertex 1052.34 1.37049 0
   vertex 1052.34 1.37049 900
  endloop
 endfacet
 facet normal 0.0567077 -0.998391 0
  outer loop
   vertex 1052.34 1.37049 900
   vertex 1052.34 1.37049 0
   vertex 1061.05 1.86521 0
  endloop
 endfacet
 facet normal 0.0567077 -0.998391 0
  outer loop
   vertex 1052.34 1.37049 900
   vertex 1061.05 1.86521 0
   vertex 1061.05 1.86521 900
  endloop
 endfacet
 facet normal 0.0653833 -0.99786 0
  outer loop
   vertex 1061.05 1.86521 900
   vertex 1061.05 1.86521 0
   vertex 1069.76 2.43592 0
  endloop
 endfacet
 facet normal 0.0653833 -0.99786 0
  outer loop
   vertex 1061.05 1.86521 900
   vertex 1069.76 2.43592 0
   vertex 1069.76 2.43592 900
  endloop
 endfacet
 facet normal 0.0741368 -0.997248 0
  outer loop
   vertex 1069.76 2.43592 900
   vertex 1069.76 2.43592 0
   vertex 1078.46 3.08269 0
  endloop
 endfacet
 facet normal 0.0741368 -0.997248 0
  outer loop
   vertex 1069.76 2.43592 900
   vertex 1078.46 3.08269 0
   vertex 1078.46 3.08269 900
  endloop
 endfacet
 facet normal 0.0827713 -0.996569 0
  outer loop
   vertex 1078.46 3.08269 900
   vertex 1078.46 3.08269 0
   vertex 1087.16 3.80528 0
  endloop
 endfacet
 facet normal 0.0827713 -0.996569 0
  outer loop
   vertex 1078.46 3.08269 900
   vertex 1087.16 3.80528 0
   vertex 1087.16 3.80528 900
  endloop
 endfacet
 facet normal 0.091504 -0.995805 0
  outer loop
   vertex 1087.16 3.80528 900
   vertex 1087.16 3.80528 0
   vertex 1095.85 4.6038 0
  endloop
 endfacet
 facet normal 0.091504 -0.995805 0
  outer loop
   vertex 1087.16 3.80528 900
   vertex 1095.85 4.6038 0
   vertex 1095.85 4.6038 900
  endloop
 endfacet
 facet normal 0.100216 -0.994966 0
  outer loop
   vertex 1095.85 4.6038 900
   vertex 1095.85 4.6038 0
   vertex 1104.53 5.47808 0
  endloop
 endfacet
 facet normal 0.100216 -0.994966 0
  outer loop
   vertex 1095.85 4.6038 900
   vertex 1104.53 5.47808 0
   vertex 1104.53 5.47808 900
  endloop
 endfacet
 facet normal 0.108926 -0.99405 0
  outer loop
   vertex 1104.53 5.47808 900
   vertex 1104.53 5.47808 0
   vertex 1113.2 6.42812 0
  endloop
 endfacet
 facet normal 0.108926 -0.99405 0
  outer loop
   vertex 1104.53 5.47808 900
   vertex 1113.2 6.42812 0
   vertex 1113.2 6.42812 900
  endloop
 endfacet
 facet normal 0.11749 -0.993074 0
  outer loop
   vertex 1113.2 6.42812 900
   vertex 1113.2 6.42812 0
   vertex 1121.87 7.45386 0
  endloop
 endfacet
 facet normal 0.11749 -0.993074 0
  outer loop
   vertex 1113.2 6.42812 900
   vertex 1121.87 7.45386 0
   vertex 1121.87 7.45386 900
  endloop
 endfacet
 facet normal 0.126149 -0.992011 0
  outer loop
   vertex 1121.87 7.45386 900
   vertex 1121.87 7.45386 0
   vertex 1130.53 8.55511 0
  endloop
 endfacet
 facet normal 0.126149 -0.992011 0
  outer loop
   vertex 1121.87 7.45386 900
   vertex 1130.53 8.55511 0
   vertex 1130.53 8.55511 900
  endloop
 endfacet
 facet normal 0.134962 -0.990851 0
  outer loop
   vertex 1130.53 8.55511 900
   vertex 1130.53 8.55511 0
   vertex 1139.17 9.73195 0
  endloop
 endfacet
 facet normal 0.134962 -0.990851 0
  outer loop
   vertex 1130.53 8.55511 900
   vertex 1139.17 9.73195 0
   vertex 1139.17 9.73195 900
  endloop
 endfacet
 facet normal 0.143426 -0.989661 0
  outer loop
   vertex 1139.17 9.73195 900
   vertex 1139.17 9.73195 0
   vertex 1147.81 10.9841 0
  endloop
 endfacet
 facet normal 0.143426 -0.989661 0
  outer loop
   vertex 1139.17 9.73195 900
   vertex 1147.81 10.9841 0
   vertex 1147.81 10.9841 900
  endloop
 endfacet
 facet normal 0.152208 -0.988348 0
  outer loop
   vertex 1147.81 10.9841 900
   vertex 1147.81 10.9841 0
   vertex 1156.43 12.3116 0
  endloop
 endfacet
 facet normal 0.152208 -0.988348 0
  outer loop
   vertex 1147.81 10.9841 900
   vertex 1156.43 12.3116 0
   vertex 1156.43 12.3116 900
  endloop
 endfacet
 facet normal 0.160625 -0.987016 0
  outer loop
   vertex 1156.43 12.3116 900
   vertex 1156.43 12.3116 0
   vertex 1165.05 13.7144 0
  endloop
 endfacet
 facet normal 0.160625 -0.987016 0
  outer loop
   vertex 1156.43 12.3116 900
   vertex 1165.05 13.7144 0
   vertex 1165.05 13.7144 900
  endloop
 endfacet
 facet normal 0.169366 -0.985553 0
  outer loop
   vertex 1165.05 13.7144 900
   vertex 1165.05 13.7144 0
   vertex 1173.65 15.1923 0
  endloop
 endfacet
 facet normal 0.169366 -0.985553 0
  outer loop
   vertex 1165.05 13.7144 900
   vertex 1173.65 15.1923 0
   vertex 1173.65 15.1923 900
  endloop
 endfacet
 facet normal 0.177885 -0.984051 0
  outer loop
   vertex 1173.65 15.1923 900
   vertex 1173.65 15.1923 0
   vertex 1182.24 16.7451 0
  endloop
 endfacet
 facet normal 0.177885 -0.984051 0
  outer loop
   vertex 1173.65 15.1923 900
   vertex 1182.24 16.7451 0
   vertex 1182.24 16.7451 900
  endloop
 endfacet
 facet normal 0.186594 -0.982437 0
  outer loop
   vertex 1182.24 16.7451 900
   vertex 1182.24 16.7451 0
   vertex 1190.81 18.3728 0
  endloop
 endfacet
 facet normal 0.186594 -0.982437 0
  outer loop
   vertex 1182.24 16.7451 900
   vertex 1190.81 18.3728 0
   vertex 1190.81 18.3728 900
  endloop
 endfacet
 facet normal 0.195069 -0.980789 0
  outer loop
   vertex 1190.81 18.3728 900
   vertex 1190.81 18.3728 0
   vertex 1199.37 20.0753 0
  endloop
 endfacet
 facet normal 0.195069 -0.980789 0
  outer loop
   vertex 1190.81 18.3728 900
   vertex 1199.37 20.0753 0
   vertex 1199.37 20.0753 900
  endloop
 endfacet
 facet normal 0.203727 -0.979028 0
  outer loop
   vertex 1199.37 20.0753 900
   vertex 1199.37 20.0753 0
   vertex 1207.91 21.8524 0
  endloop
 endfacet
 facet normal 0.203727 -0.979028 0
  outer loop
   vertex 1199.37 20.0753 900
   vertex 1207.91 21.8524 0
   vertex 1207.91 21.8524 900
  endloop
 endfacet
 facet normal 0.212129 -0.977242 0
  outer loop
   vertex 1207.91 21.8524 900
   vertex 1207.91 21.8524 0
   vertex 1216.44 23.704 0
  endloop
 endfacet
 facet normal 0.212129 -0.977242 0
  outer loop
   vertex 1207.91 21.8524 900
   vertex 1216.44 23.704 0
   vertex 1216.44 23.704 900
  endloop
 endfacet
 facet normal 0.220728 -0.975335 0
  outer loop
   vertex 1216.44 23.704 900
   vertex 1216.44 23.704 0
   vertex 1224.95 25.6299 0
  endloop
 endfacet
 facet normal 0.220728 -0.975335 0
  outer loop
   vertex 1216.44 23.704 900
   vertex 1224.95 25.6299 0
   vertex 1224.95 25.6299 900
  endloop
 endfacet
 facet normal 0.229317 -0.973352 0
  outer loop
   vertex 1224.95 25.6299 900
   vertex 1224.95 25.6299 0
   vertex 1233.44 27.6301 0
  endloop
 endfacet
 facet normal 0.229317 -0.973352 0
  outer loop
   vertex 1224.95 25.6299 900
   vertex 1233.44 27.6301 0
   vertex 1233.44 27.6301 900
  endloop
 endfacet
 facet normal 0.237595 -0.971364 0
  outer loop
   vertex 1233.44 27.6301 900
   vertex 1233.44 27.6301 0
   vertex 1241.92 29.7043 0
  endloop
 endfacet
 facet normal 0.237595 -0.971364 0
  outer loop
   vertex 1233.44 27.6301 900
   vertex 1241.92 29.7043 0
   vertex 1241.92 29.7043 900
  endloop
 endfacet
 facet normal 0.246103 -0.969244 0
  outer loop
   vertex 1241.92 29.7043 900
   vertex 1241.92 29.7043 0
   vertex 1250.38 31.8524 0
  endloop
 endfacet
 facet normal 0.246103 -0.969244 0
  outer loop
   vertex 1241.92 29.7043 900
   vertex 1250.38 31.8524 0
   vertex 1250.38 31.8524 900
  endloop
 endfacet
 facet normal 0.254573 -0.967053 0
  outer loop
   vertex 1250.38 31.8524 900
   vertex 1250.38 31.8524 0
   vertex 1258.82 34.0742 0
  endloop
 endfacet
 facet normal 0.254573 -0.967053 0
  outer loop
   vertex 1250.38 31.8524 900
   vertex 1258.82 34.0742 0
   vertex 1258.82 34.0742 900
  endloop
 endfacet
 facet normal 0.263015 -0.964792 0
  outer loop
   vertex 1258.82 34.0742 900
   vertex 1258.82 34.0742 0
   vertex 1267.24 36.3696 0
  endloop
 endfacet
 facet normal 0.263015 -0.964792 0
  outer loop
   vertex 1258.82 34.0742 900
   vertex 1267.24 36.3696 0
   vertex 1267.24 36.3696 900
  endloop
 endfacet
 facet normal 0.271404 -0.962466 0
  outer loop
   vertex 1267.24 36.3696 900
   vertex 1267.24 36.3696 0
   vertex 1275.64 38.7383 0
  endloop
 endfacet
 facet normal 0.271404 -0.962466 0
  outer loop
   vertex 1267.24 36.3696 900
   vertex 1275.64 38.7383 0
   vertex 1275.64 38.7383 900
  endloop
 endfacet
 facet normal 0.279761 -0.96007 0
  outer loop
   vertex 1275.64 38.7383 900
   vertex 1275.64 38.7383 0
   vertex 1284.02 41.1802 0
  endloop
 endfacet
 facet normal 0.279761 -0.96007 0
  outer loop
   vertex 1275.64 38.7383 900
   vertex 1284.02 41.1802 0
   vertex 1284.02 41.1802 900
  endloop
 endfacet
 facet normal 0.28841 -0.957507 0
  outer loop
   vertex 1284.02 41.1802 900
   vertex 1284.02 41.1802 0
   vertex 1292.37 43.6953 0
  endloop
 endfacet
 facet normal 0.28841 -0.957507 0
  outer loop
   vertex 1284.02 41.1802 900
   vertex 1292.37 43.6953 0
   vertex 1292.37 43.6953 900
  endloop
 endfacet
 facet normal 0.29635 -0.95508 0
  outer loop
   vertex 1292.37 43.6953 900
   vertex 1292.37 43.6953 0
   vertex 1300.71 46.2831 0
  endloop
 endfacet
 facet normal 0.29635 -0.95508 0
  outer loop
   vertex 1292.37 43.6953 900
   vertex 1300.71 46.2831 0
   vertex 1300.71 46.2831 900
  endloop
 endfacet
 facet normal 0.3049 -0.952384 0
  outer loop
   vertex 1300.71 46.2831 900
   vertex 1300.71 46.2831 0
   vertex 1309.02 48.9435 0
  endloop
 endfacet
 facet normal 0.3049 -0.952384 0
  outer loop
   vertex 1300.71 46.2831 900
   vertex 1309.02 48.9435 0
   vertex 1309.02 48.9435 900
  endloop
 endfacet
 facet normal 0.313078 -0.949727 0
  outer loop
   vertex 1309.02 48.9435 900
   vertex 1309.02 48.9435 0
   vertex 1317.31 51.6763 0
  endloop
 endfacet
 facet normal 0.313078 -0.949727 0
  outer loop
   vertex 1309.02 48.9435 900
   vertex 1317.31 51.6763 0
   vertex 1317.31 51.6763 900
  endloop
 endfacet
 facet normal 0.321564 -0.946888 0
  outer loop
   vertex 1317.31 51.6763 900
   vertex 1317.31 51.6763 0
   vertex 1325.57 54.4814 0
  endloop
 endfacet
 facet normal 0.321564 -0.946888 0
  outer loop
   vertex 1317.31 51.6763 900
   vertex 1325.57 54.4814 0
   vertex 1325.57 54.4814 900
  endloop
 endfacet
 facet normal 0.329646 -0.944105 0
  outer loop
   vertex 1325.57 54.4814 900
   vertex 1325.57 54.4814 0
   vertex 1333.81 57.3585 0
  endloop
 endfacet
 facet normal 0.329646 -0.944105 0
  outer loop
   vertex 1325.57 54.4814 900
   vertex 1333.81 57.3585 0
   vertex 1333.81 57.3585 900
  endloop
 endfacet
 facet normal 0.338039 -0.941132 0
  outer loop
   vertex 1333.81 57.3585 900
   vertex 1333.81 57.3585 0
   vertex 1342.02 60.3074 0
  endloop
 endfacet
 facet normal 0.338039 -0.941132 0
  outer loop
   vertex 1333.81 57.3585 900
   vertex 1342.02 60.3074 0
   vertex 1342.02 60.3074 900
  endloop
 endfacet
 facet normal 0.346011 -0.93823 0
  outer loop
   vertex 1342.02 60.3074 900
   vertex 1342.02 60.3074 0
   vertex 1350.21 63.3278 0
  endloop
 endfacet
 facet normal 0.346011 -0.93823 0
  outer loop
   vertex 1342.02 60.3074 900
   vertex 1350.21 63.3278 0
   vertex 1350.21 63.3278 900
  endloop
 endfacet
 facet normal 0.354316 -0.935126 0
  outer loop
   vertex 1350.21 63.3278 900
   vertex 1350.21 63.3278 0
   vertex 1358.37 66.4196 0
  endloop
 endfacet
 facet normal 0.354316 -0.935126 0
  outer loop
   vertex 1350.21 63.3278 900
   vertex 1358.37 66.4196 0
   vertex 1358.37 66.4196 900
  endloop
 endfacet
 facet normal 0.362559 -0.931961 0
  outer loop
   vertex 1358.37 66.4196 900
   vertex 1358.37 66.4196 0
   vertex 1366.5 69.5824 0
  endloop
 endfacet
 facet normal 0.362559 -0.931961 0
  outer loop
   vertex 1358.37 66.4196 900
   vertex 1366.5 69.5824 0
   vertex 1366.5 69.5824 900
  endloop
 endfacet
 facet normal 0.370373 -0.928883 0
  outer loop
   vertex 1366.5 69.5824 900
   vertex 1366.5 69.5824 0
   vertex 1374.61 72.8161 0
  endloop
 endfacet
 facet normal 0.370373 -0.928883 0
  outer loop
   vertex 1366.5 69.5824 900
   vertex 1374.61 72.8161 0
   vertex 1374.61 72.8161 900
  endloop
 endfacet
 facet normal 0.378931 -0.925425 0
  outer loop
   vertex 1374.61 72.8161 900
   vertex 1374.61 72.8161 0
   vertex 1382.68 76.1205 0
  endloop
 endfacet
 facet normal 0.378931 -0.925425 0
  outer loop
   vertex 1374.61 72.8161 900
   vertex 1382.68 76.1205 0
   vertex 1382.68 76.1205 900
  endloop
 endfacet
 facet normal 0.386609 -0.922244 0
  outer loop
   vertex 1382.68 76.1205 900
   vertex 1382.68 76.1205 0
   vertex 1390.73 79.4951 0
  endloop
 endfacet
 facet normal 0.386609 -0.922244 0
  outer loop
   vertex 1382.68 76.1205 900
   vertex 1390.73 79.4951 0
   vertex 1390.73 79.4951 900
  endloop
 endfacet
 facet normal 0.39466 -0.918827 0
  outer loop
   vertex 1390.73 79.4951 900
   vertex 1390.73 79.4951 0
   vertex 1398.75 82.9399 0
  endloop
 endfacet
 facet normal 0.39466 -0.918827 0
  outer loop
   vertex 1390.73 79.4951 900
   vertex 1398.75 82.9399 0
   vertex 1398.75 82.9399 900
  endloop
 endfacet
 facet normal 0.402652 -0.915353 0
  outer loop
   vertex 1398.75 82.9399 900
   vertex 1398.75 82.9399 0
   vertex 1406.74 86.4546 0
  endloop
 endfacet
 facet normal 0.402652 -0.915353 0
  outer loop
   vertex 1398.75 82.9399 900
   vertex 1406.74 86.4546 0
   vertex 1406.74 86.4546 900
  endloop
 endfacet
 facet normal 0.410994 -0.911638 0
  outer loop
   vertex 1406.74 86.4546 900
   vertex 1406.74 86.4546 0
   vertex 1414.69 90.0387 0
  endloop
 endfacet
 facet normal 0.410994 -0.911638 0
  outer loop
   vertex 1406.74 86.4546 900
   vertex 1414.69 90.0387 0
   vertex 1414.69 90.0387 900
  endloop
 endfacet
 facet normal 0.418444 -0.908242 0
  outer loop
   vertex 1414.69 90.0387 900
   vertex 1414.69 90.0387 0
   vertex 1422.62 93.6922 0
  endloop
 endfacet
 facet normal 0.418444 -0.908242 0
  outer loop
   vertex 1414.69 90.0387 900
   vertex 1422.62 93.6922 0
   vertex 1422.62 93.6922 900
  endloop
 endfacet
 facet normal 0.426694 -0.904396 0
  outer loop
   vertex 1422.62 93.6922 900
   vertex 1422.62 93.6922 0
   vertex 1430.51 97.4147 0
  endloop
 endfacet
 facet normal 0.426694 -0.904396 0
  outer loop
   vertex 1422.62 93.6922 900
   vertex 1430.51 97.4147 0
   vertex 1430.51 97.4147 900
  endloop
 endfacet
 facet normal 0.434453 -0.900694 0
  outer loop
   vertex 1430.51 97.4147 900
   vertex 1430.51 97.4147 0
   vertex 1438.37 101.206 0
  endloop
 endfacet
 facet normal 0.434453 -0.900694 0
  outer loop
   vertex 1430.51 97.4147 900
   vertex 1438.37 101.206 0
   vertex 1438.37 101.206 900
  endloop
 endfacet
 facet normal 0.442166 -0.896933 0
  outer loop
   vertex 1438.37 101.206 900
   vertex 1438.37 101.206 0
   vertex 1446.2 105.066 0
  endloop
 endfacet
 facet normal -0.977231 -0.212177 0
  outer loop
   vertex 21.8524 792.088 900
   vertex 23.704 783.56 0
   vertex 23.704 783.56 900
  endloop
 endfacet
 facet normal -0.975341 -0.220704 -0
  outer loop
   vertex 23.704 783.56 900
   vertex 23.704 783.56 0
   vertex 25.6299 775.049 0
  endloop
 endfacet
 facet normal -0.975341 -0.220704 0
  outer loop
   vertex 23.704 783.56 900
   vertex 25.6299 775.049 0
   vertex 25.6299 775.049 900
  endloop
 endfacet
 facet normal -0.973376 -0.229214 -0
  outer loop
   vertex 25.6299 775.049 900
   vertex 25.6299 775.049 0
   vertex 27.6301 766.555 0
  endloop
 endfacet
 facet normal -0.973376 -0.229214 0
  outer loop
   vertex 25.6299 775.049 900
   vertex 27.6301 766.555 0
   vertex 27.6301 766.555 900
  endloop
 endfacet
 facet normal -0.971345 -0.237674 -0
  outer loop
   vertex 27.6301 766.555 900
   vertex 27.6301 766.555 0
   vertex 29.7043 758.078 0
  endloop
 endfacet
 facet normal -0.971345 -0.237674 0
  outer loop
   vertex 27.6301 766.555 900
   vertex 29.7043 758.078 0
   vertex 29.7043 758.078 900
  endloop
 endfacet
 facet normal -0.96923 -0.246158 -0
  outer loop
   vertex 29.7043 758.078 900
   vertex 29.7043 758.078 0
   vertex 31.8524 749.62 0
  endloop
 endfacet
 facet normal -0.96923 -0.246158 0
  outer loop
   vertex 29.7043 758.078 900
   vertex 31.8524 749.62 0
   vertex 31.8524 749.62 900
  endloop
 endfacet
 facet normal -0.967046 -0.254602 -0
  outer loop
   vertex 31.8524 749.62 900
   vertex 31.8524 749.62 0
   vertex 34.0742 741.181 0
  endloop
 endfacet
 facet normal -0.967046 -0.254602 0
  outer loop
   vertex 31.8524 749.62 900
   vertex 34.0742 741.181 0
   vertex 34.0742 741.181 900
  endloop
 endfacet
 facet normal -0.964784 -0.263044 -0
  outer loop
   vertex 34.0742 741.181 900
   vertex 34.0742 741.181 0
   vertex 36.3696 732.762 0
  endloop
 endfacet
 facet normal -0.964784 -0.263044 0
  outer loop
   vertex 34.0742 741.181 900
   vertex 36.3696 732.762 0
   vertex 36.3696 732.762 900
  endloop
 endfacet
 facet normal -0.962457 -0.271434 -0
  outer loop
   vertex 36.3696 732.762 900
   vertex 36.3696 732.762 0
   vertex 38.7383 724.363 0
  endloop
 endfacet
 facet normal -0.962457 -0.271434 0
  outer loop
   vertex 36.3696 732.762 900
   vertex 38.7383 724.363 0
   vertex 38.7383 724.363 900
  endloop
 endfacet
 facet normal -0.960052 -0.279822 -0
  outer loop
   vertex 38.7383 724.363 900
   vertex 38.7383 724.363 0
   vertex 41.1802 715.985 0
  endloop
 endfacet
 facet normal -0.960052 -0.279822 0
  outer loop
   vertex 38.7383 724.363 900
   vertex 41.1802 715.985 0
   vertex 41.1802 715.985 900
  endloop
 endfacet
 facet normal -0.957574 -0.288189 -0
  outer loop
   vertex 41.1802 715.985 900
   vertex 41.1802 715.985 0
   vertex 43.6953 707.628 0
  endloop
 endfacet
 facet normal -0.957574 -0.288189 0
  outer loop
   vertex 41.1802 715.985 900
   vertex 43.6953 707.628 0
   vertex 43.6953 707.628 900
  endloop
 endfacet
 facet normal -0.955019 -0.296544 -0
  outer loop
   vertex 43.6953 707.628 900
   vertex 43.6953 707.628 0
   vertex 46.2831 699.294 0
  endloop
 endfacet
 facet normal -0.955019 -0.296544 0
  outer loop
   vertex 43.6953 707.628 900
   vertex 46.2831 699.294 0
   vertex 46.2831 699.294 900
  endloop
 endfacet
 facet normal -0.952395 -0.304867 -0
  outer loop
   vertex 46.2831 699.294 900
   vertex 46.2831 699.294 0
   vertex 48.9435 690.983 0
  endloop
 endfacet
 facet normal -0.952395 -0.304867 0
  outer loop
   vertex 46.2831 699.294 900
   vertex 48.9435 690.983 0
   vertex 48.9435 690.983 900
  endloop
 endfacet
 facet normal -0.949705 -0.313146 -0
  outer loop
   vertex 48.9435 690.983 900
   vertex 48.9435 690.983 0
   vertex 51.6763 682.695 0
  endloop
 endfacet
 facet normal -0.949705 -0.313146 0
  outer loop
   vertex 48.9435 690.983 900
   vertex 51.6763 682.695 0
   vertex 51.6763 682.695 900
  endloop
 endfacet
 facet normal -0.946924 -0.321459 -0
  outer loop
   vertex 51.6763 682.695 900
   vertex 51.6763 682.695 0
   vertex 54.4814 674.432 0
  endloop
 endfacet
 facet normal -0.946924 -0.321459 0
  outer loop
   vertex 51.6763 682.695 900
   vertex 54.4814 674.432 0
   vertex 54.4814 674.432 900
  endloop
 endfacet
 facet normal -0.944092 -0.329682 -0
  outer loop
   vertex 54.4814 674.432 900
   vertex 54.4814 674.432 0
   vertex 57.3585 666.193 0
  endloop
 endfacet
 facet normal -0.944092 -0.329682 0
  outer loop
   vertex 54.4814 674.432 900
   vertex 57.3585 666.193 0
   vertex 57.3585 666.193 900
  endloop
 endfacet
 facet normal -0.941171 -0.33793 -0
  outer loop
   vertex 57.3585 666.193 900
   vertex 57.3585 666.193 0
   vertex 60.3074 657.98 0
  endloop
 endfacet
 facet normal -0.941171 -0.33793 0
  outer loop
   vertex 57.3585 666.193 900
   vertex 60.3074 657.98 0
   vertex 60.3074 657.98 900
  endloop
 endfacet
 facet normal -0.938189 -0.346123 -0
  outer loop
   vertex 60.3074 657.98 900
   vertex 60.3074 657.98 0
   vertex 63.3278 649.793 0
  endloop
 endfacet
 facet normal -0.938189 -0.346123 0
  outer loop
   vertex 60.3074 657.98 900
   vertex 63.3278 649.793 0
   vertex 63.3278 649.793 900
  endloop
 endfacet
 facet normal -0.93514 -0.354278 -0
  outer loop
   vertex 63.3278 649.793 900
   vertex 63.3278 649.793 0
   vertex 66.4196 641.632 0
  endloop
 endfacet
 facet normal -0.93514 -0.354278 0
  outer loop
   vertex 63.3278 649.793 900
   vertex 66.4196 641.632 0
   vertex 66.4196 641.632 900
  endloop
 endfacet
 facet normal -0.932006 -0.362443 -0
  outer loop
   vertex 66.4196 641.632 900
   vertex 66.4196 641.632 0
   vertex 69.5824 633.499 0
  endloop
 endfacet
 facet normal -0.932006 -0.362443 0
  outer loop
   vertex 66.4196 641.632 900
   vertex 69.5824 633.499 0
   vertex 69.5824 633.499 900
  endloop
 endfacet
 facet normal -0.92882 -0.370531 -0
  outer loop
   vertex 69.5824 633.499 900
   vertex 69.5824 633.499 0
   vertex 72.8161 625.393 0
  endloop
 endfacet
 facet normal -0.92882 -0.370531 0
  outer loop
   vertex 69.5824 633.499 900
   vertex 72.8161 625.393 0
   vertex 72.8161 625.393 900
  endloop
 endfacet
 facet normal -0.925524 -0.37869 -0
  outer loop
   vertex 72.8161 625.393 900
   vertex 72.8161 625.393 0
   vertex 76.1205 617.317 0
  endloop
 endfacet
 facet normal -0.925524 -0.37869 0
  outer loop
   vertex 72.8161 625.393 900
   vertex 76.1205 617.317 0
   vertex 76.1205 617.317 900
  endloop
 endfacet
 facet normal -0.922209 -0.386691 -0
  outer loop
   vertex 76.1205 617.317 900
   vertex 76.1205 617.317 0
   vertex 79.4951 609.269 0
  endloop
 endfacet
 facet normal -0.922209 -0.386691 0
  outer loop
   vertex 76.1205 617.317 900
   vertex 79.4951 609.269 0
   vertex 79.4951 609.269 900
  endloop
 endfacet
 facet normal -0.918791 -0.394743 -0
  outer loop
   vertex 79.4951 609.269 900
   vertex 79.4951 609.269 0
   vertex 82.9399 601.251 0
  endloop
 endfacet
 facet normal -0.918791 -0.394743 0
  outer loop
   vertex 79.4951 609.269 900
   vertex 82.9399 601.251 0
   vertex 82.9399 601.251 900
  endloop
 endfacet
 facet normal -0.915316 -0.402737 -0
  outer loop
   vertex 82.9399 601.251 900
   vertex 82.9399 601.251 0
   vertex 86.4546 593.263 0
  endloop
 endfacet
 facet normal -0.915316 -0.402737 0
  outer loop
   vertex 82.9399 601.251 900
   vertex 86.4546 593.263 0
   vertex 86.4546 593.263 900
  endloop
 endfacet
 facet normal -0.911754 -0.410736 -0
  outer loop
   vertex 86.4546 593.263 900
   vertex 86.4546 593.263 0
   vertex 90.0387 585.307 0
  endloop
 endfacet
 facet normal -0.911754 -0.410736 0
  outer loop
   vertex 86.4546 593.263 900
   vertex 90.0387 585.307 0
   vertex 90.0387 585.307 900
  endloop
 endfacet
 facet normal -0.908142 -0.418662 -0
  outer loop
   vertex 90.0387 585.307 900
   vertex 90.0387 585.307 0
   vertex 93.6922 577.382 0
  endloop
 endfacet
 facet normal -0.908142 -0.418662 0
  outer loop
   vertex 90.0387 585.307 900
   vertex 93.6922 577.382 0
   vertex 93.6922 577.382 900
  endloop
 endfacet
 facet normal -0.904459 -0.426561 -0
  outer loop
   vertex 93.6922 577.382 900
   vertex 93.6922 577.382 0
   vertex 97.4147 569.489 0
  endloop
 endfacet
 facet normal -0.904459 -0.426561 0
  outer loop
   vertex 93.6922 577.382 900
   vertex 97.4147 569.489 0
   vertex 97.4147 569.489 900
  endloop
 endfacet
 facet normal -0.900694 -0.434453 -0
  outer loop
   vertex 97.4147 569.489 900
   vertex 97.4147 569.489 0
   vertex 101.206 561.629 0
  endloop
 endfacet
 facet normal -0.900694 -0.434453 0
  outer loop
   vertex 97.4147 569.489 900
   vertex 101.206 561.629 0
   vertex 101.206 561.629 900
  endloop
 endfacet
 facet normal -0.896866 -0.442303 -0
  outer loop
   vertex 101.206 561.629 900
   vertex 101.206 561.629 0
   vertex 105.066 553.802 0
  endloop
 endfacet
 facet normal -0.896866 -0.442303 0
  outer loop
   vertex 101.206 561.629 900
   vertex 105.066 553.802 0
   vertex 105.066 553.802 900
  endloop
 endfacet
 facet normal -0.893002 -0.450054 -0
  outer loop
   vertex 105.066 553.802 900
   vertex 105.066 553.802 0
   vertex 108.993 546.01 0
  endloop
 endfacet
 facet normal -0.893002 -0.450054 0
  outer loop
   vertex 105.066 553.802 900
   vertex 108.993 546.01 0
   vertex 108.993 546.01 900
  endloop
 endfacet
 facet normal -0.889024 -0.457861 -0
  outer loop
   vertex 108.993 546.01 900
   vertex 108.993 546.01 0
   vertex 112.989 538.251 0
  endloop
 endfacet
 facet normal -0.889024 -0.457861 0
  outer loop
   vertex 108.993 546.01 900
   vertex 112.989 538.251 0
   vertex 112.989 538.251 900
  endloop
 endfacet
 facet normal -0.885 -0.465591 -0
  outer loop
   vertex 112.989 538.251 900
   vertex 112.989 538.251 0
   vertex 117.052 530.528 0
  endloop
 endfacet
 facet normal -0.885 -0.465591 0
  outer loop
   vertex 112.989 538.251 900
   vertex 117.052 530.528 0
   vertex 117.052 530.528 900
  endloop
 endfacet
 facet normal -0.880861 -0.473375 -0
  outer loop
   vertex 117.052 530.528 900
   vertex 117.052 530.528 0
   vertex 121.183 522.841 0
  endloop
 endfacet
 facet normal -0.880861 -0.473375 0
  outer loop
   vertex 117.052 530.528 900
   vertex 121.183 522.841 0
   vertex 121.183 522.841 900
  endloop
 endfacet
 facet normal -0.87675 -0.480946 -0
  outer loop
   vertex 121.183 522.841 900
   vertex 121.183 522.841 0
   vertex 125.38 515.19 0
  endloop
 endfacet
 facet normal -0.87675 -0.480946 0
  outer loop
   vertex 121.183 522.841 900
   vertex 125.38 515.19 0
   vertex 125.38 515.19 900
  endloop
 endfacet
 facet normal -0.872498 -0.488617 -0
  outer loop
   vertex 125.38 515.19 900
   vertex 125.38 515.19 0
   vertex 129.644 507.576 0
  endloop
 endfacet
 facet normal -0.872498 -0.488617 0
  outer loop
   vertex 125.38 515.19 900
   vertex 129.644 507.576 0
   vertex 129.644 507.576 900
  endloop
 endfacet
 facet normal -0.868151 -0.496299 -0
  outer loop
   vertex 129.644 507.576 900
   vertex 129.644 507.576 0
   vertex 133.975 500 0
  endloop
 endfacet
 facet normal -0.868151 -0.496299 0
  outer loop
   vertex 129.644 507.576 900
   vertex 133.975 500 0
   vertex 133.975 500 900
  endloop
 endfacet
 facet normal -0.863837 -0.503771 -0
  outer loop
   vertex 133.975 500 900
   vertex 133.975 500 0
   vertex 138.371 492.462 0
  endloop
 endfacet
 facet normal -0.863837 -0.503771 0
  outer loop
   vertex 133.975 500 900
   vertex 138.371 492.462 0
   vertex 138.371 492.462 900
  endloop
 endfacet
 facet normal -0.859408 -0.51129 -0
  outer loop
   vertex 138.371 492.462 900
   vertex 138.371 492.462 0
   vertex 142.833 484.962 0
  endloop
 endfacet
 facet normal -0.859408 -0.51129 0
  outer loop
   vertex 138.371 492.462 900
   vertex 142.833 484.962 0
   vertex 142.833 484.962 900
  endloop
 endfacet
 facet normal -0.854935 -0.518736 -0
  outer loop
   vertex 142.833 484.962 900
   vertex 142.833 484.962 0
   vertex 147.36 477.501 0
  endloop
 endfacet
 facet normal -0.854935 -0.518736 0
  outer loop
   vertex 142.833 484.962 900
   vertex 147.36 477.501 0
   vertex 147.36 477.501 900
  endloop
 endfacet
 facet normal -0.850334 -0.526244 -0
  outer loop
   vertex 147.36 477.501 900
   vertex 147.36 477.501 0
   vertex 151.952 470.081 0
  endloop
 endfacet
 facet normal -0.850334 -0.526244 0
  outer loop
   vertex 147.36 477.501 900
   vertex 151.952 470.081 0
   vertex 151.952 470.081 900
  endloop
 endfacet
 facet normal -0.845731 -0.533609 -0
  outer loop
   vertex 151.952 470.081 900
   vertex 151.952 470.081 0
   vertex 156.609 462.7 0
  endloop
 endfacet
 facet normal -0.845731 -0.533609 0
  outer loop
   vertex 151.952 470.081 900
   vertex 156.609 462.7 0
   vertex 156.609 462.7 900
  endloop
 endfacet
 facet normal -0.84107 -0.540926 -0
  outer loop
   vertex 156.609 462.7 900
   vertex 156.609 462.7 0
   vertex 161.329 455.361 0
  endloop
 endfacet
 facet normal -0.84107 -0.540926 0
  outer loop
   vertex 156.609 462.7 900
   vertex 161.329 455.361 0
   vertex 161.329 455.361 900
  endloop
 endfacet
 facet normal -0.836275 -0.548311 -0
  outer loop
   vertex 161.329 455.361 900
   vertex 161.329 455.361 0
   vertex 166.114 448.063 0
  endloop
 endfacet
 facet normal -0.836275 -0.548311 0
  outer loop
   vertex 161.329 455.361 900
   vertex 166.114 448.063 0
   vertex 166.114 448.063 900
  endloop
 endfacet
 facet normal -0.831486 -0.555546 -0
  outer loop
   vertex 166.114 448.063 900
   vertex 166.114 448.063 0
   vertex 170.962 440.807 0
  endloop
 endfacet
 facet normal -0.831486 -0.555546 0
  outer loop
   vertex 166.114 448.063 900
   vertex 170.962 440.807 0
   vertex 170.962 440.807 900
  endloop
 endfacet
 facet normal -0.826545 -0.562871 -0
  outer loop
   vertex 170.962 440.807 900
   vertex 170.962 440.807 0
   vertex 175.874 433.594 0
  endloop
 endfacet
 facet normal -0.826545 -0.562871 0
  outer loop
   vertex 170.962 440.807 900
   vertex 175.874 433.594 0
   vertex 175.874 433.594 900
  endloop
 endfacet
 facet normal -0.821684 -0.569943 -0
  outer loop
   vertex 175.874 433.594 900
   vertex 175.874 433.594 0
   vertex 180.848 426.423 0
  endloop
 endfacet
 facet normal -0.821684 -0.569943 0
  outer loop
   vertex 175.874 433.594 900
   vertex 180.848 426.423 0
   vertex 180.848 426.423 900
  endloop
 endfacet
 facet normal -0.816596 -0.577209 -0
  outer loop
   vertex 180.848 426.423 900
   vertex 180.848 426.423 0
   vertex 185.885 419.297 0
  endloop
 endfacet
 facet normal -0.816596 -0.577209 0
  outer loop
   vertex 180.848 426.423 900
   vertex 185.885 419.297 0
   vertex 185.885 419.297 900
  endloop
 endfacet
 facet normal -0.811591 -0.584226 -0
  outer loop
   vertex 185.885 419.297 900
   vertex 185.885 419.297 0
   vertex 190.983 412.215 0
  endloop
 endfacet
 facet normal -0.811591 -0.584226 0
  outer loop
   vertex 185.885 419.297 900
   vertex 190.983 412.215 0
   vertex 190.983 412.215 900
  endloop
 endfacet
 facet normal -0.806471 -0.591274 -0
  outer loop
   vertex 190.983 412.215 900
   vertex 190.983 412.215 0
   vertex 196.143 405.177 0
  endloop
 endfacet
 facet normal -0.806471 -0.591274 0
  outer loop
   vertex 190.983 412.215 900
   vertex 196.143 405.177 0
   vertex 196.143 405.177 900
  endloop
 endfacet
 facet normal -0.801208 -0.598385 -0
  outer loop
   vertex 196.143 405.177 900
   vertex 196.143 405.177 0
   vertex 201.365 398.185 0
  endloop
 endfacet
 facet normal -0.801208 -0.598385 0
  outer loop
   vertex 196.143 405.177 900
   vertex 201.365 398.185 0
   vertex 201.365 398.185 900
  endloop
 endfacet
 facet normal -0.795994 -0.605304 -0
  outer loop
   vertex 201.365 398.185 900
   vertex 201.365 398.185 0
   vertex 206.647 391.239 0
  endloop
 endfacet
 facet normal -0.795994 -0.605304 0
  outer loop
   vertex 201.365 398.185 900
   vertex 206.647 391.239 0
   vertex 206.647 391.239 900
  endloop
 endfacet
 facet normal -0.79072 -0.612178 -0
  outer loop
   vertex 206.647 391.239 900
   vertex 206.647 391.239 0
   vertex 211.989 384.339 0
  endloop
 endfacet
 facet normal -0.79072 -0.612178 0
  outer loop
   vertex 206.647 391.239 900
   vertex 211.989 384.339 0
   vertex 211.989 384.339 900
  endloop
 endfacet
 facet normal -0.785331 -0.619076 -0
  outer loop
   vertex 211.989 384.339 900
   vertex 211.989 384.339 0
   vertex 217.392 377.485 0
  endloop
 endfacet
 facet normal -0.785331 -0.619076 0
  outer loop
   vertex 211.989 384.339 900
   vertex 217.392 377.485 0
   vertex 217.392 377.485 900
  endloop
 endfacet
 facet normal -0.779862 -0.625952 -0
  outer loop
   vertex 217.392 377.485 900
   vertex 217.392 377.485 0
   vertex 222.854 370.68 0
  endloop
 endfacet
 facet normal -0.779862 -0.625952 0
  outer loop
   vertex 217.392 377.485 900
   vertex 222.854 370.68 0
   vertex 222.854 370.68 900
  endloop
 endfacet
 facet normal -0.774422 -0.63267 -0
  outer loop
   vertex 222.854 370.68 900
   vertex 222.854 370.68 0
   vertex 228.375 363.922 0
  endloop
 endfacet
 facet normal -0.774422 -0.63267 0
  outer loop
   vertex 222.854 370.68 900
   vertex 228.375 363.922 0
   vertex 228.375 363.922 900
  endloop
 endfacet
 facet normal -0.768822 -0.639463 -0
  outer loop
   vertex 228.375 363.922 900
   vertex 228.375 363.922 0
   vertex 233.956 357.212 0
  endloop
 endfacet
 facet normal -0.768822 -0.639463 0
  outer loop
   vertex 228.375 363.922 900
   vertex 233.956 357.212 0
   vertex 233.956 357.212 900
  endloop
 endfacet
 facet normal -0.763238 -0.646117 -0
  outer loop
   vertex 233.956 357.212 900
   vertex 233.956 357.212 0
   vertex 239.594 350.552 0
  endloop
 endfacet
 facet normal -0.763238 -0.646117 0
  outer loop
   vertex 233.956 357.212 900
   vertex 239.594 350.552 0
   vertex 239.594 350.552 900
  endloop
 endfacet
 facet normal -0.757588 -0.652733 -0
  outer loop
   vertex 239.594 350.552 900
   vertex 239.594 350.552 0
   vertex 245.29 343.941 0
  endloop
 endfacet
 facet normal -0.757588 -0.652733 0
  outer loop
   vertex 239.594 350.552 900
   vertex 245.29 343.941 0
   vertex 245.29 343.941 900
  endloop
 endfacet
 facet normal -0.751831 -0.659356 -0
  outer loop
   vertex 245.29 343.941 900
   vertex 245.29 343.941 0
   vertex 251.044 337.38 0
  endloop
 endfacet
 facet normal -0.751831 -0.659356 0
  outer loop
   vertex 245.29 343.941 900
   vertex 251.044 337.38 0
   vertex 251.044 337.38 900
  endloop
 endfacet
 facet normal -0.746074 -0.665863 -0
  outer loop
   vertex 251.044 337.38 900
   vertex 251.044 337.38 0
   vertex 256.855 330.869 0
  endloop
 endfacet
 facet normal -0.746074 -0.665863 0
  outer loop
   vertex 251.044 337.38 900
   vertex 256.855 330.869 0
   vertex 256.855 330.869 900
  endloop
 endfacet
 facet normal -0.740158 -0.672433 -0
  outer loop
   vertex 256.855 330.869 900
   vertex 256.855 330.869 0
   vertex 262.723 324.41 0
  endloop
 endfacet
 facet normal -0.740158 -0.672433 0
  outer loop
   vertex 256.855 330.869 900
   vertex 262.723 324.41 0
   vertex 262.723 324.41 900
  endloop
 endfacet
 facet normal -0.734351 -0.67877 -0
  outer loop
   vertex 262.723 324.41 900
   vertex 262.723 324.41 0
   vertex 268.646 318.002 0
  endloop
 endfacet
 facet normal -0.734351 -0.67877 0
  outer loop
   vertex 262.723 324.41 900
   vertex 268.646 318.002 0
   vertex 268.646 318.002 900
  endloop
 endfacet
 facet normal -0.728375 -0.685179 -0
  outer loop
   vertex 268.646 318.002 900
   vertex 268.646 318.002 0
   vertex 274.626 311.645 0
  endloop
 endfacet
 facet normal -0.728375 -0.685179 0
  outer loop
   vertex 268.646 318.002 900
   vertex 274.626 311.645 0
   vertex 274.626 311.645 900
  endloop
 endfacet
 facet normal -0.722353 -0.691524 -0
  outer loop
   vertex 274.626 311.645 900
   vertex 274.626 311.645 0
   vertex 280.66 305.342 0
  endloop
 endfacet
 facet normal -0.722353 -0.691524 0
  outer loop
   vertex 274.626 311.645 900
   vertex 280.66 305.342 0
   vertex 280.66 305.342 900
  endloop
 endfacet
 facet normal -0.716271 -0.697823 -0
  outer loop
   vertex 280.66 305.342 900
   vertex 280.66 305.342 0
   vertex 286.75 299.091 0
  endloop
 endfacet
 facet normal -0.716271 -0.697823 0
  outer loop
   vertex 280.66 305.342 900
   vertex 286.75 299.091 0
   vertex 286.75 299.091 900
  endloop
 endfacet
 facet normal -0.710251 -0.703948 -0
  outer loop
   vertex 286.75 299.091 900
   vertex 286.75 299.091 0
   vertex 292.893 292.893 0
  endloop
 endfacet
 facet normal -0.710251 -0.703948 0
  outer loop
   vertex 286.75 299.091 900
   vertex 292.893 292.893 0
   vertex 292.893 292.893 900
  endloop
 endfacet
 facet normal -0.703948 -0.710251 -0
  outer loop
   vertex 292.893 292.893 900
   vertex 292.893 292.893 0
   vertex 299.091 286.75 0
  endloop
 endfacet
 facet normal -0.703948 -0.710251 0
  outer loop
   vertex 292.893 292.893 900
   vertex 299.091 286.75 0
   vertex 299.091 286.75 900
  endloop
 endfacet
 facet normal -0.697823 -0.716271 -0
  outer loop
   vertex 299.091 286.75 900
   vertex 299.091 286.75 0
   vertex 305.342 280.66 0
  endloop
 endfacet
 facet normal -0.697823 -0.716271 0
  outer loop
   vertex 299.091 286.75 900
   vertex 305.342 280.66 0
   vertex 305.342 280.66 900
  endloop
 endfacet
 facet normal -0.691524 -0.722353 -0
  outer loop
   vertex 305.342 280.66 900
   vertex 305.342 280.66 0
   vertex 311.645 274.626 0
  endloop
 endfacet
 facet normal -0.691524 -0.722353 0
  outer loop
   vertex 305.342 280.66 900
   vertex 311.645 274.626 0
   vertex 311.645 274.626 900
  endloop
 endfacet
 facet normal -0.685179 -0.728375 -0
  outer loop
   vertex 311.645 274.626 900
   vertex 311.645 274.626 0
   vertex 318.002 268.646 0
  endloop
 endfacet
 facet normal -0.685179 -0.728375 0
  outer loop
   vertex 311.645 274.626 900
   vertex 318.002 268.646 0
   vertex 318.002 268.646 900
  endloop
 endfacet
 facet normal -0.67877 -0.734351 -0
  outer loop
   vertex 318.002 268.646 900
   vertex 318.002 268.646 0
   vertex 324.41 262.723 0
  endloop
 endfacet
 facet normal -0.67877 -0.734351 0
  outer loop
   vertex 318.002 268.646 900
   vertex 324.41 262.723 0
   vertex 324.41 262.723 900
  endloop
 endfacet
 facet normal -0.672433 -0.740158 -0
  outer loop
   vertex 324.41 262.723 900
   vertex 324.41 262.723 0
   vertex 330.869 256.855 0
  endloop
 endfacet
 facet normal -0.672433 -0.740158 0
  outer loop
   vertex 324.41 262.723 900
   vertex 330.869 256.855 0
   vertex 330.869 256.855 900
  endloop
 endfacet
 facet normal -0.665863 -0.746074 -0
  outer loop
   vertex 330.869 256.855 900
   vertex 330.869 256.855 0
   vertex 337.38 251.044 0
  endloop
 endfacet
 facet normal -0.665863 -0.746074 0
  outer loop
   vertex 330.869 256.855 900
   vertex 337.38 251.044 0
   vertex 337.38 251.044 900
  endloop
 endfacet
 facet normal -0.659356 -0.751831 -0
  outer loop
   vertex 337.38 251.044 900
   vertex 337.38 251.044 0
   vertex 343.941 245.29 0
  endloop
 endfacet
 facet normal -0.659356 -0.751831 0
  outer loop
   vertex 337.38 251.044 900
   vertex 343.941 245.29 0
   vertex 343.941 245.29 900
  endloop
 endfacet
 facet normal -0.652733 -0.757588 -0
  outer loop
   vertex 343.941 245.29 900
   vertex 343.941 245.29 0
   vertex 350.552 239.594 0
  endloop
 endfacet
 facet normal -0.652733 -0.757588 0
  outer loop
   vertex 343.941 245.29 900
   vertex 350.552 239.594 0
   vertex 350.552 239.594 900
  endloop
 endfacet
 facet normal -0.646117 -0.763238 -0
  outer loop
   vertex 350.552 239.594 900
   vertex 350.552 239.594 0
   vertex 357.212 233.956 0
  endloop
 endfacet
 facet normal -0.646117 -0.763238 0
  outer loop
   vertex 350.552 239.594 900
   vertex 357.212 233.956 0
   vertex 357.212 233.956 900
  endloop
 endfacet
 facet normal -0.639463 -0.768822 -0
  outer loop
   vertex 357.212 233.956 900
   vertex 357.212 233.956 0
   vertex 363.922 228.375 0
  endloop
 endfacet
 facet normal -0.639463 -0.768822 0
  outer loop
   vertex 357.212 233.956 900
   vertex 363.922 228.375 0
   vertex 363.922 228.375 900
  endloop
 endfacet
 facet normal -0.63267 -0.774422 -0
  outer loop
   vertex 363.922 228.375 900
   vertex 363.922 228.375 0
   vertex 370.68 222.854 0
  endloop
 endfacet
 facet normal -0.63267 -0.774422 0
  outer loop
   vertex 363.922 228.375 900
   vertex 370.68 222.854 0
   vertex 370.68 222.854 900
  endloop
 endfacet
 facet normal -0.625952 -0.779862 -0
  outer loop
   vertex 370.68 222.854 900
   vertex 370.68 222.854 0
   vertex 377.485 217.392 0
  endloop
 endfacet
 facet normal -0.625952 -0.779862 0
  outer loop
   vertex 370.68 222.854 900
   vertex 377.485 217.392 0
   vertex 377.485 217.392 900
  endloop
 endfacet
 facet normal -0.619076 -0.785331 -0
  outer loop
   vertex 377.485 217.392 900
   vertex 377.485 217.392 0
   vertex 384.339 211.989 0
  endloop
 endfacet
 facet normal -0.619076 -0.785331 0
  outer loop
   vertex 377.485 217.392 900
   vertex 384.339 211.989 0
   vertex 384.339 211.989 900
  endloop
 endfacet
 facet normal -0.612178 -0.79072 -0
  outer loop
   vertex 384.339 211.989 900
   vertex 384.339 211.989 0
   vertex 391.239 206.647 0
  endloop
 endfacet
 facet normal -0.612178 -0.79072 0
  outer loop
   vertex 384.339 211.989 900
   vertex 391.239 206.647 0
   vertex 391.239 206.647 900
  endloop
 endfacet
 facet normal -0.605304 -0.795994 -0
  outer loop
   vertex 391.239 206.647 900
   vertex 391.239 206.647 0
   vertex 398.185 201.365 0
  endloop
 endfacet
 facet normal -0.605304 -0.795994 0
  outer loop
   vertex 391.239 206.647 900
   vertex 398.185 201.365 0
   vertex 398.185 201.365 900
  endloop
 endfacet
 facet normal -0.598385 -0.801208 -0
  outer loop
   vertex 398.185 201.365 900
   vertex 398.185 201.365 0
   vertex 405.177 196.143 0
  endloop
 endfacet
 facet normal -0.598385 -0.801208 0
  outer loop
   vertex 398.185 201.365 900
   vertex 405.177 196.143 0
   vertex 405.177 196.143 900
  endloop
 endfacet
 facet normal -0.591274 -0.806471 -0
  outer loop
   vertex 405.177 196.143 900
   vertex 405.177 196.143 0
   vertex 412.215 190.983 0
  endloop
 endfacet
 facet normal -0.591274 -0.806471 0
  outer loop
   vertex 405.177 196.143 900
   vertex 412.215 190.983 0
   vertex 412.215 190.983 900
  endloop
 endfacet
 facet normal -0.584226 -0.811591 -0
  outer loop
   vertex 412.215 190.983 900
   vertex 412.215 190.983 0
   vertex 419.297 185.885 0
  endloop
 endfacet
 facet normal -0.584226 -0.811591 0
  outer loop
   vertex 412.215 190.983 900
   vertex 419.297 185.885 0
   vertex 419.297 185.885 900
  endloop
 endfacet
 facet normal -0.577209 -0.816596 -0
  outer loop
   vertex 419.297 185.885 900
   vertex 419.297 185.885 0
   vertex 426.423 180.848 0
  endloop
 endfacet
 facet normal -0.577209 -0.816596 0
  outer loop
   vertex 419.297 185.885 900
   vertex 426.423 180.848 0
   vertex 426.423 180.848 900
  endloop
 endfacet
 facet normal -0.569943 -0.821684 -0
  outer loop
   vertex 426.423 180.848 900
   vertex 426.423 180.848 0
   vertex 433.594 175.874 0
  endloop
 endfacet
 facet normal -0.569943 -0.821684 0
  outer loop
   vertex 426.423 180.848 900
   vertex 433.594 175.874 0
   vertex 433.594 175.874 900
  endloop
 endfacet
 facet normal -0.562871 -0.826545 -0
  outer loop
   vertex 433.594 175.874 900
   vertex 433.594 175.874 0
   vertex 440.807 170.962 0
  endloop
 endfacet
 facet normal -0.562871 -0.826545 0
  outer loop
   vertex 433.594 175.874 900
   vertex 440.807 170.962 0
   vertex 440.807 170.962 900
  endloop
 endfacet
 facet normal -0.555546 -0.831486 -0
  outer loop
   vertex 440.807 170.962 900
   vertex 440.807 170.962 0
   vertex 448.063 166.114 0
  endloop
 endfacet
 facet normal -0.555546 -0.831486 0
  outer loop
   vertex 440.807 170.962 900
   vertex 448.063 166.114 0
   vertex 448.063 166.114 900
  endloop
 endfacet
 facet normal -0.548311 -0.836275 -0
  outer loop
   vertex 448.063 166.114 900
   vertex 448.063 166.114 0
   vertex 455.361 161.329 0
  endloop
 endfacet
 facet normal -0.548311 -0.836275 0
  outer loop
   vertex 448.063 166.114 900
   vertex 455.361 161.329 0
   vertex 455.361 161.329 900
  endloop
 endfacet
 facet normal -0.540926 -0.84107 -0
  outer loop
   vertex 455.361 161.329 900
   vertex 455.361 161.329 0
   vertex 462.7 156.609 0
  endloop
 endfacet
 facet normal -0.540926 -0.84107 0
  outer loop
   vertex 455.361 161.329 900
   vertex 462.7 156.609 0
   vertex 462.7 156.609 900
  endloop
 endfacet
 facet normal -0.533609 -0.845731 -0
  outer loop
   vertex 462.7 156.609 900
   vertex 462.7 156.609 0
   vertex 470.081 151.952 0
  endloop
 endfacet
 facet normal -0.533609 -0.845731 0
  outer loop
   vertex 462.7 156.609 900
   vertex 470.081 151.952 0
   vertex 470.081 151.952 900
  endloop
 endfacet
 facet normal -0.526244 -0.850334 -0
  outer loop
   vertex 470.081 151.952 900
   vertex 470.081 151.952 0
   vertex 477.501 147.36 0
  endloop
 endfacet
 facet normal -0.526244 -0.850334 0
  outer loop
   vertex 470.081 151.952 900
   vertex 477.501 147.36 0
   vertex 477.501 147.36 900
  endloop
 endfacet
 facet normal -0.518736 -0.854935 -0
  outer loop
   vertex 477.501 147.36 900
   vertex 477.501 147.36 0
   vertex 484.962 142.833 0
  endloop
 endfacet
 facet normal -0.518736 -0.854935 0
  outer loop
   vertex 477.501 147.36 900
   vertex 484.962 142.833 0
   vertex 484.962 142.833 900
  endloop
 endfacet
 facet normal -0.51129 -0.859408 -0
  outer loop
   vertex 484.962 142.833 900
   vertex 484.962 142.833 0
   vertex 492.462 138.371 0
  endloop
 endfacet
 facet normal -0.51129 -0.859408 0
  outer loop
   vertex 484.962 142.833 900
   vertex 492.462 138.371 0
   vertex 492.462 138.371 900
  endloop
 endfacet
 facet normal -0.503771 -0.863837 -0
  outer loop
   vertex 492.462 138.371 900
   vertex 492.462 138.371 0
   vertex 500 133.975 0
  endloop
 endfacet
 facet normal -0.503771 -0.863837 0
  outer loop
   vertex 492.462 138.371 900
   vertex 500 133.975 0
   vertex 500 133.975 900
  endloop
 endfacet
 facet normal -0.496299 -0.868151 -0
  outer loop
   vertex 500 133.975 900
   vertex 500 133.975 0
   vertex 507.576 129.644 0
  endloop
 endfacet
 facet normal -0.496299 -0.868151 0
  outer loop
   vertex 500 133.975 900
   vertex 507.576 129.644 0
   vertex 507.576 129.644 900
  endloop
 endfacet
 facet normal -0.488617 -0.872498 -0
  outer loop
   vertex 507.576 129.644 900
   vertex 507.576 129.644 0
   vertex 515.19 125.38 0
  endloop
 endfacet
 facet normal -0.488617 -0.872498 0
  outer loop
   vertex 507.576 129.644 900
   vertex 515.19 125.38 0
   vertex 515.19 125.38 900
  endloop
 endfacet
 facet normal -0.480946 -0.87675 -0
  outer loop
   vertex 515.19 125.38 900
   vertex 515.19 125.38 0
   vertex 522.841 121.183 0
  endloop
 endfacet
 facet normal -0.480946 -0.87675 0
  outer loop
   vertex 515.19 125.38 900
   vertex 522.841 121.183 0
   vertex 522.841 121.183 900
  endloop
 endfacet
 facet normal -0.473375 -0.880861 -0
  outer loop
   vertex 522.841 121.183 900
   vertex 522.841 121.183 0
   vertex 530.528 117.052 0
  endloop
 endfacet
 facet normal -0.473375 -0.880861 0
  outer loop
   vertex 522.841 121.183 900
   vertex 530.528 117.052 0
   vertex 530.528 117.052 900
  endloop
 endfacet
 facet normal -0.465591 -0.885 -0
  outer loop
   vertex 530.528 117.052 900
   vertex 530.528 117.052 0
   vertex 538.251 112.989 0
  endloop
 endfacet
 facet normal -0.465591 -0.885 0
  outer loop
   vertex 530.528 117.052 900
   vertex 538.251 112.989 0
   vertex 538.251 112.989 900
  endloop
 endfacet
 facet normal -0.457861 -0.889024 -0
  outer loop
   vertex 538.251 112.989 900
   vertex 538.251 112.989 0
   vertex 546.01 108.993 0
  endloop
 endfacet
 facet normal -0.457861 -0.889024 0
  outer loop
   vertex 538.251 112.989 900
   vertex 546.01 108.993 0
   vertex 546.01 108.993 900
  endloop
 endfacet
 facet normal -0.450054 -0.893002 -0
  outer loop
   vertex 546.01 108.993 900
   vertex 546.01 108.993 0
   vertex 553.802 105.066 0
  endloop
 endfacet
 facet normal -0.450054 -0.893002 0
  outer loop
   vertex 546.01 108.993 900
   vertex 553.802 105.066 0
   vertex 553.802 105.066 900
  endloop
 endfacet
 facet normal -0.442303 -0.896866 -0
  outer loop
   vertex 553.802 105.066 900
   vertex 553.802 105.066 0
   vertex 561.629 101.206 0
  endloop
 endfacet
 facet normal -0.442303 -0.896866 0
  outer loop
   vertex 553.802 105.066 900
   vertex 561.629 101.206 0
   vertex 561.629 101.206 900
  endloop
 endfacet
 facet normal -0.434453 -0.900694 -0
  outer loop
   vertex 561.629 101.206 900
   vertex 561.629 101.206 0
   vertex 569.489 97.4147 0
  endloop
 endfacet
 facet normal -0.434453 -0.900694 0
  outer loop
   vertex 561.629 101.206 900
   vertex 569.489 97.4147 0
   vertex 569.489 97.4147 900
  endloop
 endfacet
 facet normal -0.426561 -0.904459 -0
  outer loop
   vertex 569.489 97.4147 900
   vertex 569.489 97.4147 0
   vertex 577.382 93.6922 0
  endloop
 endfacet
 facet normal -0.426561 -0.904459 0
  outer loop
   vertex 569.489 97.4147 900
   vertex 577.382 93.6922 0
   vertex 577.382 93.6922 900
  endloop
 endfacet
 facet normal -0.418662 -0.908142 -0
  outer loop
   vertex 577.382 93.6922 900
   vertex 577.382 93.6922 0
   vertex 585.307 90.0387 0
  endloop
 endfacet
 facet normal -0.418662 -0.908142 0
  outer loop
   vertex 577.382 93.6922 900
   vertex 585.307 90.0387 0
   vertex 585.307 90.0387 900
  endloop
 endfacet
 facet normal -0.410736 -0.911754 -0
  outer loop
   vertex 585.307 90.0387 900
   vertex 585.307 90.0387 0
   vertex 593.263 86.4546 0
  endloop
 endfacet
 facet normal -0.410736 -0.911754 0
  outer loop
   vertex 585.307 90.0387 900
   vertex 593.263 86.4546 0
   vertex 593.263 86.4546 900
  endloop
 endfacet
 facet normal -0.402737 -0.915316 -0
  outer loop
   vertex 593.263 86.4546 900
   vertex 593.263 86.4546 0
   vertex 601.251 82.9399 0
  endloop
 endfacet
 facet normal -0.402737 -0.915316 0
  outer loop
   vertex 593.263 86.4546 900
   vertex 601.251 82.9399 0
   vertex 601.251 82.9399 900
  endloop
 endfacet
 facet normal -0.394743 -0.918791 -0
  outer loop
   vertex 601.251 82.9399 900
   vertex 601.251 82.9399 0
   vertex 609.269 79.4951 0
  endloop
 endfacet
 facet normal -0.394743 -0.918791 0
  outer loop
   vertex 601.251 82.9399 900
   vertex 609.269 79.4951 0
   vertex 609.269 79.4951 900
  endloop
 endfacet
 facet normal -0.386691 -0.922209 -0
  outer loop
   vertex 609.269 79.4951 900
   vertex 609.269 79.4951 0
   vertex 617.317 76.1205 0
  endloop
 endfacet
 facet normal -0.386691 -0.922209 0
  outer loop
   vertex 609.269 79.4951 900
   vertex 617.317 76.1205 0
   vertex 617.317 76.1205 900
  endloop
 endfacet
 facet normal -0.37869 -0.925524 -0
  outer loop
   vertex 617.317 76.1205 900
   vertex 617.317 76.1205 0
   vertex 625.393 72.8161 0
  endloop
 endfacet
 facet normal -0.37869 -0.925524 0
  outer loop
   vertex 617.317 76.1205 900
   vertex 625.393 72.8161 0
   vertex 625.393 72.8161 900
  endloop
 endfacet
 facet normal -0.370531 -0.92882 -0
  outer loop
   vertex 625.393 72.8161 900
   vertex 625.393 72.8161 0
   vertex 633.499 69.5824 0
  endloop
 endfacet
 facet normal -0.370531 -0.92882 0
  outer loop
   vertex 625.393 72.8161 900
   vertex 633.499 69.5824 0
   vertex 633.499 69.5824 900
  endloop
 endfacet
 facet normal -0.362443 -0.932006 -0
  outer loop
   vertex 633.499 69.5824 900
   vertex 633.499 69.5824 0
   vertex 641.632 66.4196 0
  endloop
 endfacet
 facet normal -0.362443 -0.932006 0
  outer loop
   vertex 633.499 69.5824 900
   vertex 641.632 66.4196 0
   vertex 641.632 66.4196 900
  endloop
 endfacet
 facet normal -0.354278 -0.93514 -0
  outer loop
   vertex 641.632 66.4196 900
   vertex 641.632 66.4196 0
   vertex 649.793 63.3278 0
  endloop
 endfacet
 facet normal -0.354278 -0.93514 0
  outer loop
   vertex 641.632 66.4196 900
   vertex 649.793 63.3278 0
   vertex 649.793 63.3278 900
  endloop
 endfacet
 facet normal -0.346123 -0.938189 -0
  outer loop
   vertex 649.793 63.3278 900
   vertex 649.793 63.3278 0
   vertex 657.98 60.3074 0
  endloop
 endfacet
 facet normal -0.346123 -0.938189 0
  outer loop
   vertex 649.793 63.3278 900
   vertex 657.98 60.3074 0
   vertex 657.98 60.3074 900
  endloop
 endfacet
 facet normal -0.33793 -0.941171 -0
  outer loop
   vertex 657.98 60.3074 900
   vertex 657.98 60.3074 0
   vertex 666.193 57.3585 0
  endloop
 endfacet
 facet normal -0.33793 -0.941171 0
  outer loop
   vertex 657.98 60.3074 900
   vertex 666.193 57.3585 0
   vertex 666.193 57.3585 900
  endloop
 endfacet
 facet normal -0.329682 -0.944092 -0
  outer loop
   vertex 666.193 57.3585 900
   vertex 666.193 57.3585 0
   vertex 674.432 54.4814 0
  endloop
 endfacet
 facet normal -0.329682 -0.944092 0
  outer loop
   vertex 666.193 57.3585 900
   vertex 674.432 54.4814 0
   vertex 674.432 54.4814 900
  endloop
 endfacet
 facet normal -0.321459 -0.946924 -0
  outer loop
   vertex 674.432 54.4814 900
   vertex 674.432 54.4814 0
   vertex 682.695 51.6763 0
  endloop
 endfacet
 facet normal -0.321459 -0.946924 0
  outer loop
   vertex 674.432 54.4814 900
   vertex 682.695 51.6763 0
   vertex 682.695 51.6763 900
  endloop
 endfacet
 facet normal -0.313146 -0.949705 -0
  outer loop
   vertex 682.695 51.6763 900
   vertex 682.695 51.6763 0
   vertex 690.983 48.9435 0
  endloop
 endfacet
 facet normal -0.313146 -0.949705 0
  outer loop
   vertex 682.695 51.6763 900
   vertex 690.983 48.9435 0
   vertex 690.983 48.9435 900
  endloop
 endfacet
 facet normal -0.304867 -0.952395 -0
  outer loop
   vertex 690.983 48.9435 900
   vertex 690.983 48.9435 0
   vertex 699.294 46.2831 0
  endloop
 endfacet
 facet normal -0.304867 -0.952395 0
  outer loop
   vertex 690.983 48.9435 900
   vertex 699.294 46.2831 0
   vertex 699.294 46.2831 900
  endloop
 endfacet
 facet normal -0.296544 -0.955019 -0
  outer loop
   vertex 699.294 46.2831 900
   vertex 699.294 46.2831 0
   vertex 707.628 43.6953 0
  endloop
 endfacet
 facet normal -0.296544 -0.955019 0
  outer loop
   vertex 699.294 46.2831 900
   vertex 707.628 43.6953 0
   vertex 707.628 43.6953 900
  endloop
 endfacet
 facet normal -0.288189 -0.957574 -0
  outer loop
   vertex 707.628 43.6953 900
   vertex 707.628 43.6953 0
   vertex 715.985 41.1802 0
  endloop
 endfacet
 facet normal -0.288189 -0.957574 0
  outer loop
   vertex 707.628 43.6953 900
   vertex 715.985 41.1802 0
   vertex 715.985 41.1802 900
  endloop
 endfacet
 facet normal -0.279822 -0.960052 -0
  outer loop
   vertex 715.985 41.1802 900
   vertex 715.985 41.1802 0
   vertex 724.363 38.7383 0
  endloop
 endfacet
 facet normal -0.279822 -0.960052 0
  outer loop
   vertex 715.985 41.1802 900
   vertex 724.363 38.7383 0
   vertex 724.363 38.7383 900
  endloop
 endfacet
 facet normal -0.271434 -0.962457 -0
  outer loop
   vertex 724.363 38.7383 900
   vertex 724.363 38.7383 0
   vertex 732.762 36.3696 0
  endloop
 endfacet
 facet normal -0.271434 -0.962457 0
  outer loop
   vertex 724.363 38.7383 900
   vertex 732.762 36.3696 0
   vertex 732.762 36.3696 900
  endloop
 endfacet
 facet normal -0.263044 -0.964784 -0
  outer loop
   vertex 732.762 36.3696 900
   vertex 732.762 36.3696 0
   vertex 741.181 34.0742 0
  endloop
 endfacet
 facet normal -0.263044 -0.964784 0
  outer loop
   vertex 732.762 36.3696 900
   vertex 741.181 34.0742 0
   vertex 741.181 34.0742 900
  endloop
 endfacet
 facet normal -0.254602 -0.967046 -0
  outer loop
   vertex 741.181 34.0742 900
   vertex 741.181 34.0742 0
   vertex 749.62 31.8524 0
  endloop
 endfacet
 facet normal -0.254602 -0.967046 0
  outer loop
   vertex 741.181 34.0742 900
   vertex 749.62 31.8524 0
   vertex 749.62 31.8524 900
  endloop
 endfacet
 facet normal -0.246158 -0.96923 -0
  outer loop
   vertex 749.62 31.8524 900
   vertex 749.62 31.8524 0
   vertex 758.078 29.7043 0
  endloop
 endfacet
 facet normal -0.246158 -0.96923 0
  outer loop
   vertex 749.62 31.8524 900
   vertex 758.078 29.7043 0
   vertex 758.078 29.7043 900
  endloop
 endfacet
 facet normal -0.237674 -0.971345 -0
  outer loop
   vertex 758.078 29.7043 900
   vertex 758.078 29.7043 0
   vertex 766.555 27.6301 0
  endloop
 endfacet
 facet normal -0.618864 0.785498 0
  outer loop
   vertex 384.339 1788.01 900
   vertex 377.485 1782.61 0
   vertex 377.485 1782.61 900
  endloop
 endfacet
 facet normal -0.625813 0.779973 0
  outer loop
   vertex 377.485 1782.61 900
   vertex 377.485 1782.61 0
   vertex 370.68 1777.15 0
  endloop
 endfacet
 facet normal -0.625813 0.779973 0
  outer loop
   vertex 377.485 1782.61 900
   vertex 370.68 1777.15 0
   vertex 370.68 1777.15 900
  endloop
 endfacet
 facet normal -0.633288 0.773916 0
  outer loop
   vertex 370.68 1777.15 900
   vertex 370.68 1777.15 0
   vertex 363.922 1771.62 0
  endloop
 endfacet
 facet normal -0.633288 0.773916 0
  outer loop
   vertex 370.68 1777.15 900
   vertex 363.922 1771.62 0
   vertex 363.922 1771.62 900
  endloop
 endfacet
 facet normal -0.639395 0.768878 0
  outer loop
   vertex 363.922 1771.62 900
   vertex 363.922 1771.62 0
   vertex 357.212 1766.04 0
  endloop
 endfacet
 facet normal -0.639395 0.768878 0
  outer loop
   vertex 363.922 1771.62 900
   vertex 357.212 1766.04 0
   vertex 357.212 1766.04 900
  endloop
 endfacet
 facet normal -0.645582 0.763691 0
  outer loop
   vertex 357.212 1766.04 900
   vertex 357.212 1766.04 0
   vertex 350.552 1760.41 0
  endloop
 endfacet
 facet normal -0.645582 0.763691 0
  outer loop
   vertex 357.212 1766.04 900
   vertex 350.552 1760.41 0
   vertex 350.552 1760.41 900
  endloop
 endfacet
 facet normal -0.652996 0.757361 0
  outer loop
   vertex 350.552 1760.41 900
   vertex 350.552 1760.41 0
   vertex 343.941 1754.71 0
  endloop
 endfacet
 facet normal -0.652996 0.757361 0
  outer loop
   vertex 350.552 1760.41 900
   vertex 343.941 1754.71 0
   vertex 343.941 1754.71 900
  endloop
 endfacet
 facet normal -0.659097 0.752058 0
  outer loop
   vertex 343.941 1754.71 900
   vertex 343.941 1754.71 0
   vertex 337.38 1748.96 0
  endloop
 endfacet
 facet normal -0.659097 0.752058 0
  outer loop
   vertex 343.941 1754.71 900
   vertex 337.38 1748.96 0
   vertex 337.38 1748.96 900
  endloop
 endfacet
 facet normal -0.665799 0.746131 0
  outer loop
   vertex 337.38 1748.96 900
   vertex 337.38 1748.96 0
   vertex 330.869 1743.15 0
  endloop
 endfacet
 facet normal -0.665799 0.746131 0
  outer loop
   vertex 337.38 1748.96 900
   vertex 330.869 1743.15 0
   vertex 330.869 1743.15 900
  endloop
 endfacet
 facet normal -0.672559 0.740044 0
  outer loop
   vertex 330.869 1743.15 900
   vertex 330.869 1743.15 0
   vertex 324.41 1737.28 0
  endloop
 endfacet
 facet normal -0.672559 0.740044 0
  outer loop
   vertex 330.869 1743.15 900
   vertex 324.41 1737.28 0
   vertex 324.41 1737.28 900
  endloop
 endfacet
 facet normal -0.679202 0.733951 0
  outer loop
   vertex 324.41 1737.28 900
   vertex 324.41 1737.28 0
   vertex 318.002 1731.35 0
  endloop
 endfacet
 facet normal -0.679202 0.733951 0
  outer loop
   vertex 324.41 1737.28 900
   vertex 318.002 1731.35 0
   vertex 318.002 1731.35 900
  endloop
 endfacet
 facet normal -0.685179 0.728375 0
  outer loop
   vertex 318.002 1731.35 900
   vertex 318.002 1731.35 0
   vertex 311.645 1725.37 0
  endloop
 endfacet
 facet normal -0.685179 0.728375 0
  outer loop
   vertex 318.002 1731.35 900
   vertex 311.645 1725.37 0
   vertex 311.645 1725.37 900
  endloop
 endfacet
 facet normal -0.691285 0.722582 0
  outer loop
   vertex 311.645 1725.37 900
   vertex 311.645 1725.37 0
   vertex 305.342 1719.34 0
  endloop
 endfacet
 facet normal -0.691285 0.722582 0
  outer loop
   vertex 311.645 1725.37 900
   vertex 305.342 1719.34 0
   vertex 305.342 1719.34 900
  endloop
 endfacet
 facet normal -0.697823 0.716271 0
  outer loop
   vertex 305.342 1719.34 900
   vertex 305.342 1719.34 0
   vertex 299.091 1713.25 0
  endloop
 endfacet
 facet normal -0.697823 0.716271 0
  outer loop
   vertex 305.342 1719.34 900
   vertex 299.091 1713.25 0
   vertex 299.091 1713.25 900
  endloop
 endfacet
 facet normal -0.703775 0.710423 0
  outer loop
   vertex 299.091 1713.25 900
   vertex 299.091 1713.25 0
   vertex 292.893 1707.11 0
  endloop
 endfacet
 facet normal -0.703775 0.710423 0
  outer loop
   vertex 299.091 1713.25 900
   vertex 292.893 1707.11 0
   vertex 292.893 1707.11 900
  endloop
 endfacet
 facet normal -0.710365 0.703834 0
  outer loop
   vertex 292.893 1707.11 900
   vertex 292.893 1707.11 0
   vertex 286.75 1700.91 0
  endloop
 endfacet
 facet normal -0.710365 0.703834 0
  outer loop
   vertex 292.893 1707.11 900
   vertex 286.75 1700.91 0
   vertex 286.75 1700.91 900
  endloop
 endfacet
 facet normal -0.716215 0.69788 0
  outer loop
   vertex 286.75 1700.91 900
   vertex 286.75 1700.91 0
   vertex 280.66 1694.66 0
  endloop
 endfacet
 facet normal -0.716215 0.69788 0
  outer loop
   vertex 286.75 1700.91 900
   vertex 280.66 1694.66 0
   vertex 280.66 1694.66 900
  endloop
 endfacet
 facet normal -0.722736 0.691124 0
  outer loop
   vertex 280.66 1694.66 900
   vertex 280.66 1694.66 0
   vertex 274.626 1688.35 0
  endloop
 endfacet
 facet normal -0.722736 0.691124 0
  outer loop
   vertex 280.66 1694.66 900
   vertex 274.626 1688.35 0
   vertex 274.626 1688.35 900
  endloop
 endfacet
 facet normal -0.727998 0.685579 0
  outer loop
   vertex 274.626 1688.35 900
   vertex 274.626 1688.35 0
   vertex 268.646 1682 0
  endloop
 endfacet
 facet normal -0.727998 0.685579 0
  outer loop
   vertex 274.626 1688.35 900
   vertex 268.646 1682 0
   vertex 268.646 1682 900
  endloop
 endfacet
 facet normal -0.734456 0.678656 0
  outer loop
   vertex 268.646 1682 900
   vertex 268.646 1682 0
   vertex 262.723 1675.59 0
  endloop
 endfacet
 facet normal -0.734456 0.678656 0
  outer loop
   vertex 268.646 1682 900
   vertex 262.723 1675.59 0
   vertex 262.723 1675.59 900
  endloop
 endfacet
 facet normal -0.74021 0.672376 0
  outer loop
   vertex 262.723 1675.59 900
   vertex 262.723 1675.59 0
   vertex 256.855 1669.13 0
  endloop
 endfacet
 facet normal -0.74021 0.672376 0
  outer loop
   vertex 262.723 1675.59 900
   vertex 256.855 1669.13 0
   vertex 256.855 1669.13 900
  endloop
 endfacet
 facet normal -0.746023 0.66592 0
  outer loop
   vertex 256.855 1669.13 900
   vertex 256.855 1669.13 0
   vertex 251.044 1662.62 0
  endloop
 endfacet
 facet normal -0.746023 0.66592 0
  outer loop
   vertex 256.855 1669.13 900
   vertex 251.044 1662.62 0
   vertex 251.044 1662.62 900
  endloop
 endfacet
 facet normal -0.751781 0.659413 0
  outer loop
   vertex 251.044 1662.62 900
   vertex 251.044 1662.62 0
   vertex 245.29 1656.06 0
  endloop
 endfacet
 facet normal -0.751781 0.659413 0
  outer loop
   vertex 251.044 1662.62 900
   vertex 245.29 1656.06 0
   vertex 245.29 1656.06 900
  endloop
 endfacet
 facet normal -0.757539 0.65279 0
  outer loop
   vertex 245.29 1656.06 900
   vertex 245.29 1656.06 0
   vertex 239.594 1649.45 0
  endloop
 endfacet
 facet normal -0.757539 0.65279 0
  outer loop
   vertex 245.29 1656.06 900
   vertex 239.594 1649.45 0
   vertex 239.594 1649.45 900
  endloop
 endfacet
 facet normal -0.763238 0.646117 0
  outer loop
   vertex 239.594 1649.45 900
   vertex 239.594 1649.45 0
   vertex 233.956 1642.79 0
  endloop
 endfacet
 facet normal -0.763238 0.646117 0
  outer loop
   vertex 239.594 1649.45 900
   vertex 233.956 1642.79 0
   vertex 233.956 1642.79 900
  endloop
 endfacet
 facet normal -0.768822 0.639463 0
  outer loop
   vertex 233.956 1642.79 900
   vertex 233.956 1642.79 0
   vertex 228.375 1636.08 0
  endloop
 endfacet
 facet normal -0.768822 0.639463 0
  outer loop
   vertex 233.956 1642.79 900
   vertex 228.375 1636.08 0
   vertex 228.375 1636.08 900
  endloop
 endfacet
 facet normal -0.774513 0.632557 0
  outer loop
   vertex 228.375 1636.08 900
   vertex 228.375 1636.08 0
   vertex 222.854 1629.32 0
  endloop
 endfacet
 facet normal -0.774513 0.632557 0
  outer loop
   vertex 228.375 1636.08 900
   vertex 222.854 1629.32 0
   vertex 222.854 1629.32 900
  endloop
 endfacet
 facet normal -0.779637 0.626232 0
  outer loop
   vertex 222.854 1629.32 900
   vertex 222.854 1629.32 0
   vertex 217.392 1622.52 0
  endloop
 endfacet
 facet normal -0.779637 0.626232 0
  outer loop
   vertex 222.854 1629.32 900
   vertex 217.392 1622.52 0
   vertex 217.392 1622.52 900
  endloop
 endfacet
 facet normal -0.785595 0.618742 0
  outer loop
   vertex 217.392 1622.52 900
   vertex 217.392 1622.52 0
   vertex 211.989 1615.66 0
  endloop
 endfacet
 facet normal -0.785595 0.618742 0
  outer loop
   vertex 217.392 1622.52 900
   vertex 211.989 1615.66 0
   vertex 211.989 1615.66 900
  endloop
 endfacet
 facet normal -0.79072 0.612178 0
  outer loop
   vertex 211.989 1615.66 900
   vertex 211.989 1615.66 0
   vertex 206.647 1608.76 0
  endloop
 endfacet
 facet normal -0.79072 0.612178 0
  outer loop
   vertex 211.989 1615.66 900
   vertex 206.647 1608.76 0
   vertex 206.647 1608.76 900
  endloop
 endfacet
 facet normal -0.796162 0.605083 0
  outer loop
   vertex 206.647 1608.76 900
   vertex 206.647 1608.76 0
   vertex 201.365 1601.81 0
  endloop
 endfacet
 facet normal -0.796162 0.605083 0
  outer loop
   vertex 206.647 1608.76 900
   vertex 201.365 1601.81 0
   vertex 201.365 1601.81 900
  endloop
 endfacet
 facet normal -0.801126 0.598495 0
  outer loop
   vertex 201.365 1601.81 900
   vertex 201.365 1601.81 0
   vertex 196.143 1594.82 0
  endloop
 endfacet
 facet normal -0.801126 0.598495 0
  outer loop
   vertex 201.365 1601.81 900
   vertex 196.143 1594.82 0
   vertex 196.143 1594.82 900
  endloop
 endfacet
 facet normal -0.80615 0.591712 0
  outer loop
   vertex 196.143 1594.82 900
   vertex 196.143 1594.82 0
   vertex 190.983 1587.79 0
  endloop
 endfacet
 facet normal -0.80615 0.591712 0
  outer loop
   vertex 196.143 1594.82 900
   vertex 190.983 1587.79 0
   vertex 190.983 1587.79 900
  endloop
 endfacet
 facet normal -0.811903 0.583792 0
  outer loop
   vertex 190.983 1587.79 900
   vertex 190.983 1587.79 0
   vertex 185.885 1580.7 0
  endloop
 endfacet
 facet normal -0.811903 0.583792 0
  outer loop
   vertex 190.983 1587.79 900
   vertex 185.885 1580.7 0
   vertex 185.885 1580.7 900
  endloop
 endfacet
 facet normal -0.816367 0.577534 0
  outer loop
   vertex 185.885 1580.7 900
   vertex 185.885 1580.7 0
   vertex 180.848 1573.58 0
  endloop
 endfacet
 facet normal -0.816367 0.577534 0
  outer loop
   vertex 185.885 1580.7 900
   vertex 180.848 1573.58 0
   vertex 180.848 1573.58 900
  endloop
 endfacet
 facet normal -0.821647 0.569996 0
  outer loop
   vertex 180.848 1573.58 900
   vertex 180.848 1573.58 0
   vertex 175.874 1566.41 0
  endloop
 endfacet
 facet normal -0.821647 0.569996 0
  outer loop
   vertex 180.848 1573.58 900
   vertex 175.874 1566.41 0
   vertex 175.874 1566.41 900
  endloop
 endfacet
 facet normal -0.826799 0.562498 0
  outer loop
   vertex 175.874 1566.41 900
   vertex 175.874 1566.41 0
   vertex 170.962 1559.19 0
  endloop
 endfacet
 facet normal -0.826799 0.562498 0
  outer loop
   vertex 175.874 1566.41 900
   vertex 170.962 1559.19 0
   vertex 170.962 1559.19 900
  endloop
 endfacet
 facet normal -0.831273 0.555864 0
  outer loop
   vertex 170.962 1559.19 900
   vertex 170.962 1559.19 0
   vertex 166.114 1551.94 0
  endloop
 endfacet
 facet normal -0.831273 0.555864 0
  outer loop
   vertex 170.962 1559.19 900
   vertex 166.114 1551.94 0
   vertex 166.114 1551.94 900
  endloop
 endfacet
 facet normal -0.836343 0.548206 0
  outer loop
   vertex 166.114 1551.94 900
   vertex 166.114 1551.94 0
   vertex 161.329 1544.64 0
  endloop
 endfacet
 facet normal -0.836343 0.548206 0
  outer loop
   vertex 166.114 1551.94 900
   vertex 161.329 1544.64 0
   vertex 161.329 1544.64 900
  endloop
 endfacet
 facet normal -0.841104 0.540873 0
  outer loop
   vertex 161.329 1544.64 900
   vertex 161.329 1544.64 0
   vertex 156.609 1537.3 0
  endloop
 endfacet
 facet normal -0.841104 0.540873 0
  outer loop
   vertex 161.329 1544.64 900
   vertex 156.609 1537.3 0
   vertex 156.609 1537.3 900
  endloop
 endfacet
 facet normal -0.845699 0.533661 0
  outer loop
   vertex 156.609 1537.3 900
   vertex 156.609 1537.3 0
   vertex 151.952 1529.92 0
  endloop
 endfacet
 facet normal -0.845699 0.533661 0
  outer loop
   vertex 156.609 1537.3 900
   vertex 151.952 1529.92 0
   vertex 151.952 1529.92 900
  endloop
 endfacet
 facet normal -0.850334 0.526244 0
  outer loop
   vertex 151.952 1529.92 900
   vertex 151.952 1529.92 0
   vertex 147.36 1522.5 0
  endloop
 endfacet
 facet normal -0.850334 0.526244 0
  outer loop
   vertex 151.952 1529.92 900
   vertex 147.36 1522.5 0
   vertex 147.36 1522.5 900
  endloop
 endfacet
 facet normal -0.854904 0.518787 0
  outer loop
   vertex 147.36 1522.5 900
   vertex 147.36 1522.5 0
   vertex 142.833 1515.04 0
  endloop
 endfacet
 facet normal -0.854904 0.518787 0
  outer loop
   vertex 147.36 1522.5 900
   vertex 142.833 1515.04 0
   vertex 142.833 1515.04 900
  endloop
 endfacet
 facet normal -0.859408 0.51129 0
  outer loop
   vertex 142.833 1515.04 900
   vertex 142.833 1515.04 0
   vertex 138.371 1507.54 0
  endloop
 endfacet
 facet normal -0.859408 0.51129 0
  outer loop
   vertex 142.833 1515.04 900
   vertex 138.371 1507.54 0
   vertex 138.371 1507.54 900
  endloop
 endfacet
 facet normal -0.863895 0.503672 0
  outer loop
   vertex 138.371 1507.54 900
   vertex 138.371 1507.54 0
   vertex 133.975 1500 0
  endloop
 endfacet
 facet normal -0.863895 0.503672 0
  outer loop
   vertex 138.371 1507.54 900
   vertex 133.975 1500 0
   vertex 133.975 1500 900
  endloop
 endfacet
 facet normal -0.868264 0.496102 0
  outer loop
   vertex 133.975 1500 900
   vertex 133.975 1500 0
   vertex 129.644 1492.42 0
  endloop
 endfacet
 facet normal -0.868264 0.496102 0
  outer loop
   vertex 133.975 1500 900
   vertex 129.644 1492.42 0
   vertex 129.644 1492.42 900
  endloop
 endfacet
 facet normal -0.872389 0.488813 0
  outer loop
   vertex 129.644 1492.42 900
   vertex 129.644 1492.42 0
   vertex 125.38 1484.81 0
  endloop
 endfacet
 facet normal -0.872389 0.488813 0
  outer loop
   vertex 129.644 1492.42 900
   vertex 125.38 1484.81 0
   vertex 125.38 1484.81 900
  endloop
 endfacet
 facet normal -0.876724 0.480995 0
  outer loop
   vertex 125.38 1484.81 900
   vertex 125.38 1484.81 0
   vertex 121.183 1477.16 0
  endloop
 endfacet
 facet normal -0.876724 0.480995 0
  outer loop
   vertex 125.38 1484.81 900
   vertex 121.183 1477.16 0
   vertex 121.183 1477.16 900
  endloop
 endfacet
 facet normal -0.880938 0.473232 0
  outer loop
   vertex 121.183 1477.16 900
   vertex 121.183 1477.16 0
   vertex 117.052 1469.47 0
  endloop
 endfacet
 facet normal -0.880938 0.473232 0
  outer loop
   vertex 121.183 1477.16 900
   vertex 117.052 1469.47 0
   vertex 117.052 1469.47 900
  endloop
 endfacet
 facet normal -0.884926 0.465732 0
  outer loop
   vertex 117.052 1469.47 900
   vertex 117.052 1469.47 0
   vertex 112.989 1461.75 0
  endloop
 endfacet
 facet normal -0.884926 0.465732 0
  outer loop
   vertex 117.052 1469.47 900
   vertex 112.989 1461.75 0
   vertex 112.989 1461.75 900
  endloop
 endfacet
 facet normal -0.889048 0.457814 0
  outer loop
   vertex 112.989 1461.75 900
   vertex 112.989 1461.75 0
   vertex 108.993 1453.99 0
  endloop
 endfacet
 facet normal -0.889048 0.457814 0
  outer loop
   vertex 112.989 1461.75 900
   vertex 108.993 1453.99 0
   vertex 108.993 1453.99 900
  endloop
 endfacet
 facet normal -0.892955 0.450146 0
  outer loop
   vertex 108.993 1453.99 900
   vertex 108.993 1453.99 0
   vertex 105.066 1446.2 0
  endloop
 endfacet
 facet normal -0.892955 0.450146 0
  outer loop
   vertex 108.993 1453.99 900
   vertex 105.066 1446.2 0
   vertex 105.066 1446.2 900
  endloop
 endfacet
 facet normal -0.896933 0.442166 0
  outer loop
   vertex 105.066 1446.2 900
   vertex 105.066 1446.2 0
   vertex 101.206 1438.37 0
  endloop
 endfacet
 facet normal -0.896933 0.442166 0
  outer loop
   vertex 105.066 1446.2 900
   vertex 101.206 1438.37 0
   vertex 101.206 1438.37 900
  endloop
 endfacet
 facet normal -0.900694 0.434453 0
  outer loop
   vertex 101.206 1438.37 900
   vertex 101.206 1438.37 0
   vertex 97.4147 1430.51 0
  endloop
 endfacet
 facet normal -0.900694 0.434453 0
  outer loop
   vertex 101.206 1438.37 900
   vertex 97.4147 1430.51 0
   vertex 97.4147 1430.51 900
  endloop
 endfacet
 facet normal -0.904396 0.426694 0
  outer loop
   vertex 97.4147 1430.51 900
   vertex 97.4147 1430.51 0
   vertex 93.6922 1422.62 0
  endloop
 endfacet
 facet normal -0.904396 0.426694 0
  outer loop
   vertex 97.4147 1430.51 900
   vertex 93.6922 1422.62 0
   vertex 93.6922 1422.62 900
  endloop
 endfacet
 facet normal -0.908242 0.418444 0
  outer loop
   vertex 93.6922 1422.62 900
   vertex 93.6922 1422.62 0
   vertex 90.0387 1414.69 0
  endloop
 endfacet
 facet normal -0.908242 0.418444 0
  outer loop
   vertex 93.6922 1422.62 900
   vertex 90.0387 1414.69 0
   vertex 90.0387 1414.69 900
  endloop
 endfacet
 facet normal -0.911638 0.410994 0
  outer loop
   vertex 90.0387 1414.69 900
   vertex 90.0387 1414.69 0
   vertex 86.4546 1406.74 0
  endloop
 endfacet
 facet normal -0.911638 0.410994 0
  outer loop
   vertex 90.0387 1414.69 900
   vertex 86.4546 1406.74 0
   vertex 86.4546 1406.74 900
  endloop
 endfacet
 facet normal -0.915353 0.402652 0
  outer loop
   vertex 86.4546 1406.74 900
   vertex 86.4546 1406.74 0
   vertex 82.9399 1398.75 0
  endloop
 endfacet
 facet normal -0.915353 0.402652 0
  outer loop
   vertex 86.4546 1406.74 900
   vertex 82.9399 1398.75 0
   vertex 82.9399 1398.75 900
  endloop
 endfacet
 facet normal -0.918827 0.39466 0
  outer loop
   vertex 82.9399 1398.75 900
   vertex 82.9399 1398.75 0
   vertex 79.4951 1390.73 0
  endloop
 endfacet
 facet normal -0.918827 0.39466 0
  outer loop
   vertex 82.9399 1398.75 900
   vertex 79.4951 1390.73 0
   vertex 79.4951 1390.73 900
  endloop
 endfacet
 facet normal -0.922244 0.386609 0
  outer loop
   vertex 79.4951 1390.73 900
   vertex 79.4951 1390.73 0
   vertex 76.1205 1382.68 0
  endloop
 endfacet
 facet normal -0.922244 0.386609 0
  outer loop
   vertex 79.4951 1390.73 900
   vertex 76.1205 1382.68 0
   vertex 76.1205 1382.68 900
  endloop
 endfacet
 facet normal -0.925425 0.378931 0
  outer loop
   vertex 76.1205 1382.68 900
   vertex 76.1205 1382.68 0
   vertex 72.8161 1374.61 0
  endloop
 endfacet
 facet normal -0.925425 0.378931 0
  outer loop
   vertex 76.1205 1382.68 900
   vertex 72.8161 1374.61 0
   vertex 72.8161 1374.61 900
  endloop
 endfacet
 facet normal -0.928883 0.370373 0
  outer loop
   vertex 72.8161 1374.61 900
   vertex 72.8161 1374.61 0
   vertex 69.5824 1366.5 0
  endloop
 endfacet
 facet normal -0.928883 0.370373 0
  outer loop
   vertex 72.8161 1374.61 900
   vertex 69.5824 1366.5 0
   vertex 69.5824 1366.5 900
  endloop
 endfacet
 facet normal -0.931961 0.362559 0
  outer loop
   vertex 69.5824 1366.5 900
   vertex 69.5824 1366.5 0
   vertex 66.4196 1358.37 0
  endloop
 endfacet
 facet normal -0.931961 0.362559 0
  outer loop
   vertex 69.5824 1366.5 900
   vertex 66.4196 1358.37 0
   vertex 66.4196 1358.37 900
  endloop
 endfacet
 facet normal -0.935126 0.354316 0
  outer loop
   vertex 66.4196 1358.37 900
   vertex 66.4196 1358.37 0
   vertex 63.3278 1350.21 0
  endloop
 endfacet
 facet normal -0.935126 0.354316 0
  outer loop
   vertex 66.4196 1358.37 900
   vertex 63.3278 1350.21 0
   vertex 63.3278 1350.21 900
  endloop
 endfacet
 facet normal -0.93823 0.346011 0
  outer loop
   vertex 63.3278 1350.21 900
   vertex 63.3278 1350.21 0
   vertex 60.3074 1342.02 0
  endloop
 endfacet
 facet normal -0.93823 0.346011 0
  outer loop
   vertex 63.3278 1350.21 900
   vertex 60.3074 1342.02 0
   vertex 60.3074 1342.02 900
  endloop
 endfacet
 facet normal -0.941132 0.338039 0
  outer loop
   vertex 60.3074 1342.02 900
   vertex 60.3074 1342.02 0
   vertex 57.3585 1333.81 0
  endloop
 endfacet
 facet normal -0.941132 0.338039 0
  outer loop
   vertex 60.3074 1342.02 900
   vertex 57.3585 1333.81 0
   vertex 57.3585 1333.81 900
  endloop
 endfacet
 facet normal -0.944105 0.329646 0
  outer loop
   vertex 57.3585 1333.81 900
   vertex 57.3585 1333.81 0
   vertex 54.4814 1325.57 0
  endloop
 endfacet
 facet normal -0.944105 0.329646 0
  outer loop
   vertex 57.3585 1333.81 900
   vertex 54.4814 1325.57 0
   vertex 54.4814 1325.57 900
  endloop
 endfacet
 facet normal -0.946888 0.321564 0
  outer loop
   vertex 54.4814 1325.57 900
   vertex 54.4814 1325.57 0
   vertex 51.6763 1317.31 0
  endloop
 endfacet
 facet normal -0.946888 0.321564 0
  outer loop
   vertex 54.4814 1325.57 900
   vertex 51.6763 1317.31 0
   vertex 51.6763 1317.31 900
  endloop
 endfacet
 facet normal -0.949727 0.313078 0
  outer loop
   vertex 51.6763 1317.31 900
   vertex 51.6763 1317.31 0
   vertex 48.9435 1309.02 0
  endloop
 endfacet
 facet normal -0.949727 0.313078 0
  outer loop
   vertex 51.6763 1317.31 900
   vertex 48.9435 1309.02 0
   vertex 48.9435 1309.02 900
  endloop
 endfacet
 facet normal -0.952384 0.3049 0
  outer loop
   vertex 48.9435 1309.02 900
   vertex 48.9435 1309.02 0
   vertex 46.2831 1300.71 0
  endloop
 endfacet
 facet normal -0.952384 0.3049 0
  outer loop
   vertex 48.9435 1309.02 900
   vertex 46.2831 1300.71 0
   vertex 46.2831 1300.71 900
  endloop
 endfacet
 facet normal -0.95508 0.29635 0
  outer loop
   vertex 46.2831 1300.71 900
   vertex 46.2831 1300.71 0
   vertex 43.6953 1292.37 0
  endloop
 endfacet
 facet normal -0.95508 0.29635 0
  outer loop
   vertex 46.2831 1300.71 900
   vertex 43.6953 1292.37 0
   vertex 43.6953 1292.37 900
  endloop
 endfacet
 facet normal -0.957507 0.28841 0
  outer loop
   vertex 43.6953 1292.37 900
   vertex 43.6953 1292.37 0
   vertex 41.1802 1284.02 0
  endloop
 endfacet
 facet normal -0.957507 0.28841 0
  outer loop
   vertex 43.6953 1292.37 900
   vertex 41.1802 1284.02 0
   vertex 41.1802 1284.02 900
  endloop
 endfacet
 facet normal -0.96007 0.279761 0
  outer loop
   vertex 41.1802 1284.02 900
   vertex 41.1802 1284.02 0
   vertex 38.7383 1275.64 0
  endloop
 endfacet
 facet normal -0.96007 0.279761 0
  outer loop
   vertex 41.1802 1284.02 900
   vertex 38.7383 1275.64 0
   vertex 38.7383 1275.64 900
  endloop
 endfacet
 facet normal -0.962466 0.271404 0
  outer loop
   vertex 38.7383 1275.64 900
   vertex 38.7383 1275.64 0
   vertex 36.3696 1267.24 0
  endloop
 endfacet
 facet normal -0.962466 0.271404 0
  outer loop
   vertex 38.7383 1275.64 900
   vertex 36.3696 1267.24 0
   vertex 36.3696 1267.24 900
  endloop
 endfacet
 facet normal -0.964792 0.263015 0
  outer loop
   vertex 36.3696 1267.24 900
   vertex 36.3696 1267.24 0
   vertex 34.0742 1258.82 0
  endloop
 endfacet
 facet normal -0.964792 0.263015 0
  outer loop
   vertex 36.3696 1267.24 900
   vertex 34.0742 1258.82 0
   vertex 34.0742 1258.82 900
  endloop
 endfacet
 facet normal -0.967053 0.254573 0
  outer loop
   vertex 34.0742 1258.82 900
   vertex 34.0742 1258.82 0
   vertex 31.8524 1250.38 0
  endloop
 endfacet
 facet normal -0.967053 0.254573 0
  outer loop
   vertex 34.0742 1258.82 900
   vertex 31.8524 1250.38 0
   vertex 31.8524 1250.38 900
  endloop
 endfacet
 facet normal -0.969244 0.246103 0
  outer loop
   vertex 31.8524 1250.38 900
   vertex 31.8524 1250.38 0
   vertex 29.7043 1241.92 0
  endloop
 endfacet
 facet normal -0.969244 0.246103 0
  outer loop
   vertex 31.8524 1250.38 900
   vertex 29.7043 1241.92 0
   vertex 29.7043 1241.92 900
  endloop
 endfacet
 facet normal -0.971364 0.237595 0
  outer loop
   vertex 29.7043 1241.92 900
   vertex 29.7043 1241.92 0
   vertex 27.6301 1233.44 0
  endloop
 endfacet
 facet normal -0.971364 0.237595 0
  outer loop
   vertex 29.7043 1241.92 900
   vertex 27.6301 1233.44 0
   vertex 27.6301 1233.44 900
  endloop
 endfacet
 facet normal -0.973352 0.229317 0
  outer loop
   vertex 27.6301 1233.44 900
   vertex 27.6301 1233.44 0
   vertex 25.6299 1224.95 0
  endloop
 endfacet
 facet normal -0.973352 0.229317 0
  outer loop
   vertex 27.6301 1233.44 900
   vertex 25.6299 1224.95 0
   vertex 25.6299 1224.95 900
  endloop
 endfacet
 facet normal -0.975335 0.220728 0
  outer loop
   vertex 25.6299 1224.95 900
   vertex 25.6299 1224.95 0
   vertex 23.704 1216.44 0
  endloop
 endfacet
 facet normal -0.975335 0.220728 0
  outer loop
   vertex 25.6299 1224.95 900
   vertex 23.704 1216.44 0
   vertex 23.704 1216.44 900
  endloop
 endfacet
 facet normal -0.977242 0.212129 0
  outer loop
   vertex 23.704 1216.44 900
   vertex 23.704 1216.44 0
   vertex 21.8524 1207.91 0
  endloop
 endfacet
 facet normal -0.977242 0.212129 0
  outer loop
   vertex 23.704 1216.44 900
   vertex 21.8524 1207.91 0
   vertex 21.8524 1207.91 900
  endloop
 endfacet
 facet normal -0.979028 0.203727 0
  outer loop
   vertex 21.8524 1207.91 900
   vertex 21.8524 1207.91 0
   vertex 20.0753 1199.37 0
  endloop
 endfacet
 facet normal -0.979028 0.203727 0
  outer loop
   vertex 21.8524 1207.91 900
   vertex 20.0753 1199.37 0
   vertex 20.0753 1199.37 900
  endloop
 endfacet
 facet normal -0.980789 0.195069 0
  outer loop
   vertex 20.0753 1199.37 900
   vertex 20.0753 1199.37 0
   vertex 18.3728 1190.81 0
  endloop
 endfacet
 facet normal -0.980789 0.195069 0
  outer loop
   vertex 20.0753 1199.37 900
   vertex 18.3728 1190.81 0
   vertex 18.3728 1190.81 900
  endloop
 endfacet
 facet normal -0.982437 0.186594 0
  outer loop
   vertex 18.3728 1190.81 900
   vertex 18.3728 1190.81 0
   vertex 16.7451 1182.24 0
  endloop
 endfacet
 facet normal -0.982437 0.186594 0
  outer loop
   vertex 18.3728 1190.81 900
   vertex 16.7451 1182.24 0
   vertex 16.7451 1182.24 900
  endloop
 endfacet
 facet normal -0.984051 0.177885 0
  outer loop
   vertex 16.7451 1182.24 900
   vertex 16.7451 1182.24 0
   vertex 15.1923 1173.65 0
  endloop
 endfacet
 facet normal -0.984051 0.177885 0
  outer loop
   vertex 16.7451 1182.24 900
   vertex 15.1923 1173.65 0
   vertex 15.1923 1173.65 900
  endloop
 endfacet
 facet normal -0.985553 0.169366 0
  outer loop
   vertex 15.1923 1173.65 900
   vertex 15.1923 1173.65 0
   vertex 13.7144 1165.05 0
  endloop
 endfacet
 facet normal -0.985553 0.169366 0
  outer loop
   vertex 15.1923 1173.65 900
   vertex 13.7144 1165.05 0
   vertex 13.7144 1165.05 900
  endloop
 endfacet
 facet normal -0.987016 0.160625 0
  outer loop
   vertex 13.7144 1165.05 900
   vertex 13.7144 1165.05 0
   vertex 12.3116 1156.43 0
  endloop
 endfacet
 facet normal -0.987016 0.160625 0
  outer loop
   vertex 13.7144 1165.05 900
   vertex 12.3116 1156.43 0
   vertex 12.3116 1156.43 900
  endloop
 endfacet
 facet normal -0.988348 0.152208 0
  outer loop
   vertex 12.3116 1156.43 900
   vertex 12.3116 1156.43 0
   vertex 10.9841 1147.81 0
  endloop
 endfacet
 facet normal -0.988348 0.152208 0
  outer loop
   vertex 12.3116 1156.43 900
   vertex 10.9841 1147.81 0
   vertex 10.9841 1147.81 900
  endloop
 endfacet
 facet normal -0.989661 0.143426 0
  outer loop
   vertex 10.9841 1147.81 900
   vertex 10.9841 1147.81 0
   vertex 9.73195 1139.17 0
  endloop
 endfacet
 facet normal -0.989661 0.143426 0
  outer loop
   vertex 10.9841 1147.81 900
   vertex 9.73195 1139.17 0
   vertex 9.73195 1139.17 900
  endloop
 endfacet
 facet normal -0.990851 0.134962 0
  outer loop
   vertex 9.73195 1139.17 900
   vertex 9.73195 1139.17 0
   vertex 8.55511 1130.53 0
  endloop
 endfacet
 facet normal -0.990851 0.134962 0
  outer loop
   vertex 9.73195 1139.17 900
   vertex 8.55511 1130.53 0
   vertex 8.55511 1130.53 900
  endloop
 endfacet
 facet normal -0.992011 0.126149 0
  outer loop
   vertex 8.55511 1130.53 900
   vertex 8.55511 1130.53 0
   vertex 7.45386 1121.87 0
  endloop
 endfacet
 facet normal -0.992011 0.126149 0
  outer loop
   vertex 8.55511 1130.53 900
   vertex 7.45386 1121.87 0
   vertex 7.45386 1121.87 900
  endloop
 endfacet
 facet normal -0.993074 0.11749 0
  outer loop
   vertex 7.45386 1121.87 900
   vertex 7.45386 1121.87 0
   vertex 6.42812 1113.2 0
  endloop
 endfacet
 facet normal -0.993074 0.11749 0
  outer loop
   vertex 7.45386 1121.87 900
   vertex 6.42812 1113.2 0
   vertex 6.42812 1113.2 900
  endloop
 endfacet
 facet normal -0.99405 0.108926 0
  outer loop
   vertex 6.42812 1113.2 900
   vertex 6.42812 1113.2 0
   vertex 5.47808 1104.53 0
  endloop
 endfacet
 facet normal -0.99405 0.108926 0
  outer loop
   vertex 6.42812 1113.2 900
   vertex 5.47808 1104.53 0
   vertex 5.47808 1104.53 900
  endloop
 endfacet
 facet normal -0.994966 0.100216 0
  outer loop
   vertex 5.47808 1104.53 900
   vertex 5.47808 1104.53 0
   vertex 4.6038 1095.85 0
  endloop
 endfacet
 facet normal -0.994966 0.100216 0
  outer loop
   vertex 5.47808 1104.53 900
   vertex 4.6038 1095.85 0
   vertex 4.6038 1095.85 900
  endloop
 endfacet
 facet normal -0.995805 0.091504 0
  outer loop
   vertex 4.6038 1095.85 900
   vertex 4.6038 1095.85 0
   vertex 3.80528 1087.16 0
  endloop
 endfacet
 facet normal -0.995805 0.091504 0
  outer loop
   vertex 4.6038 1095.85 900
   vertex 3.80528 1087.16 0
   vertex 3.80528 1087.16 900
  endloop
 endfacet
 facet normal -0.996569 0.0827713 0
  outer loop
   vertex 3.80528 1087.16 900
   vertex 3.80528 1087.16 0
   vertex 3.08269 1078.46 0
  endloop
 endfacet
 facet normal -0.996569 0.0827713 0
  outer loop
   vertex 3.80528 1087.16 900
   vertex 3.08269 1078.46 0
   vertex 3.08269 1078.46 900
  endloop
 endfacet
 facet normal -0.997248 0.0741368 0
  outer loop
   vertex 3.08269 1078.46 900
   vertex 3.08269 1078.46 0
   vertex 2.43592 1069.76 0
  endloop
 endfacet
 facet normal -0.997248 0.0741368 0
  outer loop
   vertex 3.08269 1078.46 900
   vertex 2.43592 1069.76 0
   vertex 2.43592 1069.76 900
  endloop
 endfacet
 facet normal -0.99786 0.0653833 0
  outer loop
   vertex 2.43592 1069.76 900
   vertex 2.43592 1069.76 0
   vertex 1.86521 1061.05 0
  endloop
 endfacet
 facet normal -0.99786 0.0653833 0
  outer loop
   vertex 2.43592 1069.76 900
   vertex 1.86521 1061.05 0
   vertex 1.86521 1061.05 900
  endloop
 endfacet
 facet normal -0.998391 0.0567077 0
  outer loop
   vertex 1.86521 1061.05 900
   vertex 1.86521 1061.05 0
   vertex 1.37049 1052.34 0
  endloop
 endfacet
 facet normal -0.998391 0.0567077 0
  outer loop
   vertex 1.86521 1061.05 900
   vertex 1.37049 1052.34 0
   vertex 1.37049 1052.34 900
  endloop
 endfacet
 facet normal -0.998849 0.0479634 0
  outer loop
   vertex 1.37049 1052.34 900
   vertex 1.37049 1052.34 0
   vertex 0.951767 1043.62 0
  endloop
 endfacet
 facet normal -0.998849 0.0479634 0
  outer loop
   vertex 1.37049 1052.34 900
   vertex 0.951767 1043.62 0
   vertex 0.951767 1043.62 900
  endloop
 endfacet
 facet normal -0.999229 0.0392595 0
  outer loop
   vertex 0.951767 1043.62 900
   vertex 0.951767 1043.62 0
   vertex 0.60916 1034.9 0
  endloop
 endfacet
 facet normal -0.999229 0.0392595 0
  outer loop
   vertex 0.951767 1043.62 900
   vertex 0.60916 1034.9 0
   vertex 0.60916 1034.9 900
  endloop
 endfacet
 facet normal -0.999533 0.0305469 0
  outer loop
   vertex 0.60916 1034.9 900
   vertex 0.60916 1034.9 0
   vertex 0.342667 1026.18 0
  endloop
 endfacet
 facet normal -0.999533 0.0305469 0
  outer loop
   vertex 0.60916 1034.9 900
   vertex 0.342667 1026.18 0
   vertex 0.342667 1026.18 900
  endloop
 endfacet
 facet normal -0.999762 0.021802 0
  outer loop
   vertex 0.342667 1026.18 900
   vertex 0.342667 1026.18 0
   vertex 0.15229 1017.45 0
  endloop
 endfacet
 facet normal -0.999762 0.021802 0
  outer loop
   vertex 0.342667 1026.18 900
   vertex 0.15229 1017.45 0
   vertex 0.15229 1017.45 900
  endloop
 endfacet
 facet normal -0.999914 0.0130955 0
  outer loop
   vertex 0.15229 1017.45 900
   vertex 0.15229 1017.45 0
   vertex 0.0380874 1008.73 0
  endloop
 endfacet
 facet normal -0.999914 0.0130955 0
  outer loop
   vertex 0.15229 1017.45 900
   vertex 0.0380874 1008.73 0
   vertex 0.0380874 1008.73 900
  endloop
 endfacet
 facet normal -0.99999 0.00436278 0
  outer loop
   vertex 0.0380874 1008.73 900
   vertex 0.0380874 1008.73 0
   vertex 0 1000 0
  endloop
 endfacet
 facet normal -0.99999 0.00436278 0
  outer loop
   vertex 0.0380874 1008.73 900
   vertex 0 1000 0
   vertex 0 1000 900
  endloop
 endfacet
 facet normal -0.99999 -0.00436428 -0
  outer loop
   vertex 0 1000 900
   vertex 0 1000 0
   vertex 0.0380874 991.273 0
  endloop
 endfacet
 facet normal -0.99999 -0.00436428 0
  outer loop
   vertex 0 1000 900
   vertex 0.0380874 991.273 0
   vertex 0.0380874 991.273 900
  endloop
 endfacet
 facet normal -0.999914 -0.013088 -0
  outer loop
   vertex 0.0380874 991.273 900
   vertex 0.0380874 991.273 0
   vertex 0.15229 982.548 0
  endloop
 endfacet
 facet normal -0.999914 -0.013088 0
  outer loop
   vertex 0.0380874 991.273 900
   vertex 0.15229 982.548 0
   vertex 0.15229 982.548 900
  endloop
 endfacet
 facet normal -0.999762 -0.0218145 -0
  outer loop
   vertex 0.15229 982.548 900
   vertex 0.15229 982.548 0
   vertex 0.342667 973.823 0
  endloop
 endfacet
 facet normal -0.999762 -0.0218145 0
  outer loop
   vertex 0.15229 982.548 900
   vertex 0.342667 973.823 0
   vertex 0.342667 973.823 900
  endloop
 endfacet
 facet normal -0.999534 -0.0305399 -0
  outer loop
   vertex 0.342667 973.823 900
   vertex 0.342667 973.823 0
   vertex 0.60916 965.101 0
  endloop
 endfacet
 facet normal -0.999534 -0.0305399 0
  outer loop
   vertex 0.342667 973.823 900
   vertex 0.60916 965.101 0
   vertex 0.60916 965.101 900
  endloop
 endfacet
 facet normal -0.999229 -0.0392595 -0
  outer loop
   vertex 0.60916 965.101 900
   vertex 0.60916 965.101 0
   vertex 0.951767 956.381 0
  endloop
 endfacet
 facet normal -0.999229 -0.0392595 0
  outer loop
   vertex 0.60916 965.101 900
   vertex 0.951767 956.381 0
   vertex 0.951767 956.381 900
  endloop
 endfacet
 facet normal -0.998848 -0.0479799 -0
  outer loop
   vertex 0.951767 956.381 900
   vertex 0.951767 956.381 0
   vertex 1.37049 947.664 0
  endloop
 endfacet
 facet normal -0.998848 -0.0479799 0
  outer loop
   vertex 0.951767 956.381 900
   vertex 1.37049 947.664 0
   vertex 1.37049 947.664 900
  endloop
 endfacet
 facet normal -0.998392 -0.0566882 -0
  outer loop
   vertex 1.37049 947.664 900
   vertex 1.37049 947.664 0
   vertex 1.86521 938.951 0
  endloop
 endfacet
 facet normal -0.998392 -0.0566882 0
  outer loop
   vertex 1.37049 947.664 900
   vertex 1.86521 938.951 0
   vertex 1.86521 938.951 900
  endloop
 endfacet
 facet normal -0.997859 -0.0654058 -0
  outer loop
   vertex 1.86521 938.951 900
   vertex 1.86521 938.951 0
   vertex 2.43592 930.244 0
  endloop
 endfacet
 facet normal -0.997859 -0.0654058 0
  outer loop
   vertex 1.86521 938.951 900
   vertex 2.43592 930.244 0
   vertex 2.43592 930.244 900
  endloop
 endfacet
 facet normal -0.99725 -0.0741114 -0
  outer loop
   vertex 2.43592 930.244 900
   vertex 2.43592 930.244 0
   vertex 3.08269 921.541 0
  endloop
 endfacet
 facet normal -0.99725 -0.0741114 0
  outer loop
   vertex 2.43592 930.244 900
   vertex 3.08269 921.541 0
   vertex 3.08269 921.541 900
  endloop
 endfacet
 facet normal -0.996566 -0.0827997 -0
  outer loop
   vertex 3.08269 921.541 900
   vertex 3.08269 921.541 0
   vertex 3.80528 912.844 0
  endloop
 endfacet
 facet normal -0.996566 -0.0827997 0
  outer loop
   vertex 3.08269 921.541 900
   vertex 3.80528 912.844 0
   vertex 3.80528 912.844 900
  endloop
 endfacet
 facet normal -0.995805 -0.091504 -0
  outer loop
   vertex 3.80528 912.844 900
   vertex 3.80528 912.844 0
   vertex 4.6038 904.154 0
  endloop
 endfacet
 facet normal -0.995805 -0.091504 0
  outer loop
   vertex 3.80528 912.844 900
   vertex 4.6038 904.154 0
   vertex 4.6038 904.154 900
  endloop
 endfacet
 facet normal -0.994969 -0.100182 -0
  outer loop
   vertex 4.6038 904.154 900
   vertex 4.6038 904.154 0
   vertex 5.47808 895.471 0
  endloop
 endfacet
 facet normal -0.994969 -0.100182 0
  outer loop
   vertex 4.6038 904.154 900
   vertex 5.47808 895.471 0
   vertex 5.47808 895.471 900
  endloop
 endfacet
 facet normal -0.994055 -0.108876 -0
  outer loop
   vertex 5.47808 895.471 900
   vertex 5.47808 895.471 0
   vertex 6.42812 886.797 0
  endloop
 endfacet
 facet normal -0.994055 -0.108876 0
  outer loop
   vertex 5.47808 895.471 900
   vertex 6.42812 886.797 0
   vertex 6.42812 886.797 900
  endloop
 endfacet
 facet normal -0.993068 -0.117543 -0
  outer loop
   vertex 6.42812 886.797 900
   vertex 6.42812 886.797 0
   vertex 7.45386 878.131 0
  endloop
 endfacet
 facet normal -0.993068 -0.117543 0
  outer loop
   vertex 6.42812 886.797 900
   vertex 7.45386 878.131 0
   vertex 7.45386 878.131 900
  endloop
 endfacet
 facet normal -0.992006 -0.126192 -0
  outer loop
   vertex 7.45386 878.131 900
   vertex 7.45386 878.131 0
   vertex 8.55511 869.474 0
  endloop
 endfacet
 facet normal -0.992006 -0.126192 0
  outer loop
   vertex 7.45386 878.131 900
   vertex 8.55511 869.474 0
   vertex 8.55511 869.474 900
  endloop
 endfacet
 facet normal -0.990865 -0.134855 -0
  outer loop
   vertex 8.55511 869.474 900
   vertex 8.55511 869.474 0
   vertex 9.73195 860.827 0
  endloop
 endfacet
 facet normal -0.990865 -0.134855 0
  outer loop
   vertex 8.55511 869.474 900
   vertex 9.73195 860.827 0
   vertex 9.73195 860.827 900
  endloop
 endfacet
 facet normal -0.989652 -0.143491 -0
  outer loop
   vertex 9.73195 860.827 900
   vertex 9.73195 860.827 0
   vertex 10.9841 852.191 0
  endloop
 endfacet
 facet normal -0.989652 -0.143491 0
  outer loop
   vertex 9.73195 860.827 900
   vertex 10.9841 852.191 0
   vertex 10.9841 852.191 900
  endloop
 endfacet
 facet normal -0.988364 -0.152105 -0
  outer loop
   vertex 10.9841 852.191 900
   vertex 10.9841 852.191 0
   vertex 12.3116 843.565 0
  endloop
 endfacet
 facet normal -0.988364 -0.152105 0
  outer loop
   vertex 10.9841 852.191 900
   vertex 12.3116 843.565 0
   vertex 12.3116 843.565 900
  endloop
 endfacet
 facet normal -0.986995 -0.160752 -0
  outer loop
   vertex 12.3116 843.565 900
   vertex 12.3116 843.565 0
   vertex 13.7144 834.952 0
  endloop
 endfacet
 facet normal -0.986995 -0.160752 0
  outer loop
   vertex 12.3116 843.565 900
   vertex 13.7144 834.952 0
   vertex 13.7144 834.952 900
  endloop
 endfacet
 facet normal -0.985553 -0.169366 -0
  outer loop
   vertex 13.7144 834.952 900
   vertex 13.7144 834.952 0
   vertex 15.1923 826.352 0
  endloop
 endfacet
 facet normal -0.985553 -0.169366 0
  outer loop
   vertex 13.7144 834.952 900
   vertex 15.1923 826.352 0
   vertex 15.1923 826.352 900
  endloop
 endfacet
 facet normal -0.98404 -0.177945 -0
  outer loop
   vertex 15.1923 826.352 900
   vertex 15.1923 826.352 0
   vertex 16.7451 817.765 0
  endloop
 endfacet
 facet normal -0.98404 -0.177945 0
  outer loop
   vertex 15.1923 826.352 900
   vertex 16.7451 817.765 0
   vertex 16.7451 817.765 900
  endloop
 endfacet
 facet normal -0.982453 -0.18651 -0
  outer loop
   vertex 16.7451 817.765 900
   vertex 16.7451 817.765 0
   vertex 18.3728 809.191 0
  endloop
 endfacet
 facet normal -0.982453 -0.18651 0
  outer loop
   vertex 16.7451 817.765 900
   vertex 18.3728 809.191 0
   vertex 18.3728 809.191 900
  endloop
 endfacet
 facet normal -0.980785 -0.195091 -0
  outer loop
   vertex 18.3728 809.191 900
   vertex 18.3728 809.191 0
   vertex 20.0753 800.632 0
  endloop
 endfacet
 facet normal -0.980785 -0.195091 0
  outer loop
   vertex 18.3728 809.191 900
   vertex 20.0753 800.632 0
   vertex 20.0753 800.632 900
  endloop
 endfacet
 facet normal -0.979047 -0.203636 -0
  outer loop
   vertex 20.0753 800.632 900
   vertex 20.0753 800.632 0
   vertex 21.8524 792.088 0
  endloop
 endfacet
 facet normal -0.979047 -0.203636 0
  outer loop
   vertex 20.0753 800.632 900
   vertex 21.8524 792.088 0
   vertex 21.8524 792.088 900
  endloop
 endfacet
 facet normal -0.977231 -0.212177 -0
  outer loop
   vertex 21.8524 792.088 900
   vertex 21.8524 792.088 0
   vertex 23.704 783.56 0
  endloop
 endfacet
 facet normal 0.434332 0.900753 0
  outer loop
   vertex 1438.37 1898.79 900
   vertex 1430.51 1902.58 0
   vertex 1430.51 1902.58 900
  endloop
 endfacet
 facet normal 0.427397 0.904064 0
  outer loop
   vertex 1430.51 1902.58 900
   vertex 1430.51 1902.58 0
   vertex 1422.62 1906.31 0
  endloop
 endfacet
 facet normal 0.427397 0.904064 0
  outer loop
   vertex 1430.51 1902.58 900
   vertex 1422.62 1906.31 0
   vertex 1422.62 1906.31 900
  endloop
 endfacet
 facet normal 0.418114 0.908395 0
  outer loop
   vertex 1422.62 1906.31 900
   vertex 1422.62 1906.31 0
   vertex 1414.69 1909.96 0
  endloop
 endfacet
 facet normal 0.418114 0.908395 0
  outer loop
   vertex 1422.62 1906.31 900
   vertex 1414.69 1909.96 0
   vertex 1414.69 1909.96 900
  endloop
 endfacet
 facet normal 0.411556 0.911384 0
  outer loop
   vertex 1414.69 1909.96 900
   vertex 1414.69 1909.96 0
   vertex 1406.74 1913.55 0
  endloop
 endfacet
 facet normal 0.411556 0.911384 0
  outer loop
   vertex 1414.69 1909.96 900
   vertex 1406.74 1913.55 0
   vertex 1406.74 1913.55 900
  endloop
 endfacet
 facet normal 0.402201 0.915551 0
  outer loop
   vertex 1406.74 1913.55 900
   vertex 1406.74 1913.55 0
   vertex 1398.75 1917.06 0
  endloop
 endfacet
 facet normal 0.402201 0.915551 0
  outer loop
   vertex 1406.74 1913.55 900
   vertex 1398.75 1917.06 0
   vertex 1398.75 1917.06 900
  endloop
 endfacet
 facet normal 0.395163 0.918611 0
  outer loop
   vertex 1398.75 1917.06 900
   vertex 1398.75 1917.06 0
   vertex 1390.73 1920.51 0
  endloop
 endfacet
 facet normal 0.395163 0.918611 0
  outer loop
   vertex 1398.75 1917.06 900
   vertex 1390.73 1920.51 0
   vertex 1390.73 1920.51 900
  endloop
 endfacet
 facet normal 0.386161 0.922431 0
  outer loop
   vertex 1390.73 1920.51 900
   vertex 1390.73 1920.51 0
   vertex 1382.68 1923.88 0
  endloop
 endfacet
 facet normal 0.386161 0.922431 0
  outer loop
   vertex 1390.73 1920.51 900
   vertex 1382.68 1923.88 0
   vertex 1382.68 1923.88 900
  endloop
 endfacet
 facet normal 0.378499 0.925602 0
  outer loop
   vertex 1382.68 1923.88 900
   vertex 1382.68 1923.88 0
   vertex 1374.61 1927.18 0
  endloop
 endfacet
 facet normal 0.378499 0.925602 0
  outer loop
   vertex 1382.68 1923.88 900
   vertex 1374.61 1927.18 0
   vertex 1374.61 1927.18 900
  endloop
 endfacet
 facet normal 0.370996 0.928635 0
  outer loop
   vertex 1374.61 1927.18 900
   vertex 1374.61 1927.18 0
   vertex 1366.5 1930.42 0
  endloop
 endfacet
 facet normal 0.370996 0.928635 0
  outer loop
   vertex 1374.61 1927.18 900
   vertex 1366.5 1930.42 0
   vertex 1366.5 1930.42 900
  endloop
 endfacet
 facet normal 0.36228 0.932069 0
  outer loop
   vertex 1366.5 1930.42 900
   vertex 1366.5 1930.42 0
   vertex 1358.37 1933.58 0
  endloop
 endfacet
 facet normal 0.36228 0.932069 0
  outer loop
   vertex 1366.5 1930.42 900
   vertex 1358.37 1933.58 0
   vertex 1358.37 1933.58 900
  endloop
 endfacet
 facet normal 0.354136 0.935194 0
  outer loop
   vertex 1358.37 1933.58 900
   vertex 1358.37 1933.58 0
   vertex 1350.21 1936.67 0
  endloop
 endfacet
 facet normal 0.354136 0.935194 0
  outer loop
   vertex 1358.37 1933.58 900
   vertex 1350.21 1936.67 0
   vertex 1350.21 1936.67 900
  endloop
 endfacet
 facet normal 0.345971 0.938245 0
  outer loop
   vertex 1350.21 1936.67 900
   vertex 1350.21 1936.67 0
   vertex 1342.02 1939.69 0
  endloop
 endfacet
 facet normal 0.345971 0.938245 0
  outer loop
   vertex 1350.21 1936.67 900
   vertex 1342.02 1939.69 0
   vertex 1342.02 1939.69 900
  endloop
 endfacet
 facet normal 0.338151 0.941092 0
  outer loop
   vertex 1342.02 1939.69 900
   vertex 1342.02 1939.69 0
   vertex 1333.81 1942.64 0
  endloop
 endfacet
 facet normal 0.338151 0.941092 0
  outer loop
   vertex 1342.02 1939.69 900
   vertex 1333.81 1942.64 0
   vertex 1333.81 1942.64 900
  endloop
 endfacet
 facet normal 0.329942 0.944001 0
  outer loop
   vertex 1333.81 1942.64 900
   vertex 1333.81 1942.64 0
   vertex 1325.57 1945.52 0
  endloop
 endfacet
 facet normal 0.329942 0.944001 0
  outer loop
   vertex 1333.81 1942.64 900
   vertex 1325.57 1945.52 0
   vertex 1325.57 1945.52 900
  endloop
 endfacet
 facet normal 0.321039 0.947066 0
  outer loop
   vertex 1325.57 1945.52 900
   vertex 1325.57 1945.52 0
   vertex 1317.31 1948.32 0
  endloop
 endfacet
 facet normal 0.321039 0.947066 0
  outer loop
   vertex 1325.57 1945.52 900
   vertex 1317.31 1948.32 0
   vertex 1317.31 1948.32 900
  endloop
 endfacet
 facet normal 0.313822 0.949482 0
  outer loop
   vertex 1317.31 1948.32 900
   vertex 1317.31 1948.32 0
   vertex 1309.02 1951.06 0
  endloop
 endfacet
 facet normal 0.313822 0.949482 0
  outer loop
   vertex 1317.31 1948.32 900
   vertex 1309.02 1951.06 0
   vertex 1309.02 1951.06 900
  endloop
 endfacet
 facet normal 0.304859 0.952398 0
  outer loop
   vertex 1309.02 1951.06 900
   vertex 1309.02 1951.06 0
   vertex 1300.71 1953.72 0
  endloop
 endfacet
 facet normal 0.304859 0.952398 0
  outer loop
   vertex 1309.02 1951.06 900
   vertex 1300.71 1953.72 0
   vertex 1300.71 1953.72 900
  endloop
 endfacet
 facet normal 0.296579 0.955008 0
  outer loop
   vertex 1300.71 1953.72 900
   vertex 1300.71 1953.72 0
   vertex 1292.37 1956.31 0
  endloop
 endfacet
 facet normal 0.296579 0.955008 0
  outer loop
   vertex 1300.71 1953.72 900
   vertex 1292.37 1956.31 0
   vertex 1292.37 1956.31 900
  endloop
 endfacet
 facet normal 0.287874 0.957668 0
  outer loop
   vertex 1292.37 1956.31 900
   vertex 1292.37 1956.31 0
   vertex 1284.02 1958.82 0
  endloop
 endfacet
 facet normal 0.287874 0.957668 0
  outer loop
   vertex 1292.37 1956.31 900
   vertex 1284.02 1958.82 0
   vertex 1284.02 1958.82 900
  endloop
 endfacet
 facet normal 0.27956 0.960128 0
  outer loop
   vertex 1284.02 1958.82 900
   vertex 1284.02 1958.82 0
   vertex 1275.64 1961.26 0
  endloop
 endfacet
 facet normal 0.27956 0.960128 0
  outer loop
   vertex 1284.02 1958.82 900
   vertex 1275.64 1961.26 0
   vertex 1275.64 1961.26 900
  endloop
 endfacet
 facet normal 0.271542 0.962427 0
  outer loop
   vertex 1275.64 1961.26 900
   vertex 1275.64 1961.26 0
   vertex 1267.24 1963.63 0
  endloop
 endfacet
 facet normal 0.271542 0.962427 0
  outer loop
   vertex 1275.64 1961.26 900
   vertex 1267.24 1963.63 0
   vertex 1267.24 1963.63 900
  endloop
 endfacet
 facet normal 0.263505 0.964658 0
  outer loop
   vertex 1267.24 1963.63 900
   vertex 1267.24 1963.63 0
   vertex 1258.82 1965.93 0
  endloop
 endfacet
 facet normal 0.263505 0.964658 0
  outer loop
   vertex 1267.24 1963.63 900
   vertex 1258.82 1965.93 0
   vertex 1258.82 1965.93 900
  endloop
 endfacet
 facet normal 0.25438 0.967104 0
  outer loop
   vertex 1258.82 1965.93 900
   vertex 1258.82 1965.93 0
   vertex 1250.38 1968.15 0
  endloop
 endfacet
 facet normal 0.25438 0.967104 0
  outer loop
   vertex 1258.82 1965.93 900
   vertex 1250.38 1968.15 0
   vertex 1250.38 1968.15 900
  endloop
 endfacet
 facet normal 0.246308 0.969192 0
  outer loop
   vertex 1250.38 1968.15 900
   vertex 1250.38 1968.15 0
   vertex 1241.92 1970.3 0
  endloop
 endfacet
 facet normal 0.246308 0.969192 0
  outer loop
   vertex 1250.38 1968.15 900
   vertex 1241.92 1970.3 0
   vertex 1241.92 1970.3 900
  endloop
 endfacet
 facet normal 0.237141 0.971475 0
  outer loop
   vertex 1241.92 1970.3 900
   vertex 1241.92 1970.3 0
   vertex 1233.44 1972.37 0
  endloop
 endfacet
 facet normal 0.237141 0.971475 0
  outer loop
   vertex 1241.92 1970.3 900
   vertex 1233.44 1972.37 0
   vertex 1233.44 1972.37 900
  endloop
 endfacet
 facet normal 0.229295 0.973357 0
  outer loop
   vertex 1233.44 1972.37 900
   vertex 1233.44 1972.37 0
   vertex 1224.95 1974.37 0
  endloop
 endfacet
 facet normal 0.229295 0.973357 0
  outer loop
   vertex 1233.44 1972.37 900
   vertex 1224.95 1974.37 0
   vertex 1224.95 1974.37 900
  endloop
 endfacet
 facet normal 0.221175 0.975234 0
  outer loop
   vertex 1224.95 1974.37 900
   vertex 1224.95 1974.37 0
   vertex 1216.44 1976.3 0
  endloop
 endfacet
 facet normal 0.221175 0.975234 0
  outer loop
   vertex 1224.95 1974.37 900
   vertex 1216.44 1976.3 0
   vertex 1216.44 1976.3 900
  endloop
 endfacet
 facet normal 0.211954 0.97728 0
  outer loop
   vertex 1216.44 1976.3 900
   vertex 1216.44 1976.3 0
   vertex 1207.91 1978.15 0
  endloop
 endfacet
 facet normal 0.211954 0.97728 0
  outer loop
   vertex 1216.44 1976.3 900
   vertex 1207.91 1978.15 0
   vertex 1207.91 1978.15 900
  endloop
 endfacet
 facet normal 0.204046 0.978961 0
  outer loop
   vertex 1207.91 1978.15 900
   vertex 1207.91 1978.15 0
   vertex 1199.37 1979.93 0
  endloop
 endfacet
 facet normal 0.204046 0.978961 0
  outer loop
   vertex 1207.91 1978.15 900
   vertex 1199.37 1979.93 0
   vertex 1199.37 1979.93 900
  endloop
 endfacet
 facet normal 0.194794 0.980844 0
  outer loop
   vertex 1199.37 1979.93 900
   vertex 1199.37 1979.93 0
   vertex 1190.81 1981.63 0
  endloop
 endfacet
 facet normal 0.194794 0.980844 0
  outer loop
   vertex 1199.37 1979.93 900
   vertex 1190.81 1981.63 0
   vertex 1190.81 1981.63 900
  endloop
 endfacet
 facet normal 0.186849 0.982389 0
  outer loop
   vertex 1190.81 1981.63 900
   vertex 1190.81 1981.63 0
   vertex 1182.24 1983.26 0
  endloop
 endfacet
 facet normal 0.186849 0.982389 0
  outer loop
   vertex 1190.81 1981.63 900
   vertex 1182.24 1983.26 0
   vertex 1182.24 1983.26 900
  endloop
 endfacet
 facet normal 0.177575 0.984107 0
  outer loop
   vertex 1182.24 1983.26 900
   vertex 1182.24 1983.26 0
   vertex 1173.65 1984.81 0
  endloop
 endfacet
 facet normal 0.177575 0.984107 0
  outer loop
   vertex 1182.24 1983.26 900
   vertex 1173.65 1984.81 0
   vertex 1173.65 1984.81 900
  endloop
 endfacet
 facet normal 0.1696 0.985513 0
  outer loop
   vertex 1173.65 1984.81 900
   vertex 1173.65 1984.81 0
   vertex 1165.05 1986.29 0
  endloop
 endfacet
 facet normal 0.1696 0.985513 0
  outer loop
   vertex 1173.65 1984.81 900
   vertex 1165.05 1986.29 0
   vertex 1165.05 1986.29 900
  endloop
 endfacet
 facet normal 0.160312 0.987066 0
  outer loop
   vertex 1165.05 1986.29 900
   vertex 1165.05 1986.29 0
   vertex 1156.43 1987.69 0
  endloop
 endfacet
 facet normal 0.160312 0.987066 0
  outer loop
   vertex 1165.05 1986.29 900
   vertex 1156.43 1987.69 0
   vertex 1156.43 1987.69 900
  endloop
 endfacet
 facet normal 0.152488 0.988305 0
  outer loop
   vertex 1156.43 1987.69 900
   vertex 1156.43 1987.69 0
   vertex 1147.81 1989.02 0
  endloop
 endfacet
 facet normal 0.152488 0.988305 0
  outer loop
   vertex 1156.43 1987.69 900
   vertex 1147.81 1989.02 0
   vertex 1147.81 1989.02 900
  endloop
 endfacet
 facet normal 0.143185 0.989696 0
  outer loop
   vertex 1147.81 1989.02 900
   vertex 1147.81 1989.02 0
   vertex 1139.17 1990.27 0
  endloop
 endfacet
 facet normal 0.143185 0.989696 0
  outer loop
   vertex 1147.81 1989.02 900
   vertex 1139.17 1990.27 0
   vertex 1139.17 1990.27 900
  endloop
 endfacet
 facet normal 0.134192 0.990955 0
  outer loop
   vertex 1139.17 1990.27 900
   vertex 1139.17 1990.27 0
   vertex 1130.53 1991.44 0
  endloop
 endfacet
 facet normal 0.134192 0.990955 0
  outer loop
   vertex 1139.17 1990.27 900
   vertex 1130.53 1991.44 0
   vertex 1130.53 1991.44 900
  endloop
 endfacet
 facet normal 0.127135 0.991885 0
  outer loop
   vertex 1130.53 1991.44 900
   vertex 1130.53 1991.44 0
   vertex 1121.87 1992.55 0
  endloop
 endfacet
 facet normal 0.127135 0.991885 0
  outer loop
   vertex 1130.53 1991.44 900
   vertex 1121.87 1992.55 0
   vertex 1121.87 1992.55 900
  endloop
 endfacet
 facet normal 0.116841 0.993151 0
  outer loop
   vertex 1121.87 1992.55 900
   vertex 1121.87 1992.55 0
   vertex 1113.2 1993.57 0
  endloop
 endfacet
 facet normal 0.116841 0.993151 0
  outer loop
   vertex 1121.87 1992.55 900
   vertex 1113.2 1993.57 0
   vertex 1113.2 1993.57 900
  endloop
 endfacet
 facet normal 0.108921 0.99405 0
  outer loop
   vertex 1113.2 1993.57 900
   vertex 1113.2 1993.57 0
   vertex 1104.53 1994.52 0
  endloop
 endfacet
 facet normal 0.108921 0.99405 0
  outer loop
   vertex 1113.2 1993.57 900
   vertex 1104.53 1994.52 0
   vertex 1104.53 1994.52 900
  endloop
 endfacet
 facet normal 0.100865 0.9949 0
  outer loop
   vertex 1104.53 1994.52 900
   vertex 1104.53 1994.52 0
   vertex 1095.85 1995.4 0
  endloop
 endfacet
 facet normal 0.100865 0.9949 0
  outer loop
   vertex 1104.53 1994.52 900
   vertex 1095.85 1995.4 0
   vertex 1095.85 1995.4 900
  endloop
 endfacet
 facet normal 0.0905357 0.995893 0
  outer loop
   vertex 1095.85 1995.4 900
   vertex 1095.85 1995.4 0
   vertex 1087.16 1996.19 0
  endloop
 endfacet
 facet normal 0.0905357 0.995893 0
  outer loop
   vertex 1095.85 1995.4 900
   vertex 1087.16 1996.19 0
   vertex 1087.16 1996.19 900
  endloop
 endfacet
 facet normal 0.0836142 0.996498 0
  outer loop
   vertex 1087.16 1996.19 900
   vertex 1087.16 1996.19 0
   vertex 1078.46 1996.92 0
  endloop
 endfacet
 facet normal 0.0836142 0.996498 0
  outer loop
   vertex 1087.16 1996.19 900
   vertex 1078.46 1996.92 0
   vertex 1078.46 1996.92 900
  endloop
 endfacet
 facet normal 0.073365 0.997305 0
  outer loop
   vertex 1078.46 1996.92 900
   vertex 1078.46 1996.92 0
   vertex 1069.76 1997.56 0
  endloop
 endfacet
 facet normal 0.073365 0.997305 0
  outer loop
   vertex 1078.46 1996.92 900
   vertex 1069.76 1997.56 0
   vertex 1069.76 1997.56 900
  endloop
 endfacet
 facet normal 0.066443 0.99779 0
  outer loop
   vertex 1069.76 1997.56 900
   vertex 1069.76 1997.56 0
   vertex 1061.05 1998.14 0
  endloop
 endfacet
 facet normal 0.066443 0.99779 0
  outer loop
   vertex 1069.76 1997.56 900
   vertex 1061.05 1998.14 0
   vertex 1061.05 1998.14 900
  endloop
 endfacet
 facet normal 0.0561684 0.998421 0
  outer loop
   vertex 1061.05 1998.14 900
   vertex 1061.05 1998.14 0
   vertex 1052.34 1998.63 0
  endloop
 endfacet
 facet normal 0.0561684 0.998421 0
  outer loop
   vertex 1061.05 1998.14 900
   vertex 1052.34 1998.63 0
   vertex 1052.34 1998.63 900
  endloop
 endfacet
 facet normal 0.0481094 0.998842 0
  outer loop
   vertex 1052.34 1998.63 900
   vertex 1052.34 1998.63 0
   vertex 1043.62 1999.05 0
  endloop
 endfacet
 facet normal 0.0481094 0.998842 0
  outer loop
   vertex 1052.34 1998.63 900
   vertex 1043.62 1999.05 0
   vertex 1043.62 1999.05 900
  endloop
 endfacet
 facet normal 0.0389612 0.999241 0
  outer loop
   vertex 1043.62 1999.05 900
   vertex 1043.62 1999.05 0
   vertex 1034.9 1999.39 0
  endloop
 endfacet
 facet normal 0.0389612 0.999241 0
  outer loop
   vertex 1043.62 1999.05 900
   vertex 1034.9 1999.39 0
   vertex 1034.9 1999.39 900
  endloop
 endfacet
 facet normal 0.0309485 0.999521 0
  outer loop
   vertex 1034.9 1999.39 900
   vertex 1034.9 1999.39 0
   vertex 1026.18 1999.66 0
  endloop
 endfacet
 facet normal 0.0309485 0.999521 0
  outer loop
   vertex 1034.9 1999.39 900
   vertex 1026.18 1999.66 0
   vertex 1026.18 1999.66 900
  endloop
 endfacet
 facet normal 0.0217589 0.999763 0
  outer loop
   vertex 1026.18 1999.66 900
   vertex 1026.18 1999.66 0
   vertex 1017.45 1999.85 0
  endloop
 endfacet
 facet normal 0.0217589 0.999763 0
  outer loop
   vertex 1026.18 1999.66 900
   vertex 1017.45 1999.85 0
   vertex 1017.45 1999.85 900
  endloop
 endfacet
 facet normal 0.0126137 0.99992 0
  outer loop
   vertex 1017.45 1999.85 900
   vertex 1017.45 1999.85 0
   vertex 1008.73 1999.96 0
  endloop
 endfacet
 facet normal 0.0126137 0.99992 0
  outer loop
   vertex 1017.45 1999.85 900
   vertex 1008.73 1999.96 0
   vertex 1008.73 1999.96 900
  endloop
 endfacet
 facet normal 0.00458185 0.99999 0
  outer loop
   vertex 1008.73 1999.96 900
   vertex 1008.73 1999.96 0
   vertex 1000 2000 0
  endloop
 endfacet
 facet normal 0.00458185 0.99999 0
  outer loop
   vertex 1008.73 1999.96 900
   vertex 1000 2000 0
   vertex 1000 2000 900
  endloop
 endfacet
 facet normal -0.00458343 0.999989 0
  outer loop
   vertex 1000 2000 900
   vertex 1000 2000 0
   vertex 991.273 1999.96 0
  endloop
 endfacet
 facet normal -0.00458343 0.999989 0
  outer loop
   vertex 1000 2000 900
   vertex 991.273 1999.96 0
   vertex 991.273 1999.96 900
  endloop
 endfacet
 facet normal -0.0126064 0.999921 0
  outer loop
   vertex 991.273 1999.96 900
   vertex 991.273 1999.96 0
   vertex 982.548 1999.85 0
  endloop
 endfacet
 facet normal -0.0126064 0.999921 0
  outer loop
   vertex 991.273 1999.96 900
   vertex 982.548 1999.85 0
   vertex 982.548 1999.85 900
  endloop
 endfacet
 facet normal -0.0217713 0.999763 0
  outer loop
   vertex 982.548 1999.85 900
   vertex 982.548 1999.85 0
   vertex 973.823 1999.66 0
  endloop
 endfacet
 facet normal -0.0217713 0.999763 0
  outer loop
   vertex 982.548 1999.85 900
   vertex 973.823 1999.66 0
   vertex 973.823 1999.66 900
  endloop
 endfacet
 facet normal -0.0309414 0.999521 0
  outer loop
   vertex 973.823 1999.66 900
   vertex 973.823 1999.66 0
   vertex 965.101 1999.39 0
  endloop
 endfacet
 facet normal -0.0309414 0.999521 0
  outer loop
   vertex 973.823 1999.66 900
   vertex 965.101 1999.39 0
   vertex 965.101 1999.39 900
  endloop
 endfacet
 facet normal -0.0389612 0.999241 0
  outer loop
   vertex 965.101 1999.39 900
   vertex 965.101 1999.39 0
   vertex 956.381 1999.05 0
  endloop
 endfacet
 facet normal -0.0389612 0.999241 0
  outer loop
   vertex 965.101 1999.39 900
   vertex 956.381 1999.05 0
   vertex 956.381 1999.05 900
  endloop
 endfacet
 facet normal -0.0481259 0.998841 0
  outer loop
   vertex 956.381 1999.05 900
   vertex 956.381 1999.05 0
   vertex 947.664 1998.63 0
  endloop
 endfacet
 facet normal -0.0481259 0.998841 0
  outer loop
   vertex 956.381 1999.05 900
   vertex 947.664 1998.63 0
   vertex 947.664 1998.63 900
  endloop
 endfacet
 facet normal -0.0561491 0.998422 0
  outer loop
   vertex 947.664 1998.63 900
   vertex 947.664 1998.63 0
   vertex 938.951 1998.14 0
  endloop
 endfacet
 facet normal -0.0561491 0.998422 0
  outer loop
   vertex 947.664 1998.63 900
   vertex 938.951 1998.14 0
   vertex 938.951 1998.14 900
  endloop
 endfacet
 facet normal -0.0664658 0.997789 0
  outer loop
   vertex 938.951 1998.14 900
   vertex 938.951 1998.14 0
   vertex 930.244 1997.56 0
  endloop
 endfacet
 facet normal -0.0664658 0.997789 0
  outer loop
   vertex 938.951 1998.14 900
   vertex 930.244 1997.56 0
   vertex 930.244 1997.56 900
  endloop
 endfacet
 facet normal -0.0733398 0.997307 0
  outer loop
   vertex 930.244 1997.56 900
   vertex 930.244 1997.56 0
   vertex 921.541 1996.92 0
  endloop
 endfacet
 facet normal -0.0733398 0.997307 0
  outer loop
   vertex 930.244 1997.56 900
   vertex 921.541 1996.92 0
   vertex 921.541 1996.92 900
  endloop
 endfacet
 facet normal -0.0836429 0.996496 0
  outer loop
   vertex 921.541 1996.92 900
   vertex 921.541 1996.92 0
   vertex 912.844 1996.19 0
  endloop
 endfacet
 facet normal -0.0836429 0.996496 0
  outer loop
   vertex 921.541 1996.92 900
   vertex 912.844 1996.19 0
   vertex 912.844 1996.19 900
  endloop
 endfacet
 facet normal -0.0905357 0.995893 0
  outer loop
   vertex 912.844 1996.19 900
   vertex 912.844 1996.19 0
   vertex 904.154 1995.4 0
  endloop
 endfacet
 facet normal -0.0905357 0.995893 0
  outer loop
   vertex 912.844 1996.19 900
   vertex 904.154 1995.4 0
   vertex 904.154 1995.4 900
  endloop
 endfacet
 facet normal -0.100831 0.994904 0
  outer loop
   vertex 904.154 1995.4 900
   vertex 904.154 1995.4 0
   vertex 895.471 1994.52 0
  endloop
 endfacet
 facet normal -0.100831 0.994904 0
  outer loop
   vertex 904.154 1995.4 900
   vertex 895.471 1994.52 0
   vertex 895.471 1994.52 900
  endloop
 endfacet
 facet normal -0.108872 0.994056 0
  outer loop
   vertex 895.471 1994.52 900
   vertex 895.471 1994.52 0
   vertex 886.797 1993.57 0
  endloop
 endfacet
 facet normal -0.108872 0.994056 0
  outer loop
   vertex 895.471 1994.52 900
   vertex 886.797 1993.57 0
   vertex 886.797 1993.57 900
  endloop
 endfacet
 facet normal -0.116894 0.993144 0
  outer loop
   vertex 886.797 1993.57 900
   vertex 886.797 1993.57 0
   vertex 878.131 1992.55 0
  endloop
 endfacet
 facet normal -0.116894 0.993144 0
  outer loop
   vertex 886.797 1993.57 900
   vertex 878.131 1992.55 0
   vertex 878.131 1992.55 900
  endloop
 endfacet
 facet normal -0.127179 0.99188 0
  outer loop
   vertex 878.131 1992.55 900
   vertex 878.131 1992.55 0
   vertex 869.474 1991.44 0
  endloop
 endfacet
 facet normal -0.127179 0.99188 0
  outer loop
   vertex 878.131 1992.55 900
   vertex 869.474 1991.44 0
   vertex 869.474 1991.44 900
  endloop
 endfacet
 facet normal -0.134085 0.99097 0
  outer loop
   vertex 869.474 1991.44 900
   vertex 869.474 1991.44 0
   vertex 860.827 1990.27 0
  endloop
 endfacet
 facet normal -0.134085 0.99097 0
  outer loop
   vertex 869.474 1991.44 900
   vertex 860.827 1990.27 0
   vertex 860.827 1990.27 900
  endloop
 endfacet
 facet normal -0.14325 0.989687 0
  outer loop
   vertex 860.827 1990.27 900
   vertex 860.827 1990.27 0
   vertex 852.191 1989.02 0
  endloop
 endfacet
 facet normal -0.14325 0.989687 0
  outer loop
   vertex 860.827 1990.27 900
   vertex 852.191 1989.02 0
   vertex 852.191 1989.02 900
  endloop
 endfacet
 facet normal -0.152384 0.988321 0
  outer loop
   vertex 852.191 1989.02 900
   vertex 852.191 1989.02 0
   vertex 843.565 1987.69 0
  endloop
 endfacet
 facet normal -0.152384 0.988321 0
  outer loop
   vertex 852.191 1989.02 900
   vertex 843.565 1987.69 0
   vertex 843.565 1987.69 900
  endloop
 endfacet
 facet normal -0.160439 0.987046 0
  outer loop
   vertex 843.565 1987.69 900
   vertex 843.565 1987.69 0
   vertex 834.952 1986.29 0
  endloop
 endfacet
 facet normal -0.160439 0.987046 0
  outer loop
   vertex 843.565 1987.69 900
   vertex 834.952 1986.29 0
   vertex 834.952 1986.29 900
  endloop
 endfacet
 facet normal -0.1696 0.985513 0
  outer loop
   vertex 834.952 1986.29 900
   vertex 834.952 1986.29 0
   vertex 826.352 1984.81 0
  endloop
 endfacet
 facet normal -0.1696 0.985513 0
  outer loop
   vertex 834.952 1986.29 900
   vertex 826.352 1984.81 0
   vertex 826.352 1984.81 900
  endloop
 endfacet
 facet normal -0.177635 0.984096 0
  outer loop
   vertex 826.352 1984.81 900
   vertex 826.352 1984.81 0
   vertex 817.765 1983.26 0
  endloop
 endfacet
 facet normal -0.177635 0.984096 0
  outer loop
   vertex 826.352 1984.81 900
   vertex 817.765 1983.26 0
   vertex 817.765 1983.26 900
  endloop
 endfacet
 facet normal -0.186765 0.982405 0
  outer loop
   vertex 817.765 1983.26 900
   vertex 817.765 1983.26 0
   vertex 809.191 1981.63 0
  endloop
 endfacet
 facet normal -0.186765 0.982405 0
  outer loop
   vertex 817.765 1983.26 900
   vertex 809.191 1981.63 0
   vertex 809.191 1981.63 900
  endloop
 endfacet
 facet normal -0.194816 0.98084 0
  outer loop
   vertex 809.191 1981.63 900
   vertex 809.191 1981.63 0
   vertex 800.632 1979.93 0
  endloop
 endfacet
 facet normal -0.194816 0.98084 0
  outer loop
   vertex 809.191 1981.63 900
   vertex 800.632 1979.93 0
   vertex 800.632 1979.93 900
  endloop
 endfacet
 facet normal -0.203954 0.97898 0
  outer loop
   vertex 800.632 1979.93 900
   vertex 800.632 1979.93 0
   vertex 792.088 1978.15 0
  endloop
 endfacet
 facet normal -0.203954 0.97898 0
  outer loop
   vertex 800.632 1979.93 900
   vertex 792.088 1978.15 0
   vertex 792.088 1978.15 900
  endloop
 endfacet
 facet normal -0.212001 0.977269 0
  outer loop
   vertex 792.088 1978.15 900
   vertex 792.088 1978.15 0
   vertex 783.56 1976.3 0
  endloop
 endfacet
 facet normal -0.212001 0.977269 0
  outer loop
   vertex 792.088 1978.15 900
   vertex 783.56 1976.3 0
   vertex 783.56 1976.3 900
  endloop
 endfacet
 facet normal -0.221151 0.97524 0
  outer loop
   vertex 783.56 1976.3 900
   vertex 783.56 1976.3 0
   vertex 775.049 1974.37 0
  endloop
 endfacet
 facet normal -0.221151 0.97524 0
  outer loop
   vertex 783.56 1976.3 900
   vertex 775.049 1974.37 0
   vertex 775.049 1974.37 900
  endloop
 endfacet
 facet normal -0.229193 0.973381 0
  outer loop
   vertex 775.049 1974.37 900
   vertex 775.049 1974.37 0
   vertex 766.555 1972.37 0
  endloop
 endfacet
 facet normal -0.229193 0.973381 0
  outer loop
   vertex 775.049 1974.37 900
   vertex 766.555 1972.37 0
   vertex 766.555 1972.37 900
  endloop
 endfacet
 facet normal -0.23722 0.971456 0
  outer loop
   vertex 766.555 1972.37 900
   vertex 766.555 1972.37 0
   vertex 758.078 1970.3 0
  endloop
 endfacet
 facet normal -0.23722 0.971456 0
  outer loop
   vertex 766.555 1972.37 900
   vertex 758.078 1970.3 0
   vertex 758.078 1970.3 900
  endloop
 endfacet
 facet normal -0.246362 0.969178 0
  outer loop
   vertex 758.078 1970.3 900
   vertex 758.078 1970.3 0
   vertex 749.62 1968.15 0
  endloop
 endfacet
 facet normal -0.246362 0.969178 0
  outer loop
   vertex 758.078 1970.3 900
   vertex 749.62 1968.15 0
   vertex 749.62 1968.15 900
  endloop
 endfacet
 facet normal -0.254409 0.967097 0
  outer loop
   vertex 749.62 1968.15 900
   vertex 749.62 1968.15 0
   vertex 741.181 1965.93 0
  endloop
 endfacet
 facet normal -0.254409 0.967097 0
  outer loop
   vertex 749.62 1968.15 900
   vertex 741.181 1965.93 0
   vertex 741.181 1965.93 900
  endloop
 endfacet
 facet normal -0.263534 0.96465 0
  outer loop
   vertex 741.181 1965.93 900
   vertex 741.181 1965.93 0
   vertex 732.762 1963.63 0
  endloop
 endfacet
 facet normal -0.263534 0.96465 0
  outer loop
   vertex 741.181 1965.93 900
   vertex 732.762 1963.63 0
   vertex 732.762 1963.63 900
  endloop
 endfacet
 facet normal -0.271572 0.962418 0
  outer loop
   vertex 732.762 1963.63 900
   vertex 732.762 1963.63 0
   vertex 724.363 1961.26 0
  endloop
 endfacet
 facet normal -0.271572 0.962418 0
  outer loop
   vertex 732.762 1963.63 900
   vertex 724.363 1961.26 0
   vertex 724.363 1961.26 900
  endloop
 endfacet
 facet normal -0.279622 0.96011 0
  outer loop
   vertex 724.363 1961.26 900
   vertex 724.363 1961.26 0
   vertex 715.985 1958.82 0
  endloop
 endfacet
 facet normal -0.279622 0.96011 0
  outer loop
   vertex 724.363 1961.26 900
   vertex 715.985 1958.82 0
   vertex 715.985 1958.82 900
  endloop
 endfacet
 facet normal -0.287653 0.957735 0
  outer loop
   vertex 715.985 1958.82 900
   vertex 715.985 1958.82 0
   vertex 707.628 1956.31 0
  endloop
 endfacet
 facet normal -0.287653 0.957735 0
  outer loop
   vertex 715.985 1958.82 900
   vertex 707.628 1956.31 0
   vertex 707.628 1956.31 900
  endloop
 endfacet
 facet normal -0.296774 0.954948 0
  outer loop
   vertex 707.628 1956.31 900
   vertex 707.628 1956.31 0
   vertex 699.294 1953.72 0
  endloop
 endfacet
 facet normal -0.296774 0.954948 0
  outer loop
   vertex 707.628 1956.31 900
   vertex 699.294 1953.72 0
   vertex 699.294 1953.72 900
  endloop
 endfacet
 facet normal -0.304826 0.952408 0
  outer loop
   vertex 699.294 1953.72 900
   vertex 699.294 1953.72 0
   vertex 690.983 1951.06 0
  endloop
 endfacet
 facet normal -0.304826 0.952408 0
  outer loop
   vertex 699.294 1953.72 900
   vertex 690.983 1951.06 0
   vertex 690.983 1951.06 900
  endloop
 endfacet
 facet normal -0.31389 0.949459 0
  outer loop
   vertex 690.983 1951.06 900
   vertex 690.983 1951.06 0
   vertex 682.695 1948.32 0
  endloop
 endfacet
 facet normal -0.31389 0.949459 0
  outer loop
   vertex 690.983 1951.06 900
   vertex 682.695 1948.32 0
   vertex 682.695 1948.32 900
  endloop
 endfacet
 facet normal -0.320935 0.947101 0
  outer loop
   vertex 682.695 1948.32 900
   vertex 682.695 1948.32 0
   vertex 674.432 1945.52 0
  endloop
 endfacet
 facet normal -0.320935 0.947101 0
  outer loop
   vertex 682.695 1948.32 900
   vertex 674.432 1945.52 0
   vertex 674.432 1945.52 900
  endloop
 endfacet
 facet normal -0.329978 0.943989 0
  outer loop
   vertex 674.432 1945.52 900
   vertex 674.432 1945.52 0
   vertex 666.193 1942.64 0
  endloop
 endfacet
 facet normal -0.329978 0.943989 0
  outer loop
   vertex 674.432 1945.52 900
   vertex 666.193 1942.64 0
   vertex 666.193 1942.64 900
  endloop
 endfacet
 facet normal -0.338042 0.941131 0
  outer loop
   vertex 666.193 1942.64 900
   vertex 666.193 1942.64 0
   vertex 657.98 1939.69 0
  endloop
 endfacet
 facet normal -0.338042 0.941131 0
  outer loop
   vertex 666.193 1942.64 900
   vertex 657.98 1939.69 0
   vertex 657.98 1939.69 900
  endloop
 endfacet
 facet normal -0.346082 0.938204 0
  outer loop
   vertex 657.98 1939.69 900
   vertex 657.98 1939.69 0
   vertex 649.793 1936.67 0
  endloop
 endfacet
 facet normal -0.346082 0.938204 0
  outer loop
   vertex 657.98 1939.69 900
   vertex 649.793 1936.67 0
   vertex 649.793 1936.67 900
  endloop
 endfacet
 facet normal -0.354098 0.935208 0
  outer loop
   vertex 649.793 1936.67 900
   vertex 649.793 1936.67 0
   vertex 641.632 1933.58 0
  endloop
 endfacet
 facet normal -0.354098 0.935208 0
  outer loop
   vertex 649.793 1936.67 900
   vertex 641.632 1933.58 0
   vertex 641.632 1933.58 900
  endloop
 endfacet
 facet normal -0.362164 0.932114 0
  outer loop
   vertex 641.632 1933.58 900
   vertex 641.632 1933.58 0
   vertex 633.499 1930.42 0
  endloop
 endfacet
 facet normal -0.362164 0.932114 0
  outer loop
   vertex 641.632 1933.58 900
   vertex 633.499 1930.42 0
   vertex 633.499 1930.42 900
  endloop
 endfacet
 facet normal -0.371154 0.928571 0
  outer loop
   vertex 633.499 1930.42 900
   vertex 633.499 1930.42 0
   vertex 625.393 1927.18 0
  endloop
 endfacet
 facet normal -0.371154 0.928571 0
  outer loop
   vertex 633.499 1930.42 900
   vertex 625.393 1927.18 0
   vertex 625.393 1927.18 900
  endloop
 endfacet
 facet normal -0.378258 0.9257 0
  outer loop
   vertex 625.393 1927.18 900
   vertex 625.393 1927.18 0
   vertex 617.317 1923.88 0
  endloop
 endfacet
 facet normal -0.378258 0.9257 0
  outer loop
   vertex 625.393 1927.18 900
   vertex 617.317 1923.88 0
   vertex 617.317 1923.88 900
  endloop
 endfacet
 facet normal -0.386242 0.922397 0
  outer loop
   vertex 617.317 1923.88 900
   vertex 617.317 1923.88 0
   vertex 609.269 1920.51 0
  endloop
 endfacet
 facet normal -0.386242 0.922397 0
  outer loop
   vertex 617.317 1923.88 900
   vertex 609.269 1920.51 0
   vertex 609.269 1920.51 900
  endloop
 endfacet
 facet normal -0.395246 0.918575 0
  outer loop
   vertex 609.269 1920.51 900
   vertex 609.269 1920.51 0
   vertex 601.251 1917.06 0
  endloop
 endfacet
 facet normal -0.395246 0.918575 0
  outer loop
   vertex 609.269 1920.51 900
   vertex 601.251 1917.06 0
   vertex 601.251 1917.06 900
  endloop
 endfacet
 facet normal -0.402285 0.915514 0
  outer loop
   vertex 601.251 1917.06 900
   vertex 601.251 1917.06 0
   vertex 593.263 1913.55 0
  endloop
 endfacet
 facet normal -0.402285 0.915514 0
  outer loop
   vertex 601.251 1917.06 900
   vertex 593.263 1913.55 0
   vertex 593.263 1913.55 900
  endloop
 endfacet
 facet normal -0.411298 0.911501 0
  outer loop
   vertex 593.263 1913.55 900
   vertex 593.263 1913.55 0
   vertex 585.307 1909.96 0
  endloop
 endfacet
 facet normal -0.411298 0.911501 0
  outer loop
   vertex 593.263 1913.55 900
   vertex 585.307 1909.96 0
   vertex 585.307 1909.96 900
  endloop
 endfacet
 facet normal -0.418331 0.908295 0
  outer loop
   vertex 585.307 1909.96 900
   vertex 585.307 1909.96 0
   vertex 577.382 1906.31 0
  endloop
 endfacet
 facet normal -0.418331 0.908295 0
  outer loop
   vertex 585.307 1909.96 900
   vertex 577.382 1906.31 0
   vertex 577.382 1906.31 900
  endloop
 endfacet
 facet normal -0.427264 0.904127 0
  outer loop
   vertex 577.382 1906.31 900
   vertex 577.382 1906.31 0
   vertex 569.489 1902.58 0
  endloop
 endfacet
 facet normal -0.427264 0.904127 0
  outer loop
   vertex 577.382 1906.31 900
   vertex 569.489 1902.58 0
   vertex 569.489 1902.58 900
  endloop
 endfacet
 facet normal -0.434332 0.900753 0
  outer loop
   vertex 569.489 1902.58 900
   vertex 569.489 1902.58 0
   vertex 561.629 1898.79 0
  endloop
 endfacet
 facet normal -0.434332 0.900753 0
  outer loop
   vertex 569.489 1902.58 900
   vertex 561.629 1898.79 0
   vertex 561.629 1898.79 900
  endloop
 endfacet
 facet normal -0.442303 0.896866 0
  outer loop
   vertex 561.629 1898.79 900
   vertex 561.629 1898.79 0
   vertex 553.802 1894.93 0
  endloop
 endfacet
 facet normal -0.442303 0.896866 0
  outer loop
   vertex 561.629 1898.79 900
   vertex 553.802 1894.93 0
   vertex 553.802 1894.93 900
  endloop
 endfacet
 facet normal -0.449413 0.893324 0
  outer loop
   vertex 553.802 1894.93 900
   vertex 553.802 1894.93 0
   vertex 546.01 1891.01 0
  endloop
 endfacet
 facet normal -0.449413 0.893324 0
  outer loop
   vertex 553.802 1894.93 900
   vertex 546.01 1891.01 0
   vertex 546.01 1891.01 900
  endloop
 endfacet
 facet normal -0.458223 0.888837 0
  outer loop
   vertex 546.01 1891.01 900
   vertex 546.01 1891.01 0
   vertex 538.251 1887.01 0
  endloop
 endfacet
 facet normal -0.458223 0.888837 0
  outer loop
   vertex 546.01 1891.01 900
   vertex 538.251 1887.01 0
   vertex 538.251 1887.01 900
  endloop
 endfacet
 facet normal -0.465321 0.885142 0
  outer loop
   vertex 538.251 1887.01 900
   vertex 538.251 1887.01 0
   vertex 530.528 1882.95 0
  endloop
 endfacet
 facet normal -0.465321 0.885142 0
  outer loop
   vertex 538.251 1887.01 900
   vertex 530.528 1882.95 0
   vertex 530.528 1882.95 900
  endloop
 endfacet
 facet normal -0.473286 0.880909 0
  outer loop
   vertex 530.528 1882.95 900
   vertex 530.528 1882.95 0
   vertex 522.841 1878.82 0
  endloop
 endfacet
 facet normal -0.473286 0.880909 0
  outer loop
   vertex 530.528 1882.95 900
   vertex 522.841 1878.82 0
   vertex 522.841 1878.82 900
  endloop
 endfacet
 facet normal -0.48121 0.876605 0
  outer loop
   vertex 522.841 1878.82 900
   vertex 522.841 1878.82 0
   vertex 515.19 1874.62 0
  endloop
 endfacet
 facet normal -0.48121 0.876605 0
  outer loop
   vertex 522.841 1878.82 900
   vertex 515.19 1874.62 0
   vertex 515.19 1874.62 900
  endloop
 endfacet
 facet normal -0.488268 0.872694 0
  outer loop
   vertex 515.19 1874.62 900
   vertex 515.19 1874.62 0
   vertex 507.576 1870.36 0
  endloop
 endfacet
 facet normal -0.488268 0.872694 0
  outer loop
   vertex 515.19 1874.62 900
   vertex 507.576 1870.36 0
   vertex 507.576 1870.36 900
  endloop
 endfacet
 facet normal -0.496213 0.868201 0
  outer loop
   vertex 507.576 1870.36 900
   vertex 507.576 1870.36 0
   vertex 500 1866.03 0
  endloop
 endfacet
 facet normal -0.496213 0.868201 0
  outer loop
   vertex 507.576 1870.36 900
   vertex 500 1866.03 0
   vertex 500 1866.03 900
  endloop
 endfacet
 facet normal -0.504113 0.863638 0
  outer loop
   vertex 500 1866.03 900
   vertex 500 1866.03 0
   vertex 492.462 1861.63 0
  endloop
 endfacet
 facet normal -0.504113 0.863638 0
  outer loop
   vertex 500 1866.03 900
   vertex 492.462 1861.63 0
   vertex 492.462 1861.63 900
  endloop
 endfacet
 facet normal -0.511121 0.859509 0
  outer loop
   vertex 492.462 1861.63 900
   vertex 492.462 1861.63 0
   vertex 484.962 1857.17 0
  endloop
 endfacet
 facet normal -0.511121 0.859509 0
  outer loop
   vertex 492.462 1861.63 900
   vertex 484.962 1857.17 0
   vertex 484.962 1857.17 900
  endloop
 endfacet
 facet normal -0.518987 0.854782 0
  outer loop
   vertex 484.962 1857.17 900
   vertex 484.962 1857.17 0
   vertex 477.501 1852.64 0
  endloop
 endfacet
 facet normal -0.518987 0.854782 0
  outer loop
   vertex 484.962 1857.17 900
   vertex 477.501 1852.64 0
   vertex 477.501 1852.64 900
  endloop
 endfacet
 facet normal -0.526078 0.850436 0
  outer loop
   vertex 477.501 1852.64 900
   vertex 477.501 1852.64 0
   vertex 470.081 1848.05 0
  endloop
 endfacet
 facet normal -0.526078 0.850436 0
  outer loop
   vertex 477.501 1852.64 900
   vertex 470.081 1848.05 0
   vertex 470.081 1848.05 900
  endloop
 endfacet
 facet normal -0.533855 0.845576 0
  outer loop
   vertex 470.081 1848.05 900
   vertex 470.081 1848.05 0
   vertex 462.7 1843.39 0
  endloop
 endfacet
 facet normal -0.533855 0.845576 0
  outer loop
   vertex 470.081 1848.05 900
   vertex 462.7 1843.39 0
   vertex 462.7 1843.39 900
  endloop
 endfacet
 facet normal -0.540926 0.84107 0
  outer loop
   vertex 462.7 1843.39 900
   vertex 462.7 1843.39 0
   vertex 455.361 1838.67 0
  endloop
 endfacet
 facet normal -0.540926 0.84107 0
  outer loop
   vertex 462.7 1843.39 900
   vertex 455.361 1838.67 0
   vertex 455.361 1838.67 900
  endloop
 endfacet
 facet normal -0.54791 0.836537 0
  outer loop
   vertex 455.361 1838.67 900
   vertex 455.361 1838.67 0
   vertex 448.063 1833.89 0
  endloop
 endfacet
 facet normal -0.54791 0.836537 0
  outer loop
   vertex 455.361 1838.67 900
   vertex 448.063 1833.89 0
   vertex 448.063 1833.89 900
  endloop
 endfacet
 facet normal -0.555705 0.83138 0
  outer loop
   vertex 448.063 1833.89 900
   vertex 448.063 1833.89 0
   vertex 440.807 1829.04 0
  endloop
 endfacet
 facet normal -0.555705 0.83138 0
  outer loop
   vertex 448.063 1833.89 900
   vertex 440.807 1829.04 0
   vertex 440.807 1829.04 900
  endloop
 endfacet
 facet normal -0.562714 0.826651 0
  outer loop
   vertex 440.807 1829.04 900
   vertex 440.807 1829.04 0
   vertex 433.594 1824.13 0
  endloop
 endfacet
 facet normal -0.562714 0.826651 0
  outer loop
   vertex 440.807 1829.04 900
   vertex 433.594 1824.13 0
   vertex 433.594 1824.13 900
  endloop
 endfacet
 facet normal -0.570407 0.821363 0
  outer loop
   vertex 433.594 1824.13 900
   vertex 433.594 1824.13 0
   vertex 426.423 1819.15 0
  endloop
 endfacet
 facet normal -0.570407 0.821363 0
  outer loop
   vertex 433.594 1824.13 900
   vertex 426.423 1819.15 0
   vertex 426.423 1819.15 900
  endloop
 endfacet
 facet normal -0.576674 0.816974 0
  outer loop
   vertex 426.423 1819.15 900
   vertex 426.423 1819.15 0
   vertex 419.297 1814.12 0
  endloop
 endfacet
 facet normal -0.576674 0.816974 0
  outer loop
   vertex 426.423 1819.15 900
   vertex 419.297 1814.12 0
   vertex 419.297 1814.12 900
  endloop
 endfacet
 facet normal -0.584377 0.811482 0
  outer loop
   vertex 419.297 1814.12 900
   vertex 419.297 1814.12 0
   vertex 412.215 1809.02 0
  endloop
 endfacet
 facet normal -0.584377 0.811482 0
  outer loop
   vertex 419.297 1814.12 900
   vertex 412.215 1809.02 0
   vertex 412.215 1809.02 900
  endloop
 endfacet
 facet normal -0.591274 0.806471 0
  outer loop
   vertex 412.215 1809.02 900
   vertex 412.215 1809.02 0
   vertex 405.177 1803.86 0
  endloop
 endfacet
 facet normal -0.591274 0.806471 0
  outer loop
   vertex 412.215 1809.02 900
   vertex 405.177 1803.86 0
   vertex 405.177 1803.86 900
  endloop
 endfacet
 facet normal -0.598238 0.801318 0
  outer loop
   vertex 405.177 1803.86 900
   vertex 405.177 1803.86 0
   vertex 398.185 1798.64 0
  endloop
 endfacet
 facet normal -0.598238 0.801318 0
  outer loop
   vertex 405.177 1803.86 900
   vertex 398.185 1798.64 0
   vertex 398.185 1798.64 900
  endloop
 endfacet
 facet normal -0.605884 0.795553 0
  outer loop
   vertex 398.185 1798.64 900
   vertex 398.185 1798.64 0
   vertex 391.239 1793.35 0
  endloop
 endfacet
 facet normal -0.605884 0.795553 0
  outer loop
   vertex 398.185 1798.64 900
   vertex 391.239 1793.35 0
   vertex 391.239 1793.35 900
  endloop
 endfacet
 facet normal -0.612034 0.790831 0
  outer loop
   vertex 391.239 1793.35 900
   vertex 391.239 1793.35 0
   vertex 384.339 1788.01 0
  endloop
 endfacet
 facet normal -0.612034 0.790831 0
  outer loop
   vertex 391.239 1793.35 900
   vertex 384.339 1788.01 0
   vertex 384.339 1788.01 900
  endloop
 endfacet
 facet normal -0.618864 0.785498 0
  outer loop
   vertex 384.339 1788.01 900
   vertex 384.339 1788.01 0
   vertex 377.485 1782.61 0
  endloop
 endfacet
 facet normal 0.99999 0.00458185 0
  outer loop
   vertex 1999.96 1008.73 0
   vertex 2000 1000 900
   vertex 2000 1000 0
  endloop
 endfacet
 facet normal 0.999989 -0.00458343 0
  outer loop
   vertex 2000 1000 0
   vertex 2000 1000 900
   vertex 1999.96 991.273 900
  endloop
 endfacet
 facet normal 0.999989 -0.00458343 0
  outer loop
   vertex 2000 1000 0
   vertex 1999.96 991.273 900
   vertex 1999.96 991.273 0
  endloop
 endfacet
 facet normal 0.999921 -0.0126064 0
  outer loop
   vertex 1999.96 991.273 0
   vertex 1999.96 991.273 900
   vertex 1999.85 982.548 900
  endloop
 endfacet
 facet normal 0.999921 -0.0126064 0
  outer loop
   vertex 1999.96 991.273 0
   vertex 1999.85 982.548 900
   vertex 1999.85 982.548 0
  endloop
 endfacet
 facet normal 0.999763 -0.0217713 0
  outer loop
   vertex 1999.85 982.548 0
   vertex 1999.85 982.548 900
   vertex 1999.66 973.823 900
  endloop
 endfacet
 facet normal 0.999763 -0.0217713 0
  outer loop
   vertex 1999.85 982.548 0
   vertex 1999.66 973.823 900
   vertex 1999.66 973.823 0
  endloop
 endfacet
 facet normal 0.999521 -0.0309414 0
  outer loop
   vertex 1999.66 973.823 0
   vertex 1999.66 973.823 900
   vertex 1999.39 965.101 900
  endloop
 endfacet
 facet normal 0.999521 -0.0309414 0
  outer loop
   vertex 1999.66 973.823 0
   vertex 1999.39 965.101 900
   vertex 1999.39 965.101 0
  endloop
 endfacet
 facet normal 0.999241 -0.0389612 0
  outer loop
   vertex 1999.39 965.101 0
   vertex 1999.39 965.101 900
   vertex 1999.05 956.381 900
  endloop
 endfacet
 facet normal 0.999241 -0.0389612 0
  outer loop
   vertex 1999.39 965.101 0
   vertex 1999.05 956.381 900
   vertex 1999.05 956.381 0
  endloop
 endfacet
 facet normal 0.998841 -0.0481259 0
  outer loop
   vertex 1999.05 956.381 0
   vertex 1999.05 956.381 900
   vertex 1998.63 947.664 900
  endloop
 endfacet
 facet normal 0.998841 -0.0481259 0
  outer loop
   vertex 1999.05 956.381 0
   vertex 1998.63 947.664 900
   vertex 1998.63 947.664 0
  endloop
 endfacet
 facet normal 0.998422 -0.0561491 0
  outer loop
   vertex 1998.63 947.664 0
   vertex 1998.63 947.664 900
   vertex 1998.14 938.951 900
  endloop
 endfacet
 facet normal 0.998422 -0.0561491 0
  outer loop
   vertex 1998.63 947.664 0
   vertex 1998.14 938.951 900
   vertex 1998.14 938.951 0
  endloop
 endfacet
 facet normal 0.997789 -0.0664658 0
  outer loop
   vertex 1998.14 938.951 0
   vertex 1998.14 938.951 900
   vertex 1997.56 930.244 900
  endloop
 endfacet
 facet normal 0.997789 -0.0664658 0
  outer loop
   vertex 1998.14 938.951 0
   vertex 1997.56 930.244 900
   vertex 1997.56 930.244 0
  endloop
 endfacet
 facet normal 0.997307 -0.0733398 0
  outer loop
   vertex 1997.56 930.244 0
   vertex 1997.56 930.244 900
   vertex 1996.92 921.541 900
  endloop
 endfacet
 facet normal 0.997307 -0.0733398 0
  outer loop
   vertex 1997.56 930.244 0
   vertex 1996.92 921.541 900
   vertex 1996.92 921.541 0
  endloop
 endfacet
 facet normal 0.996496 -0.0836429 0
  outer loop
   vertex 1996.92 921.541 0
   vertex 1996.92 921.541 900
   vertex 1996.19 912.844 900
  endloop
 endfacet
 facet normal 0.996496 -0.0836429 0
  outer loop
   vertex 1996.92 921.541 0
   vertex 1996.19 912.844 900
   vertex 1996.19 912.844 0
  endloop
 endfacet
 facet normal 0.995893 -0.0905357 0
  outer loop
   vertex 1996.19 912.844 0
   vertex 1996.19 912.844 900
   vertex 1995.4 904.154 900
  endloop
 endfacet
 facet normal 0.995893 -0.0905357 0
  outer loop
   vertex 1996.19 912.844 0
   vertex 1995.4 904.154 900
   vertex 1995.4 904.154 0
  endloop
 endfacet
 facet normal 0.994904 -0.100831 0
  outer loop
   vertex 1995.4 904.154 0
   vertex 1995.4 904.154 900
   vertex 1994.52 895.471 900
  endloop
 endfacet
 facet normal 0.994904 -0.100831 0
  outer loop
   vertex 1995.4 904.154 0
   vertex 1994.52 895.471 900
   vertex 1994.52 895.471 0
  endloop
 endfacet
 facet normal 0.994056 -0.108872 0
  outer loop
   vertex 1994.52 895.471 0
   vertex 1994.52 895.471 900
   vertex 1993.57 886.797 900
  endloop
 endfacet
 facet normal 0.994056 -0.108872 0
  outer loop
   vertex 1994.52 895.471 0
   vertex 1993.57 886.797 900
   vertex 1993.57 886.797 0
  endloop
 endfacet
 facet normal 0.993144 -0.116894 0
  outer loop
   vertex 1993.57 886.797 0
   vertex 1993.57 886.797 900
   vertex 1992.55 878.131 900
  endloop
 endfacet
 facet normal 0.993144 -0.116894 0
  outer loop
   vertex 1993.57 886.797 0
   vertex 1992.55 878.131 900
   vertex 1992.55 878.131 0
  endloop
 endfacet
 facet normal 0.99188 -0.127179 0
  outer loop
   vertex 1992.55 878.131 0
   vertex 1992.55 878.131 900
   vertex 1991.44 869.474 900
  endloop
 endfacet
 facet normal 0.99188 -0.127179 0
  outer loop
   vertex 1992.55 878.131 0
   vertex 1991.44 869.474 900
   vertex 1991.44 869.474 0
  endloop
 endfacet
 facet normal 0.99097 -0.134085 0
  outer loop
   vertex 1991.44 869.474 0
   vertex 1991.44 869.474 900
   vertex 1990.27 860.827 900
  endloop
 endfacet
 facet normal 0.99097 -0.134085 0
  outer loop
   vertex 1991.44 869.474 0
   vertex 1990.27 860.827 900
   vertex 1990.27 860.827 0
  endloop
 endfacet
 facet normal 0.989687 -0.14325 0
  outer loop
   vertex 1990.27 860.827 0
   vertex 1990.27 860.827 900
   vertex 1989.02 852.191 900
  endloop
 endfacet
 facet normal 0.989687 -0.14325 0
  outer loop
   vertex 1990.27 860.827 0
   vertex 1989.02 852.191 900
   vertex 1989.02 852.191 0
  endloop
 endfacet
 facet normal 0.988321 -0.152384 0
  outer loop
   vertex 1989.02 852.191 0
   vertex 1989.02 852.191 900
   vertex 1987.69 843.565 900
  endloop
 endfacet
 facet normal 0.988321 -0.152384 0
  outer loop
   vertex 1989.02 852.191 0
   vertex 1987.69 843.565 900
   vertex 1987.69 843.565 0
  endloop
 endfacet
 facet normal 0.987046 -0.160439 0
  outer loop
   vertex 1987.69 843.565 0
   vertex 1987.69 843.565 900
   vertex 1986.29 834.952 900
  endloop
 endfacet
 facet normal 0.987046 -0.160439 0
  outer loop
   vertex 1987.69 843.565 0
   vertex 1986.29 834.952 900
   vertex 1986.29 834.952 0
  endloop
 endfacet
 facet normal 0.985513 -0.1696 0
  outer loop
   vertex 1986.29 834.952 0
   vertex 1986.29 834.952 900
   vertex 1984.81 826.352 900
  endloop
 endfacet
 facet normal 0.985513 -0.1696 0
  outer loop
   vertex 1986.29 834.952 0
   vertex 1984.81 826.352 900
   vertex 1984.81 826.352 0
  endloop
 endfacet
 facet normal 0.984096 -0.177635 0
  outer loop
   vertex 1984.81 826.352 0
   vertex 1984.81 826.352 900
   vertex 1983.26 817.765 900
  endloop
 endfacet
 facet normal 0.984096 -0.177635 0
  outer loop
   vertex 1984.81 826.352 0
   vertex 1983.26 817.765 900
   vertex 1983.26 817.765 0
  endloop
 endfacet
 facet normal 0.982405 -0.186765 0
  outer loop
   vertex 1983.26 817.765 0
   vertex 1983.26 817.765 900
   vertex 1981.63 809.191 900
  endloop
 endfacet
 facet normal 0.982405 -0.186765 0
  outer loop
   vertex 1983.26 817.765 0
   vertex 1981.63 809.191 900
   vertex 1981.63 809.191 0
  endloop
 endfacet
 facet normal 0.98084 -0.194816 0
  outer loop
   vertex 1981.63 809.191 0
   vertex 1981.63 809.191 900
   vertex 1979.93 800.632 900
  endloop
 endfacet
 facet normal 0.98084 -0.194816 0
  outer loop
   vertex 1981.63 809.191 0
   vertex 1979.93 800.632 900
   vertex 1979.93 800.632 0
  endloop
 endfacet
 facet normal 0.97898 -0.203954 0
  outer loop
   vertex 1979.93 800.632 0
   vertex 1979.93 800.632 900
   vertex 1978.15 792.088 900
  endloop
 endfacet
 facet normal 0.97898 -0.203954 0
  outer loop
   vertex 1979.93 800.632 0
   vertex 1978.15 792.088 900
   vertex 1978.15 792.088 0
  endloop
 endfacet
 facet normal 0.977269 -0.212001 0
  outer loop
   vertex 1978.15 792.088 0
   vertex 1978.15 792.088 900
   vertex 1976.3 783.56 900
  endloop
 endfacet
 facet normal 0.977269 -0.212001 0
  outer loop
   vertex 1978.15 792.088 0
   vertex 1976.3 783.56 900
   vertex 1976.3 783.56 0
  endloop
 endfacet
 facet normal 0.97524 -0.221151 0
  outer loop
   vertex 1976.3 783.56 0
   vertex 1976.3 783.56 900
   vertex 1974.37 775.049 900
  endloop
 endfacet
 facet normal 0.97524 -0.221151 0
  outer loop
   vertex 1976.3 783.56 0
   vertex 1974.37 775.049 900
   vertex 1974.37 775.049 0
  endloop
 endfacet
 facet normal 0.973381 -0.229193 0
  outer loop
   vertex 1974.37 775.049 0
   vertex 1974.37 775.049 900
   vertex 1972.37 766.555 900
  endloop
 endfacet
 facet normal 0.973381 -0.229193 0
  outer loop
   vertex 1974.37 775.049 0
   vertex 1972.37 766.555 900
   vertex 1972.37 766.555 0
  endloop
 endfacet
 facet normal 0.971456 -0.23722 0
  outer loop
   vertex 1972.37 766.555 0
   vertex 1972.37 766.555 900
   vertex 1970.3 758.078 900
  endloop
 endfacet
 facet normal 0.971456 -0.23722 0
  outer loop
   vertex 1972.37 766.555 0
   vertex 1970.3 758.078 900
   vertex 1970.3 758.078 0
  endloop
 endfacet
 facet normal 0.969178 -0.246362 0
  outer loop
   vertex 1970.3 758.078 0
   vertex 1970.3 758.078 900
   vertex 1968.15 749.62 900
  endloop
 endfacet
 facet normal 0.969178 -0.246362 0
  outer loop
   vertex 1970.3 758.078 0
   vertex 1968.15 749.62 900
   vertex 1968.15 749.62 0
  endloop
 endfacet
 facet normal 0.967097 -0.254409 0
  outer loop
   vertex 1968.15 749.62 0
   vertex 1968.15 749.62 900
   vertex 1965.93 741.181 900
  endloop
 endfacet
 facet normal 0.967097 -0.254409 0
  outer loop
   vertex 1968.15 749.62 0
   vertex 1965.93 741.181 900
   vertex 1965.93 741.181 0
  endloop
 endfacet
 facet normal 0.96465 -0.263534 0
  outer loop
   vertex 1965.93 741.181 0
   vertex 1965.93 741.181 900
   vertex 1963.63 732.762 900
  endloop
 endfacet
 facet normal 0.96465 -0.263534 0
  outer loop
   vertex 1965.93 741.181 0
   vertex 1963.63 732.762 900
   vertex 1963.63 732.762 0
  endloop
 endfacet
 facet normal 0.962418 -0.271572 0
  outer loop
   vertex 1963.63 732.762 0
   vertex 1963.63 732.762 900
   vertex 1961.26 724.363 900
  endloop
 endfacet
 facet normal 0.962418 -0.271572 0
  outer loop
   vertex 1963.63 732.762 0
   vertex 1961.26 724.363 900
   vertex 1961.26 724.363 0
  endloop
 endfacet
 facet normal 0.96011 -0.279622 0
  outer loop
   vertex 1961.26 724.363 0
   vertex 1961.26 724.363 900
   vertex 1958.82 715.985 900
  endloop
 endfacet
 facet normal 0.96011 -0.279622 0
  outer loop
   vertex 1961.26 724.363 0
   vertex 1958.82 715.985 900
   vertex 1958.82 715.985 0
  endloop
 endfacet
 facet normal 0.957735 -0.287653 0
  outer loop
   vertex 1958.82 715.985 0
   vertex 1958.82 715.985 900
   vertex 1956.31 707.628 900
  endloop
 endfacet
 facet normal 0.957735 -0.287653 0
  outer loop
   vertex 1958.82 715.985 0
   vertex 1956.31 707.628 900
   vertex 1956.31 707.628 0
  endloop
 endfacet
 facet normal 0.954948 -0.296774 0
  outer loop
   vertex 1956.31 707.628 0
   vertex 1956.31 707.628 900
   vertex 1953.72 699.294 900
  endloop
 endfacet
 facet normal 0.954948 -0.296774 0
  outer loop
   vertex 1956.31 707.628 0
   vertex 1953.72 699.294 900
   vertex 1953.72 699.294 0
  endloop
 endfacet
 facet normal 0.952408 -0.304826 0
  outer loop
   vertex 1953.72 699.294 0
   vertex 1953.72 699.294 900
   vertex 1951.06 690.983 900
  endloop
 endfacet
 facet normal 0.952408 -0.304826 0
  outer loop
   vertex 1953.72 699.294 0
   vertex 1951.06 690.983 900
   vertex 1951.06 690.983 0
  endloop
 endfacet
 facet normal 0.949459 -0.31389 0
  outer loop
   vertex 1951.06 690.983 0
   vertex 1951.06 690.983 900
   vertex 1948.32 682.695 900
  endloop
 endfacet
 facet normal 0.949459 -0.31389 0
  outer loop
   vertex 1951.06 690.983 0
   vertex 1948.32 682.695 900
   vertex 1948.32 682.695 0
  endloop
 endfacet
 facet normal 0.947101 -0.320935 0
  outer loop
   vertex 1948.32 682.695 0
   vertex 1948.32 682.695 900
   vertex 1945.52 674.432 900
  endloop
 endfacet
 facet normal 0.947101 -0.320935 0
  outer loop
   vertex 1948.32 682.695 0
   vertex 1945.52 674.432 900
   vertex 1945.52 674.432 0
  endloop
 endfacet
 facet normal 0.943989 -0.329978 0
  outer loop
   vertex 1945.52 674.432 0
   vertex 1945.52 674.432 900
   vertex 1942.64 666.193 900
  endloop
 endfacet
 facet normal 0.943989 -0.329978 0
  outer loop
   vertex 1945.52 674.432 0
   vertex 1942.64 666.193 900
   vertex 1942.64 666.193 0
  endloop
 endfacet
 facet normal 0.941131 -0.338042 0
  outer loop
   vertex 1942.64 666.193 0
   vertex 1942.64 666.193 900
   vertex 1939.69 657.98 900
  endloop
 endfacet
 facet normal 0.941131 -0.338042 0
  outer loop
   vertex 1942.64 666.193 0
   vertex 1939.69 657.98 900
   vertex 1939.69 657.98 0
  endloop
 endfacet
 facet normal 0.938204 -0.346082 0
  outer loop
   vertex 1939.69 657.98 0
   vertex 1939.69 657.98 900
   vertex 1936.67 649.793 900
  endloop
 endfacet
 facet normal 0.938204 -0.346082 0
  outer loop
   vertex 1939.69 657.98 0
   vertex 1936.67 649.793 900
   vertex 1936.67 649.793 0
  endloop
 endfacet
 facet normal 0.935208 -0.354098 0
  outer loop
   vertex 1936.67 649.793 0
   vertex 1936.67 649.793 900
   vertex 1933.58 641.632 900
  endloop
 endfacet
 facet normal 0.935208 -0.354098 0
  outer loop
   vertex 1936.67 649.793 0
   vertex 1933.58 641.632 900
   vertex 1933.58 641.632 0
  endloop
 endfacet
 facet normal 0.932114 -0.362164 0
  outer loop
   vertex 1933.58 641.632 0
   vertex 1933.58 641.632 900
   vertex 1930.42 633.499 900
  endloop
 endfacet
 facet normal 0.932114 -0.362164 0
  outer loop
   vertex 1933.58 641.632 0
   vertex 1930.42 633.499 900
   vertex 1930.42 633.499 0
  endloop
 endfacet
 facet normal 0.928571 -0.371154 0
  outer loop
   vertex 1930.42 633.499 0
   vertex 1930.42 633.499 900
   vertex 1927.18 625.393 900
  endloop
 endfacet
 facet normal 0.928571 -0.371154 0
  outer loop
   vertex 1930.42 633.499 0
   vertex 1927.18 625.393 900
   vertex 1927.18 625.393 0
  endloop
 endfacet
 facet normal 0.9257 -0.378258 0
  outer loop
   vertex 1927.18 625.393 0
   vertex 1927.18 625.393 900
   vertex 1923.88 617.317 900
  endloop
 endfacet
 facet normal 0.9257 -0.378258 0
  outer loop
   vertex 1927.18 625.393 0
   vertex 1923.88 617.317 900
   vertex 1923.88 617.317 0
  endloop
 endfacet
 facet normal 0.922397 -0.386242 0
  outer loop
   vertex 1923.88 617.317 0
   vertex 1923.88 617.317 900
   vertex 1920.51 609.269 900
  endloop
 endfacet
 facet normal 0.922397 -0.386242 0
  outer loop
   vertex 1923.88 617.317 0
   vertex 1920.51 609.269 900
   vertex 1920.51 609.269 0
  endloop
 endfacet
 facet normal 0.918575 -0.395246 0
  outer loop
   vertex 1920.51 609.269 0
   vertex 1920.51 609.269 900
   vertex 1917.06 601.251 900
  endloop
 endfacet
 facet normal 0.918575 -0.395246 0
  outer loop
   vertex 1920.51 609.269 0
   vertex 1917.06 601.251 900
   vertex 1917.06 601.251 0
  endloop
 endfacet
 facet normal 0.915514 -0.402285 0
  outer loop
   vertex 1917.06 601.251 0
   vertex 1917.06 601.251 900
   vertex 1913.55 593.263 900
  endloop
 endfacet
 facet normal 0.915514 -0.402285 0
  outer loop
   vertex 1917.06 601.251 0
   vertex 1913.55 593.263 900
   vertex 1913.55 593.263 0
  endloop
 endfacet
 facet normal 0.911501 -0.411298 0
  outer loop
   vertex 1913.55 593.263 0
   vertex 1913.55 593.263 900
   vertex 1909.96 585.307 900
  endloop
 endfacet
 facet normal 0.911501 -0.411298 0
  outer loop
   vertex 1913.55 593.263 0
   vertex 1909.96 585.307 900
   vertex 1909.96 585.307 0
  endloop
 endfacet
 facet normal 0.908295 -0.418331 0
  outer loop
   vertex 1909.96 585.307 0
   vertex 1909.96 585.307 900
   vertex 1906.31 577.382 900
  endloop
 endfacet
 facet normal 0.908295 -0.418331 0
  outer loop
   vertex 1909.96 585.307 0
   vertex 1906.31 577.382 900
   vertex 1906.31 577.382 0
  endloop
 endfacet
 facet normal 0.904127 -0.427264 0
  outer loop
   vertex 1906.31 577.382 0
   vertex 1906.31 577.382 900
   vertex 1902.58 569.489 900
  endloop
 endfacet
 facet normal 0.904127 -0.427264 0
  outer loop
   vertex 1906.31 577.382 0
   vertex 1902.58 569.489 900
   vertex 1902.58 569.489 0
  endloop
 endfacet
 facet normal 0.900753 -0.434332 0
  outer loop
   vertex 1902.58 569.489 0
   vertex 1902.58 569.489 900
   vertex 1898.79 561.629 900
  endloop
 endfacet
 facet normal 0.900753 -0.434332 0
  outer loop
   vertex 1902.58 569.489 0
   vertex 1898.79 561.629 900
   vertex 1898.79 561.629 0
  endloop
 endfacet
 facet normal 0.896866 -0.442303 0
  outer loop
   vertex 1898.79 561.629 0
   vertex 1898.79 561.629 900
   vertex 1894.93 553.802 900
  endloop
 endfacet
 facet normal 0.896866 -0.442303 0
  outer loop
   vertex 1898.79 561.629 0
   vertex 1894.93 553.802 900
   vertex 1894.93 553.802 0
  endloop
 endfacet
 facet normal 0.893324 -0.449413 0
  outer loop
   vertex 1894.93 553.802 0
   vertex 1894.93 553.802 900
   vertex 1891.01 546.01 900
  endloop
 endfacet
 facet normal 0.893324 -0.449413 0
  outer loop
   vertex 1894.93 553.802 0
   vertex 1891.01 546.01 900
   vertex 1891.01 546.01 0
  endloop
 endfacet
 facet normal 0.888837 -0.458223 0
  outer loop
   vertex 1891.01 546.01 0
   vertex 1891.01 546.01 900
   vertex 1887.01 538.251 900
  endloop
 endfacet
 facet normal 0.888837 -0.458223 0
  outer loop
   vertex 1891.01 546.01 0
   vertex 1887.01 538.251 900
   vertex 1887.01 538.251 0
  endloop
 endfacet
 facet normal 0.885142 -0.465321 0
  outer loop
   vertex 1887.01 538.251 0
   vertex 1887.01 538.251 900
   vertex 1882.95 530.528 900
  endloop
 endfacet
 facet normal 0.885142 -0.465321 0
  outer loop
   vertex 1887.01 538.251 0
   vertex 1882.95 530.528 900
   vertex 1882.95 530.528 0
  endloop
 endfacet
 facet normal 0.880909 -0.473286 0
  outer loop
   vertex 1882.95 530.528 0
   vertex 1882.95 530.528 900
   vertex 1878.82 522.841 900
  endloop
 endfacet
 facet normal 0.880909 -0.473286 0
  outer loop
   vertex 1882.95 530.528 0
   vertex 1878.82 522.841 900
   vertex 1878.82 522.841 0
  endloop
 endfacet
 facet normal 0.876605 -0.48121 0
  outer loop
   vertex 1878.82 522.841 0
   vertex 1878.82 522.841 900
   vertex 1874.62 515.19 900
  endloop
 endfacet
 facet normal 0.876605 -0.48121 0
  outer loop
   vertex 1878.82 522.841 0
   vertex 1874.62 515.19 900
   vertex 1874.62 515.19 0
  endloop
 endfacet
 facet normal 0.872694 -0.488268 0
  outer loop
   vertex 1874.62 515.19 0
   vertex 1874.62 515.19 900
   vertex 1870.36 507.576 900
  endloop
 endfacet
 facet normal 0.872694 -0.488268 0
  outer loop
   vertex 1874.62 515.19 0
   vertex 1870.36 507.576 900
   vertex 1870.36 507.576 0
  endloop
 endfacet
 facet normal 0.868201 -0.496213 0
  outer loop
   vertex 1870.36 507.576 0
   vertex 1870.36 507.576 900
   vertex 1866.03 500 900
  endloop
 endfacet
 facet normal 0.868201 -0.496213 0
  outer loop
   vertex 1870.36 507.576 0
   vertex 1866.03 500 900
   vertex 1866.03 500 0
  endloop
 endfacet
 facet normal 0.863638 -0.504113 0
  outer loop
   vertex 1866.03 500 0
   vertex 1866.03 500 900
   vertex 1861.63 492.462 900
  endloop
 endfacet
 facet normal 0.863638 -0.504113 0
  outer loop
   vertex 1866.03 500 0
   vertex 1861.63 492.462 900
   vertex 1861.63 492.462 0
  endloop
 endfacet
 facet normal 0.859509 -0.511121 0
  outer loop
   vertex 1861.63 492.462 0
   vertex 1861.63 492.462 900
   vertex 1857.17 484.962 900
  endloop
 endfacet
 facet normal 0.859509 -0.511121 0
  outer loop
   vertex 1861.63 492.462 0
   vertex 1857.17 484.962 900
   vertex 1857.17 484.962 0
  endloop
 endfacet
 facet normal 0.854782 -0.518987 0
  outer loop
   vertex 1857.17 484.962 0
   vertex 1857.17 484.962 900
   vertex 1852.64 477.501 900
  endloop
 endfacet
 facet normal 0.854782 -0.518987 0
  outer loop
   vertex 1857.17 484.962 0
   vertex 1852.64 477.501 900
   vertex 1852.64 477.501 0
  endloop
 endfacet
 facet normal 0.850436 -0.526078 0
  outer loop
   vertex 1852.64 477.501 0
   vertex 1852.64 477.501 900
   vertex 1848.05 470.081 900
  endloop
 endfacet
 facet normal 0.850436 -0.526078 0
  outer loop
   vertex 1852.64 477.501 0
   vertex 1848.05 470.081 900
   vertex 1848.05 470.081 0
  endloop
 endfacet
 facet normal 0.845576 -0.533855 0
  outer loop
   vertex 1848.05 470.081 0
   vertex 1848.05 470.081 900
   vertex 1843.39 462.7 900
  endloop
 endfacet
 facet normal 0.845576 -0.533855 0
  outer loop
   vertex 1848.05 470.081 0
   vertex 1843.39 462.7 900
   vertex 1843.39 462.7 0
  endloop
 endfacet
 facet normal 0.84107 -0.540926 0
  outer loop
   vertex 1843.39 462.7 0
   vertex 1843.39 462.7 900
   vertex 1838.67 455.361 900
  endloop
 endfacet
 facet normal 0.84107 -0.540926 0
  outer loop
   vertex 1843.39 462.7 0
   vertex 1838.67 455.361 900
   vertex 1838.67 455.361 0
  endloop
 endfacet
 facet normal 0.836537 -0.54791 0
  outer loop
   vertex 1838.67 455.361 0
   vertex 1838.67 455.361 900
   vertex 1833.89 448.063 900
  endloop
 endfacet
 facet normal 0.836537 -0.54791 0
  outer loop
   vertex 1838.67 455.361 0
   vertex 1833.89 448.063 900
   vertex 1833.89 448.063 0
  endloop
 endfacet
 facet normal 0.83138 -0.555705 0
  outer loop
   vertex 1833.89 448.063 0
   vertex 1833.89 448.063 900
   vertex 1829.04 440.807 900
  endloop
 endfacet
 facet normal 0.83138 -0.555705 0
  outer loop
   vertex 1833.89 448.063 0
   vertex 1829.04 440.807 900
   vertex 1829.04 440.807 0
  endloop
 endfacet
 facet normal 0.826651 -0.562714 0
  outer loop
   vertex 1829.04 440.807 0
   vertex 1829.04 440.807 900
   vertex 1824.13 433.594 900
  endloop
 endfacet
 facet normal 0.826651 -0.562714 0
  outer loop
   vertex 1829.04 440.807 0
   vertex 1824.13 433.594 900
   vertex 1824.13 433.594 0
  endloop
 endfacet
 facet normal 0.821363 -0.570407 0
  outer loop
   vertex 1824.13 433.594 0
   vertex 1824.13 433.594 900
   vertex 1819.15 426.423 900
  endloop
 endfacet
 facet normal 0.821363 -0.570407 0
  outer loop
   vertex 1824.13 433.594 0
   vertex 1819.15 426.423 900
   vertex 1819.15 426.423 0
  endloop
 endfacet
 facet normal 0.816974 -0.576674 0
  outer loop
   vertex 1819.15 426.423 0
   vertex 1819.15 426.423 900
   vertex 1814.12 419.297 900
  endloop
 endfacet
 facet normal 0.816974 -0.576674 0
  outer loop
   vertex 1819.15 426.423 0
   vertex 1814.12 419.297 900
   vertex 1814.12 419.297 0
  endloop
 endfacet
 facet normal 0.811482 -0.584377 0
  outer loop
   vertex 1814.12 419.297 0
   vertex 1814.12 419.297 900
   vertex 1809.02 412.215 900
  endloop
 endfacet
 facet normal 0.811482 -0.584377 0
  outer loop
   vertex 1814.12 419.297 0
   vertex 1809.02 412.215 900
   vertex 1809.02 412.215 0
  endloop
 endfacet
 facet normal 0.806471 -0.591274 0
  outer loop
   vertex 1809.02 412.215 0
   vertex 1809.02 412.215 900
   vertex 1803.86 405.177 900
  endloop
 endfacet
 facet normal 0.806471 -0.591274 0
  outer loop
   vertex 1809.02 412.215 0
   vertex 1803.86 405.177 900
   vertex 1803.86 405.177 0
  endloop
 endfacet
 facet normal 0.801318 -0.598238 0
  outer loop
   vertex 1803.86 405.177 0
   vertex 1803.86 405.177 900
   vertex 1798.64 398.185 900
  endloop
 endfacet
 facet normal 0.801318 -0.598238 0
  outer loop
   vertex 1803.86 405.177 0
   vertex 1798.64 398.185 900
   vertex 1798.64 398.185 0
  endloop
 endfacet
 facet normal 0.795553 -0.605884 0
  outer loop
   vertex 1798.64 398.185 0
   vertex 1798.64 398.185 900
   vertex 1793.35 391.239 900
  endloop
 endfacet
 facet normal 0.795553 -0.605884 0
  outer loop
   vertex 1798.64 398.185 0
   vertex 1793.35 391.239 900
   vertex 1793.35 391.239 0
  endloop
 endfacet
 facet normal 0.790831 -0.612034 0
  outer loop
   vertex 1793.35 391.239 0
   vertex 1793.35 391.239 900
   vertex 1788.01 384.339 900
  endloop
 endfacet
 facet normal 0.790831 -0.612034 0
  outer loop
   vertex 1793.35 391.239 0
   vertex 1788.01 384.339 900
   vertex 1788.01 384.339 0
  endloop
 endfacet
 facet normal 0.785498 -0.618864 0
  outer loop
   vertex 1788.01 384.339 0
   vertex 1788.01 384.339 900
   vertex 1782.61 377.485 900
  endloop
 endfacet
 facet normal 0.785498 -0.618864 0
  outer loop
   vertex 1788.01 384.339 0
   vertex 1782.61 377.485 900
   vertex 1782.61 377.485 0
  endloop
 endfacet
 facet normal 0.779973 -0.625813 0
  outer loop
   vertex 1782.61 377.485 0
   vertex 1782.61 377.485 900
   vertex 1777.15 370.68 900
  endloop
 endfacet
 facet normal 0.779973 -0.625813 0
  outer loop
   vertex 1782.61 377.485 0
   vertex 1777.15 370.68 900
   vertex 1777.15 370.68 0
  endloop
 endfacet
 facet normal 0.773916 -0.633288 0
  outer loop
   vertex 1777.15 370.68 0
   vertex 1777.15 370.68 900
   vertex 1771.62 363.922 900
  endloop
 endfacet
 facet normal 0.773916 -0.633288 0
  outer loop
   vertex 1777.15 370.68 0
   vertex 1771.62 363.922 900
   vertex 1771.62 363.922 0
  endloop
 endfacet
 facet normal 0.768878 -0.639395 0
  outer loop
   vertex 1771.62 363.922 0
   vertex 1771.62 363.922 900
   vertex 1766.04 357.212 900
  endloop
 endfacet
 facet normal 0.768878 -0.639395 0
  outer loop
   vertex 1771.62 363.922 0
   vertex 1766.04 357.212 900
   vertex 1766.04 357.212 0
  endloop
 endfacet
 facet normal 0.763691 -0.645582 0
  outer loop
   vertex 1766.04 357.212 0
   vertex 1766.04 357.212 900
   vertex 1760.41 350.552 900
  endloop
 endfacet
 facet normal 0.763691 -0.645582 0
  outer loop
   vertex 1766.04 357.212 0
   vertex 1760.41 350.552 900
   vertex 1760.41 350.552 0
  endloop
 endfacet
 facet normal 0.757361 -0.652996 0
  outer loop
   vertex 1760.41 350.552 0
   vertex 1760.41 350.552 900
   vertex 1754.71 343.941 900
  endloop
 endfacet
 facet normal 0.757361 -0.652996 0
  outer loop
   vertex 1760.41 350.552 0
   vertex 1754.71 343.941 900
   vertex 1754.71 343.941 0
  endloop
 endfacet
 facet normal 0.752058 -0.659097 0
  outer loop
   vertex 1754.71 343.941 0
   vertex 1754.71 343.941 900
   vertex 1748.96 337.38 900
  endloop
 endfacet
 facet normal 0.752058 -0.659097 0
  outer loop
   vertex 1754.71 343.941 0
   vertex 1748.96 337.38 900
   vertex 1748.96 337.38 0
  endloop
 endfacet
 facet normal 0.746131 -0.665799 0
  outer loop
   vertex 1748.96 337.38 0
   vertex 1748.96 337.38 900
   vertex 1743.15 330.869 900
  endloop
 endfacet
 facet normal 0.746131 -0.665799 0
  outer loop
   vertex 1748.96 337.38 0
   vertex 1743.15 330.869 900
   vertex 1743.15 330.869 0
  endloop
 endfacet
 facet normal 0.740044 -0.672559 0
  outer loop
   vertex 1743.15 330.869 0
   vertex 1743.15 330.869 900
   vertex 1737.28 324.41 900
  endloop
 endfacet
 facet normal 0.740044 -0.672559 0
  outer loop
   vertex 1743.15 330.869 0
   vertex 1737.28 324.41 900
   vertex 1737.28 324.41 0
  endloop
 endfacet
 facet normal 0.733951 -0.679202 0
  outer loop
   vertex 1737.28 324.41 0
   vertex 1737.28 324.41 900
   vertex 1731.35 318.002 900
  endloop
 endfacet
 facet normal 0.733951 -0.679202 0
  outer loop
   vertex 1737.28 324.41 0
   vertex 1731.35 318.002 900
   vertex 1731.35 318.002 0
  endloop
 endfacet
 facet normal 0.728375 -0.685179 0
  outer loop
   vertex 1731.35 318.002 0
   vertex 1731.35 318.002 900
   vertex 1725.37 311.645 900
  endloop
 endfacet
 facet normal 0.728375 -0.685179 0
  outer loop
   vertex 1731.35 318.002 0
   vertex 1725.37 311.645 900
   vertex 1725.37 311.645 0
  endloop
 endfacet
 facet normal 0.722582 -0.691285 0
  outer loop
   vertex 1725.37 311.645 0
   vertex 1725.37 311.645 900
   vertex 1719.34 305.342 900
  endloop
 endfacet
 facet normal 0.722582 -0.691285 0
  outer loop
   vertex 1725.37 311.645 0
   vertex 1719.34 305.342 900
   vertex 1719.34 305.342 0
  endloop
 endfacet
 facet normal 0.716271 -0.697823 0
  outer loop
   vertex 1719.34 305.342 0
   vertex 1719.34 305.342 900
   vertex 1713.25 299.091 900
  endloop
 endfacet
 facet normal 0.716271 -0.697823 0
  outer loop
   vertex 1719.34 305.342 0
   vertex 1713.25 299.091 900
   vertex 1713.25 299.091 0
  endloop
 endfacet
 facet normal 0.710423 -0.703775 0
  outer loop
   vertex 1713.25 299.091 0
   vertex 1713.25 299.091 900
   vertex 1707.11 292.893 900
  endloop
 endfacet
 facet normal 0.710423 -0.703775 0
  outer loop
   vertex 1713.25 299.091 0
   vertex 1707.11 292.893 900
   vertex 1707.11 292.893 0
  endloop
 endfacet
 facet normal 0.703834 -0.710365 0
  outer loop
   vertex 1707.11 292.893 0
   vertex 1707.11 292.893 900
   vertex 1700.91 286.75 900
  endloop
 endfacet
 facet normal 0.703834 -0.710365 0
  outer loop
   vertex 1707.11 292.893 0
   vertex 1700.91 286.75 900
   vertex 1700.91 286.75 0
  endloop
 endfacet
 facet normal 0.69788 -0.716215 0
  outer loop
   vertex 1700.91 286.75 0
   vertex 1700.91 286.75 900
   vertex 1694.66 280.66 900
  endloop
 endfacet
 facet normal 0.69788 -0.716215 0
  outer loop
   vertex 1700.91 286.75 0
   vertex 1694.66 280.66 900
   vertex 1694.66 280.66 0
  endloop
 endfacet
 facet normal 0.691124 -0.722736 0
  outer loop
   vertex 1694.66 280.66 0
   vertex 1694.66 280.66 900
   vertex 1688.35 274.626 900
  endloop
 endfacet
 facet normal 0.691124 -0.722736 0
  outer loop
   vertex 1694.66 280.66 0
   vertex 1688.35 274.626 900
   vertex 1688.35 274.626 0
  endloop
 endfacet
 facet normal 0.685579 -0.727998 0
  outer loop
   vertex 1688.35 274.626 0
   vertex 1688.35 274.626 900
   vertex 1682 268.646 900
  endloop
 endfacet
 facet normal 0.685579 -0.727998 0
  outer loop
   vertex 1688.35 274.626 0
   vertex 1682 268.646 900
   vertex 1682 268.646 0
  endloop
 endfacet
 facet normal 0.678656 -0.734456 0
  outer loop
   vertex 1682 268.646 0
   vertex 1682 268.646 900
   vertex 1675.59 262.723 900
  endloop
 endfacet
 facet normal 0.678656 -0.734456 0
  outer loop
   vertex 1682 268.646 0
   vertex 1675.59 262.723 900
   vertex 1675.59 262.723 0
  endloop
 endfacet
 facet normal 0.672376 -0.74021 0
  outer loop
   vertex 1675.59 262.723 0
   vertex 1675.59 262.723 900
   vertex 1669.13 256.855 900
  endloop
 endfacet
 facet normal 0.672376 -0.74021 0
  outer loop
   vertex 1675.59 262.723 0
   vertex 1669.13 256.855 900
   vertex 1669.13 256.855 0
  endloop
 endfacet
 facet normal 0.66592 -0.746023 0
  outer loop
   vertex 1669.13 256.855 0
   vertex 1669.13 256.855 900
   vertex 1662.62 251.044 900
  endloop
 endfacet
 facet normal 0.66592 -0.746023 0
  outer loop
   vertex 1669.13 256.855 0
   vertex 1662.62 251.044 900
   vertex 1662.62 251.044 0
  endloop
 endfacet
 facet normal 0.659413 -0.751781 0
  outer loop
   vertex 1662.62 251.044 0
   vertex 1662.62 251.044 900
   vertex 1656.06 245.29 900
  endloop
 endfacet
 facet normal 0.659413 -0.751781 0
  outer loop
   vertex 1662.62 251.044 0
   vertex 1656.06 245.29 900
   vertex 1656.06 245.29 0
  endloop
 endfacet
 facet normal 0.65279 -0.757539 0
  outer loop
   vertex 1656.06 245.29 0
   vertex 1656.06 245.29 900
   vertex 1649.45 239.594 900
  endloop
 endfacet
 facet normal 0.65279 -0.757539 0
  outer loop
   vertex 1656.06 245.29 0
   vertex 1649.45 239.594 900
   vertex 1649.45 239.594 0
  endloop
 endfacet
 facet normal 0.646117 -0.763238 0
  outer loop
   vertex 1649.45 239.594 0
   vertex 1649.45 239.594 900
   vertex 1642.79 233.956 900
  endloop
 endfacet
 facet normal 0.646117 -0.763238 0
  outer loop
   vertex 1649.45 239.594 0
   vertex 1642.79 233.956 900
   vertex 1642.79 233.956 0
  endloop
 endfacet
 facet normal 0.639463 -0.768822 0
  outer loop
   vertex 1642.79 233.956 0
   vertex 1642.79 233.956 900
   vertex 1636.08 228.375 900
  endloop
 endfacet
 facet normal 0.639463 -0.768822 0
  outer loop
   vertex 1642.79 233.956 0
   vertex 1636.08 228.375 900
   vertex 1636.08 228.375 0
  endloop
 endfacet
 facet normal 0.632557 -0.774513 0
  outer loop
   vertex 1636.08 228.375 0
   vertex 1636.08 228.375 900
   vertex 1629.32 222.854 900
  endloop
 endfacet
 facet normal 0.632557 -0.774513 0
  outer loop
   vertex 1636.08 228.375 0
   vertex 1629.32 222.854 900
   vertex 1629.32 222.854 0
  endloop
 endfacet
 facet normal 0.626232 -0.779637 0
  outer loop
   vertex 1629.32 222.854 0
   vertex 1629.32 222.854 900
   vertex 1622.52 217.392 900
  endloop
 endfacet
 facet normal 0.626232 -0.779637 0
  outer loop
   vertex 1629.32 222.854 0
   vertex 1622.52 217.392 900
   vertex 1622.52 217.392 0
  endloop
 endfacet
 facet normal 0.618742 -0.785595 0
  outer loop
   vertex 1622.52 217.392 0
   vertex 1622.52 217.392 900
   vertex 1615.66 211.989 900
  endloop
 endfacet
 facet normal 0.618742 -0.785595 0
  outer loop
   vertex 1622.52 217.392 0
   vertex 1615.66 211.989 900
   vertex 1615.66 211.989 0
  endloop
 endfacet
 facet normal 0.612178 -0.79072 0
  outer loop
   vertex 1615.66 211.989 0
   vertex 1615.66 211.989 900
   vertex 1608.76 206.647 900
  endloop
 endfacet
 facet normal 0.612178 -0.79072 0
  outer loop
   vertex 1615.66 211.989 0
   vertex 1608.76 206.647 900
   vertex 1608.76 206.647 0
  endloop
 endfacet
 facet normal 0.605083 -0.796162 0
  outer loop
   vertex 1608.76 206.647 0
   vertex 1608.76 206.647 900
   vertex 1601.81 201.365 900
  endloop
 endfacet
 facet normal 0.605083 -0.796162 0
  outer loop
   vertex 1608.76 206.647 0
   vertex 1601.81 201.365 900
   vertex 1601.81 201.365 0
  endloop
 endfacet
 facet normal 0.598495 -0.801126 0
  outer loop
   vertex 1601.81 201.365 0
   vertex 1601.81 201.365 900
   vertex 1594.82 196.143 900
  endloop
 endfacet
 facet normal 0.598495 -0.801126 0
  outer loop
   vertex 1601.81 201.365 0
   vertex 1594.82 196.143 900
   vertex 1594.82 196.143 0
  endloop
 endfacet
 facet normal 0.591712 -0.80615 0
  outer loop
   vertex 1594.82 196.143 0
   vertex 1594.82 196.143 900
   vertex 1587.79 190.983 900
  endloop
 endfacet
 facet normal 0.591712 -0.80615 0
  outer loop
   vertex 1594.82 196.143 0
   vertex 1587.79 190.983 900
   vertex 1587.79 190.983 0
  endloop
 endfacet
 facet normal 0.583792 -0.811903 0
  outer loop
   vertex 1587.79 190.983 0
   vertex 1587.79 190.983 900
   vertex 1580.7 185.885 900
  endloop
 endfacet
 facet normal 0.583792 -0.811903 0
  outer loop
   vertex 1587.79 190.983 0
   vertex 1580.7 185.885 900
   vertex 1580.7 185.885 0
  endloop
 endfacet
 facet normal 0.577534 -0.816367 0
  outer loop
   vertex 1580.7 185.885 0
   vertex 1580.7 185.885 900
   vertex 1573.58 180.848 900
  endloop
 endfacet
 facet normal 0.577534 -0.816367 0
  outer loop
   vertex 1580.7 185.885 0
   vertex 1573.58 180.848 900
   vertex 1573.58 180.848 0
  endloop
 endfacet
 facet normal 0.569996 -0.821647 0
  outer loop
   vertex 1573.58 180.848 0
   vertex 1573.58 180.848 900
   vertex 1566.41 175.874 900
  endloop
 endfacet
 facet normal 0.569996 -0.821647 0
  outer loop
   vertex 1573.58 180.848 0
   vertex 1566.41 175.874 900
   vertex 1566.41 175.874 0
  endloop
 endfacet
 facet normal 0.562498 -0.826799 0
  outer loop
   vertex 1566.41 175.874 0
   vertex 1566.41 175.874 900
   vertex 1559.19 170.962 900
  endloop
 endfacet
 facet normal 0.562498 -0.826799 0
  outer loop
   vertex 1566.41 175.874 0
   vertex 1559.19 170.962 900
   vertex 1559.19 170.962 0
  endloop
 endfacet
 facet normal 0.555864 -0.831273 0
  outer loop
   vertex 1559.19 170.962 0
   vertex 1559.19 170.962 900
   vertex 1551.94 166.114 900
  endloop
 endfacet
 facet normal 0.555864 -0.831273 0
  outer loop
   vertex 1559.19 170.962 0
   vertex 1551.94 166.114 900
   vertex 1551.94 166.114 0
  endloop
 endfacet
 facet normal 0.548206 -0.836343 0
  outer loop
   vertex 1551.94 166.114 0
   vertex 1551.94 166.114 900
   vertex 1544.64 161.329 900
  endloop
 endfacet
 facet normal 0.548206 -0.836343 0
  outer loop
   vertex 1551.94 166.114 0
   vertex 1544.64 161.329 900
   vertex 1544.64 161.329 0
  endloop
 endfacet
 facet normal 0.540873 -0.841104 0
  outer loop
   vertex 1544.64 161.329 0
   vertex 1544.64 161.329 900
   vertex 1537.3 156.609 900
  endloop
 endfacet
 facet normal 0.540873 -0.841104 0
  outer loop
   vertex 1544.64 161.329 0
   vertex 1537.3 156.609 900
   vertex 1537.3 156.609 0
  endloop
 endfacet
 facet normal 0.533661 -0.845699 0
  outer loop
   vertex 1537.3 156.609 0
   vertex 1537.3 156.609 900
   vertex 1529.92 151.952 900
  endloop
 endfacet
 facet normal 0.533661 -0.845699 0
  outer loop
   vertex 1537.3 156.609 0
   vertex 1529.92 151.952 900
   vertex 1529.92 151.952 0
  endloop
 endfacet
 facet normal 0.526244 -0.850334 0
  outer loop
   vertex 1529.92 151.952 0
   vertex 1529.92 151.952 900
   vertex 1522.5 147.36 900
  endloop
 endfacet
 facet normal 0.526244 -0.850334 0
  outer loop
   vertex 1529.92 151.952 0
   vertex 1522.5 147.36 900
   vertex 1522.5 147.36 0
  endloop
 endfacet
 facet normal 0.518787 -0.854904 0
  outer loop
   vertex 1522.5 147.36 0
   vertex 1522.5 147.36 900
   vertex 1515.04 142.833 900
  endloop
 endfacet
 facet normal 0.518787 -0.854904 0
  outer loop
   vertex 1522.5 147.36 0
   vertex 1515.04 142.833 900
   vertex 1515.04 142.833 0
  endloop
 endfacet
 facet normal 0.51129 -0.859408 0
  outer loop
   vertex 1515.04 142.833 0
   vertex 1515.04 142.833 900
   vertex 1507.54 138.371 900
  endloop
 endfacet
 facet normal 0.51129 -0.859408 0
  outer loop
   vertex 1515.04 142.833 0
   vertex 1507.54 138.371 900
   vertex 1507.54 138.371 0
  endloop
 endfacet
 facet normal 0.503672 -0.863895 0
  outer loop
   vertex 1507.54 138.371 0
   vertex 1507.54 138.371 900
   vertex 1500 133.975 900
  endloop
 endfacet
 facet normal 0.503672 -0.863895 0
  outer loop
   vertex 1507.54 138.371 0
   vertex 1500 133.975 900
   vertex 1500 133.975 0
  endloop
 endfacet
 facet normal 0.496102 -0.868264 0
  outer loop
   vertex 1500 133.975 0
   vertex 1500 133.975 900
   vertex 1492.42 129.644 900
  endloop
 endfacet
 facet normal 0.496102 -0.868264 0
  outer loop
   vertex 1500 133.975 0
   vertex 1492.42 129.644 900
   vertex 1492.42 129.644 0
  endloop
 endfacet
 facet normal 0.488813 -0.872389 0
  outer loop
   vertex 1492.42 129.644 0
   vertex 1492.42 129.644 900
   vertex 1484.81 125.38 900
  endloop
 endfacet
 facet normal 0.488813 -0.872389 0
  outer loop
   vertex 1492.42 129.644 0
   vertex 1484.81 125.38 900
   vertex 1484.81 125.38 0
  endloop
 endfacet
 facet normal 0.480995 -0.876724 0
  outer loop
   vertex 1484.81 125.38 0
   vertex 1484.81 125.38 900
   vertex 1477.16 121.183 900
  endloop
 endfacet
 facet normal 0.480995 -0.876724 0
  outer loop
   vertex 1484.81 125.38 0
   vertex 1477.16 121.183 900
   vertex 1477.16 121.183 0
  endloop
 endfacet
 facet normal 0.473232 -0.880938 0
  outer loop
   vertex 1477.16 121.183 0
   vertex 1477.16 121.183 900
   vertex 1469.47 117.052 900
  endloop
 endfacet
 facet normal 0.473232 -0.880938 0
  outer loop
   vertex 1477.16 121.183 0
   vertex 1469.47 117.052 900
   vertex 1469.47 117.052 0
  endloop
 endfacet
 facet normal 0.465732 -0.884926 0
  outer loop
   vertex 1469.47 117.052 0
   vertex 1469.47 117.052 900
   vertex 1461.75 112.989 900
  endloop
 endfacet
 facet normal 0.465732 -0.884926 0
  outer loop
   vertex 1469.47 117.052 0
   vertex 1461.75 112.989 900
   vertex 1461.75 112.989 0
  endloop
 endfacet
 facet normal 0.457814 -0.889048 0
  outer loop
   vertex 1461.75 112.989 0
   vertex 1461.75 112.989 900
   vertex 1453.99 108.993 900
  endloop
 endfacet
 facet normal 0.457814 -0.889048 0
  outer loop
   vertex 1461.75 112.989 0
   vertex 1453.99 108.993 900
   vertex 1453.99 108.993 0
  endloop
 endfacet
 facet normal 0.450146 -0.892955 0
  outer loop
   vertex 1453.99 108.993 0
   vertex 1453.99 108.993 900
   vertex 1446.2 105.066 900
  endloop
 endfacet
 facet normal 0.450146 -0.892955 0
  outer loop
   vertex 1453.99 108.993 0
   vertex 1446.2 105.066 900
   vertex 1446.2 105.066 0
  endloop
 endfacet
 facet normal 0.442166 -0.896933 0
  outer loop
   vertex 1446.2 105.066 0
   vertex 1446.2 105.066 900
   vertex 1438.37 101.206 900
  endloop
 endfacet
 facet normal 0.434332 0.900753 0
  outer loop
   vertex 1430.51 1902.58 0
   vertex 1438.37 1898.79 900
   vertex 1438.37 1898.79 0
  endloop
 endfacet
 facet normal 0.442166 0.896933 -0
  outer loop
   vertex 1438.37 1898.79 0
   vertex 1438.37 1898.79 900
   vertex 1446.2 1894.93 900
  endloop
 endfacet
 facet normal 0.442166 0.896933 0
  outer loop
   vertex 1438.37 1898.79 0
   vertex 1446.2 1894.93 900
   vertex 1446.2 1894.93 0
  endloop
 endfacet
 facet normal 0.449506 0.893278 -0
  outer loop
   vertex 1446.2 1894.93 0
   vertex 1446.2 1894.93 900
   vertex 1453.99 1891.01 900
  endloop
 endfacet
 facet normal 0.449506 0.893278 0
  outer loop
   vertex 1446.2 1894.93 0
   vertex 1453.99 1891.01 900
   vertex 1453.99 1891.01 0
  endloop
 endfacet
 facet normal 0.458176 0.888861 -0
  outer loop
   vertex 1453.99 1891.01 0
   vertex 1453.99 1891.01 900
   vertex 1461.75 1887.01 900
  endloop
 endfacet
 facet normal 0.458176 0.888861 0
  outer loop
   vertex 1453.99 1891.01 0
   vertex 1461.75 1887.01 900
   vertex 1461.75 1887.01 0
  endloop
 endfacet
 facet normal 0.465463 0.885067 -0
  outer loop
   vertex 1461.75 1887.01 0
   vertex 1461.75 1887.01 900
   vertex 1469.47 1882.95 900
  endloop
 endfacet
 facet normal 0.465463 0.885067 0
  outer loop
   vertex 1461.75 1887.01 0
   vertex 1469.47 1882.95 900
   vertex 1469.47 1882.95 0
  endloop
 endfacet
 facet normal 0.473143 0.880986 -0
  outer loop
   vertex 1469.47 1882.95 0
   vertex 1469.47 1882.95 900
   vertex 1477.16 1878.82 900
  endloop
 endfacet
 facet normal 0.473143 0.880986 0
  outer loop
   vertex 1469.47 1882.95 0
   vertex 1477.16 1878.82 900
   vertex 1477.16 1878.82 0
  endloop
 endfacet
 facet normal 0.481259 0.876579 -0
  outer loop
   vertex 1477.16 1878.82 0
   vertex 1477.16 1878.82 900
   vertex 1484.81 1874.62 900
  endloop
 endfacet
 facet normal 0.481259 0.876579 0
  outer loop
   vertex 1477.16 1878.82 0
   vertex 1484.81 1874.62 900
   vertex 1484.81 1874.62 0
  endloop
 endfacet
 facet normal 0.488464 0.872584 -0
  outer loop
   vertex 1484.81 1874.62 0
   vertex 1484.81 1874.62 900
   vertex 1492.42 1870.36 900
  endloop
 endfacet
 facet normal 0.488464 0.872584 0
  outer loop
   vertex 1484.81 1874.62 0
   vertex 1492.42 1870.36 900
   vertex 1492.42 1870.36 0
  endloop
 endfacet
 facet normal 0.496016 0.868314 -0
  outer loop
   vertex 1492.42 1870.36 0
   vertex 1492.42 1870.36 900
   vertex 1500 1866.03 900
  endloop
 endfacet
 facet normal 0.496016 0.868314 0
  outer loop
   vertex 1492.42 1870.36 0
   vertex 1500 1866.03 900
   vertex 1500 1866.03 0
  endloop
 endfacet
 facet normal 0.504013 0.863696 -0
  outer loop
   vertex 1500 1866.03 0
   vertex 1500 1866.03 900
   vertex 1507.54 1861.63 900
  endloop
 endfacet
 facet normal 0.504013 0.863696 0
  outer loop
   vertex 1500 1866.03 0
   vertex 1507.54 1861.63 900
   vertex 1507.54 1861.63 0
  endloop
 endfacet
 facet normal 0.511121 0.859509 -0
  outer loop
   vertex 1507.54 1861.63 0
   vertex 1507.54 1861.63 900
   vertex 1515.04 1857.17 900
  endloop
 endfacet
 facet normal 0.511121 0.859509 0
  outer loop
   vertex 1507.54 1861.63 0
   vertex 1515.04 1857.17 900
   vertex 1515.04 1857.17 0
  endloop
 endfacet
 facet normal 0.519038 0.854751 -0
  outer loop
   vertex 1515.04 1857.17 0
   vertex 1515.04 1857.17 900
   vertex 1522.5 1852.64 900
  endloop
 endfacet
 facet normal 0.519038 0.854751 0
  outer loop
   vertex 1515.04 1857.17 0
   vertex 1522.5 1852.64 900
   vertex 1522.5 1852.64 0
  endloop
 endfacet
 facet normal 0.526078 0.850436 -0
  outer loop
   vertex 1522.5 1852.64 0
   vertex 1522.5 1852.64 900
   vertex 1529.92 1848.05 900
  endloop
 endfacet
 facet normal 0.526078 0.850436 0
  outer loop
   vertex 1522.5 1852.64 0
   vertex 1529.92 1848.05 900
   vertex 1529.92 1848.05 0
  endloop
 endfacet
 facet normal 0.533907 0.845543 -0
  outer loop
   vertex 1529.92 1848.05 0
   vertex 1529.92 1848.05 900
   vertex 1537.3 1843.39 900
  endloop
 endfacet
 facet normal 0.533907 0.845543 0
  outer loop
   vertex 1529.92 1848.05 0
   vertex 1537.3 1843.39 900
   vertex 1537.3 1843.39 0
  endloop
 endfacet
 facet normal 0.540873 0.841104 -0
  outer loop
   vertex 1537.3 1843.39 0
   vertex 1537.3 1843.39 900
   vertex 1544.64 1838.67 900
  endloop
 endfacet
 facet normal 0.540873 0.841104 0
  outer loop
   vertex 1537.3 1843.39 0
   vertex 1544.64 1838.67 900
   vertex 1544.64 1838.67 0
  endloop
 endfacet
 facet normal 0.547805 0.836606 -0
  outer loop
   vertex 1544.64 1838.67 0
   vertex 1544.64 1838.67 900
   vertex 1551.94 1833.89 900
  endloop
 endfacet
 facet normal 0.547805 0.836606 0
  outer loop
   vertex 1544.64 1838.67 0
   vertex 1551.94 1833.89 900
   vertex 1551.94 1833.89 0
  endloop
 endfacet
 facet normal 0.556022 0.831167 -0
  outer loop
   vertex 1551.94 1833.89 0
   vertex 1551.94 1833.89 900
   vertex 1559.19 1829.04 900
  endloop
 endfacet
 facet normal 0.556022 0.831167 0
  outer loop
   vertex 1551.94 1833.89 0
   vertex 1559.19 1829.04 900
   vertex 1559.19 1829.04 0
  endloop
 endfacet
 facet normal 0.562341 0.826905 -0
  outer loop
   vertex 1559.19 1829.04 0
   vertex 1559.19 1829.04 900
   vertex 1566.41 1824.13 900
  endloop
 endfacet
 facet normal 0.562341 0.826905 0
  outer loop
   vertex 1559.19 1829.04 0
   vertex 1566.41 1824.13 900
   vertex 1566.41 1824.13 0
  endloop
 endfacet
 facet normal 0.57046 0.821325 -0
  outer loop
   vertex 1566.41 1824.13 0
   vertex 1566.41 1824.13 900
   vertex 1573.58 1819.15 900
  endloop
 endfacet
 facet normal 0.57046 0.821325 0
  outer loop
   vertex 1566.41 1824.13 0
   vertex 1573.58 1819.15 900
   vertex 1573.58 1819.15 0
  endloop
 endfacet
 facet normal 0.576998 0.816745 -0
  outer loop
   vertex 1573.58 1819.15 0
   vertex 1573.58 1819.15 900
   vertex 1580.7 1814.12 900
  endloop
 endfacet
 facet normal 0.576998 0.816745 0
  outer loop
   vertex 1573.58 1819.15 0
   vertex 1580.7 1814.12 900
   vertex 1580.7 1814.12 0
  endloop
 endfacet
 facet normal 0.583943 0.811795 -0
  outer loop
   vertex 1580.7 1814.12 0
   vertex 1580.7 1814.12 900
   vertex 1587.79 1809.02 900
  endloop
 endfacet
 facet normal 0.583943 0.811795 0
  outer loop
   vertex 1580.7 1814.12 0
   vertex 1587.79 1809.02 900
   vertex 1587.79 1809.02 0
  endloop
 endfacet
 facet normal 0.591712 0.80615 -0
  outer loop
   vertex 1587.79 1809.02 0
   vertex 1587.79 1809.02 900
   vertex 1594.82 1803.86 900
  endloop
 endfacet
 facet normal 0.591712 0.80615 0
  outer loop
   vertex 1587.79 1809.02 0
   vertex 1594.82 1803.86 900
   vertex 1594.82 1803.86 0
  endloop
 endfacet
 facet normal 0.598348 0.801236 -0
  outer loop
   vertex 1594.82 1803.86 0
   vertex 1594.82 1803.86 900
   vertex 1601.81 1798.64 900
  endloop
 endfacet
 facet normal 0.598348 0.801236 0
  outer loop
   vertex 1594.82 1803.86 0
   vertex 1601.81 1798.64 900
   vertex 1601.81 1798.64 0
  endloop
 endfacet
 facet normal 0.605664 0.795721 -0
  outer loop
   vertex 1601.81 1798.64 0
   vertex 1601.81 1798.64 900
   vertex 1608.76 1793.35 900
  endloop
 endfacet
 facet normal 0.605664 0.795721 0
  outer loop
   vertex 1601.81 1798.64 0
   vertex 1608.76 1793.35 900
   vertex 1608.76 1793.35 0
  endloop
 endfacet
 facet normal 0.612034 0.790831 -0
  outer loop
   vertex 1608.76 1793.35 0
   vertex 1608.76 1793.35 900
   vertex 1615.66 1788.01 900
  endloop
 endfacet
 facet normal 0.612034 0.790831 0
  outer loop
   vertex 1608.76 1793.35 0
   vertex 1615.66 1788.01 900
   vertex 1615.66 1788.01 0
  endloop
 endfacet
 facet normal 0.61853 0.785762 -0
  outer loop
   vertex 1615.66 1788.01 0
   vertex 1615.66 1788.01 900
   vertex 1622.52 1782.61 900
  endloop
 endfacet
 facet normal 0.61853 0.785762 0
  outer loop
   vertex 1615.66 1788.01 0
   vertex 1622.52 1782.61 900
   vertex 1622.52 1782.61 0
  endloop
 endfacet
 facet normal 0.626092 0.779749 -0
  outer loop
   vertex 1622.52 1782.61 0
   vertex 1622.52 1782.61 900
   vertex 1629.32 1777.15 900
  endloop
 endfacet
 facet normal 0.626092 0.779749 0
  outer loop
   vertex 1622.52 1782.61 0
   vertex 1629.32 1777.15 900
   vertex 1629.32 1777.15 0
  endloop
 endfacet
 facet normal 0.633175 0.774008 -0
  outer loop
   vertex 1629.32 1777.15 0
   vertex 1629.32 1777.15 900
   vertex 1636.08 1771.62 900
  endloop
 endfacet
 facet normal 0.633175 0.774008 0
  outer loop
   vertex 1629.32 1777.15 0
   vertex 1636.08 1771.62 900
   vertex 1636.08 1771.62 0
  endloop
 endfacet
 facet normal 0.639395 0.768878 -0
  outer loop
   vertex 1636.08 1771.62 0
   vertex 1636.08 1771.62 900
   vertex 1642.79 1766.04 900
  endloop
 endfacet
 facet normal 0.639395 0.768878 0
  outer loop
   vertex 1636.08 1771.62 0
   vertex 1642.79 1766.04 900
   vertex 1642.79 1766.04 0
  endloop
 endfacet
 facet normal 0.645582 0.763691 -0
  outer loop
   vertex 1642.79 1766.04 0
   vertex 1642.79 1766.04 900
   vertex 1649.45 1760.41 900
  endloop
 endfacet
 facet normal 0.645582 0.763691 0
  outer loop
   vertex 1642.79 1766.04 0
   vertex 1649.45 1760.41 900
   vertex 1649.45 1760.41 0
  endloop
 endfacet
 facet normal 0.653053 0.757312 -0
  outer loop
   vertex 1649.45 1760.41 0
   vertex 1649.45 1760.41 900
   vertex 1656.06 1754.71 900
  endloop
 endfacet
 facet normal 0.653053 0.757312 0
  outer loop
   vertex 1649.45 1760.41 0
   vertex 1656.06 1754.71 900
   vertex 1656.06 1754.71 0
  endloop
 endfacet
 facet normal 0.659154 0.752008 -0
  outer loop
   vertex 1656.06 1754.71 0
   vertex 1656.06 1754.71 900
   vertex 1662.62 1748.96 900
  endloop
 endfacet
 facet normal 0.659154 0.752008 0
  outer loop
   vertex 1656.06 1754.71 0
   vertex 1662.62 1748.96 900
   vertex 1662.62 1748.96 0
  endloop
 endfacet
 facet normal 0.665856 0.74608 -0
  outer loop
   vertex 1662.62 1748.96 0
   vertex 1662.62 1748.96 900
   vertex 1669.13 1743.15 900
  endloop
 endfacet
 facet normal 0.665856 0.74608 0
  outer loop
   vertex 1662.62 1748.96 0
   vertex 1669.13 1743.15 900
   vertex 1669.13 1743.15 0
  endloop
 endfacet
 facet normal 0.672502 0.740096 -0
  outer loop
   vertex 1669.13 1743.15 0
   vertex 1669.13 1743.15 900
   vertex 1675.59 1737.28 900
  endloop
 endfacet
 facet normal 0.672502 0.740096 0
  outer loop
   vertex 1669.13 1743.15 0
   vertex 1675.59 1737.28 900
   vertex 1675.59 1737.28 0
  endloop
 endfacet
 facet normal 0.679088 0.734057 -0
  outer loop
   vertex 1675.59 1737.28 0
   vertex 1675.59 1737.28 900
   vertex 1682 1731.35 900
  endloop
 endfacet
 facet normal 0.679088 0.734057 0
  outer loop
   vertex 1675.59 1737.28 0
   vertex 1682 1731.35 900
   vertex 1682 1731.35 0
  endloop
 endfacet
 facet normal 0.685579 0.727998 -0
  outer loop
   vertex 1682 1731.35 0
   vertex 1682 1731.35 900
   vertex 1688.35 1725.37 900
  endloop
 endfacet
 facet normal 0.685579 0.727998 0
  outer loop
   vertex 1682 1731.35 0
   vertex 1688.35 1725.37 900
   vertex 1688.35 1725.37 0
  endloop
 endfacet
 facet normal 0.690884 0.722965 -0
  outer loop
   vertex 1688.35 1725.37 0
   vertex 1688.35 1725.37 900
   vertex 1694.66 1719.34 900
  endloop
 endfacet
 facet normal 0.690884 0.722965 0
  outer loop
   vertex 1688.35 1725.37 0
   vertex 1694.66 1719.34 900
   vertex 1694.66 1719.34 0
  endloop
 endfacet
 facet normal 0.69788 0.716215 -0
  outer loop
   vertex 1694.66 1719.34 0
   vertex 1694.66 1719.34 900
   vertex 1700.91 1713.25 900
  endloop
 endfacet
 facet normal 0.69788 0.716215 0
  outer loop
   vertex 1694.66 1719.34 0
   vertex 1700.91 1713.25 900
   vertex 1700.91 1713.25 0
  endloop
 endfacet
 facet normal 0.70366 0.710537 -0
  outer loop
   vertex 1700.91 1713.25 0
   vertex 1700.91 1713.25 900
   vertex 1707.11 1707.11 900
  endloop
 endfacet
 facet normal 0.70366 0.710537 0
  outer loop
   vertex 1700.91 1713.25 0
   vertex 1707.11 1707.11 900
   vertex 1707.11 1707.11 0
  endloop
 endfacet
 facet normal 0.710537 0.70366 -0
  outer loop
   vertex 1707.11 1707.11 0
   vertex 1707.11 1707.11 900
   vertex 1713.25 1700.91 900
  endloop
 endfacet
 facet normal 0.710537 0.70366 0
  outer loop
   vertex 1707.11 1707.11 0
   vertex 1713.25 1700.91 900
   vertex 1713.25 1700.91 0
  endloop
 endfacet
 facet normal 0.716215 0.69788 -0
  outer loop
   vertex 1713.25 1700.91 0
   vertex 1713.25 1700.91 900
   vertex 1719.34 1694.66 900
  endloop
 endfacet
 facet normal 0.716215 0.69788 0
  outer loop
   vertex 1713.25 1700.91 0
   vertex 1719.34 1694.66 900
   vertex 1719.34 1694.66 0
  endloop
 endfacet
 facet normal 0.722965 0.690884 -0
  outer loop
   vertex 1719.34 1694.66 0
   vertex 1719.34 1694.66 900
   vertex 1725.37 1688.35 900
  endloop
 endfacet
 facet normal 0.722965 0.690884 0
  outer loop
   vertex 1719.34 1694.66 0
   vertex 1725.37 1688.35 900
   vertex 1725.37 1688.35 0
  endloop
 endfacet
 facet normal 0.727998 0.685579 -0
  outer loop
   vertex 1725.37 1688.35 0
   vertex 1725.37 1688.35 900
   vertex 1731.35 1682 900
  endloop
 endfacet
 facet normal 0.727998 0.685579 0
  outer loop
   vertex 1725.37 1688.35 0
   vertex 1731.35 1682 900
   vertex 1731.35 1682 0
  endloop
 endfacet
 facet normal 0.734057 0.679088 -0
  outer loop
   vertex 1731.35 1682 0
   vertex 1731.35 1682 900
   vertex 1737.28 1675.59 900
  endloop
 endfacet
 facet normal 0.734057 0.679088 0
  outer loop
   vertex 1731.35 1682 0
   vertex 1737.28 1675.59 900
   vertex 1737.28 1675.59 0
  endloop
 endfacet
 facet normal 0.740096 0.672502 -0
  outer loop
   vertex 1737.28 1675.59 0
   vertex 1737.28 1675.59 900
   vertex 1743.15 1669.13 900
  endloop
 endfacet
 facet normal 0.740096 0.672502 0
  outer loop
   vertex 1737.28 1675.59 0
   vertex 1743.15 1669.13 900
   vertex 1743.15 1669.13 0
  endloop
 endfacet
 facet normal 0.74608 0.665856 -0
  outer loop
   vertex 1743.15 1669.13 0
   vertex 1743.15 1669.13 900
   vertex 1748.96 1662.62 900
  endloop
 endfacet
 facet normal 0.74608 0.665856 0
  outer loop
   vertex 1743.15 1669.13 0
   vertex 1748.96 1662.62 900
   vertex 1748.96 1662.62 0
  endloop
 endfacet
 facet normal 0.752008 0.659154 -0
  outer loop
   vertex 1748.96 1662.62 0
   vertex 1748.96 1662.62 900
   vertex 1754.71 1656.06 900
  endloop
 endfacet
 facet normal 0.752008 0.659154 0
  outer loop
   vertex 1748.96 1662.62 0
   vertex 1754.71 1656.06 900
   vertex 1754.71 1656.06 0
  endloop
 endfacet
 facet normal 0.757312 0.653053 -0
  outer loop
   vertex 1754.71 1656.06 0
   vertex 1754.71 1656.06 900
   vertex 1760.41 1649.45 900
  endloop
 endfacet
 facet normal 0.757312 0.653053 0
  outer loop
   vertex 1754.71 1656.06 0
   vertex 1760.41 1649.45 900
   vertex 1760.41 1649.45 0
  endloop
 endfacet
 facet normal 0.763691 0.645582 -0
  outer loop
   vertex 1760.41 1649.45 0
   vertex 1760.41 1649.45 900
   vertex 1766.04 1642.79 900
  endloop
 endfacet
 facet normal 0.763691 0.645582 0
  outer loop
   vertex 1760.41 1649.45 0
   vertex 1766.04 1642.79 900
   vertex 1766.04 1642.79 0
  endloop
 endfacet
 facet normal 0.768878 0.639395 -0
  outer loop
   vertex 1766.04 1642.79 0
   vertex 1766.04 1642.79 900
   vertex 1771.62 1636.08 900
  endloop
 endfacet
 facet normal 0.768878 0.639395 0
  outer loop
   vertex 1766.04 1642.79 0
   vertex 1771.62 1636.08 900
   vertex 1771.62 1636.08 0
  endloop
 endfacet
 facet normal 0.774008 0.633175 -0
  outer loop
   vertex 1771.62 1636.08 0
   vertex 1771.62 1636.08 900
   vertex 1777.15 1629.32 900
  endloop
 endfacet
 facet normal 0.774008 0.633175 0
  outer loop
   vertex 1771.62 1636.08 0
   vertex 1777.15 1629.32 900
   vertex 1777.15 1629.32 0
  endloop
 endfacet
 facet normal 0.779749 0.626092 -0
  outer loop
   vertex 1777.15 1629.32 0
   vertex 1777.15 1629.32 900
   vertex 1782.61 1622.52 900
  endloop
 endfacet
 facet normal 0.779749 0.626092 0
  outer loop
   vertex 1777.15 1629.32 0
   vertex 1782.61 1622.52 900
   vertex 1782.61 1622.52 0
  endloop
 endfacet
 facet normal 0.785762 0.61853 -0
  outer loop
   vertex 1782.61 1622.52 0
   vertex 1782.61 1622.52 900
   vertex 1788.01 1615.66 900
  endloop
 endfacet
 facet normal 0.785762 0.61853 0
  outer loop
   vertex 1782.61 1622.52 0
   vertex 1788.01 1615.66 900
   vertex 1788.01 1615.66 0
  endloop
 endfacet
 facet normal 0.790831 0.612034 -0
  outer loop
   vertex 1788.01 1615.66 0
   vertex 1788.01 1615.66 900
   vertex 1793.35 1608.76 900
  endloop
 endfacet
 facet normal 0.790831 0.612034 0
  outer loop
   vertex 1788.01 1615.66 0
   vertex 1793.35 1608.76 900
   vertex 1793.35 1608.76 0
  endloop
 endfacet
 facet normal 0.795721 0.605664 -0
  outer loop
   vertex 1793.35 1608.76 0
   vertex 1793.35 1608.76 900
   vertex 1798.64 1601.81 900
  endloop
 endfacet
 facet normal 0.795721 0.605664 0
  outer loop
   vertex 1793.35 1608.76 0
   vertex 1798.64 1601.81 900
   vertex 1798.64 1601.81 0
  endloop
 endfacet
 facet normal 0.801236 0.598348 -0
  outer loop
   vertex 1798.64 1601.81 0
   vertex 1798.64 1601.81 900
   vertex 1803.86 1594.82 900
  endloop
 endfacet
 facet normal 0.801236 0.598348 0
  outer loop
   vertex 1798.64 1601.81 0
   vertex 1803.86 1594.82 900
   vertex 1803.86 1594.82 0
  endloop
 endfacet
 facet normal 0.80615 0.591712 -0
  outer loop
   vertex 1803.86 1594.82 0
   vertex 1803.86 1594.82 900
   vertex 1809.02 1587.79 900
  endloop
 endfacet
 facet normal 0.80615 0.591712 0
  outer loop
   vertex 1803.86 1594.82 0
   vertex 1809.02 1587.79 900
   vertex 1809.02 1587.79 0
  endloop
 endfacet
 facet normal 0.811795 0.583943 -0
  outer loop
   vertex 1809.02 1587.79 0
   vertex 1809.02 1587.79 900
   vertex 1814.12 1580.7 900
  endloop
 endfacet
 facet normal 0.811795 0.583943 0
  outer loop
   vertex 1809.02 1587.79 0
   vertex 1814.12 1580.7 900
   vertex 1814.12 1580.7 0
  endloop
 endfacet
 facet normal 0.816745 0.576998 -0
  outer loop
   vertex 1814.12 1580.7 0
   vertex 1814.12 1580.7 900
   vertex 1819.15 1573.58 900
  endloop
 endfacet
 facet normal 0.816745 0.576998 0
  outer loop
   vertex 1814.12 1580.7 0
   vertex 1819.15 1573.58 900
   vertex 1819.15 1573.58 0
  endloop
 endfacet
 facet normal 0.821325 0.57046 -0
  outer loop
   vertex 1819.15 1573.58 0
   vertex 1819.15 1573.58 900
   vertex 1824.13 1566.41 900
  endloop
 endfacet
 facet normal 0.821325 0.57046 0
  outer loop
   vertex 1819.15 1573.58 0
   vertex 1824.13 1566.41 900
   vertex 1824.13 1566.41 0
  endloop
 endfacet
 facet normal 0.826905 0.562341 -0
  outer loop
   vertex 1824.13 1566.41 0
   vertex 1824.13 1566.41 900
   vertex 1829.04 1559.19 900
  endloop
 endfacet
 facet normal 0.826905 0.562341 0
  outer loop
   vertex 1824.13 1566.41 0
   vertex 1829.04 1559.19 900
   vertex 1829.04 1559.19 0
  endloop
 endfacet
 facet normal 0.831167 0.556022 -0
  outer loop
   vertex 1829.04 1559.19 0
   vertex 1829.04 1559.19 900
   vertex 1833.89 1551.94 900
  endloop
 endfacet
 facet normal 0.831167 0.556022 0
  outer loop
   vertex 1829.04 1559.19 0
   vertex 1833.89 1551.94 900
   vertex 1833.89 1551.94 0
  endloop
 endfacet
 facet normal 0.836606 0.547805 -0
  outer loop
   vertex 1833.89 1551.94 0
   vertex 1833.89 1551.94 900
   vertex 1838.67 1544.64 900
  endloop
 endfacet
 facet normal 0.836606 0.547805 0
  outer loop
   vertex 1833.89 1551.94 0
   vertex 1838.67 1544.64 900
   vertex 1838.67 1544.64 0
  endloop
 endfacet
 facet normal 0.841104 0.540873 -0
  outer loop
   vertex 1838.67 1544.64 0
   vertex 1838.67 1544.64 900
   vertex 1843.39 1537.3 900
  endloop
 endfacet
 facet normal 0.841104 0.540873 0
  outer loop
   vertex 1838.67 1544.64 0
   vertex 1843.39 1537.3 900
   vertex 1843.39 1537.3 0
  endloop
 endfacet
 facet normal 0.845543 0.533907 -0
  outer loop
   vertex 1843.39 1537.3 0
   vertex 1843.39 1537.3 900
   vertex 1848.05 1529.92 900
  endloop
 endfacet
 facet normal 0.845543 0.533907 0
  outer loop
   vertex 1843.39 1537.3 0
   vertex 1848.05 1529.92 900
   vertex 1848.05 1529.92 0
  endloop
 endfacet
 facet normal 0.850436 0.526078 -0
  outer loop
   vertex 1848.05 1529.92 0
   vertex 1848.05 1529.92 900
   vertex 1852.64 1522.5 900
  endloop
 endfacet
 facet normal 0.850436 0.526078 0
  outer loop
   vertex 1848.05 1529.92 0
   vertex 1852.64 1522.5 900
   vertex 1852.64 1522.5 0
  endloop
 endfacet
 facet normal 0.854751 0.519038 -0
  outer loop
   vertex 1852.64 1522.5 0
   vertex 1852.64 1522.5 900
   vertex 1857.17 1515.04 900
  endloop
 endfacet
 facet normal 0.854751 0.519038 0
  outer loop
   vertex 1852.64 1522.5 0
   vertex 1857.17 1515.04 900
   vertex 1857.17 1515.04 0
  endloop
 endfacet
 facet normal 0.859509 0.511121 -0
  outer loop
   vertex 1857.17 1515.04 0
   vertex 1857.17 1515.04 900
   vertex 1861.63 1507.54 900
  endloop
 endfacet
 facet normal 0.859509 0.511121 0
  outer loop
   vertex 1857.17 1515.04 0
   vertex 1861.63 1507.54 900
   vertex 1861.63 1507.54 0
  endloop
 endfacet
 facet normal 0.863696 0.504013 -0
  outer loop
   vertex 1861.63 1507.54 0
   vertex 1861.63 1507.54 900
   vertex 1866.03 1500 900
  endloop
 endfacet
 facet normal 0.863696 0.504013 0
  outer loop
   vertex 1861.63 1507.54 0
   vertex 1866.03 1500 900
   vertex 1866.03 1500 0
  endloop
 endfacet
 facet normal 0.868314 0.496016 -0
  outer loop
   vertex 1866.03 1500 0
   vertex 1866.03 1500 900
   vertex 1870.36 1492.42 900
  endloop
 endfacet
 facet normal 0.868314 0.496016 0
  outer loop
   vertex 1866.03 1500 0
   vertex 1870.36 1492.42 900
   vertex 1870.36 1492.42 0
  endloop
 endfacet
 facet normal 0.872584 0.488464 -0
  outer loop
   vertex 1870.36 1492.42 0
   vertex 1870.36 1492.42 900
   vertex 1874.62 1484.81 900
  endloop
 endfacet
 facet normal 0.872584 0.488464 0
  outer loop
   vertex 1870.36 1492.42 0
   vertex 1874.62 1484.81 900
   vertex 1874.62 1484.81 0
  endloop
 endfacet
 facet normal 0.876579 0.481259 -0
  outer loop
   vertex 1874.62 1484.81 0
   vertex 1874.62 1484.81 900
   vertex 1878.82 1477.16 900
  endloop
 endfacet
 facet normal 0.876579 0.481259 0
  outer loop
   vertex 1874.62 1484.81 0
   vertex 1878.82 1477.16 900
   vertex 1878.82 1477.16 0
  endloop
 endfacet
 facet normal 0.880986 0.473143 -0
  outer loop
   vertex 1878.82 1477.16 0
   vertex 1878.82 1477.16 900
   vertex 1882.95 1469.47 900
  endloop
 endfacet
 facet normal 0.880986 0.473143 0
  outer loop
   vertex 1878.82 1477.16 0
   vertex 1882.95 1469.47 900
   vertex 1882.95 1469.47 0
  endloop
 endfacet
 facet normal 0.885067 0.465463 -0
  outer loop
   vertex 1882.95 1469.47 0
   vertex 1882.95 1469.47 900
   vertex 1887.01 1461.75 900
  endloop
 endfacet
 facet normal 0.885067 0.465463 0
  outer loop
   vertex 1882.95 1469.47 0
   vertex 1887.01 1461.75 900
   vertex 1887.01 1461.75 0
  endloop
 endfacet
 facet normal 0.888861 0.458176 -0
  outer loop
   vertex 1887.01 1461.75 0
   vertex 1887.01 1461.75 900
   vertex 1891.01 1453.99 900
  endloop
 endfacet
 facet normal 0.888861 0.458176 0
  outer loop
   vertex 1887.01 1461.75 0
   vertex 1891.01 1453.99 900
   vertex 1891.01 1453.99 0
  endloop
 endfacet
 facet normal 0.893278 0.449506 -0
  outer loop
   vertex 1891.01 1453.99 0
   vertex 1891.01 1453.99 900
   vertex 1894.93 1446.2 900
  endloop
 endfacet
 facet normal 0.893278 0.449506 0
  outer loop
   vertex 1891.01 1453.99 0
   vertex 1894.93 1446.2 900
   vertex 1894.93 1446.2 0
  endloop
 endfacet
 facet normal 0.896933 0.442166 -0
  outer loop
   vertex 1894.93 1446.2 0
   vertex 1894.93 1446.2 900
   vertex 1898.79 1438.37 900
  endloop
 endfacet
 facet normal 0.896933 0.442166 0
  outer loop
   vertex 1894.93 1446.2 0
   vertex 1898.79 1438.37 900
   vertex 1898.79 1438.37 0
  endloop
 endfacet
 facet normal 0.900753 0.434332 -0
  outer loop
   vertex 1898.79 1438.37 0
   vertex 1898.79 1438.37 900
   vertex 1902.58 1430.51 900
  endloop
 endfacet
 facet normal 0.900753 0.434332 0
  outer loop
   vertex 1898.79 1438.37 0
   vertex 1902.58 1430.51 900
   vertex 1902.58 1430.51 0
  endloop
 endfacet
 facet normal 0.904064 0.427397 -0
  outer loop
   vertex 1902.58 1430.51 0
   vertex 1902.58 1430.51 900
   vertex 1906.31 1422.62 900
  endloop
 endfacet
 facet normal 0.904064 0.427397 0
  outer loop
   vertex 1902.58 1430.51 0
   vertex 1906.31 1422.62 900
   vertex 1906.31 1422.62 0
  endloop
 endfacet
 facet normal 0.908395 0.418114 -0
  outer loop
   vertex 1906.31 1422.62 0
   vertex 1906.31 1422.62 900
   vertex 1909.96 1414.69 900
  endloop
 endfacet
 facet normal 0.908395 0.418114 0
  outer loop
   vertex 1906.31 1422.62 0
   vertex 1909.96 1414.69 900
   vertex 1909.96 1414.69 0
  endloop
 endfacet
 facet normal 0.911384 0.411556 -0
  outer loop
   vertex 1909.96 1414.69 0
   vertex 1909.96 1414.69 900
   vertex 1913.55 1406.74 900
  endloop
 endfacet
 facet normal 0.911384 0.411556 0
  outer loop
   vertex 1909.96 1414.69 0
   vertex 1913.55 1406.74 900
   vertex 1913.55 1406.74 0
  endloop
 endfacet
 facet normal 0.915551 0.402201 -0
  outer loop
   vertex 1913.55 1406.74 0
   vertex 1913.55 1406.74 900
   vertex 1917.06 1398.75 900
  endloop
 endfacet
 facet normal 0.915551 0.402201 0
  outer loop
   vertex 1913.55 1406.74 0
   vertex 1917.06 1398.75 900
   vertex 1917.06 1398.75 0
  endloop
 endfacet
 facet normal 0.918611 0.395163 -0
  outer loop
   vertex 1917.06 1398.75 0
   vertex 1917.06 1398.75 900
   vertex 1920.51 1390.73 900
  endloop
 endfacet
 facet normal 0.918611 0.395163 0
  outer loop
   vertex 1917.06 1398.75 0
   vertex 1920.51 1390.73 900
   vertex 1920.51 1390.73 0
  endloop
 endfacet
 facet normal 0.922431 0.386161 -0
  outer loop
   vertex 1920.51 1390.73 0
   vertex 1920.51 1390.73 900
   vertex 1923.88 1382.68 900
  endloop
 endfacet
 facet normal 0.922431 0.386161 0
  outer loop
   vertex 1920.51 1390.73 0
   vertex 1923.88 1382.68 900
   vertex 1923.88 1382.68 0
  endloop
 endfacet
 facet normal 0.925602 0.378499 -0
  outer loop
   vertex 1923.88 1382.68 0
   vertex 1923.88 1382.68 900
   vertex 1927.18 1374.61 900
  endloop
 endfacet
 facet normal 0.925602 0.378499 0
  outer loop
   vertex 1923.88 1382.68 0
   vertex 1927.18 1374.61 900
   vertex 1927.18 1374.61 0
  endloop
 endfacet
 facet normal 0.928635 0.370996 -0
  outer loop
   vertex 1927.18 1374.61 0
   vertex 1927.18 1374.61 900
   vertex 1930.42 1366.5 900
  endloop
 endfacet
 facet normal 0.928635 0.370996 0
  outer loop
   vertex 1927.18 1374.61 0
   vertex 1930.42 1366.5 900
   vertex 1930.42 1366.5 0
  endloop
 endfacet
 facet normal 0.932069 0.36228 -0
  outer loop
   vertex 1930.42 1366.5 0
   vertex 1930.42 1366.5 900
   vertex 1933.58 1358.37 900
  endloop
 endfacet
 facet normal 0.932069 0.36228 0
  outer loop
   vertex 1930.42 1366.5 0
   vertex 1933.58 1358.37 900
   vertex 1933.58 1358.37 0
  endloop
 endfacet
 facet normal 0.935194 0.354136 -0
  outer loop
   vertex 1933.58 1358.37 0
   vertex 1933.58 1358.37 900
   vertex 1936.67 1350.21 900
  endloop
 endfacet
 facet normal 0.935194 0.354136 0
  outer loop
   vertex 1933.58 1358.37 0
   vertex 1936.67 1350.21 900
   vertex 1936.67 1350.21 0
  endloop
 endfacet
 facet normal 0.938245 0.345971 -0
  outer loop
   vertex 1936.67 1350.21 0
   vertex 1936.67 1350.21 900
   vertex 1939.69 1342.02 900
  endloop
 endfacet
 facet normal 0.938245 0.345971 0
  outer loop
   vertex 1936.67 1350.21 0
   vertex 1939.69 1342.02 900
   vertex 1939.69 1342.02 0
  endloop
 endfacet
 facet normal 0.941092 0.338151 -0
  outer loop
   vertex 1939.69 1342.02 0
   vertex 1939.69 1342.02 900
   vertex 1942.64 1333.81 900
  endloop
 endfacet
 facet normal 0.941092 0.338151 0
  outer loop
   vertex 1939.69 1342.02 0
   vertex 1942.64 1333.81 900
   vertex 1942.64 1333.81 0
  endloop
 endfacet
 facet normal 0.944001 0.329942 -0
  outer loop
   vertex 1942.64 1333.81 0
   vertex 1942.64 1333.81 900
   vertex 1945.52 1325.57 900
  endloop
 endfacet
 facet normal 0.944001 0.329942 0
  outer loop
   vertex 1942.64 1333.81 0
   vertex 1945.52 1325.57 900
   vertex 1945.52 1325.57 0
  endloop
 endfacet
 facet normal 0.947066 0.321039 -0
  outer loop
   vertex 1945.52 1325.57 0
   vertex 1945.52 1325.57 900
   vertex 1948.32 1317.31 900
  endloop
 endfacet
 facet normal 0.947066 0.321039 0
  outer loop
   vertex 1945.52 1325.57 0
   vertex 1948.32 1317.31 900
   vertex 1948.32 1317.31 0
  endloop
 endfacet
 facet normal 0.949482 0.313822 -0
  outer loop
   vertex 1948.32 1317.31 0
   vertex 1948.32 1317.31 900
   vertex 1951.06 1309.02 900
  endloop
 endfacet
 facet normal 0.949482 0.313822 0
  outer loop
   vertex 1948.32 1317.31 0
   vertex 1951.06 1309.02 900
   vertex 1951.06 1309.02 0
  endloop
 endfacet
 facet normal 0.952398 0.304859 -0
  outer loop
   vertex 1951.06 1309.02 0
   vertex 1951.06 1309.02 900
   vertex 1953.72 1300.71 900
  endloop
 endfacet
 facet normal 0.952398 0.304859 0
  outer loop
   vertex 1951.06 1309.02 0
   vertex 1953.72 1300.71 900
   vertex 1953.72 1300.71 0
  endloop
 endfacet
 facet normal 0.955008 0.296579 -0
  outer loop
   vertex 1953.72 1300.71 0
   vertex 1953.72 1300.71 900
   vertex 1956.31 1292.37 900
  endloop
 endfacet
 facet normal 0.955008 0.296579 0
  outer loop
   vertex 1953.72 1300.71 0
   vertex 1956.31 1292.37 900
   vertex 1956.31 1292.37 0
  endloop
 endfacet
 facet normal 0.957668 0.287874 -0
  outer loop
   vertex 1956.31 1292.37 0
   vertex 1956.31 1292.37 900
   vertex 1958.82 1284.02 900
  endloop
 endfacet
 facet normal 0.957668 0.287874 0
  outer loop
   vertex 1956.31 1292.37 0
   vertex 1958.82 1284.02 900
   vertex 1958.82 1284.02 0
  endloop
 endfacet
 facet normal 0.960128 0.27956 -0
  outer loop
   vertex 1958.82 1284.02 0
   vertex 1958.82 1284.02 900
   vertex 1961.26 1275.64 900
  endloop
 endfacet
 facet normal 0.960128 0.27956 0
  outer loop
   vertex 1958.82 1284.02 0
   vertex 1961.26 1275.64 900
   vertex 1961.26 1275.64 0
  endloop
 endfacet
 facet normal 0.962427 0.271542 -0
  outer loop
   vertex 1961.26 1275.64 0
   vertex 1961.26 1275.64 900
   vertex 1963.63 1267.24 900
  endloop
 endfacet
 facet normal 0.962427 0.271542 0
  outer loop
   vertex 1961.26 1275.64 0
   vertex 1963.63 1267.24 900
   vertex 1963.63 1267.24 0
  endloop
 endfacet
 facet normal 0.964658 0.263505 -0
  outer loop
   vertex 1963.63 1267.24 0
   vertex 1963.63 1267.24 900
   vertex 1965.93 1258.82 900
  endloop
 endfacet
 facet normal 0.964658 0.263505 0
  outer loop
   vertex 1963.63 1267.24 0
   vertex 1965.93 1258.82 900
   vertex 1965.93 1258.82 0
  endloop
 endfacet
 facet normal 0.967104 0.25438 -0
  outer loop
   vertex 1965.93 1258.82 0
   vertex 1965.93 1258.82 900
   vertex 1968.15 1250.38 900
  endloop
 endfacet
 facet normal 0.967104 0.25438 0
  outer loop
   vertex 1965.93 1258.82 0
   vertex 1968.15 1250.38 900
   vertex 1968.15 1250.38 0
  endloop
 endfacet
 facet normal 0.969192 0.246308 -0
  outer loop
   vertex 1968.15 1250.38 0
   vertex 1968.15 1250.38 900
   vertex 1970.3 1241.92 900
  endloop
 endfacet
 facet normal 0.969192 0.246308 0
  outer loop
   vertex 1968.15 1250.38 0
   vertex 1970.3 1241.92 900
   vertex 1970.3 1241.92 0
  endloop
 endfacet
 facet normal 0.971475 0.237141 -0
  outer loop
   vertex 1970.3 1241.92 0
   vertex 1970.3 1241.92 900
   vertex 1972.37 1233.44 900
  endloop
 endfacet
 facet normal 0.971475 0.237141 0
  outer loop
   vertex 1970.3 1241.92 0
   vertex 1972.37 1233.44 900
   vertex 1972.37 1233.44 0
  endloop
 endfacet
 facet normal 0.973357 0.229295 -0
  outer loop
   vertex 1972.37 1233.44 0
   vertex 1972.37 1233.44 900
   vertex 1974.37 1224.95 900
  endloop
 endfacet
 facet normal 0.973357 0.229295 0
  outer loop
   vertex 1972.37 1233.44 0
   vertex 1974.37 1224.95 900
   vertex 1974.37 1224.95 0
  endloop
 endfacet
 facet normal 0.975234 0.221175 -0
  outer loop
   vertex 1974.37 1224.95 0
   vertex 1974.37 1224.95 900
   vertex 1976.3 1216.44 900
  endloop
 endfacet
 facet normal 0.975234 0.221175 0
  outer loop
   vertex 1974.37 1224.95 0
   vertex 1976.3 1216.44 900
   vertex 1976.3 1216.44 0
  endloop
 endfacet
 facet normal 0.97728 0.211954 -0
  outer loop
   vertex 1976.3 1216.44 0
   vertex 1976.3 1216.44 900
   vertex 1978.15 1207.91 900
  endloop
 endfacet
 facet normal 0.97728 0.211954 0
  outer loop
   vertex 1976.3 1216.44 0
   vertex 1978.15 1207.91 900
   vertex 1978.15 1207.91 0
  endloop
 endfacet
 facet normal 0.978961 0.204046 -0
  outer loop
   vertex 1978.15 1207.91 0
   vertex 1978.15 1207.91 900
   vertex 1979.93 1199.37 900
  endloop
 endfacet
 facet normal 0.978961 0.204046 0
  outer loop
   vertex 1978.15 1207.91 0
   vertex 1979.93 1199.37 900
   vertex 1979.93 1199.37 0
  endloop
 endfacet
 facet normal 0.980844 0.194794 -0
  outer loop
   vertex 1979.93 1199.37 0
   vertex 1979.93 1199.37 900
   vertex 1981.63 1190.81 900
  endloop
 endfacet
 facet normal 0.980844 0.194794 0
  outer loop
   vertex 1979.93 1199.37 0
   vertex 1981.63 1190.81 900
   vertex 1981.63 1190.81 0
  endloop
 endfacet
 facet normal 0.982389 0.186849 -0
  outer loop
   vertex 1981.63 1190.81 0
   vertex 1981.63 1190.81 900
   vertex 1983.26 1182.24 900
  endloop
 endfacet
 facet normal 0.982389 0.186849 0
  outer loop
   vertex 1981.63 1190.81 0
   vertex 1983.26 1182.24 900
   vertex 1983.26 1182.24 0
  endloop
 endfacet
 facet normal 0.984107 0.177575 -0
  outer loop
   vertex 1983.26 1182.24 0
   vertex 1983.26 1182.24 900
   vertex 1984.81 1173.65 900
  endloop
 endfacet
 facet normal 0.984107 0.177575 0
  outer loop
   vertex 1983.26 1182.24 0
   vertex 1984.81 1173.65 900
   vertex 1984.81 1173.65 0
  endloop
 endfacet
 facet normal 0.985513 0.1696 -0
  outer loop
   vertex 1984.81 1173.65 0
   vertex 1984.81 1173.65 900
   vertex 1986.29 1165.05 900
  endloop
 endfacet
 facet normal 0.985513 0.1696 0
  outer loop
   vertex 1984.81 1173.65 0
   vertex 1986.29 1165.05 900
   vertex 1986.29 1165.05 0
  endloop
 endfacet
 facet normal 0.987066 0.160312 -0
  outer loop
   vertex 1986.29 1165.05 0
   vertex 1986.29 1165.05 900
   vertex 1987.69 1156.43 900
  endloop
 endfacet
 facet normal 0.987066 0.160312 0
  outer loop
   vertex 1986.29 1165.05 0
   vertex 1987.69 1156.43 900
   vertex 1987.69 1156.43 0
  endloop
 endfacet
 facet normal 0.988305 0.152488 -0
  outer loop
   vertex 1987.69 1156.43 0
   vertex 1987.69 1156.43 900
   vertex 1989.02 1147.81 900
  endloop
 endfacet
 facet normal 0.988305 0.152488 0
  outer loop
   vertex 1987.69 1156.43 0
   vertex 1989.02 1147.81 900
   vertex 1989.02 1147.81 0
  endloop
 endfacet
 facet normal 0.989696 0.143185 -0
  outer loop
   vertex 1989.02 1147.81 0
   vertex 1989.02 1147.81 900
   vertex 1990.27 1139.17 900
  endloop
 endfacet
 facet normal 0.989696 0.143185 0
  outer loop
   vertex 1989.02 1147.81 0
   vertex 1990.27 1139.17 900
   vertex 1990.27 1139.17 0
  endloop
 endfacet
 facet normal 0.990955 0.134192 -0
  outer loop
   vertex 1990.27 1139.17 0
   vertex 1990.27 1139.17 900
   vertex 1991.44 1130.53 900
  endloop
 endfacet
 facet normal 0.990955 0.134192 0
  outer loop
   vertex 1990.27 1139.17 0
   vertex 1991.44 1130.53 900
   vertex 1991.44 1130.53 0
  endloop
 endfacet
 facet normal 0.991885 0.127135 -0
  outer loop
   vertex 1991.44 1130.53 0
   vertex 1991.44 1130.53 900
   vertex 1992.55 1121.87 900
  endloop
 endfacet
 facet normal 0.991885 0.127135 0
  outer loop
   vertex 1991.44 1130.53 0
   vertex 1992.55 1121.87 900
   vertex 1992.55 1121.87 0
  endloop
 endfacet
 facet normal 0.993151 0.116841 -0
  outer loop
   vertex 1992.55 1121.87 0
   vertex 1992.55 1121.87 900
   vertex 1993.57 1113.2 900
  endloop
 endfacet
 facet normal 0.993151 0.116841 0
  outer loop
   vertex 1992.55 1121.87 0
   vertex 1993.57 1113.2 900
   vertex 1993.57 1113.2 0
  endloop
 endfacet
 facet normal 0.99405 0.108921 -0
  outer loop
   vertex 1993.57 1113.2 0
   vertex 1993.57 1113.2 900
   vertex 1994.52 1104.53 900
  endloop
 endfacet
 facet normal 0.99405 0.108921 0
  outer loop
   vertex 1993.57 1113.2 0
   vertex 1994.52 1104.53 900
   vertex 1994.52 1104.53 0
  endloop
 endfacet
 facet normal 0.9949 0.100865 -0
  outer loop
   vertex 1994.52 1104.53 0
   vertex 1994.52 1104.53 900
   vertex 1995.4 1095.85 900
  endloop
 endfacet
 facet normal 0.9949 0.100865 0
  outer loop
   vertex 1994.52 1104.53 0
   vertex 1995.4 1095.85 900
   vertex 1995.4 1095.85 0
  endloop
 endfacet
 facet normal 0.995893 0.0905357 -0
  outer loop
   vertex 1995.4 1095.85 0
   vertex 1995.4 1095.85 900
   vertex 1996.19 1087.16 900
  endloop
 endfacet
 facet normal 0.995893 0.0905357 0
  outer loop
   vertex 1995.4 1095.85 0
   vertex 1996.19 1087.16 900
   vertex 1996.19 1087.16 0
  endloop
 endfacet
 facet normal 0.996498 0.0836142 -0
  outer loop
   vertex 1996.19 1087.16 0
   vertex 1996.19 1087.16 900
   vertex 1996.92 1078.46 900
  endloop
 endfacet
 facet normal 0.996498 0.0836142 0
  outer loop
   vertex 1996.19 1087.16 0
   vertex 1996.92 1078.46 900
   vertex 1996.92 1078.46 0
  endloop
 endfacet
 facet normal 0.997305 0.073365 -0
  outer loop
   vertex 1996.92 1078.46 0
   vertex 1996.92 1078.46 900
   vertex 1997.56 1069.76 900
  endloop
 endfacet
 facet normal 0.997305 0.073365 0
  outer loop
   vertex 1996.92 1078.46 0
   vertex 1997.56 1069.76 900
   vertex 1997.56 1069.76 0
  endloop
 endfacet
 facet normal 0.99779 0.066443 -0
  outer loop
   vertex 1997.56 1069.76 0
   vertex 1997.56 1069.76 900
   vertex 1998.14 1061.05 900
  endloop
 endfacet
 facet normal 0.99779 0.066443 0
  outer loop
   vertex 1997.56 1069.76 0
   vertex 1998.14 1061.05 900
   vertex 1998.14 1061.05 0
  endloop
 endfacet
 facet normal 0.998421 0.0561684 -0
  outer loop
   vertex 1998.14 1061.05 0
   vertex 1998.14 1061.05 900
   vertex 1998.63 1052.34 900
  endloop
 endfacet
 facet normal 0.998421 0.0561684 0
  outer loop
   vertex 1998.14 1061.05 0
   vertex 1998.63 1052.34 900
   vertex 1998.63 1052.34 0
  endloop
 endfacet
 facet normal 0.998842 0.0481094 -0
  outer loop
   vertex 1998.63 1052.34 0
   vertex 1998.63 1052.34 900
   vertex 1999.05 1043.62 900
  endloop
 endfacet
 facet normal 0.998842 0.0481094 0
  outer loop
   vertex 1998.63 1052.34 0
   vertex 1999.05 1043.62 900
   vertex 1999.05 1043.62 0
  endloop
 endfacet
 facet normal 0.999241 0.0389612 -0
  outer loop
   vertex 1999.05 1043.62 0
   vertex 1999.05 1043.62 900
   vertex 1999.39 1034.9 900
  endloop
 endfacet
 facet normal 0.999241 0.0389612 0
  outer loop
   vertex 1999.05 1043.62 0
   vertex 1999.39 1034.9 900
   vertex 1999.39 1034.9 0
  endloop
 endfacet
 facet normal 0.999521 0.0309485 -0
  outer loop
   vertex 1999.39 1034.9 0
   vertex 1999.39 1034.9 900
   vertex 1999.66 1026.18 900
  endloop
 endfacet
 facet normal 0.999521 0.0309485 0
  outer loop
   vertex 1999.39 1034.9 0
   vertex 1999.66 1026.18 900
   vertex 1999.66 1026.18 0
  endloop
 endfacet
 facet normal 0.999763 0.0217589 -0
  outer loop
   vertex 1999.66 1026.18 0
   vertex 1999.66 1026.18 900
   vertex 1999.85 1017.45 900
  endloop
 endfacet
 facet normal 0.999763 0.0217589 0
  outer loop
   vertex 1999.66 1026.18 0
   vertex 1999.85 1017.45 900
   vertex 1999.85 1017.45 0
  endloop
 endfacet
 facet normal 0.99992 0.0126137 -0
  outer loop
   vertex 1999.85 1017.45 0
   vertex 1999.85 1017.45 900
   vertex 1999.96 1008.73 900
  endloop
 endfacet
 facet normal 0.99992 0.0126137 0
  outer loop
   vertex 1999.85 1017.45 0
   vertex 1999.96 1008.73 900
   vertex 1999.96 1008.73 0
  endloop
 endfacet
 facet normal 0.99999 0.00458185 -0
  outer loop
   vertex 1999.96 1008.73 0
   vertex 1999.96 1008.73 900
   vertex 2000 1000 900
  endloop
 endfacet
 facet normal 0 -0 -1
  outer loop
   vertex 1999.85 1017.45 0
   vertex 1999.96 1008.73 0
   vertex 1000 1000 0
  endloop
 endfacet
 facet normal 0 0 -1
  outer loop
   vertex 1000 1000 0
   vertex 1999.96 1008.73 0
   vertex 2000 1000 0
  endloop
 endfacet
 facet normal 0 0 -1
  outer loop
   vertex 1000 1000 0
   vertex 2000 1000 0
   vertex 1999.96 991.273 0
  endloop
 endfacet
 facet normal 0 -0 -1
  outer loop
   vertex 1999.05 1043.62 0
   vertex 1999.39 1034.9 0
   vertex 1000 1000 0
  endloop
 endfacet
 facet normal 0 0 -1
  outer loop
   vertex 1000 1000 0
   vertex 1999.39 1034.9 0
   vertex 1999.66 1026.18 0
  endloop
 endfacet
 facet normal 0 0 -1
  outer loop
   vertex 1000 1000 0
   vertex 1999.66 1026.18 0
   vertex 1999.85 1017.45 0
  endloop
 endfacet
 facet normal 0 -0 -1
  outer loop
   vertex 1997.56 1069.76 0
   vertex 1998.14 1061.05 0
   vertex 1000 1000 0
  endloop
 endfacet
 facet normal 0 0 -1
  outer loop
   vertex 1000 1000 0
   vertex 1998.14 1061.05 0
   vertex 1998.63 1052.34 0
  endloop
 endfacet
 facet normal 0 0 -1
  outer loop
   vertex 1000 1000 0
   vertex 1998.63 1052.34 0
   vertex 1999.05 1043.62 0
  endloop
 endfacet
 facet normal 0 -0 -1
  outer loop
   vertex 1995.4 1095.85 0
   vertex 1996.19 1087.16 0
   vertex 1000 1000 0
  endloop
 endfacet
 facet normal 0 0 -1
  outer loop
   vertex 1000 1000 0
   vertex 1996.19 1087.16 0
   vertex 1996.92 1078.46 0
  endloop
 endfacet
 facet normal 0 0 -1
  outer loop
   vertex 1000 1000 0
   vertex 1996.92 1078.46 0
   vertex 1997.56 1069.76 0
  endloop
 endfacet
 facet normal 0 -0 -1
  outer loop
   vertex 1992.55 1121.87 0
   vertex 1993.57 1113.2 0
   vertex 1000 1000 0
  endloop
 endfacet
 facet normal 0 0 -1
  outer loop
   vertex 1000 1000 0
   vertex 1993.57 1113.2 0
   vertex 1994.52 1104.53 0
  endloop
 endfacet
 facet normal 0 0 -1
  outer loop
   vertex 1000 1000 0
   vertex 1994.52 1104.53 0
   vertex 1995.4 1095.85 0
  endloop
 endfacet
 facet normal 0 -0 -1
  outer loop
   vertex 1989.02 1147.81 0
   vertex 1990.27 1139.17 0
   vertex 1000 1000 0
  endloop
 endfacet
 facet normal 0 0 -1
  outer loop
   vertex 1000 1000 0
   vertex 1990.27 1139.17 0
   vertex 1991.44 1130.53 0
  endloop
 endfacet
 facet normal 0 0 -1
  outer loop
   vertex 1000 1000 0
   vertex 1991.44 1130.53 0
   vertex 1992.55 1121.87 0
  endloop
 endfacet
 facet normal 0 -0 -1
  outer loop
   vertex 1984.81 1173.65 0
   vertex 1986.29 1165.05 0
   vertex 1000 1000 0
  endloop
 endfacet
 facet normal 0 0 -1
  outer loop
   vertex 1000 1000 0
   vertex 1986.29 1165.05 0
   vertex 1987.69 1156.43 0
  endloop
 endfacet
 facet normal 0 0 -1
  outer loop
   vertex 1000 1000 0
   vertex 1987.69 1156.43 0
   vertex 1989.02 1147.81 0
  endloop
 endfacet
 facet normal 0 -0 -1
  outer loop
   vertex 1979.93 1199.37 0
   vertex 1981.63 1190.81 0
   vertex 1000 1000 0
  endloop
 endfacet
 facet normal 0 0 -1
  outer loop
   vertex 1000 1000 0
   vertex 1981.63 1190.81 0
   vertex 1983.26 1182.24 0
  endloop
 endfacet
 facet normal 0 0 -1
  outer loop
   vertex 1000 1000 0
   vertex 1983.26 1182.24 0
   vertex 1984.81 1173.65 0
  endloop
 endfacet
 facet normal 0 -0 -1
  outer loop
   vertex 1974.37 1224.95 0
   vertex 1976.3 1216.44 0
   vertex 1000 1000 0
  endloop
 endfacet
 facet normal 0 0 -1
  outer loop
   vertex 1000 1000 0
   vertex 1976.3 1216.44 0
   vertex 1978.15 1207.91 0
  endloop
 endfacet
 facet normal 0 0 -1
  outer loop
   vertex 1000 1000 0
   vertex 1978.15 1207.91 0
   vertex 1979.93 1199.37 0
  endloop
 endfacet
 facet normal 0 -0 -1
  outer loop
   vertex 1968.15 1250.38 0
   vertex 1970.3 1241.92 0
   vertex 1000 1000 0
  endloop
 endfacet
 facet normal 0 0 -1
  outer loop
   vertex 1000 1000 0
   vertex 1970.3 1241.92 0
   vertex 1972.37 1233.44 0
  endloop
 endfacet
 facet normal 0 0 -1
  outer loop
   vertex 1000 1000 0
   vertex 1972.37 1233.44 0
   vertex 1974.37 1224.95 0
  endloop
 endfacet
 facet normal 0 -0 -1
  outer loop
   vertex 1961.26 1275.64 0
   vertex 1963.63 1267.24 0
   vertex 1000 1000 0
  endloop
 endfacet
 facet normal 0 0 -1
  outer loop
   vertex 1000 1000 0
   vertex 1963.63 1267.24 0
   vertex 1965.93 1258.82 0
  endloop
 endfacet
 facet normal 0 0 -1
  outer loop
   vertex 1000 1000 0
   vertex 1965.93 1258.82 0
   vertex 1968.15 1250.38 0
  endloop
 endfacet
 facet normal 0 -0 -1
  outer loop
   vertex 1953.72 1300.71 0
   vertex 1956.31 1292.37 0
   vertex 1000 1000 0
  endloop
 endfacet
 facet normal 0 0 -1
  outer loop
   vertex 1000 1000 0
   vertex 1956.31 1292.37 0
   vertex 1958.82 1284.02 0
  endloop
 endfacet
 facet normal 0 0 -1
  outer loop
   vertex 1000 1000 0
   vertex 1958.82 1284.02 0
   vertex 1961.26 1275.64 0
  endloop
 endfacet
 facet normal 0 -0 -1
  outer loop
   vertex 1945.52 1325.57 0
   vertex 1948.32 1317.31 0
   vertex 1000 1000 0
  endloop
 endfacet
 facet normal 0 0 -1
  outer loop
   vertex 1000 1000 0
   vertex 1948.32 1317.31 0
   vertex 1951.06 1309.02 0
  endloop
 endfacet
 facet normal 0 0 -1
  outer loop
   vertex 1000 1000 0
   vertex 1951.06 1309.02 0
   vertex 1953.72 1300.71 0
  endloop
 endfacet
 facet normal 0 -0 -1
  outer loop
   vertex 1936.67 1350.21 0
   vertex 1939.69 1342.02 0
   vertex 1000 1000 0
  endloop
 endfacet
 facet normal 0 0 -1
  outer loop
   vertex 1000 1000 0
   vertex 1939.69 1342.02 0
   vertex 1942.64 1333.81 0
  endloop
 endfacet
 facet normal 0 0 -1
  outer loop
   vertex 1000 1000 0
   vertex 1942.64 1333.81 0
   vertex 1945.52 1325.57 0
  endloop
 endfacet
 facet normal 0 -0 -1
  outer loop
   vertex 1927.18 1374.61 0
   vertex 1930.42 1366.5 0
   vertex 1000 1000 0
  endloop
 endfacet
 facet normal 0 0 -1
  outer loop
   vertex 1000 1000 0
   vertex 1930.42 1366.5 0
   vertex 1933.58 1358.37 0
  endloop
 endfacet
 facet normal 0 0 -1
  outer loop
   vertex 1000 1000 0
   vertex 1933.58 1358.37 0
   vertex 1936.67 1350.21 0
  endloop
 endfacet
 facet normal 0 -0 -1
  outer loop
   vertex 1917.06 1398.75 0
   vertex 1920.51 1390.73 0
   vertex 1000 1000 0
  endloop
 endfacet
 facet normal 0 0 -1
  outer loop
   vertex 1000 1000 0
   vertex 1920.51 1390.73 0
   vertex 1923.88 1382.68 0
  endloop
 endfacet
 facet normal 0 0 -1
  outer loop
   vertex 1000 1000 0
   vertex 1923.88 1382.68 0
   vertex 1927.18 1374.61 0
  endloop
 endfacet
 facet normal 0 -0 -1
  outer loop
   vertex 1906.31 1422.62 0
   vertex 1909.96 1414.69 0
   vertex 1000 1000 0
  endloop
 endfacet
 facet normal 0 0 -1
  outer loop
   vertex 1000 1000 0
   vertex 1909.96 1414.69 0
   vertex 1913.55 1406.74 0
  endloop
 endfacet
 facet normal 0 0 -1
  outer loop
   vertex 1000 1000 0
   vertex 1913.55 1406.74 0
   vertex 1917.06 1398.75 0
  endloop
 endfacet
 facet normal 0 -0 -1
  outer loop
   vertex 1894.93 1446.2 0
   vertex 1898.79 1438.37 0
   vertex 1000 1000 0
  endloop
 endfacet
 facet normal 0 0 -1
  outer loop
   vertex 1000 1000 0
   vertex 1898.79 1438.37 0
   vertex 1902.58 1430.51 0
  endloop
 endfacet
 facet normal 0 0 -1
  outer loop
   vertex 1000 1000 0
   vertex 1902.58 1430.51 0
   vertex 1906.31 1422.62 0
  endloop
 endfacet
 facet normal 0 -0 -1
  outer loop
   vertex 1882.95 1469.47 0
   vertex 1887.01 1461.75 0
   vertex 1000 1000 0
  endloop
 endfacet
 facet normal 0 0 -1
  outer loop
   vertex 1000 1000 0
   vertex 1887.01 1461.75 0
   vertex 1891.01 1453.99 0
  endloop
 endfacet
 facet normal 0 0 -1
  outer loop
   vertex 1000 1000 0
   vertex 1891.01 1453.99 0
   vertex 1894.93 1446.2 0
  endloop
 endfacet
 facet normal 0 -0 -1
  outer loop
   vertex 1870.36 1492.42 0
   vertex 1874.62 1484.81 0
   vertex 1000 1000 0
  endloop
 endfacet
 facet normal 0 0 -1
  outer loop
   vertex 1000 1000 0
   vertex 1874.62 1484.81 0
   vertex 1878.82 1477.16 0
  endloop
 endfacet
 facet normal 0 0 -1
  outer loop
   vertex 1000 1000 0
   vertex 1878.82 1477.16 0
   vertex 1882.95 1469.47 0
  endloop
 endfacet
 facet normal 0 -0 -1
  outer loop
   vertex 1857.17 1515.04 0
   vertex 1861.63 1507.54 0
   vertex 1000 1000 0
  endloop
 endfacet
 facet normal 0 0 -1
  outer loop
   vertex 1000 1000 0
   vertex 1861.63 1507.54 0
   vertex 1866.03 1500 0
  endloop
 endfacet
 facet normal 0 0 -1
  outer loop
   vertex 1000 1000 0
   vertex 1866.03 1500 0
   vertex 1870.36 1492.42 0
  endloop
 endfacet
 facet normal 0 -0 -1
  outer loop
   vertex 1843.39 1537.3 0
   vertex 1848.05 1529.92 0
   vertex 1000 1000 0
  endloop
 endfacet
 facet normal 0 0 -1
  outer loop
   vertex 1000 1000 0
   vertex 1848.05 1529.92 0
   vertex 1852.64 1522.5 0
  endloop
 endfacet
 facet normal 0 0 -1
  outer loop
   vertex 1000 1000 0
   vertex 1852.64 1522.5 0
   vertex 1857.17 1515.04 0
  endloop
 endfacet
 facet normal 0 -0 -1
  outer loop
   vertex 1829.04 1559.19 0
   vertex 1833.89 1551.94 0
   vertex 1000 1000 0
  endloop
 endfacet
 facet normal 0 0 -1
  outer loop
   vertex 1000 1000 0
   vertex 1833.89 1551.94 0
   vertex 1838.67 1544.64 0
  endloop
 endfacet
 facet normal 0 0 -1
  outer loop
   vertex 1000 1000 0
   vertex 1838.67 1544.64 0
   vertex 1843.39 1537.3 0
  endloop
 endfacet
 facet normal 0 -0 -1
  outer loop
   vertex 1814.12 1580.7 0
   vertex 1819.15 1573.58 0
   vertex 1000 1000 0
  endloop
 endfacet
 facet normal 0 0 -1
  outer loop
   vertex 1000 1000 0
   vertex 1819.15 1573.58 0
   vertex 1824.13 1566.41 0
  endloop
 endfacet
 facet normal 0 0 -1
  outer loop
   vertex 1000 1000 0
   vertex 1824.13 1566.41 0
   vertex 1829.04 1559.19 0
  endloop
 endfacet
 facet normal 0 -0 -1
  outer loop
   vertex 1798.64 1601.81 0
   vertex 1803.86 1594.82 0
   vertex 1000 1000 0
  endloop
 endfacet
 facet normal 0 0 -1
  outer loop
   vertex 1000 1000 0
   vertex 1803.86 1594.82 0
   vertex 1809.02 1587.79 0
  endloop
 endfacet
 facet normal 0 0 -1
  outer loop
   vertex 1000 1000 0
   vertex 1809.02 1587.79 0
   vertex 1814.12 1580.7 0
  endloop
 endfacet
 facet normal 0 -0 -1
  outer loop
   vertex 1782.61 1622.52 0
   vertex 1788.01 1615.66 0
   vertex 1000 1000 0
  endloop
 endfacet
 facet normal 0 0 -1
  outer loop
   vertex 1000 1000 0
   vertex 1788.01 1615.66 0
   vertex 1793.35 1608.76 0
  endloop
 endfacet
 facet normal 0 0 -1
  outer loop
   vertex 1000 1000 0
   vertex 1793.35 1608.76 0
   vertex 1798.64 1601.81 0
  endloop
 endfacet
 facet normal 0 -0 -1
  outer loop
   vertex 1766.04 1642.79 0
   vertex 1771.62 1636.08 0
   vertex 1000 1000 0
  endloop
 endfacet
 facet normal 0 0 -1
  outer loop
   vertex 1000 1000 0
   vertex 1771.62 1636.08 0
   vertex 1777.15 1629.32 0
  endloop
 endfacet
 facet normal 0 0 -1
  outer loop
   vertex 1000 1000 0
   vertex 1777.15 1629.32 0
   vertex 1782.61 1622.52 0
  endloop
 endfacet
 facet normal 0 -0 -1
  outer loop
   vertex 1748.96 1662.62 0
   vertex 1754.71 1656.06 0
   vertex 1000 1000 0
  endloop
 endfacet
 facet normal 0 0 -1
  outer loop
   vertex 1000 1000 0
   vertex 1754.71 1656.06 0
   vertex 1760.41 1649.45 0
  endloop
 endfacet
 facet normal 0 0 -1
  outer loop
   vertex 1000 1000 0
   vertex 1760.41 1649.45 0
   vertex 1766.04 1642.79 0
  endloop
 endfacet
 facet normal 0 -0 -1
  outer loop
   vertex 1731.35 1682 0
   vertex 1737.28 1675.59 0
   vertex 1000 1000 0
  endloop
 endfacet
 facet normal 0 0 -1
  outer loop
   vertex 1000 1000 0
   vertex 1737.28 1675.59 0
   vertex 1743.15 1669.13 0
  endloop
 endfacet
 facet normal 0 0 -1
  outer loop
   vertex 1000 1000 0
   vertex 1743.15 1669.13 0
   vertex 1748.96 1662.62 0
  endloop
 endfacet
 facet normal 0 -0 -1
  outer loop
   vertex 1713.25 1700.91 0
   vertex 1719.34 1694.66 0
   vertex 1000 1000 0
  endloop
 endfacet
 facet normal 0 0 -1
  outer loop
   vertex 1000 1000 0
   vertex 1719.34 1694.66 0
   vertex 1725.37 1688.35 0
  endloop
 endfacet
 facet normal 0 0 -1
  outer loop
   vertex 1000 1000 0
   vertex 1725.37 1688.35 0
   vertex 1731.35 1682 0
  endloop
 endfacet
 facet normal 0 -0 -1
  outer loop
   vertex 1694.66 1719.34 0
   vertex 1700.91 1713.25 0
   vertex 1000 1000 0
  endloop
 endfacet
 facet normal 0 0 -1
  outer loop
   vertex 1000 1000 0
   vertex 1700.91 1713.25 0
   vertex 1707.11 1707.11 0
  endloop
 endfacet
 facet normal 0 0 -1
  outer loop
   vertex 1000 1000 0
   vertex 1707.11 1707.11 0
   vertex 1713.25 1700.91 0
  endloop
 endfacet
 facet normal 0 -0 -1
  outer loop
   vertex 1675.59 1737.28 0
   vertex 1682 1731.35 0
   vertex 1000 1000 0
  endloop
 endfacet
 facet normal 0 0 -1
  outer loop
   vertex 1000 1000 0
   vertex 1682 1731.35 0
   vertex 1688.35 1725.37 0
  endloop
 endfacet
 facet normal 0 0 -1
  outer loop
   vertex 1000 1000 0
   vertex 1688.35 1725.37 0
   vertex 1694.66 1719.34 0
  endloop
 endfacet
 facet normal 0 -0 -1
  outer loop
   vertex 1656.06 1754.71 0
   vertex 1662.62 1748.96 0
   vertex 1000 1000 0
  endloop
 endfacet
 facet normal 0 0 -1
  outer loop
   vertex 1000 1000 0
   vertex 1662.62 1748.96 0
   vertex 1669.13 1743.15 0
  endloop
 endfacet
 facet normal 0 0 -1
  outer loop
   vertex 1000 1000 0
   vertex 1669.13 1743.15 0
   vertex 1675.59 1737.28 0
  endloop
 endfacet
 facet normal 0 -0 -1
  outer loop
   vertex 1636.08 1771.62 0
   vertex 1642.79 1766.04 0
   vertex 1000 1000 0
  endloop
 endfacet
 facet normal 0 0 -1
  outer loop
   vertex 1000 1000 0
   vertex 1642.79 1766.04 0
   vertex 1649.45 1760.41 0
  endloop
 endfacet
 facet normal 0 0 -1
  outer loop
   vertex 1000 1000 0
   vertex 1649.45 1760.41 0
   vertex 1656.06 1754.71 0
  endloop
 endfacet
 facet normal 0 -0 -1
  outer loop
   vertex 1615.66 1788.01 0
   vertex 1622.52 1782.61 0
   vertex 1000 1000 0
  endloop
 endfacet
 facet normal 0 0 -1
  outer loop
   vertex 1000 1000 0
   vertex 1622.52 1782.61 0
   vertex 1629.32 1777.15 0
  endloop
 endfacet
 facet normal 0 0 -1
  outer loop
   vertex 1000 1000 0
   vertex 1629.32 1777.15 0
   vertex 1636.08 1771.62 0
  endloop
 endfacet
 facet normal 0 -0 -1
  outer loop
   vertex 1594.82 1803.86 0
   vertex 1601.81 1798.64 0
   vertex 1000 1000 0
  endloop
 endfacet
 facet normal 0 0 -1
  outer loop
   vertex 1000 1000 0
   vertex 1601.81 1798.64 0
   vertex 1608.76 1793.35 0
  endloop
 endfacet
 facet normal 0 0 -1
  outer loop
   vertex 1000 1000 0
   vertex 1608.76 1793.35 0
   vertex 1615.66 1788.01 0
  endloop
 endfacet
 facet normal 0 -0 -1
  outer loop
   vertex 1573.58 1819.15 0
   vertex 1580.7 1814.12 0
   vertex 1000 1000 0
  endloop
 endfacet
 facet normal 0 0 -1
  outer loop
   vertex 1000 1000 0
   vertex 1580.7 1814.12 0
   vertex 1587.79 1809.02 0
  endloop
 endfacet
 facet normal 0 0 -1
  outer loop
   vertex 1000 1000 0
   vertex 1587.79 1809.02 0
   vertex 1594.82 1803.86 0
  endloop
 endfacet
 facet normal 0 -0 -1
  outer loop
   vertex 1551.94 1833.89 0
   vertex 1559.19 1829.04 0
   vertex 1000 1000 0
  endloop
 endfacet
 facet normal 0 0 -1
  outer loop
   vertex 1000 1000 0
   vertex 1559.19 1829.04 0
   vertex 1566.41 1824.13 0
  endloop
 endfacet
 facet normal 0 0 -1
  outer loop
   vertex 1000 1000 0
   vertex 1566.41 1824.13 0
   vertex 1573.58 1819.15 0
  endloop
 endfacet
 facet normal 0 -0 -1
  outer loop
   vertex 1529.92 1848.05 0
   vertex 1537.3 1843.39 0
   vertex 1000 1000 0
  endloop
 endfacet
 facet normal 0 0 -1
  outer loop
   vertex 1000 1000 0
   vertex 1537.3 1843.39 0
   vertex 1544.64 1838.67 0
  endloop
 endfacet
 facet normal 0 0 -1
  outer loop
   vertex 1000 1000 0
   vertex 1544.64 1838.67 0
   vertex 1551.94 1833.89 0
  endloop
 endfacet
 facet normal 0 -0 -1
  outer loop
   vertex 1507.54 1861.63 0
   vertex 1515.04 1857.17 0
   vertex 1000 1000 0
  endloop
 endfacet
 facet normal 0 0 -1
  outer loop
   vertex 1000 1000 0
   vertex 1515.04 1857.17 0
   vertex 1522.5 1852.64 0
  endloop
 endfacet
 facet normal 0 0 -1
  outer loop
   vertex 1000 1000 0
   vertex 1522.5 1852.64 0
   vertex 1529.92 1848.05 0
  endloop
 endfacet
 facet normal 0 -0 -1
  outer loop
   vertex 1484.81 1874.62 0
   vertex 1492.42 1870.36 0
   vertex 1000 1000 0
  endloop
 endfacet
 facet normal 0 0 -1
  outer loop
   vertex 1000 1000 0
   vertex 1492.42 1870.36 0
   vertex 1500 1866.03 0
  endloop
 endfacet
 facet normal 0 0 -1
  outer loop
   vertex 1000 1000 0
   vertex 1500 1866.03 0
   vertex 1507.54 1861.63 0
  endloop
 endfacet
 facet normal 0 -0 -1
  outer loop
   vertex 1461.75 1887.01 0
   vertex 1469.47 1882.95 0
   vertex 1000 1000 0
  endloop
 endfacet
 facet normal 0 0 -1
  outer loop
   vertex 1000 1000 0
   vertex 1469.47 1882.95 0
   vertex 1477.16 1878.82 0
  endloop
 endfacet
 facet normal 0 0 -1
  outer loop
   vertex 1000 1000 0
   vertex 1477.16 1878.82 0
   vertex 1484.81 1874.62 0
  endloop
 endfacet
 facet normal 0 -0 -1
  outer loop
   vertex 1438.37 1898.79 0
   vertex 1446.2 1894.93 0
   vertex 1000 1000 0
  endloop
 endfacet
 facet normal 0 0 -1
  outer loop
   vertex 1000 1000 0
   vertex 1446.2 1894.93 0
   vertex 1453.99 1891.01 0
  endloop
 endfacet
 facet normal 0 0 -1
  outer loop
   vertex 1000 1000 0
   vertex 1453.99 1891.01 0
   vertex 1461.75 1887.01 0
  endloop
 endfacet
 facet normal 0 -0 -1
  outer loop
   vertex 1414.69 1909.96 0
   vertex 1422.62 1906.31 0
   vertex 1000 1000 0
  endloop
 endfacet
 facet normal 0 0 -1
  outer loop
   vertex 1000 1000 0
   vertex 1422.62 1906.31 0
   vertex 1430.51 1902.58 0
  endloop
 endfacet
 facet normal 0 0 -1
  outer loop
   vertex 1000 1000 0
   vertex 1430.51 1902.58 0
   vertex 1438.37 1898.79 0
  endloop
 endfacet
 facet normal 0 -0 -1
  outer loop
   vertex 1390.73 1920.51 0
   vertex 1398.75 1917.06 0
   vertex 1000 1000 0
  endloop
 endfacet
 facet normal 0 0 -1
  outer loop
   vertex 1000 1000 0
   vertex 1398.75 1917.06 0
   vertex 1406.74 1913.55 0
  endloop
 endfacet
 facet normal 0 0 -1
  outer loop
   vertex 1000 1000 0
   vertex 1406.74 1913.55 0
   vertex 1414.69 1909.96 0
  endloop
 endfacet
 facet normal 0 -0 -1
  outer loop
   vertex 1366.5 1930.42 0
   vertex 1374.61 1927.18 0
   vertex 1000 1000 0
  endloop
 endfacet
 facet normal 0 0 -1
  outer loop
   vertex 1000 1000 0
   vertex 1374.61 1927.18 0
   vertex 1382.68 1923.88 0
  endloop
 endfacet
 facet normal 0 0 -1
  outer loop
   vertex 1000 1000 0
   vertex 1382.68 1923.88 0
   vertex 1390.73 1920.51 0
  endloop
 endfacet
 facet normal 0 -0 -1
  outer loop
   vertex 1342.02 1939.69 0
   vertex 1350.21 1936.67 0
   vertex 1000 1000 0
  endloop
 endfacet
 facet normal 0 0 -1
  outer loop
   vertex 1000 1000 0
   vertex 1350.21 1936.67 0
   vertex 1358.37 1933.58 0
  endloop
 endfacet
 facet normal 0 0 -1
  outer loop
   vertex 1000 1000 0
   vertex 1358.37 1933.58 0
   vertex 1366.5 1930.42 0
  endloop
 endfacet
 facet normal 0 -0 -1
  outer loop
   vertex 1317.31 1948.32 0
   vertex 1325.57 1945.52 0
   vertex 1000 1000 0
  endloop
 endfacet
 facet normal 0 0 -1
  outer loop
   vertex 1000 1000 0
   vertex 1325.57 1945.52 0
   vertex 1333.81 1942.64 0
  endloop
 endfacet
 facet normal 0 0 -1
  outer loop
   vertex 1000 1000 0
   vertex 1333.81 1942.64 0
   vertex 1342.02 1939.69 0
  endloop
 endfacet
 facet normal 0 -0 -1
  outer loop
   vertex 1292.37 1956.31 0
   vertex 1300.71 1953.72 0
   vertex 1000 1000 0
  endloop
 endfacet
 facet normal 0 0 -1
  outer loop
   vertex 1000 1000 0
   vertex 1300.71 1953.72 0
   vertex 1309.02 1951.06 0
  endloop
 endfacet
 facet normal 0 0 -1
  outer loop
   vertex 1000 1000 0
   vertex 1309.02 1951.06 0
   vertex 1317.31 1948.32 0
  endloop
 endfacet
 facet normal 0 -0 -1
  outer loop
   vertex 1267.24 1963.63 0
   vertex 1275.64 1961.26 0
   vertex 1000 1000 0
  endloop
 endfacet
 facet normal 0 0 -1
  outer loop
   vertex 1000 1000 0
   vertex 1275.64 1961.26 0
   vertex 1284.02 1958.82 0
  endloop
 endfacet
 facet normal 0 0 -1
  outer loop
   vertex 1000 1000 0
   vertex 1284.02 1958.82 0
   vertex 1292.37 1956.31 0
  endloop
 endfacet
 facet normal 0 -0 -1
  outer loop
   vertex 1241.92 1970.3 0
   vertex 1250.38 1968.15 0
   vertex 1000 1000 0
  endloop
 endfacet
 facet normal 0 0 -1
  outer loop
   vertex 1000 1000 0
   vertex 1250.38 1968.15 0
   vertex 1258.82 1965.93 0
  endloop
 endfacet
 facet normal 0 0 -1
  outer loop
   vertex 1000 1000 0
   vertex 1258.82 1965.93 0
   vertex 1267.24 1963.63 0
  endloop
 endfacet
 facet normal 0 -0 -1
  outer loop
   vertex 1216.44 1976.3 0
   vertex 1224.95 1974.37 0
   vertex 1000 1000 0
  endloop
 endfacet
 facet normal 0 0 -1
  outer loop
   vertex 1000 1000 0
   vertex 1224.95 1974.37 0
   vertex 1233.44 1972.37 0
  endloop
 endfacet
 facet normal 0 0 -1
  outer loop
   vertex 1000 1000 0
   vertex 1233.44 1972.37 0
   vertex 1241.92 1970.3 0
  endloop
 endfacet
 facet normal 0 -0 -1
  outer loop
   vertex 1190.81 1981.63 0
   vertex 1199.37 1979.93 0
   vertex 1000 1000 0
  endloop
 endfacet
 facet normal 0 0 -1
  outer loop
   vertex 1000 1000 0
   vertex 1199.37 1979.93 0
   vertex 1207.91 1978.15 0
  endloop
 endfacet
 facet normal 0 0 -1
  outer loop
   vertex 1000 1000 0
   vertex 1207.91 1978.15 0
   vertex 1216.44 1976.3 0
  endloop
 endfacet
 facet normal 0 -0 -1
  outer loop
   vertex 1165.05 1986.29 0
   vertex 1173.65 1984.81 0
   vertex 1000 1000 0
  endloop
 endfacet
 facet normal 0 0 -1
  outer loop
   vertex 1000 1000 0
   vertex 1173.65 1984.81 0
   vertex 1182.24 1983.26 0
  endloop
 endfacet
 facet normal 0 0 -1
  outer loop
   vertex 1000 1000 0
   vertex 1182.24 1983.26 0
   vertex 1190.81 1981.63 0
  endloop
 endfacet
 facet normal 0 -0 -1
  outer loop
   vertex 1139.17 1990.27 0
   vertex 1147.81 1989.02 0
   vertex 1000 1000 0
  endloop
 endfacet
 facet normal 0 0 -1
  outer loop
   vertex 1000 1000 0
   vertex 1147.81 1989.02 0
   vertex 1156.43 1987.69 0
  endloop
 endfacet
 facet normal 0 0 -1
  outer loop
   vertex 1000 1000 0
   vertex 1156.43 1987.69 0
   vertex 1165.05 1986.29 0
  endloop
 endfacet
 facet normal 0 -0 -1
  outer loop
   vertex 1113.2 1993.57 0
   vertex 1121.87 1992.55 0
   vertex 1000 1000 0
  endloop
 endfacet
 facet normal 0 0 -1
  outer loop
   vertex 1000 1000 0
   vertex 1121.87 1992.55 0
   vertex 1130.53 1991.44 0
  endloop
 endfacet
 facet normal 0 0 -1
  outer loop
   vertex 1000 1000 0
   vertex 1130.53 1991.44 0
   vertex 1139.17 1990.27 0
  endloop
 endfacet
 facet normal 0 -0 -1
  outer loop
   vertex 1087.16 1996.19 0
   vertex 1095.85 1995.4 0
   vertex 1000 1000 0
  endloop
 endfacet
 facet normal 0 0 -1
  outer loop
   vertex 1000 1000 0
   vertex 1095.85 1995.4 0
   vertex 1104.53 1994.52 0
  endloop
 endfacet
 facet normal 0 0 -1
  outer loop
   vertex 1000 1000 0
   vertex 1104.53 1994.52 0
   vertex 1113.2 1993.57 0
  endloop
 endfacet
 facet normal 0 -0 -1
  outer loop
   vertex 1061.05 1998.14 0
   vertex 1069.76 1997.56 0
   vertex 1000 1000 0
  endloop
 endfacet
 facet normal 0 0 -1
  outer loop
   vertex 1000 1000 0
   vertex 1069.76 1997.56 0
   vertex 1078.46 1996.92 0
  endloop
 endfacet
 facet normal 0 0 -1
  outer loop
   vertex 1000 1000 0
   vertex 1078.46 1996.92 0
   vertex 1087.16 1996.19 0
  endloop
 endfacet
 facet normal 0 -0 -1
  outer loop
   vertex 1034.9 1999.39 0
   vertex 1043.62 1999.05 0
   vertex 1000 1000 0
  endloop
 endfacet
 facet normal 0 0 -1
  outer loop
   vertex 1000 1000 0
   vertex 1043.62 1999.05 0
   vertex 1052.34 1998.63 0
  endloop
 endfacet
 facet normal 0 0 -1
  outer loop
   vertex 1000 1000 0
   vertex 1052.34 1998.63 0
   vertex 1061.05 1998.14 0
  endloop
 endfacet
 facet normal 0 -0 -1
  outer loop
   vertex 1008.73 1999.96 0
   vertex 1017.45 1999.85 0
   vertex 1000 1000 0
  endloop
 endfacet
 facet normal 0 0 -1
  outer loop
   vertex 1000 1000 0
   vertex 1017.45 1999.85 0
   vertex 1026.18 1999.66 0
  endloop
 endfacet
 facet normal 0 0 -1
  outer loop
   vertex 1000 1000 0
   vertex 1026.18 1999.66 0
   vertex 1034.9 1999.39 0
  endloop
 endfacet
 facet normal 0 0 -1
  outer loop
   vertex 982.548 1999.85 0
   vertex 991.273 1999.96 0
   vertex 1000 1000 0
  endloop
 endfacet
 facet normal 0 0 -1
  outer loop
   vertex 1000 1000 0
   vertex 991.273 1999.96 0
   vertex 1000 2000 0
  endloop
 endfacet
 facet normal 0 0 -1
  outer loop
   vertex 1000 1000 0
   vertex 1000 2000 0
   vertex 1008.73 1999.96 0
  endloop
 endfacet
 facet normal 0 0 -1
  outer loop
   vertex 956.381 1999.05 0
   vertex 965.101 1999.39 0
   vertex 1000 1000 0
  endloop
 endfacet
 facet normal 0 0 -1
  outer loop
   vertex 1000 1000 0
   vertex 965.101 1999.39 0
   vertex 973.823 1999.66 0
  endloop
 endfacet
 facet normal 0 0 -1
  outer loop
   vertex 1000 1000 0
   vertex 973.823 1999.66 0
   vertex 982.548 1999.85 0
  endloop
 endfacet
 facet normal 0 0 -1
  outer loop
   vertex 930.244 1997.56 0
   vertex 938.951 1998.14 0
   vertex 1000 1000 0
  endloop
 endfacet
 facet normal 0 0 -1
  outer loop
   vertex 1000 1000 0
   vertex 938.951 1998.14 0
   vertex 947.664 1998.63 0
  endloop
 endfacet
 facet normal 0 0 -1
  outer loop
   vertex 1000 1000 0
   vertex 947.664 1998.63 0
   vertex 956.381 1999.05 0
  endloop
 endfacet
 facet normal 0 0 -1
  outer loop
   vertex 904.154 1995.4 0
   vertex 912.844 1996.19 0
   vertex 1000 1000 0
  endloop
 endfacet
 facet normal 0 0 -1
  outer loop
   vertex 1000 1000 0
   vertex 912.844 1996.19 0
   vertex 921.541 1996.92 0
  endloop
 endfacet
 facet normal 0 0 -1
  outer loop
   vertex 1000 1000 0
   vertex 921.541 1996.92 0
   vertex 930.244 1997.56 0
  endloop
 endfacet
 facet normal 0 0 -1
  outer loop
   vertex 878.131 1992.55 0
   vertex 886.797 1993.57 0
   vertex 1000 1000 0
  endloop
 endfacet
 facet normal 0 0 -1
  outer loop
   vertex 1000 1000 0
   vertex 886.797 1993.57 0
   vertex 895.471 1994.52 0
  endloop
 endfacet
 facet normal 0 0 -1
  outer loop
   vertex 1000 1000 0
   vertex 895.471 1994.52 0
   vertex 904.154 1995.4 0
  endloop
 endfacet
 facet normal 0 0 -1
  outer loop
   vertex 852.191 1989.02 0
   vertex 860.827 1990.27 0
   vertex 1000 1000 0
  endloop
 endfacet
 facet normal 0 0 -1
  outer loop
   vertex 1000 1000 0
   vertex 860.827 1990.27 0
   vertex 869.474 1991.44 0
  endloop
 endfacet
 facet normal 0 0 -1
  outer loop
   vertex 1000 1000 0
   vertex 869.474 1991.44 0
   vertex 878.131 1992.55 0
  endloop
 endfacet
 facet normal 0 0 -1
  outer loop
   vertex 826.352 1984.81 0
   vertex 834.952 1986.29 0
   vertex 1000 1000 0
  endloop
 endfacet
 facet normal 0 0 -1
  outer loop
   vertex 1000 1000 0
   vertex 834.952 1986.29 0
   vertex 843.565 1987.69 0
  endloop
 endfacet
 facet normal 0 0 -1
  outer loop
   vertex 1000 1000 0
   vertex 843.565 1987.69 0
   vertex 852.191 1989.02 0
  endloop
 endfacet
 facet normal 0 0 -1
  outer loop
   vertex 800.632 1979.93 0
   vertex 809.191 1981.63 0
   vertex 1000 1000 0
  endloop
 endfacet
 facet normal 0 0 -1
  outer loop
   vertex 1000 1000 0
   vertex 809.191 1981.63 0
   vertex 817.765 1983.26 0
  endloop
 endfacet
 facet normal 0 0 -1
  outer loop
   vertex 1000 1000 0
   vertex 817.765 1983.26 0
   vertex 826.352 1984.81 0
  endloop
 endfacet
 facet normal 0 0 -1
  outer loop
   vertex 775.049 1974.37 0
   vertex 783.56 1976.3 0
   vertex 1000 1000 0
  endloop
 endfacet
 facet normal 0 0 -1
  outer loop
   vertex 1000 1000 0
   vertex 783.56 1976.3 0
   vertex 792.088 1978.15 0
  endloop
 endfacet
 facet normal 0 0 -1
  outer loop
   vertex 1000 1000 0
   vertex 792.088 1978.15 0
   vertex 800.632 1979.93 0
  endloop
 endfacet
 facet normal 0 0 -1
  outer loop
   vertex 749.62 1968.15 0
   vertex 758.078 1970.3 0
   vertex 1000 1000 0
  endloop
 endfacet
 facet normal 0 0 -1
  outer loop
   vertex 1000 1000 0
   vertex 758.078 1970.3 0
   vertex 766.555 1972.37 0
  endloop
 endfacet
 facet normal 0 0 -1
  outer loop
   vertex 1000 1000 0
   vertex 766.555 1972.37 0
   vertex 775.049 1974.37 0
  endloop
 endfacet
 facet normal 0 0 -1
  outer loop
   vertex 724.363 1961.26 0
   vertex 732.762 1963.63 0
   vertex 1000 1000 0
  endloop
 endfacet
 facet normal 0 0 -1
  outer loop
   vertex 1000 1000 0
   vertex 732.762 1963.63 0
   vertex 741.181 1965.93 0
  endloop
 endfacet
 facet normal 0 0 -1
  outer loop
   vertex 1000 1000 0
   vertex 741.181 1965.93 0
   vertex 749.62 1968.15 0
  endloop
 endfacet
 facet normal 0 0 -1
  outer loop
   vertex 699.294 1953.72 0
   vertex 707.628 1956.31 0
   vertex 1000 1000 0
  endloop
 endfacet
 facet normal 0 0 -1
  outer loop
   vertex 1000 1000 0
   vertex 707.628 1956.31 0
   vertex 715.985 1958.82 0
  endloop
 endfacet
 facet normal 0 0 -1
  outer loop
   vertex 1000 1000 0
   vertex 715.985 1958.82 0
   vertex 724.363 1961.26 0
  endloop
 endfacet
 facet normal 0 0 -1
  outer loop
   vertex 674.432 1945.52 0
   vertex 682.695 1948.32 0
   vertex 1000 1000 0
  endloop
 endfacet
 facet normal 0 0 -1
  outer loop
   vertex 1000 1000 0
   vertex 682.695 1948.32 0
   vertex 690.983 1951.06 0
  endloop
 endfacet
 facet normal 0 0 -1
  outer loop
   vertex 1000 1000 0
   vertex 690.983 1951.06 0
   vertex 699.294 1953.72 0
  endloop
 endfacet
 facet normal 0 0 -1
  outer loop
   vertex 649.793 1936.67 0
   vertex 657.98 1939.69 0
   vertex 1000 1000 0
  endloop
 endfacet
 facet normal 0 0 -1
  outer loop
   vertex 1000 1000 0
   vertex 657.98 1939.69 0
   vertex 666.193 1942.64 0
  endloop
 endfacet
 facet normal 0 0 -1
  outer loop
   vertex 1000 1000 0
   vertex 666.193 1942.64 0
   vertex 674.432 1945.52 0
  endloop
 endfacet
 facet normal 0 0 -1
  outer loop
   vertex 625.393 1927.18 0
   vertex 633.499 1930.42 0
   vertex 1000 1000 0
  endloop
 endfacet
 facet normal 0 0 -1
  outer loop
   vertex 1000 1000 0
   vertex 633.499 1930.42 0
   vertex 641.632 1933.58 0
  endloop
 endfacet
 facet normal 0 0 -1
  outer loop
   vertex 1000 1000 0
   vertex 641.632 1933.58 0
   vertex 649.793 1936.67 0
  endloop
 endfacet
 facet normal 0 0 -1
  outer loop
   vertex 601.251 1917.06 0
   vertex 609.269 1920.51 0
   vertex 1000 1000 0
  endloop
 endfacet
 facet normal 0 0 -1
  outer loop
   vertex 1000 1000 0
   vertex 609.269 1920.51 0
   vertex 617.317 1923.88 0
  endloop
 endfacet
 facet normal 0 0 -1
  outer loop
   vertex 1000 1000 0
   vertex 617.317 1923.88 0
   vertex 625.393 1927.18 0
  endloop
 endfacet
 facet normal 0 0 -1
  outer loop
   vertex 577.382 1906.31 0
   vertex 585.307 1909.96 0
   vertex 1000 1000 0
  endloop
 endfacet
 facet normal 0 0 -1
  outer loop
   vertex 1000 1000 0
   vertex 585.307 1909.96 0
   vertex 593.263 1913.55 0
  endloop
 endfacet
 facet normal 0 0 -1
  outer loop
   vertex 1000 1000 0
   vertex 593.263 1913.55 0
   vertex 601.251 1917.06 0
  endloop
 endfacet
 facet normal 0 0 -1
  outer loop
   vertex 553.802 1894.93 0
   vertex 561.629 1898.79 0
   vertex 1000 1000 0
  endloop
 endfacet
 facet normal 0 0 -1
  outer loop
   vertex 1000 1000 0
   vertex 561.629 1898.79 0
   vertex 569.489 1902.58 0
  endloop
 endfacet
 facet normal 0 0 -1
  outer loop
   vertex 1000 1000 0
   vertex 569.489 1902.58 0
   vertex 577.382 1906.31 0
  endloop
 endfacet
 facet normal 0 0 -1
  outer loop
   vertex 530.528 1882.95 0
   vertex 538.251 1887.01 0
   vertex 1000 1000 0
  endloop
 endfacet
 facet normal 0 0 -1
  outer loop
   vertex 1000 1000 0
   vertex 538.251 1887.01 0
   vertex 546.01 1891.01 0
  endloop
 endfacet
 facet normal 0 0 -1
  outer loop
   vertex 1000 1000 0
   vertex 546.01 1891.01 0
   vertex 553.802 1894.93 0
  endloop
 endfacet
 facet normal 0 0 -1
  outer loop
   vertex 507.576 1870.36 0
   vertex 515.19 1874.62 0
   vertex 1000 1000 0
  endloop
 endfacet
 facet normal 0 0 -1
  outer loop
   vertex 1000 1000 0
   vertex 515.19 1874.62 0
   vertex 522.841 1878.82 0
  endloop
 endfacet
 facet normal 0 0 -1
  outer loop
   vertex 1000 1000 0
   vertex 522.841 1878.82 0
   vertex 530.528 1882.95 0
  endloop
 endfacet
 facet normal 0 0 -1
  outer loop
   vertex 484.962 1857.17 0
   vertex 492.462 1861.63 0
   vertex 1000 1000 0
  endloop
 endfacet
 facet normal 0 0 -1
  outer loop
   vertex 1000 1000 0
   vertex 492.462 1861.63 0
   vertex 500 1866.03 0
  endloop
 endfacet
 facet normal 0 0 -1
  outer loop
   vertex 1000 1000 0
   vertex 500 1866.03 0
   vertex 507.576 1870.36 0
  endloop
 endfacet
 facet normal 0 0 -1
  outer loop
   vertex 462.7 1843.39 0
   vertex 470.081 1848.05 0
   vertex 1000 1000 0
  endloop
 endfacet
 facet normal 0 0 -1
  outer loop
   vertex 1000 1000 0
   vertex 470.081 1848.05 0
   vertex 477.501 1852.64 0
  endloop
 endfacet
 facet normal 0 0 -1
  outer loop
   vertex 1000 1000 0
   vertex 477.501 1852.64 0
   vertex 484.962 1857.17 0
  endloop
 endfacet
 facet normal 0 0 -1
  outer loop
   vertex 440.807 1829.04 0
   vertex 448.063 1833.89 0
   vertex 1000 1000 0
  endloop
 endfacet
 facet normal 0 0 -1
  outer loop
   vertex 1000 1000 0
   vertex 448.063 1833.89 0
   vertex 455.361 1838.67 0
  endloop
 endfacet
 facet normal 0 0 -1
  outer loop
   vertex 1000 1000 0
   vertex 455.361 1838.67 0
   vertex 462.7 1843.39 0
  endloop
 endfacet
 facet normal 0 0 -1
  outer loop
   vertex 419.297 1814.12 0
   vertex 426.423 1819.15 0
   vertex 1000 1000 0
  endloop
 endfacet
 facet normal 0 0 -1
  outer loop
   vertex 1000 1000 0
   vertex 426.423 1819.15 0
   vertex 433.594 1824.13 0
  endloop
 endfacet
 facet normal 0 0 -1
  outer loop
   vertex 1000 1000 0
   vertex 433.594 1824.13 0
   vertex 440.807 1829.04 0
  endloop
 endfacet
 facet normal 0 0 -1
  outer loop
   vertex 398.185 1798.64 0
   vertex 405.177 1803.86 0
   vertex 1000 1000 0
  endloop
 endfacet
 facet normal 0 0 -1
  outer loop
   vertex 1000 1000 0
   vertex 405.177 1803.86 0
   vertex 412.215 1809.02 0
  endloop
 endfacet
 facet normal 0 0 -1
  outer loop
   vertex 1000 1000 0
   vertex 412.215 1809.02 0
   vertex 419.297 1814.12 0
  endloop
 endfacet
 facet normal 0 0 -1
  outer loop
   vertex 377.485 1782.61 0
   vertex 384.339 1788.01 0
   vertex 1000 1000 0
  endloop
 endfacet
 facet normal 0 0 -1
  outer loop
   vertex 1000 1000 0
   vertex 384.339 1788.01 0
   vertex 391.239 1793.35 0
  endloop
 endfacet
 facet normal 0 0 -1
  outer loop
   vertex 1000 1000 0
   vertex 391.239 1793.35 0
   vertex 398.185 1798.64 0
  endloop
 endfacet
 facet normal 0 0 -1
  outer loop
   vertex 357.212 1766.04 0
   vertex 363.922 1771.62 0
   vertex 1000 1000 0
  endloop
 endfacet
 facet normal 0 0 -1
  outer loop
   vertex 1000 1000 0
   vertex 363.922 1771.62 0
   vertex 370.68 1777.15 0
  endloop
 endfacet
 facet normal 0 0 -1
  outer loop
   vertex 1000 1000 0
   vertex 370.68 1777.15 0
   vertex 377.485 1782.61 0
  endloop
 endfacet
 facet normal 0 0 -1
  outer loop
   vertex 337.38 1748.96 0
   vertex 343.941 1754.71 0
   vertex 1000 1000 0
  endloop
 endfacet
 facet normal 0 0 -1
  outer loop
   vertex 1000 1000 0
   vertex 343.941 1754.71 0
   vertex 350.552 1760.41 0
  endloop
 endfacet
 facet normal 0 0 -1
  outer loop
   vertex 1000 1000 0
   vertex 350.552 1760.41 0
   vertex 357.212 1766.04 0
  endloop
 endfacet
 facet normal 0 0 -1
  outer loop
   vertex 318.002 1731.35 0
   vertex 324.41 1737.28 0
   vertex 1000 1000 0
  endloop
 endfacet
 facet normal 0 0 -1
  outer loop
   vertex 1000 1000 0
   vertex 324.41 1737.28 0
   vertex 330.869 1743.15 0
  endloop
 endfacet
 facet normal 0 0 -1
  outer loop
   vertex 1000 1000 0
   vertex 330.869 1743.15 0
   vertex 337.38 1748.96 0
  endloop
 endfacet
 facet normal 0 0 -1
  outer loop
   vertex 299.091 1713.25 0
   vertex 305.342 1719.34 0
   vertex 1000 1000 0
  endloop
 endfacet
 facet normal 0 0 -1
  outer loop
   vertex 1000 1000 0
   vertex 305.342 1719.34 0
   vertex 311.645 1725.37 0
  endloop
 endfacet
 facet normal 0 0 -1
  outer loop
   vertex 1000 1000 0
   vertex 311.645 1725.37 0
   vertex 318.002 1731.35 0
  endloop
 endfacet
 facet normal 0 0 -1
  outer loop
   vertex 280.66 1694.66 0
   vertex 286.75 1700.91 0
   vertex 1000 1000 0
  endloop
 endfacet
 facet normal 0 0 -1
  outer loop
   vertex 1000 1000 0
   vertex 286.75 1700.91 0
   vertex 292.893 1707.11 0
  endloop
 endfacet
 facet normal 0 0 -1
  outer loop
   vertex 1000 1000 0
   vertex 292.893 1707.11 0
   vertex 299.091 1713.25 0
  endloop
 endfacet
 facet normal 0 0 -1
  outer loop
   vertex 262.723 1675.59 0
   vertex 268.646 1682 0
   vertex 1000 1000 0
  endloop
 endfacet
 facet normal 0 0 -1
  outer loop
   vertex 1000 1000 0
   vertex 268.646 1682 0
   vertex 274.626 1688.35 0
  endloop
 endfacet
 facet normal 0 0 -1
  outer loop
   vertex 1000 1000 0
   vertex 274.626 1688.35 0
   vertex 280.66 1694.66 0
  endloop
 endfacet
 facet normal 0 0 -1
  outer loop
   vertex 245.29 1656.06 0
   vertex 251.044 1662.62 0
   vertex 1000 1000 0
  endloop
 endfacet
 facet normal 0 0 -1
  outer loop
   vertex 1000 1000 0
   vertex 251.044 1662.62 0
   vertex 256.855 1669.13 0
  endloop
 endfacet
 facet normal 0 0 -1
  outer loop
   vertex 1000 1000 0
   vertex 256.855 1669.13 0
   vertex 262.723 1675.59 0
  endloop
 endfacet
 facet normal 0 0 -1
  outer loop
   vertex 228.375 1636.08 0
   vertex 233.956 1642.79 0
   vertex 1000 1000 0
  endloop
 endfacet
 facet normal 0 0 -1
  outer loop
   vertex 1000 1000 0
   vertex 233.956 1642.79 0
   vertex 239.594 1649.45 0
  endloop
 endfacet
 facet normal 0 0 -1
  outer loop
   vertex 1000 1000 0
   vertex 239.594 1649.45 0
   vertex 245.29 1656.06 0
  endloop
 endfacet
 facet normal 0 0 -1
  outer loop
   vertex 211.989 1615.66 0
   vertex 217.392 1622.52 0
   vertex 1000 1000 0
  endloop
 endfacet
 facet normal 0 0 -1
  outer loop
   vertex 1000 1000 0
   vertex 217.392 1622.52 0
   vertex 222.854 1629.32 0
  endloop
 endfacet
 facet normal 0 0 -1
  outer loop
   vertex 1000 1000 0
   vertex 222.854 1629.32 0
   vertex 228.375 1636.08 0
  endloop
 endfacet
 facet normal 0 0 -1
  outer loop
   vertex 196.143 1594.82 0
   vertex 201.365 1601.81 0
   vertex 1000 1000 0
  endloop
 endfacet
 facet normal 0 0 -1
  outer loop
   vertex 1000 1000 0
   vertex 201.365 1601.81 0
   vertex 206.647 1608.76 0
  endloop
 endfacet
 facet normal 0 0 -1
  outer loop
   vertex 1000 1000 0
   vertex 206.647 1608.76 0
   vertex 211.989 1615.66 0
  endloop
 endfacet
 facet normal 0 0 -1
  outer loop
   vertex 180.848 1573.58 0
   vertex 185.885 1580.7 0
   vertex 1000 1000 0
  endloop
 endfacet
 facet normal 0 0 -1
  outer loop
   vertex 1000 1000 0
   vertex 185.885 1580.7 0
   vertex 190.983 1587.79 0
  endloop
 endfacet
 facet normal 0 0 -1
  outer loop
   vertex 1000 1000 0
   vertex 190.983 1587.79 0
   vertex 196.143 1594.82 0
  endloop
 endfacet
 facet normal 0 0 -1
  outer loop
   vertex 166.114 1551.94 0
   vertex 170.962 1559.19 0
   vertex 1000 1000 0
  endloop
 endfacet
 facet normal 0 0 -1
  outer loop
   vertex 1000 1000 0
   vertex 170.962 1559.19 0
   vertex 175.874 1566.41 0
  endloop
 endfacet
 facet normal 0 0 -1
  outer loop
   vertex 1000 1000 0
   vertex 175.874 1566.41 0
   vertex 180.848 1573.58 0
  endloop
 endfacet
 facet normal 0 0 -1
  outer loop
   vertex 151.952 1529.92 0
   vertex 156.609 1537.3 0
   vertex 1000 1000 0
  endloop
 endfacet
 facet normal 0 0 -1
  outer loop
   vertex 1000 1000 0
   vertex 156.609 1537.3 0
   vertex 161.329 1544.64 0
  endloop
 endfacet
 facet normal 0 0 -1
  outer loop
   vertex 1000 1000 0
   vertex 161.329 1544.64 0
   vertex 166.114 1551.94 0
  endloop
 endfacet
 facet normal 0 0 -1
  outer loop
   vertex 138.371 1507.54 0
   vertex 142.833 1515.04 0
   vertex 1000 1000 0
  endloop
 endfacet
 facet normal 0 0 -1
  outer loop
   vertex 1000 1000 0
   vertex 142.833 1515.04 0
   vertex 147.36 1522.5 0
  endloop
 endfacet
 facet normal 0 0 -1
  outer loop
   vertex 1000 1000 0
   vertex 147.36 1522.5 0
   vertex 151.952 1529.92 0
  endloop
 endfacet
 facet normal 0 0 -1
  outer loop
   vertex 125.38 1484.81 0
   vertex 129.644 1492.42 0
   vertex 1000 1000 0
  endloop
 endfacet
 facet normal 0 0 -1
  outer loop
   vertex 1000 1000 0
   vertex 129.644 1492.42 0
   vertex 133.975 1500 0
  endloop
 endfacet
 facet normal 0 0 -1
  outer loop
   vertex 1000 1000 0
   vertex 133.975 1500 0
   vertex 138.371 1507.54 0
  endloop
 endfacet
 facet normal 0 0 -1
  outer loop
   vertex 112.989 1461.75 0
   vertex 117.052 1469.47 0
   vertex 1000 1000 0
  endloop
 endfacet
 facet normal 0 0 -1
  outer loop
   vertex 1000 1000 0
   vertex 117.052 1469.47 0
   vertex 121.183 1477.16 0
  endloop
 endfacet
 facet normal 0 0 -1
  outer loop
   vertex 1000 1000 0
   vertex 121.183 1477.16 0
   vertex 125.38 1484.81 0
  endloop
 endfacet
 facet normal 0 0 -1
  outer loop
   vertex 101.206 1438.37 0
   vertex 105.066 1446.2 0
   vertex 1000 1000 0
  endloop
 endfacet
 facet normal 0 0 -1
  outer loop
   vertex 1000 1000 0
   vertex 105.066 1446.2 0
   vertex 108.993 1453.99 0
  endloop
 endfacet
 facet normal 0 0 -1
  outer loop
   vertex 1000 1000 0
   vertex 108.993 1453.99 0
   vertex 112.989 1461.75 0
  endloop
 endfacet
 facet normal 0 0 -1
  outer loop
   vertex 90.0387 1414.69 0
   vertex 93.6922 1422.62 0
   vertex 1000 1000 0
  endloop
 endfacet
 facet normal 0 0 -1
  outer loop
   vertex 1000 1000 0
   vertex 93.6922 1422.62 0
   vertex 97.4147 1430.51 0
  endloop
 endfacet
 facet normal 0 0 -1
  outer loop
   vertex 1000 1000 0
   vertex 97.4147 1430.51 0
   vertex 101.206 1438.37 0
  endloop
 endfacet
 facet normal 0 0 -1
  outer loop
   vertex 79.4951 1390.73 0
   vertex 82.9399 1398.75 0
   vertex 1000 1000 0
  endloop
 endfacet
 facet normal 0 0 -1
  outer loop
   vertex 1000 1000 0
   vertex 82.9399 1398.75 0
   vertex 86.4546 1406.74 0
  endloop
 endfacet
 facet normal 0 0 -1
  outer loop
   vertex 1000 1000 0
   vertex 86.4546 1406.74 0
   vertex 90.0387 1414.69 0
  endloop
 endfacet
 facet normal 0 0 -1
  outer loop
   vertex 69.5824 1366.5 0
   vertex 72.8161 1374.61 0
   vertex 1000 1000 0
  endloop
 endfacet
 facet normal 0 0 -1
  outer loop
   vertex 1000 1000 0
   vertex 72.8161 1374.61 0
   vertex 76.1205 1382.68 0
  endloop
 endfacet
 facet normal 0 0 -1
  outer loop
   vertex 1000 1000 0
   vertex 76.1205 1382.68 0
   vertex 79.4951 1390.73 0
  endloop
 endfacet
 facet normal 0 0 -1
  outer loop
   vertex 60.3074 1342.02 0
   vertex 63.3278 1350.21 0
   vertex 1000 1000 0
  endloop
 endfacet
 facet normal 0 0 -1
  outer loop
   vertex 1000 1000 0
   vertex 63.3278 1350.21 0
   vertex 66.4196 1358.37 0
  endloop
 endfacet
 facet normal 0 0 -1
  outer loop
   vertex 1000 1000 0
   vertex 66.4196 1358.37 0
   vertex 69.5824 1366.5 0
  endloop
 endfacet
 facet normal 0 0 -1
  outer loop
   vertex 51.6763 1317.31 0
   vertex 54.4814 1325.57 0
   vertex 1000 1000 0
  endloop
 endfacet
 facet normal 0 0 -1
  outer loop
   vertex 1000 1000 0
   vertex 54.4814 1325.57 0
   vertex 57.3585 1333.81 0
  endloop
 endfacet
 facet normal 0 0 -1
  outer loop
   vertex 1000 1000 0
   vertex 57.3585 1333.81 0
   vertex 60.3074 1342.02 0
  endloop
 endfacet
 facet normal 0 0 -1
  outer loop
   vertex 43.6953 1292.37 0
   vertex 46.2831 1300.71 0
   vertex 1000 1000 0
  endloop
 endfacet
 facet normal 0 0 -1
  outer loop
   vertex 1000 1000 0
   vertex 46.2831 1300.71 0
   vertex 48.9435 1309.02 0
  endloop
 endfacet
 facet normal 0 0 -1
  outer loop
   vertex 1000 1000 0
   vertex 48.9435 1309.02 0
   vertex 51.6763 1317.31 0
  endloop
 endfacet
 facet normal 0 0 -1
  outer loop
   vertex 36.3696 1267.24 0
   vertex 38.7383 1275.64 0
   vertex 1000 1000 0
  endloop
 endfacet
 facet normal 0 0 -1
  outer loop
   vertex 1000 1000 0
   vertex 38.7383 1275.64 0
   vertex 41.1802 1284.02 0
  endloop
 endfacet
 facet normal 0 0 -1
  outer loop
   vertex 1000 1000 0
   vertex 41.1802 1284.02 0
   vertex 43.6953 1292.37 0
  endloop
 endfacet
 facet normal 0 0 -1
  outer loop
   vertex 29.7043 1241.92 0
   vertex 31.8524 1250.38 0
   vertex 1000 1000 0
  endloop
 endfacet
 facet normal 0 0 -1
  outer loop
   vertex 1000 1000 0
   vertex 31.8524 1250.38 0
   vertex 34.0742 1258.82 0
  endloop
 endfacet
 facet normal 0 0 -1
  outer loop
   vertex 1000 1000 0
   vertex 34.0742 1258.82 0
   vertex 36.3696 1267.24 0
  endloop
 endfacet
 facet normal 0 0 -1
  outer loop
   vertex 23.704 1216.44 0
   vertex 25.6299 1224.95 0
   vertex 1000 1000 0
  endloop
 endfacet
 facet normal 0 0 -1
  outer loop
   vertex 1000 1000 0
   vertex 25.6299 1224.95 0
   vertex 27.6301 1233.44 0
  endloop
 endfacet
 facet normal 0 0 -1
  outer loop
   vertex 1000 1000 0
   vertex 27.6301 1233.44 0
   vertex 29.7043 1241.92 0
  endloop
 endfacet
 facet normal 0 0 -1
  outer loop
   vertex 18.3728 1190.81 0
   vertex 20.0753 1199.37 0
   vertex 1000 1000 0
  endloop
 endfacet
 facet normal 0 0 -1
  outer loop
   vertex 1000 1000 0
   vertex 20.0753 1199.37 0
   vertex 21.8524 1207.91 0
  endloop
 endfacet
 facet normal 0 0 -1
  outer loop
   vertex 1000 1000 0
   vertex 21.8524 1207.91 0
   vertex 23.704 1216.44 0
  endloop
 endfacet
 facet normal 0 0 -1
  outer loop
   vertex 13.7144 1165.05 0
   vertex 15.1923 1173.65 0
   vertex 1000 1000 0
  endloop
 endfacet
 facet normal 0 0 -1
  outer loop
   vertex 1000 1000 0
   vertex 15.1923 1173.65 0
   vertex 16.7451 1182.24 0
  endloop
 endfacet
 facet normal 0 0 -1
  outer loop
   vertex 1000 1000 0
   vertex 16.7451 1182.24 0
   vertex 18.3728 1190.81 0
  endloop
 endfacet
 facet normal 0 0 -1
  outer loop
   vertex 9.73195 1139.17 0
   vertex 10.9841 1147.81 0
   vertex 1000 1000 0
  endloop
 endfacet
 facet normal 0 0 -1
  outer loop
   vertex 1000 1000 0
   vertex 10.9841 1147.81 0
   vertex 12.3116 1156.43 0
  endloop
 endfacet
 facet normal 0 0 -1
  outer loop
   vertex 1000 1000 0
   vertex 12.3116 1156.43 0
   vertex 13.7144 1165.05 0
  endloop
 endfacet
 facet normal 0 0 -1
  outer loop
   vertex 6.42812 1113.2 0
   vertex 7.45386 1121.87 0
   vertex 1000 1000 0
  endloop
 endfacet
 facet normal 0 0 -1
  outer loop
   vertex 1000 1000 0
   vertex 7.45386 1121.87 0
   vertex 8.55511 1130.53 0
  endloop
 endfacet
 facet normal 0 0 -1
  outer loop
   vertex 1000 1000 0
   vertex 8.55511 1130.53 0
   vertex 9.73195 1139.17 0
  endloop
 endfacet
 facet normal 0 0 -1
  outer loop
   vertex 3.80528 1087.16 0
   vertex 4.6038 1095.85 0
   vertex 1000 1000 0
  endloop
 endfacet
 facet normal 0 0 -1
  outer loop
   vertex 1000 1000 0
   vertex 4.6038 1095.85 0
   vertex 5.47808 1104.53 0
  endloop
 endfacet
 facet normal 0 0 -1
  outer loop
   vertex 1000 1000 0
   vertex 5.47808 1104.53 0
   vertex 6.42812 1113.2 0
  endloop
 endfacet
 facet normal 0 0 -1
  outer loop
   vertex 1.86521 1061.05 0
   vertex 2.43592 1069.76 0
   vertex 1000 1000 0
  endloop
 endfacet
 facet normal 0 0 -1
  outer loop
   vertex 1000 1000 0
   vertex 2.43592 1069.76 0
   vertex 3.08269 1078.46 0
  endloop
 endfacet
 facet normal 0 0 -1
  outer loop
   vertex 1000 1000 0
   vertex 3.08269 1078.46 0
   vertex 3.80528 1087.16 0
  endloop
 endfacet
 facet normal 0 0 -1
  outer loop
   vertex 0.60916 1034.9 0
   vertex 0.951767 1043.62 0
   vertex 1000 1000 0
  endloop
 endfacet
 facet normal 0 0 -1
  outer loop
   vertex 1000 1000 0
   vertex 0.951767 1043.62 0
   vertex 1.37049 1052.34 0
  endloop
 endfacet
 facet normal 0 0 -1
  outer loop
   vertex 1000 1000 0
   vertex 1.37049 1052.34 0
   vertex 1.86521 1061.05 0
  endloop
 endfacet
 facet normal 0 0 -1
  outer loop
   vertex 0.0380874 1008.73 0
   vertex 0.15229 1017.45 0
   vertex 1000 1000 0
  endloop
 endfacet
 facet normal 0 0 -1
  outer loop
   vertex 1000 1000 0
   vertex 0.15229 1017.45 0
   vertex 0.342667 1026.18 0
  endloop
 endfacet
 facet normal 0 0 -1
  outer loop
   vertex 1000 1000 0
   vertex 0.342667 1026.18 0
   vertex 0.60916 1034.9 0
  endloop
 endfacet
 facet normal 0 0 -1
  outer loop
   vertex 0.15229 982.548 0
   vertex 0.0380874 991.273 0
   vertex 1000 1000 0
  endloop
 endfacet
 facet normal -0 0 -1
  outer loop
   vertex 1000 1000 0
   vertex 0.0380874 991.273 0
   vertex 0 1000 0
  endloop
 endfacet
 facet normal 0 0 -1
  outer loop
   vertex 1000 1000 0
   vertex 0 1000 0
   vertex 0.0380874 1008.73 0
  endloop
 endfacet
 facet normal 0 0 -1
  outer loop
   vertex 0.951767 956.381 0
   vertex 0.60916 965.101 0
   vertex 1000 1000 0
  endloop
 endfacet
 facet normal 0 0 -1
  outer loop
   vertex 1000 1000 0
   vertex 0.60916 965.101 0
   vertex 0.342667 973.823 0
  endloop
 endfacet
 facet normal 0 0 -1
  outer loop
   vertex 1000 1000 0
   vertex 0.342667 973.823 0
   vertex 0.15229 982.548 0
  endloop
 endfacet
 facet normal 0 0 -1
  outer loop
   vertex 2.43592 930.244 0
   vertex 1.86521 938.951 0
   vertex 1000 1000 0
  endloop
 endfacet
 facet normal 0 0 -1
  outer loop
   vertex 1000 1000 0
   vertex 1.86521 938.951 0
   vertex 1.37049 947.664 0
  endloop
 endfacet
 facet normal 0 0 -1
  outer loop
   vertex 1000 1000 0
   vertex 1.37049 947.664 0
   vertex 0.951767 956.381 0
  endloop
 endfacet
 facet normal 0 0 -1
  outer loop
   vertex 4.6038 904.154 0
   vertex 3.80528 912.844 0
   vertex 1000 1000 0
  endloop
 endfacet
 facet normal 0 0 -1
  outer loop
   vertex 1000 1000 0
   vertex 3.80528 912.844 0
   vertex 3.08269 921.541 0
  endloop
 endfacet
 facet normal 0 0 -1
  outer loop
   vertex 1000 1000 0
   vertex 3.08269 921.541 0
   vertex 2.43592 930.244 0
  endloop
 endfacet
 facet normal 0 0 -1
  outer loop
   vertex 7.45386 878.131 0
   vertex 6.42812 886.797 0
   vertex 1000 1000 0
  endloop
 endfacet
 facet normal 0 0 -1
  outer loop
   vertex 1000 1000 0
   vertex 6.42812 886.797 0
   vertex 5.47808 895.471 0
  endloop
 endfacet
 facet normal 0 0 -1
  outer loop
   vertex 1000 1000 0
   vertex 5.47808 895.471 0
   vertex 4.6038 904.154 0
  endloop
 endfacet
 facet normal 0 0 -1
  outer loop
   vertex 10.9841 852.191 0
   vertex 9.73195 860.827 0
   vertex 1000 1000 0
  endloop
 endfacet
 facet normal 0 0 -1
  outer loop
   vertex 1000 1000 0
   vertex 9.73195 860.827 0
   vertex 8.55511 869.474 0
  endloop
 endfacet
 facet normal 0 0 -1
  outer loop
   vertex 1000 1000 0
   vertex 8.55511 869.474 0
   vertex 7.45386 878.131 0
  endloop
 endfacet
 facet normal 0 0 -1
  outer loop
   vertex 15.1923 826.352 0
   vertex 13.7144 834.952 0
   vertex 1000 1000 0
  endloop
 endfacet
 facet normal 0 0 -1
  outer loop
   vertex 1000 1000 0
   vertex 13.7144 834.952 0
   vertex 12.3116 843.565 0
  endloop
 endfacet
 facet normal 0 0 -1
  outer loop
   vertex 1000 1000 0
   vertex 12.3116 843.565 0
   vertex 10.9841 852.191 0
  endloop
 endfacet
 facet normal 0 0 -1
  outer loop
   vertex 20.0753 800.632 0
   vertex 18.3728 809.191 0
   vertex 1000 1000 0
  endloop
 endfacet
 facet normal 0 0 -1
  outer loop
   vertex 1000 1000 0
   vertex 18.3728 809.191 0
   vertex 16.7451 817.765 0
  endloop
 endfacet
 facet normal 0 0 -1
  outer loop
   vertex 1000 1000 0
   vertex 16.7451 817.765 0
   vertex 15.1923 826.352 0
  endloop
 endfacet
 facet normal 0 0 -1
  outer loop
   vertex 25.6299 775.049 0
   vertex 23.704 783.56 0
   vertex 1000 1000 0
  endloop
 endfacet
 facet normal 0 0 -1
  outer loop
   vertex 1000 1000 0
   vertex 23.704 783.56 0
   vertex 21.8524 792.088 0
  endloop
 endfacet
 facet normal 0 0 -1
  outer loop
   vertex 1000 1000 0
   vertex 21.8524 792.088 0
   vertex 20.0753 800.632 0
  endloop
 endfacet
 facet normal 0 0 -1
  outer loop
   vertex 31.8524 749.62 0
   vertex 29.7043 758.078 0
   vertex 1000 1000 0
  endloop
 endfacet
 facet normal 0 0 -1
  outer loop
   vertex 1000 1000 0
   vertex 29.7043 758.078 0
   vertex 27.6301 766.555 0
  endloop
 endfacet
 facet normal 0 0 -1
  outer loop
   vertex 1000 1000 0
   vertex 27.6301 766.555 0
   vertex 25.6299 775.049 0
  endloop
 endfacet
 facet normal 0 0 -1
  outer loop
   vertex 38.7383 724.363 0
   vertex 36.3696 732.762 0
   vertex 1000 1000 0
  endloop
 endfacet
 facet normal 0 0 -1
  outer loop
   vertex 1000 1000 0
   vertex 36.3696 732.762 0
   vertex 34.0742 741.181 0
  endloop
 endfacet
 facet normal 0 0 -1
  outer loop
   vertex 1000 1000 0
   vertex 34.0742 741.181 0
   vertex 31.8524 749.62 0
  endloop
 endfacet
 facet normal 0 0 -1
  outer loop
   vertex 46.2831 699.294 0
   vertex 43.6953 707.628 0
   vertex 1000 1000 0
  endloop
 endfacet
 facet normal 0 0 -1
  outer loop
   vertex 1000 1000 0
   vertex 43.6953 707.628 0
   vertex 41.1802 715.985 0
  endloop
 endfacet
 facet normal 0 0 -1
  outer loop
   vertex 1000 1000 0
   vertex 41.1802 715.985 0
   vertex 38.7383 724.363 0
  endloop
 endfacet
 facet normal 0 0 -1
  outer loop
   vertex 54.4814 674.432 0
   vertex 51.6763 682.695 0
   vertex 1000 1000 0
  endloop
 endfacet
 facet normal 0 0 -1
  outer loop
   vertex 1000 1000 0
   vertex 51.6763 682.695 0
   vertex 48.9435 690.983 0
  endloop
 endfacet
 facet normal 0 0 -1
  outer loop
   vertex 1000 1000 0
   vertex 48.9435 690.983 0
   vertex 46.2831 699.294 0
  endloop
 endfacet
 facet normal 0 0 -1
  outer loop
   vertex 63.3278 649.793 0
   vertex 60.3074 657.98 0
   vertex 1000 1000 0
  endloop
 endfacet
 facet normal 0 0 -1
  outer loop
   vertex 1000 1000 0
   vertex 60.3074 657.98 0
   vertex 57.3585 666.193 0
  endloop
 endfacet
 facet normal 0 0 -1
  outer loop
   vertex 1000 1000 0
   vertex 57.3585 666.193 0
   vertex 54.4814 674.432 0
  endloop
 endfacet
 facet normal 0 0 -1
  outer loop
   vertex 72.8161 625.393 0
   vertex 69.5824 633.499 0
   vertex 1000 1000 0
  endloop
 endfacet
 facet normal 0 0 -1
  outer loop
   vertex 1000 1000 0
   vertex 69.5824 633.499 0
   vertex 66.4196 641.632 0
  endloop
 endfacet
 facet normal 0 0 -1
  outer loop
   vertex 1000 1000 0
   vertex 66.4196 641.632 0
   vertex 63.3278 649.793 0
  endloop
 endfacet
 facet normal 0 0 -1
  outer loop
   vertex 82.9399 601.251 0
   vertex 79.4951 609.269 0
   vertex 1000 1000 0
  endloop
 endfacet
 facet normal 0 0 -1
  outer loop
   vertex 1000 1000 0
   vertex 79.4951 609.269 0
   vertex 76.1205 617.317 0
  endloop
 endfacet
 facet normal 0 0 -1
  outer loop
   vertex 1000 1000 0
   vertex 76.1205 617.317 0
   vertex 72.8161 625.393 0
  endloop
 endfacet
 facet normal 0 0 -1
  outer loop
   vertex 93.6922 577.382 0
   vertex 90.0387 585.307 0
   vertex 1000 1000 0
  endloop
 endfacet
 facet normal 0 0 -1
  outer loop
   vertex 1000 1000 0
   vertex 90.0387 585.307 0
   vertex 86.4546 593.263 0
  endloop
 endfacet
 facet normal 0 0 -1
  outer loop
   vertex 1000 1000 0
   vertex 86.4546 593.263 0
   vertex 82.9399 601.251 0
  endloop
 endfacet
 facet normal 0 0 -1
  outer loop
   vertex 105.066 553.802 0
   vertex 101.206 561.629 0
   vertex 1000 1000 0
  endloop
 endfacet
 facet normal 0 0 -1
  outer loop
   vertex 1000 1000 0
   vertex 101.206 561.629 0
   vertex 97.4147 569.489 0
  endloop
 endfacet
 facet normal 0 0 -1
  outer loop
   vertex 1000 1000 0
   vertex 97.4147 569.489 0
   vertex 93.6922 577.382 0
  endloop
 endfacet
 facet normal 0 0 -1
  outer loop
   vertex 117.052 530.528 0
   vertex 112.989 538.251 0
   vertex 1000 1000 0
  endloop
 endfacet
 facet normal 0 0 -1
  outer loop
   vertex 1000 1000 0
   vertex 112.989 538.251 0
   vertex 108.993 546.01 0
  endloop
 endfacet
 facet normal 0 0 -1
  outer loop
   vertex 1000 1000 0
   vertex 108.993 546.01 0
   vertex 105.066 553.802 0
  endloop
 endfacet
 facet normal 0 0 -1
  outer loop
   vertex 129.644 507.576 0
   vertex 125.38 515.19 0
   vertex 1000 1000 0
  endloop
 endfacet
 facet normal 0 0 -1
  outer loop
   vertex 1000 1000 0
   vertex 125.38 515.19 0
   vertex 121.183 522.841 0
  endloop
 endfacet
 facet normal 0 0 -1
  outer loop
   vertex 1000 1000 0
   vertex 121.183 522.841 0
   vertex 117.052 530.528 0
  endloop
 endfacet
 facet normal 0 0 -1
  outer loop
   vertex 142.833 484.962 0
   vertex 138.371 492.462 0
   vertex 1000 1000 0
  endloop
 endfacet
 facet normal 0 0 -1
  outer loop
   vertex 1000 1000 0
   vertex 138.371 492.462 0
   vertex 133.975 500 0
  endloop
 endfacet
 facet normal 0 0 -1
  outer loop
   vertex 1000 1000 0
   vertex 133.975 500 0
   vertex 129.644 507.576 0
  endloop
 endfacet
 facet normal 0 0 -1
  outer loop
   vertex 156.609 462.7 0
   vertex 151.952 470.081 0
   vertex 1000 1000 0
  endloop
 endfacet
 facet normal 0 0 -1
  outer loop
   vertex 1000 1000 0
   vertex 151.952 470.081 0
   vertex 147.36 477.501 0
  endloop
 endfacet
 facet normal 0 0 -1
  outer loop
   vertex 1000 1000 0
   vertex 147.36 477.501 0
   vertex 142.833 484.962 0
  endloop
 endfacet
 facet normal 0 0 -1
  outer loop
   vertex 170.962 440.807 0
   vertex 166.114 448.063 0
   vertex 1000 1000 0
  endloop
 endfacet
 facet normal 0 0 -1
  outer loop
   vertex 1000 1000 0
   vertex 166.114 448.063 0
   vertex 161.329 455.361 0
  endloop
 endfacet
 facet normal 0 0 -1
  outer loop
   vertex 1000 1000 0
   vertex 161.329 455.361 0
   vertex 156.609 462.7 0
  endloop
 endfacet
 facet normal 0 0 -1
  outer loop
   vertex 185.885 419.297 0
   vertex 180.848 426.423 0
   vertex 1000 1000 0
  endloop
 endfacet
 facet normal 0 0 -1
  outer loop
   vertex 1000 1000 0
   vertex 180.848 426.423 0
   vertex 175.874 433.594 0
  endloop
 endfacet
 facet normal 0 0 -1
  outer loop
   vertex 1000 1000 0
   vertex 175.874 433.594 0
   vertex 170.962 440.807 0
  endloop
 endfacet
 facet normal 0 0 -1
  outer loop
   vertex 201.365 398.185 0
   vertex 196.143 405.177 0
   vertex 1000 1000 0
  endloop
 endfacet
 facet normal 0 0 -1
  outer loop
   vertex 1000 1000 0
   vertex 196.143 405.177 0
   vertex 190.983 412.215 0
  endloop
 endfacet
 facet normal 0 0 -1
  outer loop
   vertex 1000 1000 0
   vertex 190.983 412.215 0
   vertex 185.885 419.297 0
  endloop
 endfacet
 facet normal 0 0 -1
  outer loop
   vertex 217.392 377.485 0
   vertex 211.989 384.339 0
   vertex 1000 1000 0
  endloop
 endfacet
 facet normal 0 0 -1
  outer loop
   vertex 1000 1000 0
   vertex 211.989 384.339 0
   vertex 206.647 391.239 0
  endloop
 endfacet
 facet normal 0 0 -1
  outer loop
   vertex 1000 1000 0
   vertex 206.647 391.239 0
   vertex 201.365 398.185 0
  endloop
 endfacet
 facet normal 0 0 -1
  outer loop
   vertex 233.956 357.212 0
   vertex 228.375 363.922 0
   vertex 1000 1000 0
  endloop
 endfacet
 facet normal 0 0 -1
  outer loop
   vertex 1000 1000 0
   vertex 228.375 363.922 0
   vertex 222.854 370.68 0
  endloop
 endfacet
 facet normal 0 0 -1
  outer loop
   vertex 1000 1000 0
   vertex 222.854 370.68 0
   vertex 217.392 377.485 0
  endloop
 endfacet
 facet normal 0 0 -1
  outer loop
   vertex 251.044 337.38 0
   vertex 245.29 343.941 0
   vertex 1000 1000 0
  endloop
 endfacet
 facet normal 0 0 -1
  outer loop
   vertex 1000 1000 0
   vertex 245.29 343.941 0
   vertex 239.594 350.552 0
  endloop
 endfacet
 facet normal 0 0 -1
  outer loop
   vertex 1000 1000 0
   vertex 239.594 350.552 0
   vertex 233.956 357.212 0
  endloop
 endfacet
 facet normal 0 0 -1
  outer loop
   vertex 268.646 318.002 0
   vertex 262.723 324.41 0
   vertex 1000 1000 0
  endloop
 endfacet
 facet normal 0 0 -1
  outer loop
   vertex 1000 1000 0
   vertex 262.723 324.41 0
   vertex 256.855 330.869 0
  endloop
 endfacet
 facet normal 0 0 -1
  outer loop
   vertex 1000 1000 0
   vertex 256.855 330.869 0
   vertex 251.044 337.38 0
  endloop
 endfacet
 facet normal 0 0 -1
  outer loop
   vertex 286.75 299.091 0
   vertex 280.66 305.342 0
   vertex 1000 1000 0
  endloop
 endfacet
 facet normal 0 0 -1
  outer loop
   vertex 1000 1000 0
   vertex 280.66 305.342 0
   vertex 274.626 311.645 0
  endloop
 endfacet
 facet normal 0 0 -1
  outer loop
   vertex 1000 1000 0
   vertex 274.626 311.645 0
   vertex 268.646 318.002 0
  endloop
 endfacet
 facet normal 0 0 -1
  outer loop
   vertex 305.342 280.66 0
   vertex 299.091 286.75 0
   vertex 1000 1000 0
  endloop
 endfacet
 facet normal 0 0 -1
  outer loop
   vertex 1000 1000 0
   vertex 299.091 286.75 0
   vertex 292.893 292.893 0
  endloop
 endfacet
 facet normal 0 0 -1
  outer loop
   vertex 1000 1000 0
   vertex 292.893 292.893 0
   vertex 286.75 299.091 0
  endloop
 endfacet
 facet normal 0 0 -1
  outer loop
   vertex 324.41 262.723 0
   vertex 318.002 268.646 0
   vertex 1000 1000 0
  endloop
 endfacet
 facet normal 0 0 -1
  outer loop
   vertex 1000 1000 0
   vertex 318.002 268.646 0
   vertex 311.645 274.626 0
  endloop
 endfacet
 facet normal 0 0 -1
  outer loop
   vertex 1000 1000 0
   vertex 311.645 274.626 0
   vertex 305.342 280.66 0
  endloop
 endfacet
 facet normal 0 0 -1
  outer loop
   vertex 343.941 245.29 0
   vertex 337.38 251.044 0
   vertex 1000 1000 0
  endloop
 endfacet
 facet normal 0 0 -1
  outer loop
   vertex 1000 1000 0
   vertex 337.38 251.044 0
   vertex 330.869 256.855 0
  endloop
 endfacet
 facet normal 0 0 -1
  outer loop
   vertex 1000 1000 0
   vertex 330.869 256.855 0
   vertex 324.41 262.723 0
  endloop
 endfacet
 facet normal 0 0 -1
  outer loop
   vertex 363.922 228.375 0
   vertex 357.212 233.956 0
   vertex 1000 1000 0
  endloop
 endfacet
 facet normal 0 0 -1
  outer loop
   vertex 1000 1000 0
   vertex 357.212 233.956 0
   vertex 350.552 239.594 0
  endloop
 endfacet
 facet normal 0 0 -1
  outer loop
   vertex 1000 1000 0
   vertex 350.552 239.594 0
   vertex 343.941 245.29 0
  endloop
 endfacet
 facet normal 0 0 -1
  outer loop
   vertex 384.339 211.989 0
   vertex 377.485 217.392 0
   vertex 1000 1000 0
  endloop
 endfacet
 facet normal 0 0 -1
  outer loop
   vertex 1000 1000 0
   vertex 377.485 217.392 0
   vertex 370.68 222.854 0
  endloop
 endfacet
 facet normal 0 0 -1
  outer loop
   vertex 1000 1000 0
   vertex 370.68 222.854 0
   vertex 363.922 228.375 0
  endloop
 endfacet
 facet normal 0 0 -1
  outer loop
   vertex 405.177 196.143 0
   vertex 398.185 201.365 0
   vertex 1000 1000 0
  endloop
 endfacet
 facet normal 0 0 -1
  outer loop
   vertex 1000 1000 0
   vertex 398.185 201.365 0
   vertex 391.239 206.647 0
  endloop
 endfacet
 facet normal 0 0 -1
  outer loop
   vertex 1000 1000 0
   vertex 391.239 206.647 0
   vertex 384.339 211.989 0
  endloop
 endfacet
 facet normal 0 0 -1
  outer loop
   vertex 426.423 180.848 0
   vertex 419.297 185.885 0
   vertex 1000 1000 0
  endloop
 endfacet
 facet normal 0 0 -1
  outer loop
   vertex 1000 1000 0
   vertex 419.297 185.885 0
   vertex 412.215 190.983 0
  endloop
 endfacet
 facet normal 0 0 -1
  outer loop
   vertex 1000 1000 0
   vertex 412.215 190.983 0
   vertex 405.177 196.143 0
  endloop
 endfacet
 facet normal 0 0 -1
  outer loop
   vertex 448.063 166.114 0
   vertex 440.807 170.962 0
   vertex 1000 1000 0
  endloop
 endfacet
 facet normal 0 0 -1
  outer loop
   vertex 1000 1000 0
   vertex 440.807 170.962 0
   vertex 433.594 175.874 0
  endloop
 endfacet
 facet normal 0 0 -1
  outer loop
   vertex 1000 1000 0
   vertex 433.594 175.874 0
   vertex 426.423 180.848 0
  endloop
 endfacet
 facet normal 0 0 -1
  outer loop
   vertex 470.081 151.952 0
   vertex 462.7 156.609 0
   vertex 1000 1000 0
  endloop
 endfacet
 facet normal 0 0 -1
  outer loop
   vertex 1000 1000 0
   vertex 462.7 156.609 0
   vertex 455.361 161.329 0
  endloop
 endfacet
 facet normal 0 0 -1
  outer loop
   vertex 1000 1000 0
   vertex 455.361 161.329 0
   vertex 448.063 166.114 0
  endloop
 endfacet
 facet normal 0 0 -1
  outer loop
   vertex 492.462 138.371 0
   vertex 484.962 142.833 0
   vertex 1000 1000 0
  endloop
 endfacet
 facet normal 0 0 -1
  outer loop
   vertex 1000 1000 0
   vertex 484.962 142.833 0
   vertex 477.501 147.36 0
  endloop
 endfacet
 facet normal 0 0 -1
  outer loop
   vertex 1000 1000 0
   vertex 477.501 147.36 0
   vertex 470.081 151.952 0
  endloop
 endfacet
 facet normal 0 0 -1
  outer loop
   vertex 515.19 125.38 0
   vertex 507.576 129.644 0
   vertex 1000 1000 0
  endloop
 endfacet
 facet normal 0 0 -1
  outer loop
   vertex 1000 1000 0
   vertex 507.576 129.644 0
   vertex 500 133.975 0
  endloop
 endfacet
 facet normal 0 0 -1
  outer loop
   vertex 1000 1000 0
   vertex 500 133.975 0
   vertex 492.462 138.371 0
  endloop
 endfacet
 facet normal 0 0 -1
  outer loop
   vertex 538.251 112.989 0
   vertex 530.528 117.052 0
   vertex 1000 1000 0
  endloop
 endfacet
 facet normal 0 0 -1
  outer loop
   vertex 1000 1000 0
   vertex 530.528 117.052 0
   vertex 522.841 121.183 0
  endloop
 endfacet
 facet normal 0 0 -1
  outer loop
   vertex 1000 1000 0
   vertex 522.841 121.183 0
   vertex 515.19 125.38 0
  endloop
 endfacet
 facet normal 0 0 -1
  outer loop
   vertex 561.629 101.206 0
   vertex 553.802 105.066 0
   vertex 1000 1000 0
  endloop
 endfacet
 facet normal 0 0 -1
  outer loop
   vertex 1000 1000 0
   vertex 553.802 105.066 0
   vertex 546.01 108.993 0
  endloop
 endfacet
 facet normal 0 0 -1
  outer loop
   vertex 1000 1000 0
   vertex 546.01 108.993 0
   vertex 538.251 112.989 0
  endloop
 endfacet
 facet normal 0 0 -1
  outer loop
   vertex 585.307 90.0387 0
   vertex 577.382 93.6922 0
   vertex 1000 1000 0
  endloop
 endfacet
 facet normal 0 0 -1
  outer loop
   vertex 1000 1000 0
   vertex 577.382 93.6922 0
   vertex 569.489 97.4147 0
  endloop
 endfacet
 facet normal 0 0 -1
  outer loop
   vertex 1000 1000 0
   vertex 569.489 97.4147 0
   vertex 561.629 101.206 0
  endloop
 endfacet
 facet normal 0 0 -1
  outer loop
   vertex 609.269 79.4951 0
   vertex 601.251 82.9399 0
   vertex 1000 1000 0
  endloop
 endfacet
 facet normal 0 0 -1
  outer loop
   vertex 1000 1000 0
   vertex 601.251 82.9399 0
   vertex 593.263 86.4546 0
  endloop
 endfacet
 facet normal 0 0 -1
  outer loop
   vertex 1000 1000 0
   vertex 593.263 86.4546 0
   vertex 585.307 90.0387 0
  endloop
 endfacet
 facet normal 0 0 -1
  outer loop
   vertex 633.499 69.5824 0
   vertex 625.393 72.8161 0
   vertex 1000 1000 0
  endloop
 endfacet
 facet normal 0 0 -1
  outer loop
   vertex 1000 1000 0
   vertex 625.393 72.8161 0
   vertex 617.317 76.1205 0
  endloop
 endfacet
 facet normal 0 0 -1
  outer loop
   vertex 1000 1000 0
   vertex 617.317 76.1205 0
   vertex 609.269 79.4951 0
  endloop
 endfacet
 facet normal 0 0 -1
  outer loop
   vertex 657.98 60.3074 0
   vertex 649.793 63.3278 0
   vertex 1000 1000 0
  endloop
 endfacet
 facet normal 0 0 -1
  outer loop
   vertex 1000 1000 0
   vertex 649.793 63.3278 0
   vertex 641.632 66.4196 0
  endloop
 endfacet
 facet normal 0 0 -1
  outer loop
   vertex 1000 1000 0
   vertex 641.632 66.4196 0
   vertex 633.499 69.5824 0
  endloop
 endfacet
 facet normal 0 0 -1
  outer loop
   vertex 682.695 51.6763 0
   vertex 674.432 54.4814 0
   vertex 1000 1000 0
  endloop
 endfacet
 facet normal 0 0 -1
  outer loop
   vertex 1000 1000 0
   vertex 674.432 54.4814 0
   vertex 666.193 57.3585 0
  endloop
 endfacet
 facet normal 0 0 -1
  outer loop
   vertex 1000 1000 0
   vertex 666.193 57.3585 0
   vertex 657.98 60.3074 0
  endloop
 endfacet
 facet normal 0 0 -1
  outer loop
   vertex 707.628 43.6953 0
   vertex 699.294 46.2831 0
   vertex 1000 1000 0
  endloop
 endfacet
 facet normal 0 0 -1
  outer loop
   vertex 1000 1000 0
   vertex 699.294 46.2831 0
   vertex 690.983 48.9435 0
  endloop
 endfacet
 facet normal 0 0 -1
  outer loop
   vertex 1000 1000 0
   vertex 690.983 48.9435 0
   vertex 682.695 51.6763 0
  endloop
 endfacet
 facet normal 0 0 -1
  outer loop
   vertex 732.762 36.3696 0
   vertex 724.363 38.7383 0
   vertex 1000 1000 0
  endloop
 endfacet
 facet normal 0 0 -1
  outer loop
   vertex 1000 1000 0
   vertex 724.363 38.7383 0
   vertex 715.985 41.1802 0
  endloop
 endfacet
 facet normal 0 0 -1
  outer loop
   vertex 1000 1000 0
   vertex 715.985 41.1802 0
   vertex 707.628 43.6953 0
  endloop
 endfacet
 facet normal 0 0 -1
  outer loop
   vertex 758.078 29.7043 0
   vertex 749.62 31.8524 0
   vertex 1000 1000 0
  endloop
 endfacet
 facet normal 0 0 -1
  outer loop
   vertex 1000 1000 0
   vertex 749.62 31.8524 0
   vertex 741.181 34.0742 0
  endloop
 endfacet
 facet normal 0 0 -1
  outer loop
   vertex 1000 1000 0
   vertex 741.181 34.0742 0
   vertex 732.762 36.3696 0
  endloop
 endfacet
 facet normal 0 0 -1
  outer loop
   vertex 783.56 23.704 0
   vertex 775.049 25.6299 0
   vertex 1000 1000 0
  endloop
 endfacet
 facet normal 0 0 -1
  outer loop
   vertex 1000 1000 0
   vertex 775.049 25.6299 0
   vertex 766.555 27.6301 0
  endloop
 endfacet
 facet normal 0 0 -1
  outer loop
   vertex 1000 1000 0
   vertex 766.555 27.6301 0
   vertex 758.078 29.7043 0
  endloop
 endfacet
 facet normal 0 0 -1
  outer loop
   vertex 809.191 18.3728 0
   vertex 800.632 20.0753 0
   vertex 1000 1000 0
  endloop
 endfacet
 facet normal 0 0 -1
  outer loop
   vertex 1000 1000 0
   vertex 800.632 20.0753 0
   vertex 792.088 21.8524 0
  endloop
 endfacet
 facet normal 0 0 -1
  outer loop
   vertex 1000 1000 0
   vertex 792.088 21.8524 0
   vertex 783.56 23.704 0
  endloop
 endfacet
 facet normal 0 0 -1
  outer loop
   vertex 834.952 13.7144 0
   vertex 826.352 15.1923 0
   vertex 1000 1000 0
  endloop
 endfacet
 facet normal 0 0 -1
  outer loop
   vertex 1000 1000 0
   vertex 826.352 15.1923 0
   vertex 817.765 16.7451 0
  endloop
 endfacet
 facet normal 0 0 -1
  outer loop
   vertex 1000 1000 0
   vertex 817.765 16.7451 0
   vertex 809.191 18.3728 0
  endloop
 endfacet
 facet normal 0 0 -1
  outer loop
   vertex 860.827 9.73195 0
   vertex 852.191 10.9841 0
   vertex 1000 1000 0
  endloop
 endfacet
 facet normal 0 0 -1
  outer loop
   vertex 1000 1000 0
   vertex 852.191 10.9841 0
   vertex 843.565 12.3116 0
  endloop
 endfacet
 facet normal 0 0 -1
  outer loop
   vertex 1000 1000 0
   vertex 843.565 12.3116 0
   vertex 834.952 13.7144 0
  endloop
 endfacet
 facet normal 0 0 -1
  outer loop
   vertex 886.797 6.42812 0
   vertex 878.131 7.45386 0
   vertex 1000 1000 0
  endloop
 endfacet
 facet normal 0 0 -1
  outer loop
   vertex 1000 1000 0
   vertex 878.131 7.45386 0
   vertex 869.474 8.55511 0
  endloop
 endfacet
 facet normal 0 0 -1
  outer loop
   vertex 1000 1000 0
   vertex 869.474 8.55511 0
   vertex 860.827 9.73195 0
  endloop
 endfacet
 facet normal 0 0 -1
  outer loop
   vertex 912.844 3.80528 0
   vertex 904.154 4.6038 0
   vertex 1000 1000 0
  endloop
 endfacet
 facet normal 0 0 -1
  outer loop
   vertex 1000 1000 0
   vertex 904.154 4.6038 0
   vertex 895.471 5.47808 0
  endloop
 endfacet
 facet normal 0 0 -1
  outer loop
   vertex 1000 1000 0
   vertex 895.471 5.47808 0
   vertex 886.797 6.42812 0
  endloop
 endfacet
 facet normal 0 0 -1
  outer loop
   vertex 938.951 1.86521 0
   vertex 930.244 2.43592 0
   vertex 1000 1000 0
  endloop
 endfacet
 facet normal 0 0 -1
  outer loop
   vertex 1000 1000 0
   vertex 930.244 2.43592 0
   vertex 921.541 3.08269 0
  endloop
 endfacet
 facet normal 0 0 -1
  outer loop
   vertex 1000 1000 0
   vertex 921.541 3.08269 0
   vertex 912.844 3.80528 0
  endloop
 endfacet
 facet normal 0 0 -1
  outer loop
   vertex 965.101 0.60916 0
   vertex 956.381 0.951767 0
   vertex 1000 1000 0
  endloop
 endfacet
 facet normal 0 0 -1
  outer loop
   vertex 1000 1000 0
   vertex 956.381 0.951767 0
   vertex 947.664 1.37049 0
  endloop
 endfacet
 facet normal 0 0 -1
  outer loop
   vertex 1000 1000 0
   vertex 947.664 1.37049 0
   vertex 938.951 1.86521 0
  endloop
 endfacet
 facet normal 0 0 -1
  outer loop
   vertex 991.273 0.0380874 0
   vertex 982.548 0.15229 0
   vertex 1000 1000 0
  endloop
 endfacet
 facet normal 0 0 -1
  outer loop
   vertex 1000 1000 0
   vertex 982.548 0.15229 0
   vertex 973.823 0.342667 0
  endloop
 endfacet
 facet normal 0 0 -1
  outer loop
   vertex 1000 1000 0
   vertex 973.823 0.342667 0
   vertex 965.101 0.60916 0
  endloop
 endfacet
 facet normal -0 0 -1
  outer loop
   vertex 1017.45 0.15229 0
   vertex 1008.73 0.0380874 0
   vertex 1000 1000 0
  endloop
 endfacet
 facet normal 0 0 -1
  outer loop
   vertex 1000 1000 0
   vertex 1008.73 0.0380874 0
   vertex 1000 0 0
  endloop
 endfacet
 facet normal 0 -0 -1
  outer loop
   vertex 1000 1000 0
   vertex 1000 0 0
   vertex 991.273 0.0380874 0
  endloop
 endfacet
 facet normal -0 0 -1
  outer loop
   vertex 1043.62 0.951767 0
   vertex 1034.9 0.60916 0
   vertex 1000 1000 0
  endloop
 endfacet
 facet normal 0 0 -1
  outer loop
   vertex 1000 1000 0
   vertex 1034.9 0.60916 0
   vertex 1026.18 0.342667 0
  endloop
 endfacet
 facet normal 0 0 -1
  outer loop
   vertex 1000 1000 0
   vertex 1026.18 0.342667 0
   vertex 1017.45 0.15229 0
  endloop
 endfacet
 facet normal -0 0 -1
  outer loop
   vertex 1069.76 2.43592 0
   vertex 1061.05 1.86521 0
   vertex 1000 1000 0
  endloop
 endfacet
 facet normal 0 0 -1
  outer loop
   vertex 1000 1000 0
   vertex 1061.05 1.86521 0
   vertex 1052.34 1.37049 0
  endloop
 endfacet
 facet normal 0 0 -1
  outer loop
   vertex 1000 1000 0
   vertex 1052.34 1.37049 0
   vertex 1043.62 0.951767 0
  endloop
 endfacet
 facet normal -0 0 -1
  outer loop
   vertex 1095.85 4.6038 0
   vertex 1087.16 3.80528 0
   vertex 1000 1000 0
  endloop
 endfacet
 facet normal 0 0 -1
  outer loop
   vertex 1000 1000 0
   vertex 1087.16 3.80528 0
   vertex 1078.46 3.08269 0
  endloop
 endfacet
 facet normal 0 0 -1
  outer loop
   vertex 1000 1000 0
   vertex 1078.46 3.08269 0
   vertex 1069.76 2.43592 0
  endloop
 endfacet
 facet normal -0 0 -1
  outer loop
   vertex 1121.87 7.45386 0
   vertex 1113.2 6.42812 0
   vertex 1000 1000 0
  endloop
 endfacet
 facet normal 0 0 -1
  outer loop
   vertex 1000 1000 0
   vertex 1113.2 6.42812 0
   vertex 1104.53 5.47808 0
  endloop
 endfacet
 facet normal 0 0 -1
  outer loop
   vertex 1000 1000 0
   vertex 1104.53 5.47808 0
   vertex 1095.85 4.6038 0
  endloop
 endfacet
 facet normal -0 0 -1
  outer loop
   vertex 1147.81 10.9841 0
   vertex 1139.17 9.73195 0
   vertex 1000 1000 0
  endloop
 endfacet
 facet normal 0 0 -1
  outer loop
   vertex 1000 1000 0
   vertex 1139.17 9.73195 0
   vertex 1130.53 8.55511 0
  endloop
 endfacet
 facet normal 0 0 -1
  outer loop
   vertex 1000 1000 0
   vertex 1130.53 8.55511 0
   vertex 1121.87 7.45386 0
  endloop
 endfacet
 facet normal -0 0 -1
  outer loop
   vertex 1173.65 15.1923 0
   vertex 1165.05 13.7144 0
   vertex 1000 1000 0
  endloop
 endfacet
 facet normal 0 0 -1
  outer loop
   vertex 1000 1000 0
   vertex 1165.05 13.7144 0
   vertex 1156.43 12.3116 0
  endloop
 endfacet
 facet normal 0 0 -1
  outer loop
   vertex 1000 1000 0
   vertex 1156.43 12.3116 0
   vertex 1147.81 10.9841 0
  endloop
 endfacet
 facet normal -0 0 -1
  outer loop
   vertex 1199.37 20.0753 0
   vertex 1190.81 18.3728 0
   vertex 1000 1000 0
  endloop
 endfacet
 facet normal 0 0 -1
  outer loop
   vertex 1000 1000 0
   vertex 1190.81 18.3728 0
   vertex 1182.24 16.7451 0
  endloop
 endfacet
 facet normal 0 0 -1
  outer loop
   vertex 1000 1000 0
   vertex 1182.24 16.7451 0
   vertex 1173.65 15.1923 0
  endloop
 endfacet
 facet normal -0 0 -1
  outer loop
   vertex 1224.95 25.6299 0
   vertex 1216.44 23.704 0
   vertex 1000 1000 0
  endloop
 endfacet
 facet normal 0 0 -1
  outer loop
   vertex 1000 1000 0
   vertex 1216.44 23.704 0
   vertex 1207.91 21.8524 0
  endloop
 endfacet
 facet normal 0 0 -1
  outer loop
   vertex 1000 1000 0
   vertex 1207.91 21.8524 0
   vertex 1199.37 20.0753 0
  endloop
 endfacet
 facet normal -0 0 -1
  outer loop
   vertex 1250.38 31.8524 0
   vertex 1241.92 29.7043 0
   vertex 1000 1000 0
  endloop
 endfacet
 facet normal 0 0 -1
  outer loop
   vertex 1000 1000 0
   vertex 1241.92 29.7043 0
   vertex 1233.44 27.6301 0
  endloop
 endfacet
 facet normal 0 0 -1
  outer loop
   vertex 1000 1000 0
   vertex 1233.44 27.6301 0
   vertex 1224.95 25.6299 0
  endloop
 endfacet
 facet normal -0 0 -1
  outer loop
   vertex 1275.64 38.7383 0
   vertex 1267.24 36.3696 0
   vertex 1000 1000 0
  endloop
 endfacet
 facet normal 0 0 -1
  outer loop
   vertex 1000 1000 0
   vertex 1267.24 36.3696 0
   vertex 1258.82 34.0742 0
  endloop
 endfacet
 facet normal 0 0 -1
  outer loop
   vertex 1000 1000 0
   vertex 1258.82 34.0742 0
   vertex 1250.38 31.8524 0
  endloop
 endfacet
 facet normal -0 0 -1
  outer loop
   vertex 1300.71 46.2831 0
   vertex 1292.37 43.6953 0
   vertex 1000 1000 0
  endloop
 endfacet
 facet normal 0 0 -1
  outer loop
   vertex 1000 1000 0
   vertex 1292.37 43.6953 0
   vertex 1284.02 41.1802 0
  endloop
 endfacet
 facet normal 0 0 -1
  outer loop
   vertex 1000 1000 0
   vertex 1284.02 41.1802 0
   vertex 1275.64 38.7383 0
  endloop
 endfacet
 facet normal -0 0 -1
  outer loop
   vertex 1325.57 54.4814 0
   vertex 1317.31 51.6763 0
   vertex 1000 1000 0
  endloop
 endfacet
 facet normal 0 0 -1
  outer loop
   vertex 1000 1000 0
   vertex 1317.31 51.6763 0
   vertex 1309.02 48.9435 0
  endloop
 endfacet
 facet normal 0 0 -1
  outer loop
   vertex 1000 1000 0
   vertex 1309.02 48.9435 0
   vertex 1300.71 46.2831 0
  endloop
 endfacet
 facet normal -0 0 -1
  outer loop
   vertex 1350.21 63.3278 0
   vertex 1342.02 60.3074 0
   vertex 1000 1000 0
  endloop
 endfacet
 facet normal 0 0 -1
  outer loop
   vertex 1000 1000 0
   vertex 1342.02 60.3074 0
   vertex 1333.81 57.3585 0
  endloop
 endfacet
 facet normal 0 0 -1
  outer loop
   vertex 1000 1000 0
   vertex 1333.81 57.3585 0
   vertex 1325.57 54.4814 0
  endloop
 endfacet
 facet normal -0 0 -1
  outer loop
   vertex 1374.61 72.8161 0
   vertex 1366.5 69.5824 0
   vertex 1000 1000 0
  endloop
 endfacet
 facet normal 0 0 -1
  outer loop
   vertex 1000 1000 0
   vertex 1366.5 69.5824 0
   vertex 1358.37 66.4196 0
  endloop
 endfacet
 facet normal 0 0 -1
  outer loop
   vertex 1000 1000 0
   vertex 1358.37 66.4196 0
   vertex 1350.21 63.3278 0
  endloop
 endfacet
 facet normal -0 0 -1
  outer loop
   vertex 1398.75 82.9399 0
   vertex 1390.73 79.4951 0
   vertex 1000 1000 0
  endloop
 endfacet
 facet normal 0 0 -1
  outer loop
   vertex 1000 1000 0
   vertex 1390.73 79.4951 0
   vertex 1382.68 76.1205 0
  endloop
 endfacet
 facet normal 0 0 -1
  outer loop
   vertex 1000 1000 0
   vertex 1382.68 76.1205 0
   vertex 1374.61 72.8161 0
  endloop
 endfacet
 facet normal -0 0 -1
  outer loop
   vertex 1422.62 93.6922 0
   vertex 1414.69 90.0387 0
   vertex 1000 1000 0
  endloop
 endfacet
 facet normal 0 0 -1
  outer loop
   vertex 1000 1000 0
   vertex 1414.69 90.0387 0
   vertex 1406.74 86.4546 0
  endloop
 endfacet
 facet normal 0 0 -1
  outer loop
   vertex 1000 1000 0
   vertex 1406.74 86.4546 0
   vertex 1398.75 82.9399 0
  endloop
 endfacet
 facet normal -0 0 -1
  outer loop
   vertex 1446.2 105.066 0
   vertex 1438.37 101.206 0
   vertex 1000 1000 0
  endloop
 endfacet
 facet normal 0 0 -1
  outer loop
   vertex 1000 1000 0
   vertex 1438.37 101.206 0
   vertex 1430.51 97.4147 0
  endloop
 endfacet
 facet normal 0 0 -1
  outer loop
   vertex 1000 1000 0
   vertex 1430.51 97.4147 0
   vertex 1422.62 93.6922 0
  endloop
 endfacet
 facet normal -0 0 -1
  outer loop
   vertex 1469.47 117.052 0
   vertex 1461.75 112.989 0
   vertex 1000 1000 0
  endloop
 endfacet
 facet normal 0 0 -1
  outer loop
   vertex 1000 1000 0
   vertex 1461.75 112.989 0
   vertex 1453.99 108.993 0
  endloop
 endfacet
 facet normal 0 0 -1
  outer loop
   vertex 1000 1000 0
   vertex 1453.99 108.993 0
   vertex 1446.2 105.066 0
  endloop
 endfacet
 facet normal -0 0 -1
  outer loop
   vertex 1492.42 129.644 0
   vertex 1484.81 125.38 0
   vertex 1000 1000 0
  endloop
 endfacet
 facet normal 0 0 -1
  outer loop
   vertex 1000 1000 0
   vertex 1484.81 125.38 0
   vertex 1477.16 121.183 0
  endloop
 endfacet
 facet normal 0 0 -1
  outer loop
   vertex 1000 1000 0
   vertex 1477.16 121.183 0
   vertex 1469.47 117.052 0
  endloop
 endfacet
 facet normal -0 0 -1
  outer loop
   vertex 1515.04 142.833 0
   vertex 1507.54 138.371 0
   vertex 1000 1000 0
  endloop
 endfacet
 facet normal 0 0 -1
  outer loop
   vertex 1000 1000 0
   vertex 1507.54 138.371 0
   vertex 1500 133.975 0
  endloop
 endfacet
 facet normal 0 0 -1
  outer loop
   vertex 1000 1000 0
   vertex 1500 133.975 0
   vertex 1492.42 129.644 0
  endloop
 endfacet
 facet normal -0 0 -1
  outer loop
   vertex 1537.3 156.609 0
   vertex 1529.92 151.952 0
   vertex 1000 1000 0
  endloop
 endfacet
 facet normal 0 0 -1
  outer loop
   vertex 1000 1000 0
   vertex 1529.92 151.952 0
   vertex 1522.5 147.36 0
  endloop
 endfacet
 facet normal 0 0 -1
  outer loop
   vertex 1000 1000 0
   vertex 1522.5 147.36 0
   vertex 1515.04 142.833 0
  endloop
 endfacet
 facet normal -0 0 -1
  outer loop
   vertex 1559.19 170.962 0
   vertex 1551.94 166.114 0
   vertex 1000 1000 0
  endloop
 endfacet
 facet normal 0 0 -1
  outer loop
   vertex 1000 1000 0
   vertex 1551.94 166.114 0
   vertex 1544.64 161.329 0
  endloop
 endfacet
 facet normal 0 0 -1
  outer loop
   vertex 1000 1000 0
   vertex 1544.64 161.329 0
   vertex 1537.3 156.609 0
  endloop
 endfacet
 facet normal -0 0 -1
  outer loop
   vertex 1580.7 185.885 0
   vertex 1573.58 180.848 0
   vertex 1000 1000 0
  endloop
 endfacet
 facet normal 0 0 -1
  outer loop
   vertex 1000 1000 0
   vertex 1573.58 180.848 0
   vertex 1566.41 175.874 0
  endloop
 endfacet
 facet normal 0 0 -1
  outer loop
   vertex 1000 1000 0
   vertex 1566.41 175.874 0
   vertex 1559.19 170.962 0
  endloop
 endfacet
 facet normal -0 0 -1
  outer loop
   vertex 1601.81 201.365 0
   vertex 1594.82 196.143 0
   vertex 1000 1000 0
  endloop
 endfacet
 facet normal 0 0 -1
  outer loop
   vertex 1000 1000 0
   vertex 1594.82 196.143 0
   vertex 1587.79 190.983 0
  endloop
 endfacet
 facet normal 0 0 -1
  outer loop
   vertex 1000 1000 0
   vertex 1587.79 190.983 0
   vertex 1580.7 185.885 0
  endloop
 endfacet
 facet normal -0 0 -1
  outer loop
   vertex 1622.52 217.392 0
   vertex 1615.66 211.989 0
   vertex 1000 1000 0
  endloop
 endfacet
 facet normal 0 0 -1
  outer loop
   vertex 1000 1000 0
   vertex 1615.66 211.989 0
   vertex 1608.76 206.647 0
  endloop
 endfacet
 facet normal 0 0 -1
  outer loop
   vertex 1000 1000 0
   vertex 1608.76 206.647 0
   vertex 1601.81 201.365 0
  endloop
 endfacet
 facet normal -0 0 -1
  outer loop
   vertex 1642.79 233.956 0
   vertex 1636.08 228.375 0
   vertex 1000 1000 0
  endloop
 endfacet
 facet normal 0 0 -1
  outer loop
   vertex 1000 1000 0
   vertex 1636.08 228.375 0
   vertex 1629.32 222.854 0
  endloop
 endfacet
 facet normal 0 0 -1
  outer loop
   vertex 1000 1000 0
   vertex 1629.32 222.854 0
   vertex 1622.52 217.392 0
  endloop
 endfacet
 facet normal -0 0 -1
  outer loop
   vertex 1662.62 251.044 0
   vertex 1656.06 245.29 0
   vertex 1000 1000 0
  endloop
 endfacet
 facet normal 0 0 -1
  outer loop
   vertex 1000 1000 0
   vertex 1656.06 245.29 0
   vertex 1649.45 239.594 0
  endloop
 endfacet
 facet normal 0 0 -1
  outer loop
   vertex 1000 1000 0
   vertex 1649.45 239.594 0
   vertex 1642.79 233.956 0
  endloop
 endfacet
 facet normal -0 0 -1
  outer loop
   vertex 1682 268.646 0
   vertex 1675.59 262.723 0
   vertex 1000 1000 0
  endloop
 endfacet
 facet normal 0 0 -1
  outer loop
   vertex 1000 1000 0
   vertex 1675.59 262.723 0
   vertex 1669.13 256.855 0
  endloop
 endfacet
 facet normal 0 0 -1
  outer loop
   vertex 1000 1000 0
   vertex 1669.13 256.855 0
   vertex 1662.62 251.044 0
  endloop
 endfacet
 facet normal -0 0 -1
  outer loop
   vertex 1700.91 286.75 0
   vertex 1694.66 280.66 0
   vertex 1000 1000 0
  endloop
 endfacet
 facet normal 0 0 -1
  outer loop
   vertex 1000 1000 0
   vertex 1694.66 280.66 0
   vertex 1688.35 274.626 0
  endloop
 endfacet
 facet normal 0 0 -1
  outer loop
   vertex 1000 1000 0
   vertex 1688.35 274.626 0
   vertex 1682 268.646 0
  endloop
 endfacet
 facet normal -0 0 -1
  outer loop
   vertex 1719.34 305.342 0
   vertex 1713.25 299.091 0
   vertex 1000 1000 0
  endloop
 endfacet
 facet normal 0 0 -1
  outer loop
   vertex 1000 1000 0
   vertex 1713.25 299.091 0
   vertex 1707.11 292.893 0
  endloop
 endfacet
 facet normal 0 0 -1
  outer loop
   vertex 1000 1000 0
   vertex 1707.11 292.893 0
   vertex 1700.91 286.75 0
  endloop
 endfacet
 facet normal -0 0 -1
  outer loop
   vertex 1737.28 324.41 0
   vertex 1731.35 318.002 0
   vertex 1000 1000 0
  endloop
 endfacet
 facet normal 0 0 -1
  outer loop
   vertex 1000 1000 0
   vertex 1731.35 318.002 0
   vertex 1725.37 311.645 0
  endloop
 endfacet
 facet normal 0 0 -1
  outer loop
   vertex 1000 1000 0
   vertex 1725.37 311.645 0
   vertex 1719.34 305.342 0
  endloop
 endfacet
 facet normal -0 0 -1
  outer loop
   vertex 1754.71 343.941 0
   vertex 1748.96 337.38 0
   vertex 1000 1000 0
  endloop
 endfacet
 facet normal 0 0 -1
  outer loop
   vertex 1000 1000 0
   vertex 1748.96 337.38 0
   vertex 1743.15 330.869 0
  endloop
 endfacet
 facet normal 0 0 -1
  outer loop
   vertex 1000 1000 0
   vertex 1743.15 330.869 0
   vertex 1737.28 324.41 0
  endloop
 endfacet
 facet normal -0 0 -1
  outer loop
   vertex 1771.62 363.922 0
   vertex 1766.04 357.212 0
   vertex 1000 1000 0
  endloop
 endfacet
 facet normal 0 0 -1
  outer loop
   vertex 1000 1000 0
   vertex 1766.04 357.212 0
   vertex 1760.41 350.552 0
  endloop
 endfacet
 facet normal 0 0 -1
  outer loop
   vertex 1000 1000 0
   vertex 1760.41 350.552 0
   vertex 1754.71 343.941 0
  endloop
 endfacet
 facet normal -0 0 -1
  outer loop
   vertex 1788.01 384.339 0
   vertex 1782.61 377.485 0
   vertex 1000 1000 0
  endloop
 endfacet
 facet normal 0 0 -1
  outer loop
   vertex 1000 1000 0
   vertex 1782.61 377.485 0
   vertex 1777.15 370.68 0
  endloop
 endfacet
 facet normal 0 0 -1
  outer loop
   vertex 1000 1000 0
   vertex 1777.15 370.68 0
   vertex 1771.62 363.922 0
  endloop
 endfacet
 facet normal -0 0 -1
  outer loop
   vertex 1803.86 405.177 0
   vertex 1798.64 398.185 0
   vertex 1000 1000 0
  endloop
 endfacet
 facet normal 0 0 -1
  outer loop
   vertex 1000 1000 0
   vertex 1798.64 398.185 0
   vertex 1793.35 391.239 0
  endloop
 endfacet
 facet normal 0 0 -1
  outer loop
   vertex 1000 1000 0
   vertex 1793.35 391.239 0
   vertex 1788.01 384.339 0
  endloop
 endfacet
 facet normal -0 0 -1
  outer loop
   vertex 1819.15 426.423 0
   vertex 1814.12 419.297 0
   vertex 1000 1000 0
  endloop
 endfacet
 facet normal 0 0 -1
  outer loop
   vertex 1000 1000 0
   vertex 1814.12 419.297 0
   vertex 1809.02 412.215 0
  endloop
 endfacet
 facet normal 0 0 -1
  outer loop
   vertex 1000 1000 0
   vertex 1809.02 412.215 0
   vertex 1803.86 405.177 0
  endloop
 endfacet
 facet normal -0 0 -1
  outer loop
   vertex 1833.89 448.063 0
   vertex 1829.04 440.807 0
   vertex 1000 1000 0
  endloop
 endfacet
 facet normal 0 0 -1
  outer loop
   vertex 1000 1000 0
   vertex 1829.04 440.807 0
   vertex 1824.13 433.594 0
  endloop
 endfacet
 facet normal 0 0 -1
  outer loop
   vertex 1000 1000 0
   vertex 1824.13 433.594 0
   vertex 1819.15 426.423 0
  endloop
 endfacet
 facet normal -0 0 -1
  outer loop
   vertex 1848.05 470.081 0
   vertex 1843.39 462.7 0
   vertex 1000 1000 0
  endloop
 endfacet
 facet normal 0 0 -1
  outer loop
   vertex 1000 1000 0
   vertex 1843.39 462.7 0
   vertex 1838.67 455.361 0
  endloop
 endfacet
 facet normal 0 0 -1
  outer loop
   vertex 1000 1000 0
   vertex 1838.67 455.361 0
   vertex 1833.89 448.063 0
  endloop
 endfacet
 facet normal -0 0 -1
  outer loop
   vertex 1861.63 492.462 0
   vertex 1857.17 484.962 0
   vertex 1000 1000 0
  endloop
 endfacet
 facet normal 0 0 -1
  outer loop
   vertex 1000 1000 0
   vertex 1857.17 484.962 0
   vertex 1852.64 477.501 0
  endloop
 endfacet
 facet normal 0 0 -1
  outer loop
   vertex 1000 1000 0
   vertex 1852.64 477.501 0
   vertex 1848.05 470.081 0
  endloop
 endfacet
 facet normal -0 0 -1
  outer loop
   vertex 1874.62 515.19 0
   vertex 1870.36 507.576 0
   vertex 1000 1000 0
  endloop
 endfacet
 facet normal 0 0 -1
  outer loop
   vertex 1000 1000 0
   vertex 1870.36 507.576 0
   vertex 1866.03 500 0
  endloop
 endfacet
 facet normal 0 0 -1
  outer loop
   vertex 1000 1000 0
   vertex 1866.03 500 0
   vertex 1861.63 492.462 0
  endloop
 endfacet
 facet normal -0 0 -1
  outer loop
   vertex 1887.01 538.251 0
   vertex 1882.95 530.528 0
   vertex 1000 1000 0
  endloop
 endfacet
 facet normal 0 0 -1
  outer loop
   vertex 1000 1000 0
   vertex 1882.95 530.528 0
   vertex 1878.82 522.841 0
  endloop
 endfacet
 facet normal 0 0 -1
  outer loop
   vertex 1000 1000 0
   vertex 1878.82 522.841 0
   vertex 1874.62 515.19 0
  endloop
 endfacet
 facet normal -0 0 -1
  outer loop
   vertex 1898.79 561.629 0
   vertex 1894.93 553.802 0
   vertex 1000 1000 0
  endloop
 endfacet
 facet normal 0 0 -1
  outer loop
   vertex 1000 1000 0
   vertex 1894.93 553.802 0
   vertex 1891.01 546.01 0
  endloop
 endfacet
 facet normal 0 0 -1
  outer loop
   vertex 1000 1000 0
   vertex 1891.01 546.01 0
   vertex 1887.01 538.251 0
  endloop
 endfacet
 facet normal -0 0 -1
  outer loop
   vertex 1909.96 585.307 0
   vertex 1906.31 577.382 0
   vertex 1000 1000 0
  endloop
 endfacet
 facet normal 0 0 -1
  outer loop
   vertex 1000 1000 0
   vertex 1906.31 577.382 0
   vertex 1902.58 569.489 0
  endloop
 endfacet
 facet normal 0 0 -1
  outer loop
   vertex 1000 1000 0
   vertex 1902.58 569.489 0
   vertex 1898.79 561.629 0
  endloop
 endfacet
 facet normal -0 0 -1
  outer loop
   vertex 1920.51 609.269 0
   vertex 1917.06 601.251 0
   vertex 1000 1000 0
  endloop
 endfacet
 facet normal 0 0 -1
  outer loop
   vertex 1000 1000 0
   vertex 1917.06 601.251 0
   vertex 1913.55 593.263 0
  endloop
 endfacet
 facet normal 0 0 -1
  outer loop
   vertex 1000 1000 0
   vertex 1913.55 593.263 0
   vertex 1909.96 585.307 0
  endloop
 endfacet
 facet normal -0 0 -1
  outer loop
   vertex 1930.42 633.499 0
   vertex 1927.18 625.393 0
   vertex 1000 1000 0
  endloop
 endfacet
 facet normal 0 0 -1
  outer loop
   vertex 1000 1000 0
   vertex 1927.18 625.393 0
   vertex 1923.88 617.317 0
  endloop
 endfacet
 facet normal 0 0 -1
  outer loop
   vertex 1000 1000 0
   vertex 1923.88 617.317 0
   vertex 1920.51 609.269 0
  endloop
 endfacet
 facet normal -0 0 -1
  outer loop
   vertex 1939.69 657.98 0
   vertex 1936.67 649.793 0
   vertex 1000 1000 0
  endloop
 endfacet
 facet normal 0 0 -1
  outer loop
   vertex 1000 1000 0
   vertex 1936.67 649.793 0
   vertex 1933.58 641.632 0
  endloop
 endfacet
 facet normal 0 0 -1
  outer loop
   vertex 1000 1000 0
   vertex 1933.58 641.632 0
   vertex 1930.42 633.499 0
  endloop
 endfacet
 facet normal -0 0 -1
  outer loop
   vertex 1948.32 682.695 0
   vertex 1945.52 674.432 0
   vertex 1000 1000 0
  endloop
 endfacet
 facet normal 0 0 -1
  outer loop
   vertex 1000 1000 0
   vertex 1945.52 674.432 0
   vertex 1942.64 666.193 0
  endloop
 endfacet
 facet normal 0 0 -1
  outer loop
   vertex 1000 1000 0
   vertex 1942.64 666.193 0
   vertex 1939.69 657.98 0
  endloop
 endfacet
 facet normal -0 0 -1
  outer loop
   vertex 1956.31 707.628 0
   vertex 1953.72 699.294 0
   vertex 1000 1000 0
  endloop
 endfacet
 facet normal 0 0 -1
  outer loop
   vertex 1000 1000 0
   vertex 1953.72 699.294 0
   vertex 1951.06 690.983 0
  endloop
 endfacet
 facet normal 0 0 -1
  outer loop
   vertex 1000 1000 0
   vertex 1951.06 690.983 0
   vertex 1948.32 682.695 0
  endloop
 endfacet
 facet normal -0 0 -1
  outer loop
   vertex 1963.63 732.762 0
   vertex 1961.26 724.363 0
   vertex 1000 1000 0
  endloop
 endfacet
 facet normal 0 0 -1
  outer loop
   vertex 1000 1000 0
   vertex 1961.26 724.363 0
   vertex 1958.82 715.985 0
  endloop
 endfacet
 facet normal 0 0 -1
  outer loop
   vertex 1000 1000 0
   vertex 1958.82 715.985 0
   vertex 1956.31 707.628 0
  endloop
 endfacet
 facet normal -0 0 -1
  outer loop
   vertex 1970.3 758.078 0
   vertex 1968.15 749.62 0
   vertex 1000 1000 0
  endloop
 endfacet
 facet normal 0 0 -1
  outer loop
   vertex 1000 1000 0
   vertex 1968.15 749.62 0
   vertex 1965.93 741.181 0
  endloop
 endfacet
 facet normal 0 0 -1
  outer loop
   vertex 1000 1000 0
   vertex 1965.93 741.181 0
   vertex 1963.63 732.762 0
  endloop
 endfacet
 facet normal -0 0 -1
  outer loop
   vertex 1976.3 783.56 0
   vertex 1974.37 775.049 0
   vertex 1000 1000 0
  endloop
 endfacet
 facet normal 0 0 -1
  outer loop
   vertex 1000 1000 0
   vertex 1974.37 775.049 0
   vertex 1972.37 766.555 0
  endloop
 endfacet
 facet normal 0 0 -1
  outer loop
   vertex 1000 1000 0
   vertex 1972.37 766.555 0
   vertex 1970.3 758.078 0
  endloop
 endfacet
 facet normal -0 0 -1
  outer loop
   vertex 1981.63 809.191 0
   vertex 1979.93 800.632 0
   vertex 1000 1000 0
  endloop
 endfacet
 facet normal 0 0 -1
  outer loop
   vertex 1000 1000 0
   vertex 1979.93 800.632 0
   vertex 1978.15 792.088 0
  endloop
 endfacet
 facet normal 0 0 -1
  outer loop
   vertex 1000 1000 0
   vertex 1978.15 792.088 0
   vertex 1976.3 783.56 0
  endloop
 endfacet
 facet normal -0 0 -1
  outer loop
   vertex 1986.29 834.952 0
   vertex 1984.81 826.352 0
   vertex 1000 1000 0
  endloop
 endfacet
 facet normal 0 0 -1
  outer loop
   vertex 1000 1000 0
   vertex 1984.81 826.352 0
   vertex 1983.26 817.765 0
  endloop
 endfacet
 facet normal 0 0 -1
  outer loop
   vertex 1000 1000 0
   vertex 1983.26 817.765 0
   vertex 1981.63 809.191 0
  endloop
 endfacet
 facet normal -0 0 -1
  outer loop
   vertex 1990.27 860.827 0
   vertex 1989.02 852.191 0
   vertex 1000 1000 0
  endloop
 endfacet
 facet normal 0 0 -1
  outer loop
   vertex 1000 1000 0
   vertex 1989.02 852.191 0
   vertex 1987.69 843.565 0
  endloop
 endfacet
 facet normal 0 0 -1
  outer loop
   vertex 1000 1000 0
   vertex 1987.69 843.565 0
   vertex 1986.29 834.952 0
  endloop
 endfacet
 facet normal -0 0 -1
  outer loop
   vertex 1993.57 886.797 0
   vertex 1992.55 878.131 0
   vertex 1000 1000 0
  endloop
 endfacet
 facet normal 0 0 -1
  outer loop
   vertex 1000 1000 0
   vertex 1992.55 878.131 0
   vertex 1991.44 869.474 0
  endloop
 endfacet
 facet normal 0 0 -1
  outer loop
   vertex 1000 1000 0
   vertex 1991.44 869.474 0
   vertex 1990.27 860.827 0
  endloop
 endfacet
 facet normal -0 0 -1
  outer loop
   vertex 1996.19 912.844 0
   vertex 1995.4 904.154 0
   vertex 1000 1000 0
  endloop
 endfacet
 facet normal 0 0 -1
  outer loop
   vertex 1000 1000 0
   vertex 1995.4 904.154 0
   vertex 1994.52 895.471 0
  endloop
 endfacet
 facet normal 0 0 -1
  outer loop
   vertex 1000 1000 0
   vertex 1994.52 895.471 0
   vertex 1993.57 886.797 0
  endloop
 endfacet
 facet normal -0 0 -1
  outer loop
   vertex 1998.14 938.951 0
   vertex 1997.56 930.244 0
   vertex 1000 1000 0
  endloop
 endfacet
 facet normal 0 0 -1
  outer loop
   vertex 1000 1000 0
   vertex 1997.56 930.244 0
   vertex 1996.92 921.541 0
  endloop
 endfacet
 facet normal 0 0 -1
  outer loop
   vertex 1000 1000 0
   vertex 1996.92 921.541 0
   vertex 1996.19 912.844 0
  endloop
 endfacet
 facet normal -0 0 -1
  outer loop
   vertex 1999.39 965.101 0
   vertex 1999.05 956.381 0
   vertex 1000 1000 0
  endloop
 endfacet
 facet normal 0 0 -1
  outer loop
   vertex 1000 1000 0
   vertex 1999.05 956.381 0
   vertex 1998.63 947.664 0
  endloop
 endfacet
 facet normal 0 0 -1
  outer loop
   vertex 1000 1000 0
   vertex 1998.63 947.664 0
   vertex 1998.14 938.951 0
  endloop
 endfacet
 facet normal -0 0 -1
  outer loop
   vertex 1999.96 991.273 0
   vertex 1999.85 982.548 0
   vertex 1000 1000 0
  endloop
 endfacet
 facet normal 0 0 -1
  outer loop
   vertex 1000 1000 0
   vertex 1999.85 982.548 0
   vertex 1999.66 973.823 0
  endloop
 endfacet
 facet normal 0 0 -1
  outer loop
   vertex 1000 1000 0
   vertex 1999.66 973.823 0
   vertex 1999.39 965.101 0
  endloop
 endfacet
 facet normal 0 0 1
  outer loop
   vertex 980.309 972.898 900
   vertex 412.215 190.983 900
   vertex 980.547 972.727 900
  endloop
 endfacet
 facet normal 0 0 1
  outer loop
   vertex 980.547 972.727 900
   vertex 412.215 190.983 900
   vertex 419.297 185.885 900
  endloop
 endfacet
 facet normal 0 0 1
  outer loop
   vertex 980.547 972.727 900
   vertex 419.297 185.885 900
   vertex 980.785 972.558 900
  endloop
 endfacet
 facet normal 0 0 1
  outer loop
   vertex 980.785 972.558 900
   vertex 419.297 185.885 900
   vertex 426.423 180.848 900
  endloop
 endfacet
 facet normal 0 0 1
  outer loop
   vertex 980.785 972.558 900
   vertex 426.423 180.848 900
   vertex 981.025 972.392 900
  endloop
 endfacet
 facet normal 0 0 1
  outer loop
   vertex 981.025 972.392 900
   vertex 426.423 180.848 900
   vertex 433.594 175.874 900
  endloop
 endfacet
 facet normal 0 0 1
  outer loop
   vertex 981.025 972.392 900
   vertex 433.594 175.874 900
   vertex 981.267 972.227 900
  endloop
 endfacet
 facet normal 0 0 1
  outer loop
   vertex 981.267 972.227 900
   vertex 433.594 175.874 900
   vertex 440.807 170.962 900
  endloop
 endfacet
 facet normal 0 0 1
  outer loop
   vertex 981.267 972.227 900
   vertex 440.807 170.962 900
   vertex 981.51 972.065 900
  endloop
 endfacet
 facet normal 0 0 1
  outer loop
   vertex 981.51 972.065 900
   vertex 440.807 170.962 900
   vertex 448.063 166.114 900
  endloop
 endfacet
 facet normal 0 0 1
  outer loop
   vertex 981.51 972.065 900
   vertex 448.063 166.114 900
   vertex 981.755 971.904 900
  endloop
 endfacet
 facet normal 0 0 1
  outer loop
   vertex 981.755 971.904 900
   vertex 448.063 166.114 900
   vertex 455.361 161.329 900
  endloop
 endfacet
 facet normal 0 0 1
  outer loop
   vertex 981.755 971.904 900
   vertex 455.361 161.329 900
   vertex 982 971.746 900
  endloop
 endfacet
 facet normal 0 0 1
  outer loop
   vertex 982 971.746 900
   vertex 455.361 161.329 900
   vertex 462.7 156.609 900
  endloop
 endfacet
 facet normal 0 0 1
  outer loop
   vertex 982 971.746 900
   vertex 462.7 156.609 900
   vertex 982.248 971.59 900
  endloop
 endfacet
 facet normal 0 0 1
  outer loop
   vertex 982.248 971.59 900
   vertex 462.7 156.609 900
   vertex 470.081 151.952 900
  endloop
 endfacet
 facet normal 0 0 1
  outer loop
   vertex 982.248 971.59 900
   vertex 470.081 151.952 900
   vertex 982.496 971.437 900
  endloop
 endfacet
 facet normal 0 0 1
  outer loop
   vertex 982.496 971.437 900
   vertex 470.081 151.952 900
   vertex 477.501 147.36 900
  endloop
 endfacet
 facet normal 0 0 1
  outer loop
   vertex 982.496 971.437 900
   vertex 477.501 147.36 900
   vertex 982.746 971.285 900
  endloop
 endfacet
 facet normal 0 0 1
  outer loop
   vertex 982.746 971.285 900
   vertex 477.501 147.36 900
   vertex 484.962 142.833 900
  endloop
 endfacet
 facet normal 0 0 1
  outer loop
   vertex 982.746 971.285 900
   vertex 484.962 142.833 900
   vertex 982.997 971.135 900
  endloop
 endfacet
 facet normal 0 0 1
  outer loop
   vertex 982.997 971.135 900
   vertex 484.962 142.833 900
   vertex 492.462 138.371 900
  endloop
 endfacet
 facet normal 0 0 1
  outer loop
   vertex 982.997 971.135 900
   vertex 492.462 138.371 900
   vertex 983.25 970.988 900
  endloop
 endfacet
 facet normal 0 0 1
  outer loop
   vertex 983.25 970.988 900
   vertex 492.462 138.371 900
   vertex 500 133.975 900
  endloop
 endfacet
 facet normal 0 0 1
  outer loop
   vertex 983.25 970.988 900
   vertex 500 133.975 900
   vertex 983.504 970.843 900
  endloop
 endfacet
 facet normal 0 0 1
  outer loop
   vertex 983.504 970.843 900
   vertex 500 133.975 900
   vertex 507.576 129.644 900
  endloop
 endfacet
 facet normal 0 0 1
  outer loop
   vertex 983.504 970.843 900
   vertex 507.576 129.644 900
   vertex 983.759 970.7 900
  endloop
 endfacet
 facet normal 0 0 1
  outer loop
   vertex 983.759 970.7 900
   vertex 507.576 129.644 900
   vertex 515.19 125.38 900
  endloop
 endfacet
 facet normal 0 0 1
  outer loop
   vertex 983.759 970.7 900
   vertex 515.19 125.38 900
   vertex 984.015 970.56 900
  endloop
 endfacet
 facet normal 0 0 1
  outer loop
   vertex 984.015 970.56 900
   vertex 515.19 125.38 900
   vertex 522.841 121.183 900
  endloop
 endfacet
 facet normal 0 0 1
  outer loop
   vertex 984.015 970.56 900
   vertex 522.841 121.183 900
   vertex 984.273 970.421 900
  endloop
 endfacet
 facet normal 0 0 1
  outer loop
   vertex 984.273 970.421 900
   vertex 522.841 121.183 900
   vertex 530.528 117.052 900
  endloop
 endfacet
 facet normal 0 0 1
  outer loop
   vertex 984.273 970.421 900
   vertex 530.528 117.052 900
   vertex 984.531 970.285 900
  endloop
 endfacet
 facet normal 0 0 1
  outer loop
   vertex 984.531 970.285 900
   vertex 530.528 117.052 900
   vertex 538.251 112.989 900
  endloop
 endfacet
 facet normal 0 0 1
  outer loop
   vertex 984.531 970.285 900
   vertex 538.251 112.989 900
   vertex 984.791 970.151 900
  endloop
 endfacet
 facet normal 0 0 1
  outer loop
   vertex 984.791 970.151 900
   vertex 538.251 112.989 900
   vertex 546.01 108.993 900
  endloop
 endfacet
 facet normal 0 0 1
  outer loop
   vertex 984.791 970.151 900
   vertex 546.01 108.993 900
   vertex 985.052 970.02 900
  endloop
 endfacet
 facet normal 0 0 1
  outer loop
   vertex 985.052 970.02 900
   vertex 546.01 108.993 900
   vertex 553.802 105.066 900
  endloop
 endfacet
 facet normal 0 0 1
  outer loop
   vertex 985.052 970.02 900
   vertex 553.802 105.066 900
   vertex 985.315 969.89 900
  endloop
 endfacet
 facet normal 0 0 1
  outer loop
   vertex 985.315 969.89 900
   vertex 553.802 105.066 900
   vertex 561.629 101.206 900
  endloop
 endfacet
 facet normal 0 0 1
  outer loop
   vertex 985.315 969.89 900
   vertex 561.629 101.206 900
   vertex 985.578 969.763 900
  endloop
 endfacet
 facet normal 0 0 1
  outer loop
   vertex 985.578 969.763 900
   vertex 561.629 101.206 900
   vertex 569.489 97.4147 900
  endloop
 endfacet
 facet normal 0 0 1
  outer loop
   vertex 985.578 969.763 900
   vertex 569.489 97.4147 900
   vertex 985.842 969.639 900
  endloop
 endfacet
 facet normal 0 0 1
  outer loop
   vertex 985.842 969.639 900
   vertex 569.489 97.4147 900
   vertex 577.382 93.6922 900
  endloop
 endfacet
 facet normal 0 0 1
  outer loop
   vertex 985.842 969.639 900
   vertex 577.382 93.6922 900
   vertex 986.108 969.516 900
  endloop
 endfacet
 facet normal 0 0 1
  outer loop
   vertex 986.108 969.516 900
   vertex 577.382 93.6922 900
   vertex 585.307 90.0387 900
  endloop
 endfacet
 facet normal 0 0 1
  outer loop
   vertex 986.108 969.516 900
   vertex 585.307 90.0387 900
   vertex 986.374 969.396 900
  endloop
 endfacet
 facet normal 0 0 1
  outer loop
   vertex 986.374 969.396 900
   vertex 585.307 90.0387 900
   vertex 593.263 86.4546 900
  endloop
 endfacet
 facet normal 0 0 1
  outer loop
   vertex 986.374 969.396 900
   vertex 593.263 86.4546 900
   vertex 986.642 969.279 900
  endloop
 endfacet
 facet normal 0 0 1
  outer loop
   vertex 986.642 969.279 900
   vertex 593.263 86.4546 900
   vertex 601.251 82.9399 900
  endloop
 endfacet
 facet normal 0 0 1
  outer loop
   vertex 986.642 969.279 900
   vertex 601.251 82.9399 900
   vertex 986.911 969.163 900
  endloop
 endfacet
 facet normal 0 0 1
  outer loop
   vertex 986.911 969.163 900
   vertex 601.251 82.9399 900
   vertex 609.269 79.4951 900
  endloop
 endfacet
 facet normal 0 0 1
  outer loop
   vertex 986.911 969.163 900
   vertex 609.269 79.4951 900
   vertex 987.18 969.05 900
  endloop
 endfacet
 facet normal 0 0 1
  outer loop
   vertex 987.18 969.05 900
   vertex 609.269 79.4951 900
   vertex 617.317 76.1205 900
  endloop
 endfacet
 facet normal 0 0 1
  outer loop
   vertex 987.18 969.05 900
   vertex 617.317 76.1205 900
   vertex 987.451 968.939 900
  endloop
 endfacet
 facet normal 0 0 1
  outer loop
   vertex 987.451 968.939 900
   vertex 617.317 76.1205 900
   vertex 625.393 72.8161 900
  endloop
 endfacet
 facet normal 0 0 1
  outer loop
   vertex 987.451 968.939 900
   vertex 625.393 72.8161 900
   vertex 987.722 968.831 900
  endloop
 endfacet
 facet normal 0 0 1
  outer loop
   vertex 987.722 968.831 900
   vertex 625.393 72.8161 900
   vertex 633.499 69.5824 900
  endloop
 endfacet
 facet normal 0 0 1
  outer loop
   vertex 987.722 968.831 900
   vertex 633.499 69.5824 900
   vertex 987.995 968.725 900
  endloop
 endfacet
 facet normal 0 0 1
  outer loop
   vertex 987.995 968.725 900
   vertex 633.499 69.5824 900
   vertex 641.632 66.4196 900
  endloop
 endfacet
 facet normal 0 0 1
  outer loop
   vertex 987.995 968.725 900
   vertex 641.632 66.4196 900
   vertex 988.268 968.622 900
  endloop
 endfacet
 facet normal 0 0 1
  outer loop
   vertex 988.268 968.622 900
   vertex 641.632 66.4196 900
   vertex 649.793 63.3278 900
  endloop
 endfacet
 facet normal 0 0 1
  outer loop
   vertex 988.268 968.622 900
   vertex 649.793 63.3278 900
   vertex 988.542 968.52 900
  endloop
 endfacet
 facet normal 0 0 1
  outer loop
   vertex 988.542 968.52 900
   vertex 649.793 63.3278 900
   vertex 657.98 60.3074 900
  endloop
 endfacet
 facet normal 0 0 1
  outer loop
   vertex 988.542 968.52 900
   vertex 657.98 60.3074 900
   vertex 988.818 968.422 900
  endloop
 endfacet
 facet normal 0 0 1
  outer loop
   vertex 988.818 968.422 900
   vertex 657.98 60.3074 900
   vertex 666.193 57.3585 900
  endloop
 endfacet
 facet normal 0 0 1
  outer loop
   vertex 988.818 968.422 900
   vertex 666.193 57.3585 900
   vertex 989.094 968.325 900
  endloop
 endfacet
 facet normal 0 0 1
  outer loop
   vertex 989.094 968.325 900
   vertex 666.193 57.3585 900
   vertex 674.432 54.4814 900
  endloop
 endfacet
 facet normal 0 0 1
  outer loop
   vertex 989.094 968.325 900
   vertex 674.432 54.4814 900
   vertex 989.37 968.231 900
  endloop
 endfacet
 facet normal 0 0 1
  outer loop
   vertex 989.37 968.231 900
   vertex 674.432 54.4814 900
   vertex 682.695 51.6763 900
  endloop
 endfacet
 facet normal 0 0 1
  outer loop
   vertex 989.37 968.231 900
   vertex 682.695 51.6763 900
   vertex 989.648 968.14 900
  endloop
 endfacet
 facet normal 0 0 1
  outer loop
   vertex 989.648 968.14 900
   vertex 682.695 51.6763 900
   vertex 690.983 48.9435 900
  endloop
 endfacet
 facet normal 0 0 1
  outer loop
   vertex 989.648 968.14 900
   vertex 690.983 48.9435 900
   vertex 989.926 968.05 900
  endloop
 endfacet
 facet normal 0 0 1
  outer loop
   vertex 989.926 968.05 900
   vertex 690.983 48.9435 900
   vertex 699.294 46.2831 900
  endloop
 endfacet
 facet normal 0 0 1
  outer loop
   vertex 989.926 968.05 900
   vertex 699.294 46.2831 900
   vertex 990.206 967.964 900
  endloop
 endfacet
 facet normal 0 0 1
  outer loop
   vertex 990.206 967.964 900
   vertex 699.294 46.2831 900
   vertex 707.628 43.6953 900
  endloop
 endfacet
 facet normal 0 0 1
  outer loop
   vertex 990.206 967.964 900
   vertex 707.628 43.6953 900
   vertex 990.485 967.88 900
  endloop
 endfacet
 facet normal 0 0 1
  outer loop
   vertex 990.485 967.88 900
   vertex 707.628 43.6953 900
   vertex 715.985 41.1802 900
  endloop
 endfacet
 facet normal 0 0 1
  outer loop
   vertex 990.485 967.88 900
   vertex 715.985 41.1802 900
   vertex 990.766 967.798 900
  endloop
 endfacet
 facet normal 0 0 1
  outer loop
   vertex 990.766 967.798 900
   vertex 715.985 41.1802 900
   vertex 724.363 38.7383 900
  endloop
 endfacet
 facet normal 0 0 1
  outer loop
   vertex 990.766 967.798 900
   vertex 724.363 38.7383 900
   vertex 991.047 967.718 900
  endloop
 endfacet
 facet normal 0 0 1
  outer loop
   vertex 991.047 967.718 900
   vertex 724.363 38.7383 900
   vertex 732.762 36.3696 900
  endloop
 endfacet
 facet normal 0 0 1
  outer loop
   vertex 991.047 967.718 900
   vertex 732.762 36.3696 900
   vertex 991.33 967.641 900
  endloop
 endfacet
 facet normal 0 0 1
  outer loop
   vertex 991.33 967.641 900
   vertex 732.762 36.3696 900
   vertex 741.181 34.0742 900
  endloop
 endfacet
 facet normal 0 0 1
  outer loop
   vertex 967.009 1005.82 900
   vertex 15.1923 1173.65 900
   vertex 966.959 1005.53 900
  endloop
 endfacet
 facet normal 0 0 1
  outer loop
   vertex 966.959 1005.53 900
   vertex 15.1923 1173.65 900
   vertex 13.7144 1165.05 900
  endloop
 endfacet
 facet normal 0 0 1
  outer loop
   vertex 966.959 1005.53 900
   vertex 13.7144 1165.05 900
   vertex 966.912 1005.24 900
  endloop
 endfacet
 facet normal 0 0 1
  outer loop
   vertex 966.912 1005.24 900
   vertex 13.7144 1165.05 900
   vertex 12.3116 1156.43 900
  endloop
 endfacet
 facet normal 0 0 1
  outer loop
   vertex 966.912 1005.24 900
   vertex 12.3116 1156.43 900
   vertex 966.868 1004.95 900
  endloop
 endfacet
 facet normal 0 0 1
  outer loop
   vertex 966.868 1004.95 900
   vertex 12.3116 1156.43 900
   vertex 10.9841 1147.81 900
  endloop
 endfacet
 facet normal 0 0 1
  outer loop
   vertex 966.868 1004.95 900
   vertex 10.9841 1147.81 900
   vertex 966.826 1004.66 900
  endloop
 endfacet
 facet normal 0 0 1
  outer loop
   vertex 966.826 1004.66 900
   vertex 10.9841 1147.81 900
   vertex 9.73195 1139.17 900
  endloop
 endfacet
 facet normal 0 0 1
  outer loop
   vertex 966.826 1004.66 900
   vertex 9.73195 1139.17 900
   vertex 966.787 1004.37 900
  endloop
 endfacet
 facet normal 0 0 1
  outer loop
   vertex 966.787 1004.37 900
   vertex 9.73195 1139.17 900
   vertex 8.55511 1130.53 900
  endloop
 endfacet
 facet normal 0 0 1
  outer loop
   vertex 966.787 1004.37 900
   vertex 8.55511 1130.53 900
   vertex 966.75 1004.08 900
  endloop
 endfacet
 facet normal 0 0 1
  outer loop
   vertex 966.75 1004.08 900
   vertex 8.55511 1130.53 900
   vertex 7.45386 1121.87 900
  endloop
 endfacet
 facet normal 0 0 1
  outer loop
   vertex 966.75 1004.08 900
   vertex 7.45386 1121.87 900
   vertex 966.715 1003.79 900
  endloop
 endfacet
 facet normal 0 0 1
  outer loop
   vertex 966.715 1003.79 900
   vertex 7.45386 1121.87 900
   vertex 6.42812 1113.2 900
  endloop
 endfacet
 facet normal 0 0 1
  outer loop
   vertex 966.715 1003.79 900
   vertex 6.42812 1113.2 900
   vertex 966.683 1003.5 900
  endloop
 endfacet
 facet normal 0 0 1
  outer loop
   vertex 966.683 1003.5 900
   vertex 6.42812 1113.2 900
   vertex 5.47808 1104.53 900
  endloop
 endfacet
 facet normal 0 0 1
  outer loop
   vertex 966.683 1003.5 900
   vertex 5.47808 1104.53 900
   vertex 966.654 1003.21 900
  endloop
 endfacet
 facet normal 0 0 1
  outer loop
   vertex 966.654 1003.21 900
   vertex 5.47808 1104.53 900
   vertex 4.6038 1095.85 900
  endloop
 endfacet
 facet normal 0 0 1
  outer loop
   vertex 966.654 1003.21 900
   vertex 4.6038 1095.85 900
   vertex 966.628 1002.92 900
  endloop
 endfacet
 facet normal 0 0 1
  outer loop
   vertex 966.628 1002.92 900
   vertex 4.6038 1095.85 900
   vertex 3.80528 1087.16 900
  endloop
 endfacet
 facet normal 0 0 1
  outer loop
   vertex 966.628 1002.92 900
   vertex 3.80528 1087.16 900
   vertex 966.603 1002.63 900
  endloop
 endfacet
 facet normal 0 0 1
  outer loop
   vertex 966.603 1002.63 900
   vertex 3.80528 1087.16 900
   vertex 3.08269 1078.46 900
  endloop
 endfacet
 facet normal 0 0 1
  outer loop
   vertex 966.603 1002.63 900
   vertex 3.08269 1078.46 900
   vertex 966.582 1002.34 900
  endloop
 endfacet
 facet normal 0 0 1
  outer loop
   vertex 966.582 1002.34 900
   vertex 3.08269 1078.46 900
   vertex 2.43592 1069.76 900
  endloop
 endfacet
 facet normal 0 0 1
  outer loop
   vertex 966.582 1002.34 900
   vertex 2.43592 1069.76 900
   vertex 966.562 1002.04 900
  endloop
 endfacet
 facet normal 0 0 1
  outer loop
   vertex 966.562 1002.04 900
   vertex 2.43592 1069.76 900
   vertex 1.86521 1061.05 900
  endloop
 endfacet
 facet normal 0 0 1
  outer loop
   vertex 966.562 1002.04 900
   vertex 1.86521 1061.05 900
   vertex 966.546 1001.75 900
  endloop
 endfacet
 facet normal 0 0 1
  outer loop
   vertex 966.546 1001.75 900
   vertex 1.86521 1061.05 900
   vertex 1.37049 1052.34 900
  endloop
 endfacet
 facet normal 0 0 1
  outer loop
   vertex 966.546 1001.75 900
   vertex 1.37049 1052.34 900
   vertex 966.532 1001.46 900
  endloop
 endfacet
 facet normal 0 0 1
  outer loop
   vertex 966.532 1001.46 900
   vertex 1.37049 1052.34 900
   vertex 0.951767 1043.62 900
  endloop
 endfacet
 facet normal 0 0 1
  outer loop
   vertex 966.532 1001.46 900
   vertex 0.951767 1043.62 900
   vertex 966.52 1001.17 900
  endloop
 endfacet
 facet normal 0 0 1
  outer loop
   vertex 966.52 1001.17 900
   vertex 0.951767 1043.62 900
   vertex 0.60916 1034.9 900
  endloop
 endfacet
 facet normal 0 0 1
  outer loop
   vertex 966.52 1001.17 900
   vertex 0.60916 1034.9 900
   vertex 966.511 1000.88 900
  endloop
 endfacet
 facet normal 0 0 1
  outer loop
   vertex 966.511 1000.88 900
   vertex 0.60916 1034.9 900
   vertex 0.342667 1026.18 900
  endloop
 endfacet
 facet normal 0 0 1
  outer loop
   vertex 966.511 1000.88 900
   vertex 0.342667 1026.18 900
   vertex 966.505 1000.59 900
  endloop
 endfacet
 facet normal 0 0 1
  outer loop
   vertex 966.505 1000.59 900
   vertex 0.342667 1026.18 900
   vertex 0.15229 1017.45 900
  endloop
 endfacet
 facet normal 0 0 1
  outer loop
   vertex 966.505 1000.59 900
   vertex 0.15229 1017.45 900
   vertex 966.501 1000.29 900
  endloop
 endfacet
 facet normal 0 0 1
  outer loop
   vertex 966.501 1000.29 900
   vertex 0.15229 1017.45 900
   vertex 0.0380874 1008.73 900
  endloop
 endfacet
 facet normal 0 0 1
  outer loop
   vertex 966.501 1000.29 900
   vertex 0.0380874 1008.73 900
   vertex 966.5 1000 900
  endloop
 endfacet
 facet normal 0 0 1
  outer loop
   vertex 966.5 1000 900
   vertex 0.0380874 1008.73 900
   vertex 0 1000 900
  endloop
 endfacet
 facet normal 0 0 1
  outer loop
   vertex 966.5 1000 900
   vertex 0 1000 900
   vertex 966.501 999.708 900
  endloop
 endfacet
 facet normal 0 0 1
  outer loop
   vertex 966.501 999.708 900
   vertex 0 1000 900
   vertex 0.0380874 991.273 900
  endloop
 endfacet
 facet normal 0 0 1
  outer loop
   vertex 966.501 999.708 900
   vertex 0.0380874 991.273 900
   vertex 966.505 999.415 900
  endloop
 endfacet
 facet normal 0 0 1
  outer loop
   vertex 966.505 999.415 900
   vertex 0.0380874 991.273 900
   vertex 0.15229 982.548 900
  endloop
 endfacet
 facet normal 0 0 1
  outer loop
   vertex 966.505 999.415 900
   vertex 0.15229 982.548 900
   vertex 966.511 999.123 900
  endloop
 endfacet
 facet normal 0 0 1
  outer loop
   vertex 966.511 999.123 900
   vertex 0.15229 982.548 900
   vertex 0.342667 973.823 900
  endloop
 endfacet
 facet normal 0 0 1
  outer loop
   vertex 966.511 999.123 900
   vertex 0.342667 973.823 900
   vertex 966.52 998.831 900
  endloop
 endfacet
 facet normal 0 0 1
  outer loop
   vertex 966.52 998.831 900
   vertex 0.342667 973.823 900
   vertex 0.60916 965.101 900
  endloop
 endfacet
 facet normal 0 0 1
  outer loop
   vertex 966.52 998.831 900
   vertex 0.60916 965.101 900
   vertex 966.532 998.539 900
  endloop
 endfacet
 facet normal 0 0 1
  outer loop
   vertex 966.532 998.539 900
   vertex 0.60916 965.101 900
   vertex 0.951767 956.381 900
  endloop
 endfacet
 facet normal 0 0 1
  outer loop
   vertex 966.532 998.539 900
   vertex 0.951767 956.381 900
   vertex 966.546 998.247 900
  endloop
 endfacet
 facet normal 0 0 1
  outer loop
   vertex 966.546 998.247 900
   vertex 0.951767 956.381 900
   vertex 1.37049 947.664 900
  endloop
 endfacet
 facet normal 0 0 1
  outer loop
   vertex 966.546 998.247 900
   vertex 1.37049 947.664 900
   vertex 966.562 997.955 900
  endloop
 endfacet
 facet normal 0 0 1
  outer loop
   vertex 966.562 997.955 900
   vertex 1.37049 947.664 900
   vertex 1.86521 938.951 900
  endloop
 endfacet
 facet normal 0 0 1
  outer loop
   vertex 966.562 997.955 900
   vertex 1.86521 938.951 900
   vertex 966.582 997.663 900
  endloop
 endfacet
 facet normal 0 0 1
  outer loop
   vertex 966.582 997.663 900
   vertex 1.86521 938.951 900
   vertex 2.43592 930.244 900
  endloop
 endfacet
 facet normal 0 0 1
  outer loop
   vertex 966.582 997.663 900
   vertex 2.43592 930.244 900
   vertex 966.603 997.372 900
  endloop
 endfacet
 facet normal 0 0 1
  outer loop
   vertex 966.603 997.372 900
   vertex 2.43592 930.244 900
   vertex 3.08269 921.541 900
  endloop
 endfacet
 facet normal 0 0 1
  outer loop
   vertex 966.603 997.372 900
   vertex 3.08269 921.541 900
   vertex 966.628 997.08 900
  endloop
 endfacet
 facet normal 0 0 1
  outer loop
   vertex 966.628 997.08 900
   vertex 3.08269 921.541 900
   vertex 3.80528 912.844 900
  endloop
 endfacet
 facet normal 0 0 1
  outer loop
   vertex 966.628 997.08 900
   vertex 3.80528 912.844 900
   vertex 966.654 996.789 900
  endloop
 endfacet
 facet normal 0 0 1
  outer loop
   vertex 966.654 996.789 900
   vertex 3.80528 912.844 900
   vertex 4.6038 904.154 900
  endloop
 endfacet
 facet normal 0 0 1
  outer loop
   vertex 966.654 996.789 900
   vertex 4.6038 904.154 900
   vertex 966.683 996.498 900
  endloop
 endfacet
 facet normal 0 0 1
  outer loop
   vertex 966.683 996.498 900
   vertex 4.6038 904.154 900
   vertex 5.47808 895.471 900
  endloop
 endfacet
 facet normal 0 0 1
  outer loop
   vertex 966.683 996.498 900
   vertex 5.47808 895.471 900
   vertex 966.715 996.208 900
  endloop
 endfacet
 facet normal 0 0 1
  outer loop
   vertex 966.715 996.208 900
   vertex 5.47808 895.471 900
   vertex 6.42812 886.797 900
  endloop
 endfacet
 facet normal 0 0 1
  outer loop
   vertex 966.715 996.208 900
   vertex 6.42812 886.797 900
   vertex 966.75 995.917 900
  endloop
 endfacet
 facet normal 0 0 1
  outer loop
   vertex 966.75 995.917 900
   vertex 6.42812 886.797 900
   vertex 7.45386 878.131 900
  endloop
 endfacet
 facet normal 0 0 1
  outer loop
   vertex 966.75 995.917 900
   vertex 7.45386 878.131 900
   vertex 966.787 995.627 900
  endloop
 endfacet
 facet normal 0 0 1
  outer loop
   vertex 966.787 995.627 900
   vertex 7.45386 878.131 900
   vertex 8.55511 869.474 900
  endloop
 endfacet
 facet normal 0 0 1
  outer loop
   vertex 966.787 995.627 900
   vertex 8.55511 869.474 900
   vertex 966.826 995.338 900
  endloop
 endfacet
 facet normal 0 0 1
  outer loop
   vertex 966.826 995.338 900
   vertex 8.55511 869.474 900
   vertex 9.73195 860.827 900
  endloop
 endfacet
 facet normal 0 0 1
  outer loop
   vertex 966.826 995.338 900
   vertex 9.73195 860.827 900
   vertex 966.868 995.048 900
  endloop
 endfacet
 facet normal 0 0 1
  outer loop
   vertex 966.868 995.048 900
   vertex 9.73195 860.827 900
   vertex 10.9841 852.191 900
  endloop
 endfacet
 facet normal 0 0 1
  outer loop
   vertex 966.868 995.048 900
   vertex 10.9841 852.191 900
   vertex 966.912 994.759 900
  endloop
 endfacet
 facet normal 0 0 1
  outer loop
   vertex 966.912 994.759 900
   vertex 10.9841 852.191 900
   vertex 12.3116 843.565 900
  endloop
 endfacet
 facet normal 0 0 1
  outer loop
   vertex 966.912 994.759 900
   vertex 12.3116 843.565 900
   vertex 966.959 994.471 900
  endloop
 endfacet
 facet normal 0 0 1
  outer loop
   vertex 966.959 994.471 900
   vertex 12.3116 843.565 900
   vertex 13.7144 834.952 900
  endloop
 endfacet
 facet normal 0 0 1
  outer loop
   vertex 966.959 994.471 900
   vertex 13.7144 834.952 900
   vertex 967.009 994.183 900
  endloop
 endfacet
 facet normal 0 0 1
  outer loop
   vertex 967.009 994.183 900
   vertex 13.7144 834.952 900
   vertex 15.1923 826.352 900
  endloop
 endfacet
 facet normal 0 0 1
  outer loop
   vertex 967.009 994.183 900
   vertex 15.1923 826.352 900
   vertex 967.061 993.895 900
  endloop
 endfacet
 facet normal 0 0 1
  outer loop
   vertex 967.061 993.895 900
   vertex 15.1923 826.352 900
   vertex 16.7451 817.765 900
  endloop
 endfacet
 facet normal 0 0 1
  outer loop
   vertex 967.061 993.895 900
   vertex 16.7451 817.765 900
   vertex 967.115 993.608 900
  endloop
 endfacet
 facet normal 0 0 1
  outer loop
   vertex 967.115 993.608 900
   vertex 16.7451 817.765 900
   vertex 18.3728 809.191 900
  endloop
 endfacet
 facet normal 0 0 1
  outer loop
   vertex 967.115 993.608 900
   vertex 18.3728 809.191 900
   vertex 967.172 993.321 900
  endloop
 endfacet
 facet normal 0 0 1
  outer loop
   vertex 967.172 993.321 900
   vertex 18.3728 809.191 900
   vertex 20.0753 800.632 900
  endloop
 endfacet
 facet normal 0 0 1
  outer loop
   vertex 967.172 993.321 900
   vertex 20.0753 800.632 900
   vertex 967.232 993.035 900
  endloop
 endfacet
 facet normal 0 0 1
  outer loop
   vertex 967.232 993.035 900
   vertex 20.0753 800.632 900
   vertex 21.8524 792.088 900
  endloop
 endfacet
 facet normal 0 0 1
  outer loop
   vertex 967.232 993.035 900
   vertex 21.8524 792.088 900
   vertex 967.294 992.749 900
  endloop
 endfacet
 facet normal 0 0 1
  outer loop
   vertex 967.294 992.749 900
   vertex 21.8524 792.088 900
   vertex 23.704 783.56 900
  endloop
 endfacet
 facet normal 0 0 1
  outer loop
   vertex 967.294 992.749 900
   vertex 23.704 783.56 900
   vertex 967.359 992.464 900
  endloop
 endfacet
 facet normal 0 0 1
  outer loop
   vertex 967.359 992.464 900
   vertex 23.704 783.56 900
   vertex 25.6299 775.049 900
  endloop
 endfacet
 facet normal 0 0 1
  outer loop
   vertex 967.359 992.464 900
   vertex 25.6299 775.049 900
   vertex 967.426 992.18 900
  endloop
 endfacet
 facet normal 0 0 1
  outer loop
   vertex 967.426 992.18 900
   vertex 25.6299 775.049 900
   vertex 27.6301 766.555 900
  endloop
 endfacet
 facet normal 0 0 1
  outer loop
   vertex 967.426 992.18 900
   vertex 27.6301 766.555 900
   vertex 967.495 991.896 900
  endloop
 endfacet
 facet normal 0 0 1
  outer loop
   vertex 967.495 991.896 900
   vertex 27.6301 766.555 900
   vertex 29.7043 758.078 900
  endloop
 endfacet
 facet normal 0 0 1
  outer loop
   vertex 967.495 991.896 900
   vertex 29.7043 758.078 900
   vertex 967.567 991.612 900
  endloop
 endfacet
 facet normal 0 0 1
  outer loop
   vertex 967.567 991.612 900
   vertex 29.7043 758.078 900
   vertex 31.8524 749.62 900
  endloop
 endfacet
 facet normal 0 0 1
  outer loop
   vertex 967.567 991.612 900
   vertex 31.8524 749.62 900
   vertex 967.641 991.33 900
  endloop
 endfacet
 facet normal 0 0 1
  outer loop
   vertex 967.641 991.33 900
   vertex 31.8524 749.62 900
   vertex 34.0742 741.181 900
  endloop
 endfacet
 facet normal 0 0 1
  outer loop
   vertex 967.641 991.33 900
   vertex 34.0742 741.181 900
   vertex 967.718 991.047 900
  endloop
 endfacet
 facet normal 0 0 1
  outer loop
   vertex 967.718 991.047 900
   vertex 34.0742 741.181 900
   vertex 36.3696 732.762 900
  endloop
 endfacet
 facet normal 0 0 1
  outer loop
   vertex 967.718 991.047 900
   vertex 36.3696 732.762 900
   vertex 967.798 990.766 900
  endloop
 endfacet
 facet normal 0 0 1
  outer loop
   vertex 967.798 990.766 900
   vertex 36.3696 732.762 900
   vertex 38.7383 724.363 900
  endloop
 endfacet
 facet normal 0 0 1
  outer loop
   vertex 967.798 990.766 900
   vertex 38.7383 724.363 900
   vertex 967.88 990.485 900
  endloop
 endfacet
 facet normal 0 0 1
  outer loop
   vertex 967.88 990.485 900
   vertex 38.7383 724.363 900
   vertex 41.1802 715.985 900
  endloop
 endfacet
 facet normal 0 0 1
  outer loop
   vertex 967.88 990.485 900
   vertex 41.1802 715.985 900
   vertex 967.964 990.206 900
  endloop
 endfacet
 facet normal 0 0 1
  outer loop
   vertex 967.964 990.206 900
   vertex 41.1802 715.985 900
   vertex 43.6953 707.628 900
  endloop
 endfacet
 facet normal 0 0 1
  outer loop
   vertex 967.964 990.206 900
   vertex 43.6953 707.628 900
   vertex 968.05 989.926 900
  endloop
 endfacet
 facet normal 0 0 1
  outer loop
   vertex 968.05 989.926 900
   vertex 43.6953 707.628 900
   vertex 46.2831 699.294 900
  endloop
 endfacet
 facet normal 0 0 1
  outer loop
   vertex 968.05 989.926 900
   vertex 46.2831 699.294 900
   vertex 968.14 989.648 900
  endloop
 endfacet
 facet normal 0 0 1
  outer loop
   vertex 968.14 989.648 900
   vertex 46.2831 699.294 900
   vertex 48.9435 690.983 900
  endloop
 endfacet
 facet normal 0 0 1
  outer loop
   vertex 968.14 989.648 900
   vertex 48.9435 690.983 900
   vertex 968.231 989.37 900
  endloop
 endfacet
 facet normal 0 0 1
  outer loop
   vertex 968.231 989.37 900
   vertex 48.9435 690.983 900
   vertex 51.6763 682.695 900
  endloop
 endfacet
 facet normal 0 0 1
  outer loop
   vertex 968.231 989.37 900
   vertex 51.6763 682.695 900
   vertex 968.325 989.094 900
  endloop
 endfacet
 facet normal 0 0 1
  outer loop
   vertex 968.325 989.094 900
   vertex 51.6763 682.695 900
   vertex 54.4814 674.432 900
  endloop
 endfacet
 facet normal 0 0 1
  outer loop
   vertex 968.325 989.094 900
   vertex 54.4814 674.432 900
   vertex 968.422 988.818 900
  endloop
 endfacet
 facet normal 0 0 1
  outer loop
   vertex 968.422 988.818 900
   vertex 54.4814 674.432 900
   vertex 57.3585 666.193 900
  endloop
 endfacet
 facet normal 0 0 1
  outer loop
   vertex 968.422 988.818 900
   vertex 57.3585 666.193 900
   vertex 968.52 988.542 900
  endloop
 endfacet
 facet normal 0 0 1
  outer loop
   vertex 968.52 988.542 900
   vertex 57.3585 666.193 900
   vertex 60.3074 657.98 900
  endloop
 endfacet
 facet normal 0 0 1
  outer loop
   vertex 968.52 988.542 900
   vertex 60.3074 657.98 900
   vertex 968.622 988.268 900
  endloop
 endfacet
 facet normal 0 0 1
  outer loop
   vertex 968.622 988.268 900
   vertex 60.3074 657.98 900
   vertex 63.3278 649.793 900
  endloop
 endfacet
 facet normal 0 0 1
  outer loop
   vertex 968.622 988.268 900
   vertex 63.3278 649.793 900
   vertex 968.725 987.995 900
  endloop
 endfacet
 facet normal 0 0 1
  outer loop
   vertex 968.725 987.995 900
   vertex 63.3278 649.793 900
   vertex 66.4196 641.632 900
  endloop
 endfacet
 facet normal 0 0 1
  outer loop
   vertex 968.725 987.995 900
   vertex 66.4196 641.632 900
   vertex 968.831 987.722 900
  endloop
 endfacet
 facet normal 0 0 1
  outer loop
   vertex 968.831 987.722 900
   vertex 66.4196 641.632 900
   vertex 69.5824 633.499 900
  endloop
 endfacet
 facet normal 0 0 1
  outer loop
   vertex 968.831 987.722 900
   vertex 69.5824 633.499 900
   vertex 968.939 987.451 900
  endloop
 endfacet
 facet normal 0 0 1
  outer loop
   vertex 968.939 987.451 900
   vertex 69.5824 633.499 900
   vertex 72.8161 625.393 900
  endloop
 endfacet
 facet normal 0 0 1
  outer loop
   vertex 968.939 987.451 900
   vertex 72.8161 625.393 900
   vertex 969.05 987.18 900
  endloop
 endfacet
 facet normal 0 0 1
  outer loop
   vertex 969.05 987.18 900
   vertex 72.8161 625.393 900
   vertex 76.1205 617.317 900
  endloop
 endfacet
 facet normal 0 0 1
  outer loop
   vertex 969.05 987.18 900
   vertex 76.1205 617.317 900
   vertex 969.163 986.911 900
  endloop
 endfacet
 facet normal 0 0 1
  outer loop
   vertex 969.163 986.911 900
   vertex 76.1205 617.317 900
   vertex 79.4951 609.269 900
  endloop
 endfacet
 facet normal 0 0 1
  outer loop
   vertex 969.163 986.911 900
   vertex 79.4951 609.269 900
   vertex 969.279 986.642 900
  endloop
 endfacet
 facet normal 0 0 1
  outer loop
   vertex 969.279 986.642 900
   vertex 79.4951 609.269 900
   vertex 82.9399 601.251 900
  endloop
 endfacet
 facet normal 0 0 1
  outer loop
   vertex 969.279 986.642 900
   vertex 82.9399 601.251 900
   vertex 969.396 986.374 900
  endloop
 endfacet
 facet normal 0 0 1
  outer loop
   vertex 969.396 986.374 900
   vertex 82.9399 601.251 900
   vertex 86.4546 593.263 900
  endloop
 endfacet
 facet normal 0 0 1
  outer loop
   vertex 969.396 986.374 900
   vertex 86.4546 593.263 900
   vertex 969.516 986.108 900
  endloop
 endfacet
 facet normal 0 0 1
  outer loop
   vertex 969.516 986.108 900
   vertex 86.4546 593.263 900
   vertex 90.0387 585.307 900
  endloop
 endfacet
 facet normal 0 0 1
  outer loop
   vertex 969.516 986.108 900
   vertex 90.0387 585.307 900
   vertex 969.639 985.842 900
  endloop
 endfacet
 facet normal 0 0 1
  outer loop
   vertex 969.639 985.842 900
   vertex 90.0387 585.307 900
   vertex 93.6922 577.382 900
  endloop
 endfacet
 facet normal 0 0 1
  outer loop
   vertex 969.639 985.842 900
   vertex 93.6922 577.382 900
   vertex 969.763 985.578 900
  endloop
 endfacet
 facet normal 0 0 1
  outer loop
   vertex 969.763 985.578 900
   vertex 93.6922 577.382 900
   vertex 97.4147 569.489 900
  endloop
 endfacet
 facet normal 0 0 1
  outer loop
   vertex 969.763 985.578 900
   vertex 97.4147 569.489 900
   vertex 969.89 985.315 900
  endloop
 endfacet
 facet normal 0 0 1
  outer loop
   vertex 969.89 985.315 900
   vertex 97.4147 569.489 900
   vertex 101.206 561.629 900
  endloop
 endfacet
 facet normal 0 0 1
  outer loop
   vertex 969.89 985.315 900
   vertex 101.206 561.629 900
   vertex 970.02 985.052 900
  endloop
 endfacet
 facet normal 0 0 1
  outer loop
   vertex 970.02 985.052 900
   vertex 101.206 561.629 900
   vertex 105.066 553.802 900
  endloop
 endfacet
 facet normal 0 0 1
  outer loop
   vertex 970.02 985.052 900
   vertex 105.066 553.802 900
   vertex 970.151 984.791 900
  endloop
 endfacet
 facet normal 0 0 1
  outer loop
   vertex 970.151 984.791 900
   vertex 105.066 553.802 900
   vertex 108.993 546.01 900
  endloop
 endfacet
 facet normal 0 0 1
  outer loop
   vertex 970.151 984.791 900
   vertex 108.993 546.01 900
   vertex 970.285 984.531 900
  endloop
 endfacet
 facet normal 0 0 1
  outer loop
   vertex 970.285 984.531 900
   vertex 108.993 546.01 900
   vertex 112.989 538.251 900
  endloop
 endfacet
 facet normal 0 0 1
  outer loop
   vertex 970.285 984.531 900
   vertex 112.989 538.251 900
   vertex 970.421 984.273 900
  endloop
 endfacet
 facet normal 0 0 1
  outer loop
   vertex 970.421 984.273 900
   vertex 112.989 538.251 900
   vertex 117.052 530.528 900
  endloop
 endfacet
 facet normal 0 0 1
  outer loop
   vertex 970.421 984.273 900
   vertex 117.052 530.528 900
   vertex 970.56 984.015 900
  endloop
 endfacet
 facet normal 0 0 1
  outer loop
   vertex 970.56 984.015 900
   vertex 117.052 530.528 900
   vertex 121.183 522.841 900
  endloop
 endfacet
 facet normal 0 0 1
  outer loop
   vertex 970.56 984.015 900
   vertex 121.183 522.841 900
   vertex 970.7 983.759 900
  endloop
 endfacet
 facet normal 0 0 1
  outer loop
   vertex 970.7 983.759 900
   vertex 121.183 522.841 900
   vertex 125.38 515.19 900
  endloop
 endfacet
 facet normal 0 0 1
  outer loop
   vertex 970.7 983.759 900
   vertex 125.38 515.19 900
   vertex 970.843 983.504 900
  endloop
 endfacet
 facet normal 0 0 1
  outer loop
   vertex 970.843 983.504 900
   vertex 125.38 515.19 900
   vertex 129.644 507.576 900
  endloop
 endfacet
 facet normal 0 0 1
  outer loop
   vertex 970.843 983.504 900
   vertex 129.644 507.576 900
   vertex 970.988 983.25 900
  endloop
 endfacet
 facet normal 0 0 1
  outer loop
   vertex 970.988 983.25 900
   vertex 129.644 507.576 900
   vertex 133.975 500 900
  endloop
 endfacet
 facet normal 0 0 1
  outer loop
   vertex 970.988 983.25 900
   vertex 133.975 500 900
   vertex 971.135 982.997 900
  endloop
 endfacet
 facet normal 0 0 1
  outer loop
   vertex 971.135 982.997 900
   vertex 133.975 500 900
   vertex 138.371 492.462 900
  endloop
 endfacet
 facet normal 0 0 1
  outer loop
   vertex 971.135 982.997 900
   vertex 138.371 492.462 900
   vertex 971.285 982.746 900
  endloop
 endfacet
 facet normal 0 0 1
  outer loop
   vertex 971.285 982.746 900
   vertex 138.371 492.462 900
   vertex 142.833 484.962 900
  endloop
 endfacet
 facet normal 0 0 1
  outer loop
   vertex 971.285 982.746 900
   vertex 142.833 484.962 900
   vertex 971.437 982.496 900
  endloop
 endfacet
 facet normal 0 0 1
  outer loop
   vertex 971.437 982.496 900
   vertex 142.833 484.962 900
   vertex 147.36 477.501 900
  endloop
 endfacet
 facet normal 0 0 1
  outer loop
   vertex 971.437 982.496 900
   vertex 147.36 477.501 900
   vertex 971.59 982.248 900
  endloop
 endfacet
 facet normal 0 0 1
  outer loop
   vertex 971.59 982.248 900
   vertex 147.36 477.501 900
   vertex 151.952 470.081 900
  endloop
 endfacet
 facet normal 0 0 1
  outer loop
   vertex 971.59 982.248 900
   vertex 151.952 470.081 900
   vertex 971.746 982 900
  endloop
 endfacet
 facet normal 0 0 1
  outer loop
   vertex 971.746 982 900
   vertex 151.952 470.081 900
   vertex 156.609 462.7 900
  endloop
 endfacet
 facet normal 0 0 1
  outer loop
   vertex 971.746 982 900
   vertex 156.609 462.7 900
   vertex 971.904 981.755 900
  endloop
 endfacet
 facet normal 0 0 1
  outer loop
   vertex 971.904 981.755 900
   vertex 156.609 462.7 900
   vertex 161.329 455.361 900
  endloop
 endfacet
 facet normal 0 0 1
  outer loop
   vertex 971.904 981.755 900
   vertex 161.329 455.361 900
   vertex 972.065 981.51 900
  endloop
 endfacet
 facet normal 0 0 1
  outer loop
   vertex 972.065 981.51 900
   vertex 161.329 455.361 900
   vertex 166.114 448.063 900
  endloop
 endfacet
 facet normal 0 0 1
  outer loop
   vertex 972.065 981.51 900
   vertex 166.114 448.063 900
   vertex 972.227 981.267 900
  endloop
 endfacet
 facet normal 0 0 1
  outer loop
   vertex 972.227 981.267 900
   vertex 166.114 448.063 900
   vertex 170.962 440.807 900
  endloop
 endfacet
 facet normal 0 0 1
  outer loop
   vertex 972.227 981.267 900
   vertex 170.962 440.807 900
   vertex 972.392 981.025 900
  endloop
 endfacet
 facet normal 0 0 1
  outer loop
   vertex 972.392 981.025 900
   vertex 170.962 440.807 900
   vertex 175.874 433.594 900
  endloop
 endfacet
 facet normal 0 0 1
  outer loop
   vertex 972.392 981.025 900
   vertex 175.874 433.594 900
   vertex 972.558 980.785 900
  endloop
 endfacet
 facet normal 0 0 1
  outer loop
   vertex 972.558 980.785 900
   vertex 175.874 433.594 900
   vertex 180.848 426.423 900
  endloop
 endfacet
 facet normal 0 0 1
  outer loop
   vertex 972.558 980.785 900
   vertex 180.848 426.423 900
   vertex 972.727 980.547 900
  endloop
 endfacet
 facet normal 0 0 1
  outer loop
   vertex 972.727 980.547 900
   vertex 180.848 426.423 900
   vertex 185.885 419.297 900
  endloop
 endfacet
 facet normal 0 0 1
  outer loop
   vertex 972.727 980.547 900
   vertex 185.885 419.297 900
   vertex 972.898 980.309 900
  endloop
 endfacet
 facet normal 0 0 1
  outer loop
   vertex 972.898 980.309 900
   vertex 185.885 419.297 900
   vertex 190.983 412.215 900
  endloop
 endfacet
 facet normal 0 0 1
  outer loop
   vertex 972.898 980.309 900
   vertex 190.983 412.215 900
   vertex 973.071 980.073 900
  endloop
 endfacet
 facet normal 0 0 1
  outer loop
   vertex 973.071 980.073 900
   vertex 190.983 412.215 900
   vertex 196.143 405.177 900
  endloop
 endfacet
 facet normal 0 0 1
  outer loop
   vertex 973.071 980.073 900
   vertex 196.143 405.177 900
   vertex 973.246 979.839 900
  endloop
 endfacet
 facet normal 0 0 1
  outer loop
   vertex 973.246 979.839 900
   vertex 196.143 405.177 900
   vertex 201.365 398.185 900
  endloop
 endfacet
 facet normal 0 0 1
  outer loop
   vertex 973.246 979.839 900
   vertex 201.365 398.185 900
   vertex 973.423 979.607 900
  endloop
 endfacet
 facet normal 0 0 1
  outer loop
   vertex 973.423 979.607 900
   vertex 201.365 398.185 900
   vertex 206.647 391.239 900
  endloop
 endfacet
 facet normal 0 0 1
  outer loop
   vertex 973.423 979.607 900
   vertex 206.647 391.239 900
   vertex 973.602 979.375 900
  endloop
 endfacet
 facet normal 0 0 1
  outer loop
   vertex 973.602 979.375 900
   vertex 206.647 391.239 900
   vertex 211.989 384.339 900
  endloop
 endfacet
 facet normal 0 0 1
  outer loop
   vertex 973.602 979.375 900
   vertex 211.989 384.339 900
   vertex 973.783 979.146 900
  endloop
 endfacet
 facet normal 0 0 1
  outer loop
   vertex 973.783 979.146 900
   vertex 211.989 384.339 900
   vertex 217.392 377.485 900
  endloop
 endfacet
 facet normal 0 0 1
  outer loop
   vertex 973.783 979.146 900
   vertex 217.392 377.485 900
   vertex 973.966 978.918 900
  endloop
 endfacet
 facet normal 0 0 1
  outer loop
   vertex 973.966 978.918 900
   vertex 217.392 377.485 900
   vertex 222.854 370.68 900
  endloop
 endfacet
 facet normal 0 0 1
  outer loop
   vertex 973.966 978.918 900
   vertex 222.854 370.68 900
   vertex 974.151 978.691 900
  endloop
 endfacet
 facet normal 0 0 1
  outer loop
   vertex 974.151 978.691 900
   vertex 222.854 370.68 900
   vertex 228.375 363.922 900
  endloop
 endfacet
 facet normal 0 0 1
  outer loop
   vertex 974.151 978.691 900
   vertex 228.375 363.922 900
   vertex 974.338 978.467 900
  endloop
 endfacet
 facet normal 0 0 1
  outer loop
   vertex 974.338 978.467 900
   vertex 228.375 363.922 900
   vertex 233.956 357.212 900
  endloop
 endfacet
 facet normal 0 0 1
  outer loop
   vertex 974.338 978.467 900
   vertex 233.956 357.212 900
   vertex 974.526 978.244 900
  endloop
 endfacet
 facet normal 0 0 1
  outer loop
   vertex 974.526 978.244 900
   vertex 233.956 357.212 900
   vertex 239.594 350.552 900
  endloop
 endfacet
 facet normal 0 0 1
  outer loop
   vertex 974.526 978.244 900
   vertex 239.594 350.552 900
   vertex 974.717 978.022 900
  endloop
 endfacet
 facet normal 0 0 1
  outer loop
   vertex 974.717 978.022 900
   vertex 239.594 350.552 900
   vertex 245.29 343.941 900
  endloop
 endfacet
 facet normal 0 0 1
  outer loop
   vertex 974.717 978.022 900
   vertex 245.29 343.941 900
   vertex 974.91 977.802 900
  endloop
 endfacet
 facet normal 0 0 1
  outer loop
   vertex 974.91 977.802 900
   vertex 245.29 343.941 900
   vertex 251.044 337.38 900
  endloop
 endfacet
 facet normal 0 0 1
  outer loop
   vertex 974.91 977.802 900
   vertex 251.044 337.38 900
   vertex 975.105 977.584 900
  endloop
 endfacet
 facet normal 0 0 1
  outer loop
   vertex 975.105 977.584 900
   vertex 251.044 337.38 900
   vertex 256.855 330.869 900
  endloop
 endfacet
 facet normal 0 0 1
  outer loop
   vertex 975.105 977.584 900
   vertex 256.855 330.869 900
   vertex 975.301 977.368 900
  endloop
 endfacet
 facet normal 0 0 1
  outer loop
   vertex 975.301 977.368 900
   vertex 256.855 330.869 900
   vertex 262.723 324.41 900
  endloop
 endfacet
 facet normal 0 0 1
  outer loop
   vertex 975.301 977.368 900
   vertex 262.723 324.41 900
   vertex 975.5 977.153 900
  endloop
 endfacet
 facet normal 0 0 1
  outer loop
   vertex 975.5 977.153 900
   vertex 262.723 324.41 900
   vertex 268.646 318.002 900
  endloop
 endfacet
 facet normal 0 0 1
  outer loop
   vertex 975.5 977.153 900
   vertex 268.646 318.002 900
   vertex 975.7 976.94 900
  endloop
 endfacet
 facet normal 0 0 1
  outer loop
   vertex 975.7 976.94 900
   vertex 268.646 318.002 900
   vertex 274.626 311.645 900
  endloop
 endfacet
 facet normal 0 0 1
  outer loop
   vertex 975.7 976.94 900
   vertex 274.626 311.645 900
   vertex 975.902 976.729 900
  endloop
 endfacet
 facet normal 0 0 1
  outer loop
   vertex 975.902 976.729 900
   vertex 274.626 311.645 900
   vertex 280.66 305.342 900
  endloop
 endfacet
 facet normal 0 0 1
  outer loop
   vertex 975.902 976.729 900
   vertex 280.66 305.342 900
   vertex 976.106 976.519 900
  endloop
 endfacet
 facet normal 0 0 1
  outer loop
   vertex 976.106 976.519 900
   vertex 280.66 305.342 900
   vertex 286.75 299.091 900
  endloop
 endfacet
 facet normal 0 0 1
  outer loop
   vertex 976.106 976.519 900
   vertex 286.75 299.091 900
   vertex 976.312 976.312 900
  endloop
 endfacet
 facet normal 0 0 1
  outer loop
   vertex 976.312 976.312 900
   vertex 286.75 299.091 900
   vertex 292.893 292.893 900
  endloop
 endfacet
 facet normal 0 0 1
  outer loop
   vertex 976.312 976.312 900
   vertex 292.893 292.893 900
   vertex 976.519 976.106 900
  endloop
 endfacet
 facet normal 0 0 1
  outer loop
   vertex 976.519 976.106 900
   vertex 292.893 292.893 900
   vertex 299.091 286.75 900
  endloop
 endfacet
 facet normal 0 0 1
  outer loop
   vertex 976.519 976.106 900
   vertex 299.091 286.75 900
   vertex 976.729 975.902 900
  endloop
 endfacet
 facet normal 0 0 1
  outer loop
   vertex 976.729 975.902 900
   vertex 299.091 286.75 900
   vertex 305.342 280.66 900
  endloop
 endfacet
 facet normal 0 0 1
  outer loop
   vertex 976.729 975.902 900
   vertex 305.342 280.66 900
   vertex 976.94 975.7 900
  endloop
 endfacet
 facet normal 0 0 1
  outer loop
   vertex 976.94 975.7 900
   vertex 305.342 280.66 900
   vertex 311.645 274.626 900
  endloop
 endfacet
 facet normal 0 0 1
  outer loop
   vertex 976.94 975.7 900
   vertex 311.645 274.626 900
   vertex 977.153 975.5 900
  endloop
 endfacet
 facet normal 0 0 1
  outer loop
   vertex 977.153 975.5 900
   vertex 311.645 274.626 900
   vertex 318.002 268.646 900
  endloop
 endfacet
 facet normal 0 0 1
  outer loop
   vertex 977.153 975.5 900
   vertex 318.002 268.646 900
   vertex 977.368 975.301 900
  endloop
 endfacet
 facet normal 0 0 1
  outer loop
   vertex 977.368 975.301 900
   vertex 318.002 268.646 900
   vertex 324.41 262.723 900
  endloop
 endfacet
 facet normal 0 0 1
  outer loop
   vertex 977.368 975.301 900
   vertex 324.41 262.723 900
   vertex 977.584 975.105 900
  endloop
 endfacet
 facet normal 0 0 1
  outer loop
   vertex 977.584 975.105 900
   vertex 324.41 262.723 900
   vertex 330.869 256.855 900
  endloop
 endfacet
 facet normal 0 0 1
  outer loop
   vertex 977.584 975.105 900
   vertex 330.869 256.855 900
   vertex 977.802 974.91 900
  endloop
 endfacet
 facet normal 0 0 1
  outer loop
   vertex 977.802 974.91 900
   vertex 330.869 256.855 900
   vertex 337.38 251.044 900
  endloop
 endfacet
 facet normal 0 0 1
  outer loop
   vertex 977.802 974.91 900
   vertex 337.38 251.044 900
   vertex 978.022 974.717 900
  endloop
 endfacet
 facet normal 0 0 1
  outer loop
   vertex 978.022 974.717 900
   vertex 337.38 251.044 900
   vertex 343.941 245.29 900
  endloop
 endfacet
 facet normal 0 0 1
  outer loop
   vertex 978.022 974.717 900
   vertex 343.941 245.29 900
   vertex 978.244 974.526 900
  endloop
 endfacet
 facet normal 0 0 1
  outer loop
   vertex 978.244 974.526 900
   vertex 343.941 245.29 900
   vertex 350.552 239.594 900
  endloop
 endfacet
 facet normal 0 0 1
  outer loop
   vertex 978.244 974.526 900
   vertex 350.552 239.594 900
   vertex 978.467 974.338 900
  endloop
 endfacet
 facet normal 0 0 1
  outer loop
   vertex 978.467 974.338 900
   vertex 350.552 239.594 900
   vertex 357.212 233.956 900
  endloop
 endfacet
 facet normal 0 0 1
  outer loop
   vertex 978.467 974.338 900
   vertex 357.212 233.956 900
   vertex 978.691 974.151 900
  endloop
 endfacet
 facet normal 0 0 1
  outer loop
   vertex 978.691 974.151 900
   vertex 357.212 233.956 900
   vertex 363.922 228.375 900
  endloop
 endfacet
 facet normal 0 0 1
  outer loop
   vertex 978.691 974.151 900
   vertex 363.922 228.375 900
   vertex 978.918 973.966 900
  endloop
 endfacet
 facet normal 0 0 1
  outer loop
   vertex 978.918 973.966 900
   vertex 363.922 228.375 900
   vertex 370.68 222.854 900
  endloop
 endfacet
 facet normal 0 0 1
  outer loop
   vertex 978.918 973.966 900
   vertex 370.68 222.854 900
   vertex 979.146 973.783 900
  endloop
 endfacet
 facet normal 0 0 1
  outer loop
   vertex 979.146 973.783 900
   vertex 370.68 222.854 900
   vertex 377.485 217.392 900
  endloop
 endfacet
 facet normal 0 0 1
  outer loop
   vertex 979.146 973.783 900
   vertex 377.485 217.392 900
   vertex 979.375 973.602 900
  endloop
 endfacet
 facet normal 0 0 1
  outer loop
   vertex 979.375 973.602 900
   vertex 377.485 217.392 900
   vertex 384.339 211.989 900
  endloop
 endfacet
 facet normal 0 0 1
  outer loop
   vertex 979.375 973.602 900
   vertex 384.339 211.989 900
   vertex 979.607 973.423 900
  endloop
 endfacet
 facet normal 0 0 1
  outer loop
   vertex 979.607 973.423 900
   vertex 384.339 211.989 900
   vertex 391.239 206.647 900
  endloop
 endfacet
 facet normal 0 0 1
  outer loop
   vertex 979.607 973.423 900
   vertex 391.239 206.647 900
   vertex 979.839 973.246 900
  endloop
 endfacet
 facet normal 0 0 1
  outer loop
   vertex 979.839 973.246 900
   vertex 391.239 206.647 900
   vertex 398.185 201.365 900
  endloop
 endfacet
 facet normal 0 0 1
  outer loop
   vertex 979.839 973.246 900
   vertex 398.185 201.365 900
   vertex 980.073 973.071 900
  endloop
 endfacet
 facet normal 0 0 1
  outer loop
   vertex 980.073 973.071 900
   vertex 398.185 201.365 900
   vertex 405.177 196.143 900
  endloop
 endfacet
 facet normal 0 0 1
  outer loop
   vertex 980.073 973.071 900
   vertex 405.177 196.143 900
   vertex 980.309 972.898 900
  endloop
 endfacet
 facet normal 0 0 1
  outer loop
   vertex 980.309 972.898 900
   vertex 405.177 196.143 900
   vertex 412.215 190.983 900
  endloop
 endfacet
 facet normal 0 -0 1
  outer loop
   vertex 1030.84 1013.09 900
   vertex 1920.51 1390.73 900
   vertex 1030.72 1013.36 900
  endloop
 endfacet
 facet normal 0 0 1
  outer loop
   vertex 1030.72 1013.36 900
   vertex 1920.51 1390.73 900
   vertex 1917.06 1398.75 900
  endloop
 endfacet
 facet normal 0 -0 1
  outer loop
   vertex 1030.72 1013.36 900
   vertex 1917.06 1398.75 900
   vertex 1030.6 1013.63 900
  endloop
 endfacet
 facet normal 0 0 1
  outer loop
   vertex 1030.6 1013.63 900
   vertex 1917.06 1398.75 900
   vertex 1913.55 1406.74 900
  endloop
 endfacet
 facet normal 0 -0 1
  outer loop
   vertex 1030.6 1013.63 900
   vertex 1913.55 1406.74 900
   vertex 1030.48 1013.89 900
  endloop
 endfacet
 facet normal 0 0 1
  outer loop
   vertex 1030.48 1013.89 900
   vertex 1913.55 1406.74 900
   vertex 1909.96 1414.69 900
  endloop
 endfacet
 facet normal 0 -0 1
  outer loop
   vertex 1030.48 1013.89 900
   vertex 1909.96 1414.69 900
   vertex 1030.36 1014.16 900
  endloop
 endfacet
 facet normal 0 0 1
  outer loop
   vertex 1030.36 1014.16 900
   vertex 1909.96 1414.69 900
   vertex 1906.31 1422.62 900
  endloop
 endfacet
 facet normal 0 -0 1
  outer loop
   vertex 1030.36 1014.16 900
   vertex 1906.31 1422.62 900
   vertex 1030.24 1014.42 900
  endloop
 endfacet
 facet normal 0 0 1
  outer loop
   vertex 1030.24 1014.42 900
   vertex 1906.31 1422.62 900
   vertex 1902.58 1430.51 900
  endloop
 endfacet
 facet normal 0 -0 1
  outer loop
   vertex 1030.24 1014.42 900
   vertex 1902.58 1430.51 900
   vertex 1030.11 1014.68 900
  endloop
 endfacet
 facet normal 0 0 1
  outer loop
   vertex 1030.11 1014.68 900
   vertex 1902.58 1430.51 900
   vertex 1898.79 1438.37 900
  endloop
 endfacet
 facet normal 0 -0 1
  outer loop
   vertex 1030.11 1014.68 900
   vertex 1898.79 1438.37 900
   vertex 1029.98 1014.95 900
  endloop
 endfacet
 facet normal 0 0 1
  outer loop
   vertex 1029.98 1014.95 900
   vertex 1898.79 1438.37 900
   vertex 1894.93 1446.2 900
  endloop
 endfacet
 facet normal 0 -0 1
  outer loop
   vertex 1029.98 1014.95 900
   vertex 1894.93 1446.2 900
   vertex 1029.85 1015.21 900
  endloop
 endfacet
 facet normal 0 0 1
  outer loop
   vertex 1029.85 1015.21 900
   vertex 1894.93 1446.2 900
   vertex 1891.01 1453.99 900
  endloop
 endfacet
 facet normal 0 -0 1
  outer loop
   vertex 1029.85 1015.21 900
   vertex 1891.01 1453.99 900
   vertex 1029.71 1015.47 900
  endloop
 endfacet
 facet normal 0 0 1
  outer loop
   vertex 1029.71 1015.47 900
   vertex 1891.01 1453.99 900
   vertex 1887.01 1461.75 900
  endloop
 endfacet
 facet normal 0 -0 1
  outer loop
   vertex 1029.71 1015.47 900
   vertex 1887.01 1461.75 900
   vertex 1029.58 1015.73 900
  endloop
 endfacet
 facet normal 0 0 1
  outer loop
   vertex 1029.58 1015.73 900
   vertex 1887.01 1461.75 900
   vertex 1882.95 1469.47 900
  endloop
 endfacet
 facet normal 0 -0 1
  outer loop
   vertex 1029.58 1015.73 900
   vertex 1882.95 1469.47 900
   vertex 1029.44 1015.98 900
  endloop
 endfacet
 facet normal 0 0 1
  outer loop
   vertex 1029.44 1015.98 900
   vertex 1882.95 1469.47 900
   vertex 1878.82 1477.16 900
  endloop
 endfacet
 facet normal 0 -0 1
  outer loop
   vertex 1029.44 1015.98 900
   vertex 1878.82 1477.16 900
   vertex 1029.3 1016.24 900
  endloop
 endfacet
 facet normal 0 0 1
  outer loop
   vertex 1029.3 1016.24 900
   vertex 1878.82 1477.16 900
   vertex 1874.62 1484.81 900
  endloop
 endfacet
 facet normal 0 -0 1
  outer loop
   vertex 1029.3 1016.24 900
   vertex 1874.62 1484.81 900
   vertex 1029.16 1016.5 900
  endloop
 endfacet
 facet normal 0 0 1
  outer loop
   vertex 1029.16 1016.5 900
   vertex 1874.62 1484.81 900
   vertex 1870.36 1492.42 900
  endloop
 endfacet
 facet normal 0 -0 1
  outer loop
   vertex 1029.16 1016.5 900
   vertex 1870.36 1492.42 900
   vertex 1029.01 1016.75 900
  endloop
 endfacet
 facet normal 0 0 1
  outer loop
   vertex 1029.01 1016.75 900
   vertex 1870.36 1492.42 900
   vertex 1866.03 1500 900
  endloop
 endfacet
 facet normal 0 -0 1
  outer loop
   vertex 1029.01 1016.75 900
   vertex 1866.03 1500 900
   vertex 1028.86 1017 900
  endloop
 endfacet
 facet normal 0 0 1
  outer loop
   vertex 1028.86 1017 900
   vertex 1866.03 1500 900
   vertex 1861.63 1507.54 900
  endloop
 endfacet
 facet normal 0 -0 1
  outer loop
   vertex 1028.86 1017 900
   vertex 1861.63 1507.54 900
   vertex 1028.71 1017.25 900
  endloop
 endfacet
 facet normal 0 0 1
  outer loop
   vertex 1028.71 1017.25 900
   vertex 1861.63 1507.54 900
   vertex 1857.17 1515.04 900
  endloop
 endfacet
 facet normal 0 -0 1
  outer loop
   vertex 1028.71 1017.25 900
   vertex 1857.17 1515.04 900
   vertex 1028.56 1017.5 900
  endloop
 endfacet
 facet normal 0 0 1
  outer loop
   vertex 1028.56 1017.5 900
   vertex 1857.17 1515.04 900
   vertex 1852.64 1522.5 900
  endloop
 endfacet
 facet normal 0 -0 1
  outer loop
   vertex 1028.56 1017.5 900
   vertex 1852.64 1522.5 900
   vertex 1028.41 1017.75 900
  endloop
 endfacet
 facet normal 0 0 1
  outer loop
   vertex 1028.41 1017.75 900
   vertex 1852.64 1522.5 900
   vertex 1848.05 1529.92 900
  endloop
 endfacet
 facet normal 0 -0 1
  outer loop
   vertex 1028.41 1017.75 900
   vertex 1848.05 1529.92 900
   vertex 1028.25 1018 900
  endloop
 endfacet
 facet normal 0 0 1
  outer loop
   vertex 1028.25 1018 900
   vertex 1848.05 1529.92 900
   vertex 1843.39 1537.3 900
  endloop
 endfacet
 facet normal 0 -0 1
  outer loop
   vertex 1028.25 1018 900
   vertex 1843.39 1537.3 900
   vertex 1028.09 1018.24 900
  endloop
 endfacet
 facet normal 0 0 1
  outer loop
   vertex 1028.09 1018.24 900
   vertex 1843.39 1537.3 900
   vertex 1838.67 1544.64 900
  endloop
 endfacet
 facet normal 0 -0 1
  outer loop
   vertex 1028.09 1018.24 900
   vertex 1838.67 1544.64 900
   vertex 1027.94 1018.49 900
  endloop
 endfacet
 facet normal 0 0 1
  outer loop
   vertex 1027.94 1018.49 900
   vertex 1838.67 1544.64 900
   vertex 1833.89 1551.94 900
  endloop
 endfacet
 facet normal 0 -0 1
  outer loop
   vertex 1027.94 1018.49 900
   vertex 1833.89 1551.94 900
   vertex 1027.77 1018.73 900
  endloop
 endfacet
 facet normal 0 0 1
  outer loop
   vertex 1027.77 1018.73 900
   vertex 1833.89 1551.94 900
   vertex 1829.04 1559.19 900
  endloop
 endfacet
 facet normal 0 -0 1
  outer loop
   vertex 1027.77 1018.73 900
   vertex 1829.04 1559.19 900
   vertex 1027.61 1018.97 900
  endloop
 endfacet
 facet normal 0 0 1
  outer loop
   vertex 1027.61 1018.97 900
   vertex 1829.04 1559.19 900
   vertex 1824.13 1566.41 900
  endloop
 endfacet
 facet normal 0 -0 1
  outer loop
   vertex 1027.61 1018.97 900
   vertex 1824.13 1566.41 900
   vertex 1027.44 1019.22 900
  endloop
 endfacet
 facet normal 0 0 1
  outer loop
   vertex 1027.44 1019.22 900
   vertex 1824.13 1566.41 900
   vertex 1819.15 1573.58 900
  endloop
 endfacet
 facet normal 0 -0 1
  outer loop
   vertex 1027.44 1019.22 900
   vertex 1819.15 1573.58 900
   vertex 1027.27 1019.45 900
  endloop
 endfacet
 facet normal 0 0 1
  outer loop
   vertex 1027.27 1019.45 900
   vertex 1819.15 1573.58 900
   vertex 1814.12 1580.7 900
  endloop
 endfacet
 facet normal 0 -0 1
  outer loop
   vertex 1027.27 1019.45 900
   vertex 1814.12 1580.7 900
   vertex 1027.1 1019.69 900
  endloop
 endfacet
 facet normal 0 0 1
  outer loop
   vertex 1027.1 1019.69 900
   vertex 1814.12 1580.7 900
   vertex 1809.02 1587.79 900
  endloop
 endfacet
 facet normal 0 -0 1
  outer loop
   vertex 1027.1 1019.69 900
   vertex 1809.02 1587.79 900
   vertex 1026.93 1019.93 900
  endloop
 endfacet
 facet normal 0 0 1
  outer loop
   vertex 1026.93 1019.93 900
   vertex 1809.02 1587.79 900
   vertex 1803.86 1594.82 900
  endloop
 endfacet
 facet normal 0 -0 1
  outer loop
   vertex 1026.93 1019.93 900
   vertex 1803.86 1594.82 900
   vertex 1026.75 1020.16 900
  endloop
 endfacet
 facet normal 0 0 1
  outer loop
   vertex 1026.75 1020.16 900
   vertex 1803.86 1594.82 900
   vertex 1798.64 1601.81 900
  endloop
 endfacet
 facet normal 0 -0 1
  outer loop
   vertex 1026.75 1020.16 900
   vertex 1798.64 1601.81 900
   vertex 1026.58 1020.39 900
  endloop
 endfacet
 facet normal 0 0 1
  outer loop
   vertex 1026.58 1020.39 900
   vertex 1798.64 1601.81 900
   vertex 1793.35 1608.76 900
  endloop
 endfacet
 facet normal 0 -0 1
  outer loop
   vertex 1026.58 1020.39 900
   vertex 1793.35 1608.76 900
   vertex 1026.4 1020.62 900
  endloop
 endfacet
 facet normal 0 0 1
  outer loop
   vertex 1026.4 1020.62 900
   vertex 1793.35 1608.76 900
   vertex 1788.01 1615.66 900
  endloop
 endfacet
 facet normal 0 -0 1
  outer loop
   vertex 1026.4 1020.62 900
   vertex 1788.01 1615.66 900
   vertex 1026.22 1020.85 900
  endloop
 endfacet
 facet normal 0 0 1
  outer loop
   vertex 1026.22 1020.85 900
   vertex 1788.01 1615.66 900
   vertex 1782.61 1622.52 900
  endloop
 endfacet
 facet normal 0 -0 1
  outer loop
   vertex 1026.22 1020.85 900
   vertex 1782.61 1622.52 900
   vertex 1026.03 1021.08 900
  endloop
 endfacet
 facet normal 0 0 1
  outer loop
   vertex 1026.03 1021.08 900
   vertex 1782.61 1622.52 900
   vertex 1777.15 1629.32 900
  endloop
 endfacet
 facet normal 0 -0 1
  outer loop
   vertex 1026.03 1021.08 900
   vertex 1777.15 1629.32 900
   vertex 1025.85 1021.31 900
  endloop
 endfacet
 facet normal 0 0 1
  outer loop
   vertex 1025.85 1021.31 900
   vertex 1777.15 1629.32 900
   vertex 1771.62 1636.08 900
  endloop
 endfacet
 facet normal 0 -0 1
  outer loop
   vertex 1025.85 1021.31 900
   vertex 1771.62 1636.08 900
   vertex 1025.66 1021.53 900
  endloop
 endfacet
 facet normal 0 0 1
  outer loop
   vertex 1025.66 1021.53 900
   vertex 1771.62 1636.08 900
   vertex 1766.04 1642.79 900
  endloop
 endfacet
 facet normal 0 -0 1
  outer loop
   vertex 1025.66 1021.53 900
   vertex 1766.04 1642.79 900
   vertex 1025.47 1021.76 900
  endloop
 endfacet
 facet normal 0 0 1
  outer loop
   vertex 1025.47 1021.76 900
   vertex 1766.04 1642.79 900
   vertex 1760.41 1649.45 900
  endloop
 endfacet
 facet normal 0 -0 1
  outer loop
   vertex 1025.47 1021.76 900
   vertex 1760.41 1649.45 900
   vertex 1025.28 1021.98 900
  endloop
 endfacet
 facet normal 0 0 1
  outer loop
   vertex 1025.28 1021.98 900
   vertex 1760.41 1649.45 900
   vertex 1754.71 1656.06 900
  endloop
 endfacet
 facet normal 0 -0 1
  outer loop
   vertex 1025.28 1021.98 900
   vertex 1754.71 1656.06 900
   vertex 1025.09 1022.2 900
  endloop
 endfacet
 facet normal 0 0 1
  outer loop
   vertex 1025.09 1022.2 900
   vertex 1754.71 1656.06 900
   vertex 1748.96 1662.62 900
  endloop
 endfacet
 facet normal 0 -0 1
  outer loop
   vertex 1025.09 1022.2 900
   vertex 1748.96 1662.62 900
   vertex 1024.9 1022.42 900
  endloop
 endfacet
 facet normal 0 0 1
  outer loop
   vertex 1024.9 1022.42 900
   vertex 1748.96 1662.62 900
   vertex 1743.15 1669.13 900
  endloop
 endfacet
 facet normal 0 0 1
  outer loop
   vertex 1754.71 343.941 900
   vertex 1025.28 978.022 900
   vertex 1748.96 337.38 900
  endloop
 endfacet
 facet normal 0 0 1
  outer loop
   vertex 1748.96 337.38 900
   vertex 1025.28 978.022 900
   vertex 1025.09 977.802 900
  endloop
 endfacet
 facet normal 0 0 1
  outer loop
   vertex 1748.96 337.38 900
   vertex 1025.09 977.802 900
   vertex 1743.15 330.869 900
  endloop
 endfacet
 facet normal 0 0 1
  outer loop
   vertex 1743.15 330.869 900
   vertex 1025.09 977.802 900
   vertex 1024.9 977.584 900
  endloop
 endfacet
 facet normal 0 0 1
  outer loop
   vertex 1743.15 330.869 900
   vertex 1024.9 977.584 900
   vertex 1737.28 324.41 900
  endloop
 endfacet
 facet normal 0 0 1
  outer loop
   vertex 1737.28 324.41 900
   vertex 1024.9 977.584 900
   vertex 1024.7 977.368 900
  endloop
 endfacet
 facet normal 0 0 1
  outer loop
   vertex 1737.28 324.41 900
   vertex 1024.7 977.368 900
   vertex 1731.35 318.002 900
  endloop
 endfacet
 facet normal 0 0 1
  outer loop
   vertex 1731.35 318.002 900
   vertex 1024.7 977.368 900
   vertex 1024.5 977.153 900
  endloop
 endfacet
 facet normal 0 0 1
  outer loop
   vertex 1731.35 318.002 900
   vertex 1024.5 977.153 900
   vertex 1725.37 311.645 900
  endloop
 endfacet
 facet normal 0 0 1
  outer loop
   vertex 1725.37 311.645 900
   vertex 1024.5 977.153 900
   vertex 1024.3 976.94 900
  endloop
 endfacet
 facet normal 0 0 1
  outer loop
   vertex 1725.37 311.645 900
   vertex 1024.3 976.94 900
   vertex 1719.34 305.342 900
  endloop
 endfacet
 facet normal 0 0 1
  outer loop
   vertex 1719.34 305.342 900
   vertex 1024.3 976.94 900
   vertex 1024.1 976.729 900
  endloop
 endfacet
 facet normal 0 0 1
  outer loop
   vertex 1719.34 305.342 900
   vertex 1024.1 976.729 900
   vertex 1713.25 299.091 900
  endloop
 endfacet
 facet normal 0 0 1
  outer loop
   vertex 1713.25 299.091 900
   vertex 1024.1 976.729 900
   vertex 1023.89 976.519 900
  endloop
 endfacet
 facet normal 0 0 1
  outer loop
   vertex 1713.25 299.091 900
   vertex 1023.89 976.519 900
   vertex 1707.11 292.893 900
  endloop
 endfacet
 facet normal 0 0 1
  outer loop
   vertex 1707.11 292.893 900
   vertex 1023.89 976.519 900
   vertex 1023.69 976.312 900
  endloop
 endfacet
 facet normal 0 0 1
  outer loop
   vertex 1707.11 292.893 900
   vertex 1023.69 976.312 900
   vertex 1700.91 286.75 900
  endloop
 endfacet
 facet normal 0 0 1
  outer loop
   vertex 1700.91 286.75 900
   vertex 1023.69 976.312 900
   vertex 1023.48 976.106 900
  endloop
 endfacet
 facet normal 0 0 1
  outer loop
   vertex 1700.91 286.75 900
   vertex 1023.48 976.106 900
   vertex 1694.66 280.66 900
  endloop
 endfacet
 facet normal 0 0 1
  outer loop
   vertex 1694.66 280.66 900
   vertex 1023.48 976.106 900
   vertex 1023.27 975.902 900
  endloop
 endfacet
 facet normal 0 0 1
  outer loop
   vertex 1694.66 280.66 900
   vertex 1023.27 975.902 900
   vertex 1688.35 274.626 900
  endloop
 endfacet
 facet normal 0 0 1
  outer loop
   vertex 1688.35 274.626 900
   vertex 1023.27 975.902 900
   vertex 1023.06 975.7 900
  endloop
 endfacet
 facet normal 0 0 1
  outer loop
   vertex 1688.35 274.626 900
   vertex 1023.06 975.7 900
   vertex 1682 268.646 900
  endloop
 endfacet
 facet normal 0 0 1
  outer loop
   vertex 1682 268.646 900
   vertex 1023.06 975.7 900
   vertex 1022.85 975.5 900
  endloop
 endfacet
 facet normal 0 0 1
  outer loop
   vertex 1682 268.646 900
   vertex 1022.85 975.5 900
   vertex 1675.59 262.723 900
  endloop
 endfacet
 facet normal 0 0 1
  outer loop
   vertex 1675.59 262.723 900
   vertex 1022.85 975.5 900
   vertex 1022.63 975.301 900
  endloop
 endfacet
 facet normal 0 0 1
  outer loop
   vertex 1675.59 262.723 900
   vertex 1022.63 975.301 900
   vertex 1669.13 256.855 900
  endloop
 endfacet
 facet normal 0 0 1
  outer loop
   vertex 1669.13 256.855 900
   vertex 1022.63 975.301 900
   vertex 1022.42 975.105 900
  endloop
 endfacet
 facet normal 0 0 1
  outer loop
   vertex 1669.13 256.855 900
   vertex 1022.42 975.105 900
   vertex 1662.62 251.044 900
  endloop
 endfacet
 facet normal 0 0 1
  outer loop
   vertex 1662.62 251.044 900
   vertex 1022.42 975.105 900
   vertex 1022.2 974.91 900
  endloop
 endfacet
 facet normal 0 0 1
  outer loop
   vertex 1662.62 251.044 900
   vertex 1022.2 974.91 900
   vertex 1656.06 245.29 900
  endloop
 endfacet
 facet normal 0 0 1
  outer loop
   vertex 1656.06 245.29 900
   vertex 1022.2 974.91 900
   vertex 1021.98 974.717 900
  endloop
 endfacet
 facet normal 0 0 1
  outer loop
   vertex 1656.06 245.29 900
   vertex 1021.98 974.717 900
   vertex 1649.45 239.594 900
  endloop
 endfacet
 facet normal 0 0 1
  outer loop
   vertex 1649.45 239.594 900
   vertex 1021.98 974.717 900
   vertex 1021.76 974.526 900
  endloop
 endfacet
 facet normal 0 0 1
  outer loop
   vertex 1649.45 239.594 900
   vertex 1021.76 974.526 900
   vertex 1642.79 233.956 900
  endloop
 endfacet
 facet normal 0 0 1
  outer loop
   vertex 1642.79 233.956 900
   vertex 1021.76 974.526 900
   vertex 1021.53 974.338 900
  endloop
 endfacet
 facet normal 0 0 1
  outer loop
   vertex 1642.79 233.956 900
   vertex 1021.53 974.338 900
   vertex 1636.08 228.375 900
  endloop
 endfacet
 facet normal 0 0 1
  outer loop
   vertex 1636.08 228.375 900
   vertex 1021.53 974.338 900
   vertex 1021.31 974.151 900
  endloop
 endfacet
 facet normal 0 0 1
  outer loop
   vertex 1636.08 228.375 900
   vertex 1021.31 974.151 900
   vertex 1629.32 222.854 900
  endloop
 endfacet
 facet normal 0 0 1
  outer loop
   vertex 1629.32 222.854 900
   vertex 1021.31 974.151 900
   vertex 1021.08 973.966 900
  endloop
 endfacet
 facet normal 0 0 1
  outer loop
   vertex 1629.32 222.854 900
   vertex 1021.08 973.966 900
   vertex 1622.52 217.392 900
  endloop
 endfacet
 facet normal 0 0 1
  outer loop
   vertex 1622.52 217.392 900
   vertex 1021.08 973.966 900
   vertex 1020.85 973.783 900
  endloop
 endfacet
 facet normal 0 0 1
  outer loop
   vertex 1622.52 217.392 900
   vertex 1020.85 973.783 900
   vertex 1615.66 211.989 900
  endloop
 endfacet
 facet normal 0 0 1
  outer loop
   vertex 1615.66 211.989 900
   vertex 1020.85 973.783 900
   vertex 1020.62 973.602 900
  endloop
 endfacet
 facet normal 0 0 1
  outer loop
   vertex 1615.66 211.989 900
   vertex 1020.62 973.602 900
   vertex 1608.76 206.647 900
  endloop
 endfacet
 facet normal 0 0 1
  outer loop
   vertex 1608.76 206.647 900
   vertex 1020.62 973.602 900
   vertex 1020.39 973.423 900
  endloop
 endfacet
 facet normal 0 0 1
  outer loop
   vertex 1608.76 206.647 900
   vertex 1020.39 973.423 900
   vertex 1601.81 201.365 900
  endloop
 endfacet
 facet normal 0 0 1
  outer loop
   vertex 1601.81 201.365 900
   vertex 1020.39 973.423 900
   vertex 1020.16 973.246 900
  endloop
 endfacet
 facet normal 0 0 1
  outer loop
   vertex 1601.81 201.365 900
   vertex 1020.16 973.246 900
   vertex 1594.82 196.143 900
  endloop
 endfacet
 facet normal 0 0 1
  outer loop
   vertex 1594.82 196.143 900
   vertex 1020.16 973.246 900
   vertex 1019.93 973.071 900
  endloop
 endfacet
 facet normal 0 0 1
  outer loop
   vertex 1594.82 196.143 900
   vertex 1019.93 973.071 900
   vertex 1587.79 190.983 900
  endloop
 endfacet
 facet normal 0 0 1
  outer loop
   vertex 1587.79 190.983 900
   vertex 1019.93 973.071 900
   vertex 1019.69 972.898 900
  endloop
 endfacet
 facet normal 0 0 1
  outer loop
   vertex 1587.79 190.983 900
   vertex 1019.69 972.898 900
   vertex 1580.7 185.885 900
  endloop
 endfacet
 facet normal 0 0 1
  outer loop
   vertex 1580.7 185.885 900
   vertex 1019.69 972.898 900
   vertex 1019.45 972.727 900
  endloop
 endfacet
 facet normal 0 0 1
  outer loop
   vertex 1580.7 185.885 900
   vertex 1019.45 972.727 900
   vertex 1573.58 180.848 900
  endloop
 endfacet
 facet normal 0 0 1
  outer loop
   vertex 1573.58 180.848 900
   vertex 1019.45 972.727 900
   vertex 1019.22 972.558 900
  endloop
 endfacet
 facet normal 0 0 1
  outer loop
   vertex 1573.58 180.848 900
   vertex 1019.22 972.558 900
   vertex 1566.41 175.874 900
  endloop
 endfacet
 facet normal 0 0 1
  outer loop
   vertex 1566.41 175.874 900
   vertex 1019.22 972.558 900
   vertex 1018.97 972.392 900
  endloop
 endfacet
 facet normal 0 0 1
  outer loop
   vertex 1566.41 175.874 900
   vertex 1018.97 972.392 900
   vertex 1559.19 170.962 900
  endloop
 endfacet
 facet normal 0 0 1
  outer loop
   vertex 1559.19 170.962 900
   vertex 1018.97 972.392 900
   vertex 1018.73 972.227 900
  endloop
 endfacet
 facet normal 0 0 1
  outer loop
   vertex 1559.19 170.962 900
   vertex 1018.73 972.227 900
   vertex 1551.94 166.114 900
  endloop
 endfacet
 facet normal 0 0 1
  outer loop
   vertex 1551.94 166.114 900
   vertex 1018.73 972.227 900
   vertex 1018.49 972.065 900
  endloop
 endfacet
 facet normal 0 0 1
  outer loop
   vertex 1551.94 166.114 900
   vertex 1018.49 972.065 900
   vertex 1544.64 161.329 900
  endloop
 endfacet
 facet normal 0 0 1
  outer loop
   vertex 1544.64 161.329 900
   vertex 1018.49 972.065 900
   vertex 1018.24 971.904 900
  endloop
 endfacet
 facet normal 0 0 1
  outer loop
   vertex 1544.64 161.329 900
   vertex 1018.24 971.904 900
   vertex 1537.3 156.609 900
  endloop
 endfacet
 facet normal 0 0 1
  outer loop
   vertex 1537.3 156.609 900
   vertex 1018.24 971.904 900
   vertex 1018 971.746 900
  endloop
 endfacet
 facet normal 0 0 1
  outer loop
   vertex 1537.3 156.609 900
   vertex 1018 971.746 900
   vertex 1529.92 151.952 900
  endloop
 endfacet
 facet normal 0 0 1
  outer loop
   vertex 1529.92 151.952 900
   vertex 1018 971.746 900
   vertex 1017.75 971.59 900
  endloop
 endfacet
 facet normal 0 0 1
  outer loop
   vertex 1529.92 151.952 900
   vertex 1017.75 971.59 900
   vertex 1522.5 147.36 900
  endloop
 endfacet
 facet normal 0 0 1
  outer loop
   vertex 1522.5 147.36 900
   vertex 1017.75 971.59 900
   vertex 1017.5 971.437 900
  endloop
 endfacet
 facet normal 0 0 1
  outer loop
   vertex 1522.5 147.36 900
   vertex 1017.5 971.437 900
   vertex 1515.04 142.833 900
  endloop
 endfacet
 facet normal 0 0 1
  outer loop
   vertex 1515.04 142.833 900
   vertex 1017.5 971.437 900
   vertex 1017.25 971.285 900
  endloop
 endfacet
 facet normal 0 0 1
  outer loop
   vertex 1515.04 142.833 900
   vertex 1017.25 971.285 900
   vertex 1507.54 138.371 900
  endloop
 endfacet
 facet normal 0 0 1
  outer loop
   vertex 1507.54 138.371 900
   vertex 1017.25 971.285 900
   vertex 1017 971.135 900
  endloop
 endfacet
 facet normal 0 0 1
  outer loop
   vertex 1507.54 138.371 900
   vertex 1017 971.135 900
   vertex 1500 133.975 900
  endloop
 endfacet
 facet normal 0 0 1
  outer loop
   vertex 1500 133.975 900
   vertex 1017 971.135 900
   vertex 1016.75 970.988 900
  endloop
 endfacet
 facet normal 0 0 1
  outer loop
   vertex 1500 133.975 900
   vertex 1016.75 970.988 900
   vertex 1492.42 129.644 900
  endloop
 endfacet
 facet normal 0 0 1
  outer loop
   vertex 1492.42 129.644 900
   vertex 1016.75 970.988 900
   vertex 1016.5 970.843 900
  endloop
 endfacet
 facet normal 0 0 1
  outer loop
   vertex 1492.42 129.644 900
   vertex 1016.5 970.843 900
   vertex 1484.81 125.38 900
  endloop
 endfacet
 facet normal 0 0 1
  outer loop
   vertex 1484.81 125.38 900
   vertex 1016.5 970.843 900
   vertex 1016.24 970.7 900
  endloop
 endfacet
 facet normal 0 0 1
  outer loop
   vertex 1484.81 125.38 900
   vertex 1016.24 970.7 900
   vertex 1477.16 121.183 900
  endloop
 endfacet
 facet normal 0 0 1
  outer loop
   vertex 1477.16 121.183 900
   vertex 1016.24 970.7 900
   vertex 1015.98 970.56 900
  endloop
 endfacet
 facet normal 0 0 1
  outer loop
   vertex 1477.16 121.183 900
   vertex 1015.98 970.56 900
   vertex 1469.47 117.052 900
  endloop
 endfacet
 facet normal 0 0 1
  outer loop
   vertex 1469.47 117.052 900
   vertex 1015.98 970.56 900
   vertex 1015.73 970.421 900
  endloop
 endfacet
 facet normal 0 0 1
  outer loop
   vertex 1469.47 117.052 900
   vertex 1015.73 970.421 900
   vertex 1461.75 112.989 900
  endloop
 endfacet
 facet normal 0 0 1
  outer loop
   vertex 1461.75 112.989 900
   vertex 1015.73 970.421 900
   vertex 1015.47 970.285 900
  endloop
 endfacet
 facet normal 0 0 1
  outer loop
   vertex 1461.75 112.989 900
   vertex 1015.47 970.285 900
   vertex 1453.99 108.993 900
  endloop
 endfacet
 facet normal 0 0 1
  outer loop
   vertex 1453.99 108.993 900
   vertex 1015.47 970.285 900
   vertex 1015.21 970.151 900
  endloop
 endfacet
 facet normal 0 0 1
  outer loop
   vertex 1453.99 108.993 900
   vertex 1015.21 970.151 900
   vertex 1446.2 105.066 900
  endloop
 endfacet
 facet normal 0 0 1
  outer loop
   vertex 1446.2 105.066 900
   vertex 1015.21 970.151 900
   vertex 1014.95 970.02 900
  endloop
 endfacet
 facet normal 0 0 1
  outer loop
   vertex 1446.2 105.066 900
   vertex 1014.95 970.02 900
   vertex 1438.37 101.206 900
  endloop
 endfacet
 facet normal 0 0 1
  outer loop
   vertex 1438.37 101.206 900
   vertex 1014.95 970.02 900
   vertex 1014.68 969.89 900
  endloop
 endfacet
 facet normal 0 0 1
  outer loop
   vertex 1438.37 101.206 900
   vertex 1014.68 969.89 900
   vertex 1430.51 97.4147 900
  endloop
 endfacet
 facet normal 0 0 1
  outer loop
   vertex 1430.51 97.4147 900
   vertex 1014.68 969.89 900
   vertex 1014.42 969.763 900
  endloop
 endfacet
 facet normal 0 0 1
  outer loop
   vertex 1430.51 97.4147 900
   vertex 1014.42 969.763 900
   vertex 1422.62 93.6922 900
  endloop
 endfacet
 facet normal 0 0 1
  outer loop
   vertex 1422.62 93.6922 900
   vertex 1014.42 969.763 900
   vertex 1014.16 969.639 900
  endloop
 endfacet
 facet normal 0 0 1
  outer loop
   vertex 1422.62 93.6922 900
   vertex 1014.16 969.639 900
   vertex 1414.69 90.0387 900
  endloop
 endfacet
 facet normal 0 0 1
  outer loop
   vertex 1414.69 90.0387 900
   vertex 1014.16 969.639 900
   vertex 1013.89 969.516 900
  endloop
 endfacet
 facet normal 0 0 1
  outer loop
   vertex 1414.69 90.0387 900
   vertex 1013.89 969.516 900
   vertex 1406.74 86.4546 900
  endloop
 endfacet
 facet normal 0 0 1
  outer loop
   vertex 1406.74 86.4546 900
   vertex 1013.89 969.516 900
   vertex 1013.63 969.396 900
  endloop
 endfacet
 facet normal 0 0 1
  outer loop
   vertex 1406.74 86.4546 900
   vertex 1013.63 969.396 900
   vertex 1398.75 82.9399 900
  endloop
 endfacet
 facet normal 0 0 1
  outer loop
   vertex 1398.75 82.9399 900
   vertex 1013.63 969.396 900
   vertex 1013.36 969.279 900
  endloop
 endfacet
 facet normal 0 0 1
  outer loop
   vertex 1398.75 82.9399 900
   vertex 1013.36 969.279 900
   vertex 1390.73 79.4951 900
  endloop
 endfacet
 facet normal 0 0 1
  outer loop
   vertex 1390.73 79.4951 900
   vertex 1013.36 969.279 900
   vertex 1013.09 969.163 900
  endloop
 endfacet
 facet normal 0 0 1
  outer loop
   vertex 1390.73 79.4951 900
   vertex 1013.09 969.163 900
   vertex 1382.68 76.1205 900
  endloop
 endfacet
 facet normal 0 0 1
  outer loop
   vertex 1382.68 76.1205 900
   vertex 1013.09 969.163 900
   vertex 1012.82 969.05 900
  endloop
 endfacet
 facet normal 0 0 1
  outer loop
   vertex 1382.68 76.1205 900
   vertex 1012.82 969.05 900
   vertex 1374.61 72.8161 900
  endloop
 endfacet
 facet normal 0 0 1
  outer loop
   vertex 1374.61 72.8161 900
   vertex 1012.82 969.05 900
   vertex 1012.55 968.939 900
  endloop
 endfacet
 facet normal 0 0 1
  outer loop
   vertex 1374.61 72.8161 900
   vertex 1012.55 968.939 900
   vertex 1366.5 69.5824 900
  endloop
 endfacet
 facet normal 0 0 1
  outer loop
   vertex 1366.5 69.5824 900
   vertex 1012.55 968.939 900
   vertex 1012.28 968.831 900
  endloop
 endfacet
 facet normal 0 0 1
  outer loop
   vertex 1366.5 69.5824 900
   vertex 1012.28 968.831 900
   vertex 1358.37 66.4196 900
  endloop
 endfacet
 facet normal 0 0 1
  outer loop
   vertex 1358.37 66.4196 900
   vertex 1012.28 968.831 900
   vertex 1012.01 968.725 900
  endloop
 endfacet
 facet normal 0 0 1
  outer loop
   vertex 1358.37 66.4196 900
   vertex 1012.01 968.725 900
   vertex 1350.21 63.3278 900
  endloop
 endfacet
 facet normal 0 0 1
  outer loop
   vertex 1350.21 63.3278 900
   vertex 1012.01 968.725 900
   vertex 1011.73 968.622 900
  endloop
 endfacet
 facet normal 0 0 1
  outer loop
   vertex 1350.21 63.3278 900
   vertex 1011.73 968.622 900
   vertex 1342.02 60.3074 900
  endloop
 endfacet
 facet normal 0 0 1
  outer loop
   vertex 1342.02 60.3074 900
   vertex 1011.73 968.622 900
   vertex 1011.46 968.52 900
  endloop
 endfacet
 facet normal 0 0 1
  outer loop
   vertex 1342.02 60.3074 900
   vertex 1011.46 968.52 900
   vertex 1333.81 57.3585 900
  endloop
 endfacet
 facet normal 0 0 1
  outer loop
   vertex 1333.81 57.3585 900
   vertex 1011.46 968.52 900
   vertex 1011.18 968.422 900
  endloop
 endfacet
 facet normal 0 0 1
  outer loop
   vertex 1333.81 57.3585 900
   vertex 1011.18 968.422 900
   vertex 1325.57 54.4814 900
  endloop
 endfacet
 facet normal 0 0 1
  outer loop
   vertex 1325.57 54.4814 900
   vertex 1011.18 968.422 900
   vertex 1010.91 968.325 900
  endloop
 endfacet
 facet normal 0 0 1
  outer loop
   vertex 1325.57 54.4814 900
   vertex 1010.91 968.325 900
   vertex 1317.31 51.6763 900
  endloop
 endfacet
 facet normal 0 0 1
  outer loop
   vertex 1317.31 51.6763 900
   vertex 1010.91 968.325 900
   vertex 1010.63 968.231 900
  endloop
 endfacet
 facet normal 0 0 1
  outer loop
   vertex 1317.31 51.6763 900
   vertex 1010.63 968.231 900
   vertex 1309.02 48.9435 900
  endloop
 endfacet
 facet normal 0 0 1
  outer loop
   vertex 1309.02 48.9435 900
   vertex 1010.63 968.231 900
   vertex 1010.35 968.14 900
  endloop
 endfacet
 facet normal 0 0 1
  outer loop
   vertex 1309.02 48.9435 900
   vertex 1010.35 968.14 900
   vertex 1300.71 46.2831 900
  endloop
 endfacet
 facet normal 0 0 1
  outer loop
   vertex 1300.71 46.2831 900
   vertex 1010.35 968.14 900
   vertex 1010.07 968.05 900
  endloop
 endfacet
 facet normal 0 0 1
  outer loop
   vertex 1300.71 46.2831 900
   vertex 1010.07 968.05 900
   vertex 1292.37 43.6953 900
  endloop
 endfacet
 facet normal 0 0 1
  outer loop
   vertex 1292.37 43.6953 900
   vertex 1010.07 968.05 900
   vertex 1009.79 967.964 900
  endloop
 endfacet
 facet normal 0 0 1
  outer loop
   vertex 1292.37 43.6953 900
   vertex 1009.79 967.964 900
   vertex 1284.02 41.1802 900
  endloop
 endfacet
 facet normal 0 0 1
  outer loop
   vertex 1284.02 41.1802 900
   vertex 1009.79 967.964 900
   vertex 1009.52 967.88 900
  endloop
 endfacet
 facet normal 0 0 1
  outer loop
   vertex 1284.02 41.1802 900
   vertex 1009.52 967.88 900
   vertex 1275.64 38.7383 900
  endloop
 endfacet
 facet normal 0 0 1
  outer loop
   vertex 1275.64 38.7383 900
   vertex 1009.52 967.88 900
   vertex 1009.23 967.798 900
  endloop
 endfacet
 facet normal 0 0 1
  outer loop
   vertex 1275.64 38.7383 900
   vertex 1009.23 967.798 900
   vertex 1267.24 36.3696 900
  endloop
 endfacet
 facet normal 0 0 1
  outer loop
   vertex 1267.24 36.3696 900
   vertex 1009.23 967.798 900
   vertex 1008.95 967.718 900
  endloop
 endfacet
 facet normal 0 0 1
  outer loop
   vertex 1267.24 36.3696 900
   vertex 1008.95 967.718 900
   vertex 1258.82 34.0742 900
  endloop
 endfacet
 facet normal 0 0 1
  outer loop
   vertex 1258.82 34.0742 900
   vertex 1008.95 967.718 900
   vertex 1008.67 967.641 900
  endloop
 endfacet
 facet normal 0 0 1
  outer loop
   vertex 1258.82 34.0742 900
   vertex 1008.67 967.641 900
   vertex 1250.38 31.8524 900
  endloop
 endfacet
 facet normal 0 0 1
  outer loop
   vertex 1250.38 31.8524 900
   vertex 1008.67 967.641 900
   vertex 1008.39 967.567 900
  endloop
 endfacet
 facet normal 0 0 1
  outer loop
   vertex 1250.38 31.8524 900
   vertex 1008.39 967.567 900
   vertex 1241.92 29.7043 900
  endloop
 endfacet
 facet normal 0 0 1
  outer loop
   vertex 1241.92 29.7043 900
   vertex 1008.39 967.567 900
   vertex 1008.1 967.495 900
  endloop
 endfacet
 facet normal 0 0 1
  outer loop
   vertex 1241.92 29.7043 900
   vertex 1008.1 967.495 900
   vertex 1233.44 27.6301 900
  endloop
 endfacet
 facet normal 0 0 1
  outer loop
   vertex 1233.44 27.6301 900
   vertex 1008.1 967.495 900
   vertex 1007.82 967.426 900
  endloop
 endfacet
 facet normal 0 0 1
  outer loop
   vertex 1233.44 27.6301 900
   vertex 1007.82 967.426 900
   vertex 1224.95 25.6299 900
  endloop
 endfacet
 facet normal 0 0 1
  outer loop
   vertex 1224.95 25.6299 900
   vertex 1007.82 967.426 900
   vertex 1007.54 967.359 900
  endloop
 endfacet
 facet normal 0 0 1
  outer loop
   vertex 1224.95 25.6299 900
   vertex 1007.54 967.359 900
   vertex 1216.44 23.704 900
  endloop
 endfacet
 facet normal 0 0 1
  outer loop
   vertex 1216.44 23.704 900
   vertex 1007.54 967.359 900
   vertex 1007.25 967.294 900
  endloop
 endfacet
 facet normal 0 0 1
  outer loop
   vertex 1216.44 23.704 900
   vertex 1007.25 967.294 900
   vertex 1207.91 21.8524 900
  endloop
 endfacet
 facet normal 0 0 1
  outer loop
   vertex 1207.91 21.8524 900
   vertex 1007.25 967.294 900
   vertex 1006.97 967.232 900
  endloop
 endfacet
 facet normal 0 0 1
  outer loop
   vertex 1207.91 21.8524 900
   vertex 1006.97 967.232 900
   vertex 1199.37 20.0753 900
  endloop
 endfacet
 facet normal 0 0 1
  outer loop
   vertex 1199.37 20.0753 900
   vertex 1006.97 967.232 900
   vertex 1006.68 967.172 900
  endloop
 endfacet
 facet normal 0 0 1
  outer loop
   vertex 1199.37 20.0753 900
   vertex 1006.68 967.172 900
   vertex 1190.81 18.3728 900
  endloop
 endfacet
 facet normal 0 0 1
  outer loop
   vertex 1190.81 18.3728 900
   vertex 1006.68 967.172 900
   vertex 1006.39 967.115 900
  endloop
 endfacet
 facet normal 0 0 1
  outer loop
   vertex 1190.81 18.3728 900
   vertex 1006.39 967.115 900
   vertex 1182.24 16.7451 900
  endloop
 endfacet
 facet normal 0 0 1
  outer loop
   vertex 1182.24 16.7451 900
   vertex 1006.39 967.115 900
   vertex 1006.1 967.061 900
  endloop
 endfacet
 facet normal 0 0 1
  outer loop
   vertex 1182.24 16.7451 900
   vertex 1006.1 967.061 900
   vertex 1173.65 15.1923 900
  endloop
 endfacet
 facet normal 0 0 1
  outer loop
   vertex 1173.65 15.1923 900
   vertex 1006.1 967.061 900
   vertex 1005.82 967.009 900
  endloop
 endfacet
 facet normal 0 0 1
  outer loop
   vertex 1173.65 15.1923 900
   vertex 1005.82 967.009 900
   vertex 1165.05 13.7144 900
  endloop
 endfacet
 facet normal 0 0 1
  outer loop
   vertex 1165.05 13.7144 900
   vertex 1005.82 967.009 900
   vertex 1005.53 966.959 900
  endloop
 endfacet
 facet normal 0 0 1
  outer loop
   vertex 1165.05 13.7144 900
   vertex 1005.53 966.959 900
   vertex 1156.43 12.3116 900
  endloop
 endfacet
 facet normal 0 0 1
  outer loop
   vertex 1156.43 12.3116 900
   vertex 1005.53 966.959 900
   vertex 1005.24 966.912 900
  endloop
 endfacet
 facet normal 0 0 1
  outer loop
   vertex 1156.43 12.3116 900
   vertex 1005.24 966.912 900
   vertex 1147.81 10.9841 900
  endloop
 endfacet
 facet normal 0 0 1
  outer loop
   vertex 1147.81 10.9841 900
   vertex 1005.24 966.912 900
   vertex 1004.95 966.868 900
  endloop
 endfacet
 facet normal 0 0 1
  outer loop
   vertex 1147.81 10.9841 900
   vertex 1004.95 966.868 900
   vertex 1139.17 9.73195 900
  endloop
 endfacet
 facet normal 0 0 1
  outer loop
   vertex 1139.17 9.73195 900
   vertex 1004.95 966.868 900
   vertex 1004.66 966.826 900
  endloop
 endfacet
 facet normal 0 0 1
  outer loop
   vertex 1139.17 9.73195 900
   vertex 1004.66 966.826 900
   vertex 1130.53 8.55511 900
  endloop
 endfacet
 facet normal 0 0 1
  outer loop
   vertex 1130.53 8.55511 900
   vertex 1004.66 966.826 900
   vertex 1004.37 966.787 900
  endloop
 endfacet
 facet normal 0 0 1
  outer loop
   vertex 1130.53 8.55511 900
   vertex 1004.37 966.787 900
   vertex 1121.87 7.45386 900
  endloop
 endfacet
 facet normal 0 0 1
  outer loop
   vertex 1121.87 7.45386 900
   vertex 1004.37 966.787 900
   vertex 1004.08 966.75 900
  endloop
 endfacet
 facet normal 0 0 1
  outer loop
   vertex 1121.87 7.45386 900
   vertex 1004.08 966.75 900
   vertex 1113.2 6.42812 900
  endloop
 endfacet
 facet normal 0 0 1
  outer loop
   vertex 1113.2 6.42812 900
   vertex 1004.08 966.75 900
   vertex 1003.79 966.715 900
  endloop
 endfacet
 facet normal 0 0 1
  outer loop
   vertex 1113.2 6.42812 900
   vertex 1003.79 966.715 900
   vertex 1104.53 5.47808 900
  endloop
 endfacet
 facet normal 0 0 1
  outer loop
   vertex 1104.53 5.47808 900
   vertex 1003.79 966.715 900
   vertex 1003.5 966.683 900
  endloop
 endfacet
 facet normal 0 0 1
  outer loop
   vertex 1104.53 5.47808 900
   vertex 1003.5 966.683 900
   vertex 1095.85 4.6038 900
  endloop
 endfacet
 facet normal 0 0 1
  outer loop
   vertex 1095.85 4.6038 900
   vertex 1003.5 966.683 900
   vertex 1003.21 966.654 900
  endloop
 endfacet
 facet normal 0 0 1
  outer loop
   vertex 1095.85 4.6038 900
   vertex 1003.21 966.654 900
   vertex 1087.16 3.80528 900
  endloop
 endfacet
 facet normal 0 0 1
  outer loop
   vertex 1087.16 3.80528 900
   vertex 1003.21 966.654 900
   vertex 1002.92 966.628 900
  endloop
 endfacet
 facet normal 0 0 1
  outer loop
   vertex 1087.16 3.80528 900
   vertex 1002.92 966.628 900
   vertex 1078.46 3.08269 900
  endloop
 endfacet
 facet normal 0 0 1
  outer loop
   vertex 1078.46 3.08269 900
   vertex 1002.92 966.628 900
   vertex 1002.63 966.603 900
  endloop
 endfacet
 facet normal 0 0 1
  outer loop
   vertex 1078.46 3.08269 900
   vertex 1002.63 966.603 900
   vertex 1069.76 2.43592 900
  endloop
 endfacet
 facet normal 0 0 1
  outer loop
   vertex 1069.76 2.43592 900
   vertex 1002.63 966.603 900
   vertex 1002.34 966.582 900
  endloop
 endfacet
 facet normal 0 0 1
  outer loop
   vertex 1069.76 2.43592 900
   vertex 1002.34 966.582 900
   vertex 1061.05 1.86521 900
  endloop
 endfacet
 facet normal 0 0 1
  outer loop
   vertex 1061.05 1.86521 900
   vertex 1002.34 966.582 900
   vertex 1002.04 966.562 900
  endloop
 endfacet
 facet normal 0 0 1
  outer loop
   vertex 1061.05 1.86521 900
   vertex 1002.04 966.562 900
   vertex 1052.34 1.37049 900
  endloop
 endfacet
 facet normal 0 0 1
  outer loop
   vertex 1052.34 1.37049 900
   vertex 1002.04 966.562 900
   vertex 1001.75 966.546 900
  endloop
 endfacet
 facet normal 0 0 1
  outer loop
   vertex 1052.34 1.37049 900
   vertex 1001.75 966.546 900
   vertex 1043.62 0.951767 900
  endloop
 endfacet
 facet normal 0 0 1
  outer loop
   vertex 1043.62 0.951767 900
   vertex 1001.75 966.546 900
   vertex 1001.46 966.532 900
  endloop
 endfacet
 facet normal 0 0 1
  outer loop
   vertex 1043.62 0.951767 900
   vertex 1001.46 966.532 900
   vertex 1034.9 0.60916 900
  endloop
 endfacet
 facet normal 0 0 1
  outer loop
   vertex 1034.9 0.60916 900
   vertex 1001.46 966.532 900
   vertex 1001.17 966.52 900
  endloop
 endfacet
 facet normal 0 0 1
  outer loop
   vertex 1034.9 0.60916 900
   vertex 1001.17 966.52 900
   vertex 1026.18 0.342667 900
  endloop
 endfacet
 facet normal 0 0 1
  outer loop
   vertex 1026.18 0.342667 900
   vertex 1001.17 966.52 900
   vertex 1000.88 966.511 900
  endloop
 endfacet
 facet normal 0 0 1
  outer loop
   vertex 1026.18 0.342667 900
   vertex 1000.88 966.511 900
   vertex 1017.45 0.15229 900
  endloop
 endfacet
 facet normal 0 0 1
  outer loop
   vertex 1017.45 0.15229 900
   vertex 1000.88 966.511 900
   vertex 1000.59 966.505 900
  endloop
 endfacet
 facet normal 0 0 1
  outer loop
   vertex 1017.45 0.15229 900
   vertex 1000.59 966.505 900
   vertex 1008.73 0.0380874 900
  endloop
 endfacet
 facet normal 0 0 1
  outer loop
   vertex 1008.73 0.0380874 900
   vertex 1000.59 966.505 900
   vertex 1000.29 966.501 900
  endloop
 endfacet
 facet normal 0 0 1
  outer loop
   vertex 1008.73 0.0380874 900
   vertex 1000.29 966.501 900
   vertex 1000 0 900
  endloop
 endfacet
 facet normal 0 0 1
  outer loop
   vertex 1000 0 900
   vertex 1000.29 966.501 900
   vertex 1000 966.5 900
  endloop
 endfacet
 facet normal 0 -0 1
  outer loop
   vertex 1000 0 900
   vertex 1000 966.5 900
   vertex 991.273 0.0380874 900
  endloop
 endfacet
 facet normal 0 0 1
  outer loop
   vertex 991.273 0.0380874 900
   vertex 1000 966.5 900
   vertex 999.708 966.501 900
  endloop
 endfacet
 facet normal 0 -0 1
  outer loop
   vertex 991.273 0.0380874 900
   vertex 999.708 966.501 900
   vertex 982.548 0.15229 900
  endloop
 endfacet
 facet normal 0 0 1
  outer loop
   vertex 982.548 0.15229 900
   vertex 999.708 966.501 900
   vertex 999.415 966.505 900
  endloop
 endfacet
 facet normal 0 -0 1
  outer loop
   vertex 982.548 0.15229 900
   vertex 999.415 966.505 900
   vertex 973.823 0.342667 900
  endloop
 endfacet
 facet normal 0 0 1
  outer loop
   vertex 973.823 0.342667 900
   vertex 999.415 966.505 900
   vertex 999.123 966.511 900
  endloop
 endfacet
 facet normal 0 -0 1
  outer loop
   vertex 973.823 0.342667 900
   vertex 999.123 966.511 900
   vertex 965.101 0.60916 900
  endloop
 endfacet
 facet normal 0 0 1
  outer loop
   vertex 965.101 0.60916 900
   vertex 999.123 966.511 900
   vertex 998.831 966.52 900
  endloop
 endfacet
 facet normal 0 -0 1
  outer loop
   vertex 965.101 0.60916 900
   vertex 998.831 966.52 900
   vertex 956.381 0.951767 900
  endloop
 endfacet
 facet normal 0 0 1
  outer loop
   vertex 956.381 0.951767 900
   vertex 998.831 966.52 900
   vertex 998.539 966.532 900
  endloop
 endfacet
 facet normal 0 -0 1
  outer loop
   vertex 956.381 0.951767 900
   vertex 998.539 966.532 900
   vertex 947.664 1.37049 900
  endloop
 endfacet
 facet normal 0 0 1
  outer loop
   vertex 947.664 1.37049 900
   vertex 998.539 966.532 900
   vertex 998.247 966.546 900
  endloop
 endfacet
 facet normal 0 -0 1
  outer loop
   vertex 947.664 1.37049 900
   vertex 998.247 966.546 900
   vertex 938.951 1.86521 900
  endloop
 endfacet
 facet normal 0 0 1
  outer loop
   vertex 938.951 1.86521 900
   vertex 998.247 966.546 900
   vertex 997.955 966.562 900
  endloop
 endfacet
 facet normal 0 -0 1
  outer loop
   vertex 938.951 1.86521 900
   vertex 997.955 966.562 900
   vertex 930.244 2.43592 900
  endloop
 endfacet
 facet normal 0 0 1
  outer loop
   vertex 930.244 2.43592 900
   vertex 997.955 966.562 900
   vertex 997.663 966.582 900
  endloop
 endfacet
 facet normal 0 -0 1
  outer loop
   vertex 930.244 2.43592 900
   vertex 997.663 966.582 900
   vertex 921.541 3.08269 900
  endloop
 endfacet
 facet normal 0 0 1
  outer loop
   vertex 921.541 3.08269 900
   vertex 997.663 966.582 900
   vertex 997.372 966.603 900
  endloop
 endfacet
 facet normal 0 -0 1
  outer loop
   vertex 921.541 3.08269 900
   vertex 997.372 966.603 900
   vertex 912.844 3.80528 900
  endloop
 endfacet
 facet normal 0 0 1
  outer loop
   vertex 912.844 3.80528 900
   vertex 997.372 966.603 900
   vertex 997.08 966.628 900
  endloop
 endfacet
 facet normal 0 -0 1
  outer loop
   vertex 912.844 3.80528 900
   vertex 997.08 966.628 900
   vertex 904.154 4.6038 900
  endloop
 endfacet
 facet normal 0 0 1
  outer loop
   vertex 904.154 4.6038 900
   vertex 997.08 966.628 900
   vertex 996.789 966.654 900
  endloop
 endfacet
 facet normal 0 -0 1
  outer loop
   vertex 904.154 4.6038 900
   vertex 996.789 966.654 900
   vertex 895.471 5.47808 900
  endloop
 endfacet
 facet normal 0 0 1
  outer loop
   vertex 895.471 5.47808 900
   vertex 996.789 966.654 900
   vertex 996.498 966.683 900
  endloop
 endfacet
 facet normal 0 -0 1
  outer loop
   vertex 895.471 5.47808 900
   vertex 996.498 966.683 900
   vertex 886.797 6.42812 900
  endloop
 endfacet
 facet normal 0 0 1
  outer loop
   vertex 886.797 6.42812 900
   vertex 996.498 966.683 900
   vertex 996.208 966.715 900
  endloop
 endfacet
 facet normal 0 -0 1
  outer loop
   vertex 886.797 6.42812 900
   vertex 996.208 966.715 900
   vertex 878.131 7.45386 900
  endloop
 endfacet
 facet normal 0 0 1
  outer loop
   vertex 878.131 7.45386 900
   vertex 996.208 966.715 900
   vertex 995.917 966.75 900
  endloop
 endfacet
 facet normal 0 -0 1
  outer loop
   vertex 878.131 7.45386 900
   vertex 995.917 966.75 900
   vertex 869.474 8.55511 900
  endloop
 endfacet
 facet normal 0 0 1
  outer loop
   vertex 869.474 8.55511 900
   vertex 995.917 966.75 900
   vertex 995.627 966.787 900
  endloop
 endfacet
 facet normal 0 -0 1
  outer loop
   vertex 869.474 8.55511 900
   vertex 995.627 966.787 900
   vertex 860.827 9.73195 900
  endloop
 endfacet
 facet normal 0 0 1
  outer loop
   vertex 860.827 9.73195 900
   vertex 995.627 966.787 900
   vertex 995.338 966.826 900
  endloop
 endfacet
 facet normal 0 -0 1
  outer loop
   vertex 860.827 9.73195 900
   vertex 995.338 966.826 900
   vertex 852.191 10.9841 900
  endloop
 endfacet
 facet normal 0 0 1
  outer loop
   vertex 852.191 10.9841 900
   vertex 995.338 966.826 900
   vertex 995.048 966.868 900
  endloop
 endfacet
 facet normal 0 -0 1
  outer loop
   vertex 852.191 10.9841 900
   vertex 995.048 966.868 900
   vertex 843.565 12.3116 900
  endloop
 endfacet
 facet normal 0 0 1
  outer loop
   vertex 843.565 12.3116 900
   vertex 995.048 966.868 900
   vertex 994.759 966.912 900
  endloop
 endfacet
 facet normal 0 -0 1
  outer loop
   vertex 843.565 12.3116 900
   vertex 994.759 966.912 900
   vertex 834.952 13.7144 900
  endloop
 endfacet
 facet normal 0 0 1
  outer loop
   vertex 834.952 13.7144 900
   vertex 994.759 966.912 900
   vertex 994.471 966.959 900
  endloop
 endfacet
 facet normal 0 -0 1
  outer loop
   vertex 834.952 13.7144 900
   vertex 994.471 966.959 900
   vertex 826.352 15.1923 900
  endloop
 endfacet
 facet normal 0 0 1
  outer loop
   vertex 826.352 15.1923 900
   vertex 994.471 966.959 900
   vertex 994.183 967.009 900
  endloop
 endfacet
 facet normal 0 -0 1
  outer loop
   vertex 826.352 15.1923 900
   vertex 994.183 967.009 900
   vertex 817.765 16.7451 900
  endloop
 endfacet
 facet normal 0 0 1
  outer loop
   vertex 817.765 16.7451 900
   vertex 994.183 967.009 900
   vertex 993.895 967.061 900
  endloop
 endfacet
 facet normal 0 -0 1
  outer loop
   vertex 817.765 16.7451 900
   vertex 993.895 967.061 900
   vertex 809.191 18.3728 900
  endloop
 endfacet
 facet normal 0 0 1
  outer loop
   vertex 809.191 18.3728 900
   vertex 993.895 967.061 900
   vertex 993.608 967.115 900
  endloop
 endfacet
 facet normal 0 -0 1
  outer loop
   vertex 809.191 18.3728 900
   vertex 993.608 967.115 900
   vertex 800.632 20.0753 900
  endloop
 endfacet
 facet normal 0 0 1
  outer loop
   vertex 800.632 20.0753 900
   vertex 993.608 967.115 900
   vertex 993.321 967.172 900
  endloop
 endfacet
 facet normal 0 -0 1
  outer loop
   vertex 800.632 20.0753 900
   vertex 993.321 967.172 900
   vertex 792.088 21.8524 900
  endloop
 endfacet
 facet normal 0 0 1
  outer loop
   vertex 792.088 21.8524 900
   vertex 993.321 967.172 900
   vertex 993.035 967.232 900
  endloop
 endfacet
 facet normal 0 -0 1
  outer loop
   vertex 792.088 21.8524 900
   vertex 993.035 967.232 900
   vertex 783.56 23.704 900
  endloop
 endfacet
 facet normal 0 0 1
  outer loop
   vertex 783.56 23.704 900
   vertex 993.035 967.232 900
   vertex 992.749 967.294 900
  endloop
 endfacet
 facet normal 0 -0 1
  outer loop
   vertex 783.56 23.704 900
   vertex 992.749 967.294 900
   vertex 775.049 25.6299 900
  endloop
 endfacet
 facet normal 0 0 1
  outer loop
   vertex 775.049 25.6299 900
   vertex 992.749 967.294 900
   vertex 992.464 967.359 900
  endloop
 endfacet
 facet normal 0 -0 1
  outer loop
   vertex 775.049 25.6299 900
   vertex 992.464 967.359 900
   vertex 766.555 27.6301 900
  endloop
 endfacet
 facet normal 0 0 1
  outer loop
   vertex 766.555 27.6301 900
   vertex 992.464 967.359 900
   vertex 992.18 967.426 900
  endloop
 endfacet
 facet normal 0 -0 1
  outer loop
   vertex 766.555 27.6301 900
   vertex 992.18 967.426 900
   vertex 758.078 29.7043 900
  endloop
 endfacet
 facet normal 0 0 1
  outer loop
   vertex 758.078 29.7043 900
   vertex 992.18 967.426 900
   vertex 991.896 967.495 900
  endloop
 endfacet
 facet normal 0 -0 1
  outer loop
   vertex 758.078 29.7043 900
   vertex 991.896 967.495 900
   vertex 749.62 31.8524 900
  endloop
 endfacet
 facet normal 0 0 1
  outer loop
   vertex 749.62 31.8524 900
   vertex 991.896 967.495 900
   vertex 991.612 967.567 900
  endloop
 endfacet
 facet normal 0 -0 1
  outer loop
   vertex 749.62 31.8524 900
   vertex 991.612 967.567 900
   vertex 741.181 34.0742 900
  endloop
 endfacet
 facet normal 0 0 1
  outer loop
   vertex 741.181 34.0742 900
   vertex 991.612 967.567 900
   vertex 991.33 967.641 900
  endloop
 endfacet
 facet normal 0 0 1
  outer loop
   vertex 1920.51 1390.73 900
   vertex 1030.84 1013.09 900
   vertex 1923.88 1382.68 900
  endloop
 endfacet
 facet normal 0 0 1
  outer loop
   vertex 1923.88 1382.68 900
   vertex 1030.84 1013.09 900
   vertex 1030.95 1012.82 900
  endloop
 endfacet
 facet normal 0 0 1
  outer loop
   vertex 1923.88 1382.68 900
   vertex 1030.95 1012.82 900
   vertex 1927.18 1374.61 900
  endloop
 endfacet
 facet normal 0 0 1
  outer loop
   vertex 1927.18 1374.61 900
   vertex 1030.95 1012.82 900
   vertex 1031.06 1012.55 900
  endloop
 endfacet
 facet normal 0 0 1
  outer loop
   vertex 1927.18 1374.61 900
   vertex 1031.06 1012.55 900
   vertex 1930.42 1366.5 900
  endloop
 endfacet
 facet normal 0 0 1
  outer loop
   vertex 1930.42 1366.5 900
   vertex 1031.06 1012.55 900
   vertex 1031.17 1012.28 900
  endloop
 endfacet
 facet normal 0 0 1
  outer loop
   vertex 1930.42 1366.5 900
   vertex 1031.17 1012.28 900
   vertex 1933.58 1358.37 900
  endloop
 endfacet
 facet normal 0 0 1
  outer loop
   vertex 1933.58 1358.37 900
   vertex 1031.17 1012.28 900
   vertex 1031.28 1012.01 900
  endloop
 endfacet
 facet normal 0 0 1
  outer loop
   vertex 1933.58 1358.37 900
   vertex 1031.28 1012.01 900
   vertex 1936.67 1350.21 900
  endloop
 endfacet
 facet normal 0 0 1
  outer loop
   vertex 1936.67 1350.21 900
   vertex 1031.28 1012.01 900
   vertex 1031.38 1011.73 900
  endloop
 endfacet
 facet normal 0 0 1
  outer loop
   vertex 1936.67 1350.21 900
   vertex 1031.38 1011.73 900
   vertex 1939.69 1342.02 900
  endloop
 endfacet
 facet normal 0 0 1
  outer loop
   vertex 1939.69 1342.02 900
   vertex 1031.38 1011.73 900
   vertex 1031.48 1011.46 900
  endloop
 endfacet
 facet normal 0 0 1
  outer loop
   vertex 1939.69 1342.02 900
   vertex 1031.48 1011.46 900
   vertex 1942.64 1333.81 900
  endloop
 endfacet
 facet normal 0 0 1
  outer loop
   vertex 1942.64 1333.81 900
   vertex 1031.48 1011.46 900
   vertex 1031.58 1011.18 900
  endloop
 endfacet
 facet normal 0 0 1
  outer loop
   vertex 1942.64 1333.81 900
   vertex 1031.58 1011.18 900
   vertex 1945.52 1325.57 900
  endloop
 endfacet
 facet normal 0 0 1
  outer loop
   vertex 1945.52 1325.57 900
   vertex 1031.58 1011.18 900
   vertex 1031.68 1010.91 900
  endloop
 endfacet
 facet normal 0 0 1
  outer loop
   vertex 1945.52 1325.57 900
   vertex 1031.68 1010.91 900
   vertex 1948.32 1317.31 900
  endloop
 endfacet
 facet normal 0 0 1
  outer loop
   vertex 1948.32 1317.31 900
   vertex 1031.68 1010.91 900
   vertex 1031.77 1010.63 900
  endloop
 endfacet
 facet normal 0 0 1
  outer loop
   vertex 1948.32 1317.31 900
   vertex 1031.77 1010.63 900
   vertex 1951.06 1309.02 900
  endloop
 endfacet
 facet normal 0 0 1
  outer loop
   vertex 1951.06 1309.02 900
   vertex 1031.77 1010.63 900
   vertex 1031.86 1010.35 900
  endloop
 endfacet
 facet normal 0 0 1
  outer loop
   vertex 1951.06 1309.02 900
   vertex 1031.86 1010.35 900
   vertex 1953.72 1300.71 900
  endloop
 endfacet
 facet normal 0 0 1
  outer loop
   vertex 1953.72 1300.71 900
   vertex 1031.86 1010.35 900
   vertex 1031.95 1010.07 900
  endloop
 endfacet
 facet normal 0 0 1
  outer loop
   vertex 1953.72 1300.71 900
   vertex 1031.95 1010.07 900
   vertex 1956.31 1292.37 900
  endloop
 endfacet
 facet normal 0 0 1
  outer loop
   vertex 1956.31 1292.37 900
   vertex 1031.95 1010.07 900
   vertex 1032.04 1009.79 900
  endloop
 endfacet
 facet normal 0 0 1
  outer loop
   vertex 1956.31 1292.37 900
   vertex 1032.04 1009.79 900
   vertex 1958.82 1284.02 900
  endloop
 endfacet
 facet normal 0 0 1
  outer loop
   vertex 1958.82 1284.02 900
   vertex 1032.04 1009.79 900
   vertex 1032.12 1009.52 900
  endloop
 endfacet
 facet normal 0 0 1
  outer loop
   vertex 1958.82 1284.02 900
   vertex 1032.12 1009.52 900
   vertex 1961.26 1275.64 900
  endloop
 endfacet
 facet normal 0 0 1
  outer loop
   vertex 1961.26 1275.64 900
   vertex 1032.12 1009.52 900
   vertex 1032.2 1009.23 900
  endloop
 endfacet
 facet normal 0 0 1
  outer loop
   vertex 1961.26 1275.64 900
   vertex 1032.2 1009.23 900
   vertex 1963.63 1267.24 900
  endloop
 endfacet
 facet normal 0 0 1
  outer loop
   vertex 1963.63 1267.24 900
   vertex 1032.2 1009.23 900
   vertex 1032.28 1008.95 900
  endloop
 endfacet
 facet normal 0 0 1
  outer loop
   vertex 1963.63 1267.24 900
   vertex 1032.28 1008.95 900
   vertex 1965.93 1258.82 900
  endloop
 endfacet
 facet normal 0 0 1
  outer loop
   vertex 1965.93 1258.82 900
   vertex 1032.28 1008.95 900
   vertex 1032.36 1008.67 900
  endloop
 endfacet
 facet normal 0 0 1
  outer loop
   vertex 1965.93 1258.82 900
   vertex 1032.36 1008.67 900
   vertex 1968.15 1250.38 900
  endloop
 endfacet
 facet normal 0 0 1
  outer loop
   vertex 1968.15 1250.38 900
   vertex 1032.36 1008.67 900
   vertex 1032.43 1008.39 900
  endloop
 endfacet
 facet normal 0 0 1
  outer loop
   vertex 1968.15 1250.38 900
   vertex 1032.43 1008.39 900
   vertex 1970.3 1241.92 900
  endloop
 endfacet
 facet normal 0 0 1
  outer loop
   vertex 1970.3 1241.92 900
   vertex 1032.43 1008.39 900
   vertex 1032.51 1008.1 900
  endloop
 endfacet
 facet normal 0 0 1
  outer loop
   vertex 1970.3 1241.92 900
   vertex 1032.51 1008.1 900
   vertex 1972.37 1233.44 900
  endloop
 endfacet
 facet normal 0 0 1
  outer loop
   vertex 1972.37 1233.44 900
   vertex 1032.51 1008.1 900
   vertex 1032.57 1007.82 900
  endloop
 endfacet
 facet normal 0 0 1
  outer loop
   vertex 1972.37 1233.44 900
   vertex 1032.57 1007.82 900
   vertex 1974.37 1224.95 900
  endloop
 endfacet
 facet normal 0 0 1
  outer loop
   vertex 1974.37 1224.95 900
   vertex 1032.57 1007.82 900
   vertex 1032.64 1007.54 900
  endloop
 endfacet
 facet normal 0 0 1
  outer loop
   vertex 1974.37 1224.95 900
   vertex 1032.64 1007.54 900
   vertex 1976.3 1216.44 900
  endloop
 endfacet
 facet normal 0 0 1
  outer loop
   vertex 1976.3 1216.44 900
   vertex 1032.64 1007.54 900
   vertex 1032.71 1007.25 900
  endloop
 endfacet
 facet normal 0 0 1
  outer loop
   vertex 1976.3 1216.44 900
   vertex 1032.71 1007.25 900
   vertex 1978.15 1207.91 900
  endloop
 endfacet
 facet normal 0 0 1
  outer loop
   vertex 1978.15 1207.91 900
   vertex 1032.71 1007.25 900
   vertex 1032.77 1006.97 900
  endloop
 endfacet
 facet normal 0 0 1
  outer loop
   vertex 1978.15 1207.91 900
   vertex 1032.77 1006.97 900
   vertex 1979.93 1199.37 900
  endloop
 endfacet
 facet normal 0 0 1
  outer loop
   vertex 1979.93 1199.37 900
   vertex 1032.77 1006.97 900
   vertex 1032.83 1006.68 900
  endloop
 endfacet
 facet normal 0 0 1
  outer loop
   vertex 1979.93 1199.37 900
   vertex 1032.83 1006.68 900
   vertex 1981.63 1190.81 900
  endloop
 endfacet
 facet normal 0 0 1
  outer loop
   vertex 1981.63 1190.81 900
   vertex 1032.83 1006.68 900
   vertex 1032.89 1006.39 900
  endloop
 endfacet
 facet normal 0 0 1
  outer loop
   vertex 1981.63 1190.81 900
   vertex 1032.89 1006.39 900
   vertex 1983.26 1182.24 900
  endloop
 endfacet
 facet normal 0 0 1
  outer loop
   vertex 1983.26 1182.24 900
   vertex 1032.89 1006.39 900
   vertex 1032.94 1006.1 900
  endloop
 endfacet
 facet normal 0 0 1
  outer loop
   vertex 1983.26 1182.24 900
   vertex 1032.94 1006.1 900
   vertex 1984.81 1173.65 900
  endloop
 endfacet
 facet normal 0 0 1
  outer loop
   vertex 1984.81 1173.65 900
   vertex 1032.94 1006.1 900
   vertex 1032.99 1005.82 900
  endloop
 endfacet
 facet normal 0 0 1
  outer loop
   vertex 1984.81 1173.65 900
   vertex 1032.99 1005.82 900
   vertex 1986.29 1165.05 900
  endloop
 endfacet
 facet normal 0 0 1
  outer loop
   vertex 1986.29 1165.05 900
   vertex 1032.99 1005.82 900
   vertex 1033.04 1005.53 900
  endloop
 endfacet
 facet normal 0 0 1
  outer loop
   vertex 1986.29 1165.05 900
   vertex 1033.04 1005.53 900
   vertex 1987.69 1156.43 900
  endloop
 endfacet
 facet normal 0 0 1
  outer loop
   vertex 1987.69 1156.43 900
   vertex 1033.04 1005.53 900
   vertex 1033.09 1005.24 900
  endloop
 endfacet
 facet normal 0 0 1
  outer loop
   vertex 1987.69 1156.43 900
   vertex 1033.09 1005.24 900
   vertex 1989.02 1147.81 900
  endloop
 endfacet
 facet normal 0 0 1
  outer loop
   vertex 1989.02 1147.81 900
   vertex 1033.09 1005.24 900
   vertex 1033.13 1004.95 900
  endloop
 endfacet
 facet normal 0 0 1
  outer loop
   vertex 1989.02 1147.81 900
   vertex 1033.13 1004.95 900
   vertex 1990.27 1139.17 900
  endloop
 endfacet
 facet normal 0 0 1
  outer loop
   vertex 1990.27 1139.17 900
   vertex 1033.13 1004.95 900
   vertex 1033.17 1004.66 900
  endloop
 endfacet
 facet normal 0 0 1
  outer loop
   vertex 1990.27 1139.17 900
   vertex 1033.17 1004.66 900
   vertex 1991.44 1130.53 900
  endloop
 endfacet
 facet normal 0 0 1
  outer loop
   vertex 1991.44 1130.53 900
   vertex 1033.17 1004.66 900
   vertex 1033.21 1004.37 900
  endloop
 endfacet
 facet normal 0 0 1
  outer loop
   vertex 1991.44 1130.53 900
   vertex 1033.21 1004.37 900
   vertex 1992.55 1121.87 900
  endloop
 endfacet
 facet normal 0 0 1
  outer loop
   vertex 1992.55 1121.87 900
   vertex 1033.21 1004.37 900
   vertex 1033.25 1004.08 900
  endloop
 endfacet
 facet normal 0 0 1
  outer loop
   vertex 1992.55 1121.87 900
   vertex 1033.25 1004.08 900
   vertex 1993.57 1113.2 900
  endloop
 endfacet
 facet normal 0 0 1
  outer loop
   vertex 1993.57 1113.2 900
   vertex 1033.25 1004.08 900
   vertex 1033.29 1003.79 900
  endloop
 endfacet
 facet normal 0 0 1
  outer loop
   vertex 1993.57 1113.2 900
   vertex 1033.29 1003.79 900
   vertex 1994.52 1104.53 900
  endloop
 endfacet
 facet normal 0 0 1
  outer loop
   vertex 1994.52 1104.53 900
   vertex 1033.29 1003.79 900
   vertex 1033.32 1003.5 900
  endloop
 endfacet
 facet normal 0 0 1
  outer loop
   vertex 1994.52 1104.53 900
   vertex 1033.32 1003.5 900
   vertex 1995.4 1095.85 900
  endloop
 endfacet
 facet normal 0 0 1
  outer loop
   vertex 1995.4 1095.85 900
   vertex 1033.32 1003.5 900
   vertex 1033.35 1003.21 900
  endloop
 endfacet
 facet normal 0 0 1
  outer loop
   vertex 1995.4 1095.85 900
   vertex 1033.35 1003.21 900
   vertex 1996.19 1087.16 900
  endloop
 endfacet
 facet normal 0 0 1
  outer loop
   vertex 1996.19 1087.16 900
   vertex 1033.35 1003.21 900
   vertex 1033.37 1002.92 900
  endloop
 endfacet
 facet normal 0 0 1
  outer loop
   vertex 1996.19 1087.16 900
   vertex 1033.37 1002.92 900
   vertex 1996.92 1078.46 900
  endloop
 endfacet
 facet normal 0 0 1
  outer loop
   vertex 1996.92 1078.46 900
   vertex 1033.37 1002.92 900
   vertex 1033.4 1002.63 900
  endloop
 endfacet
 facet normal 0 0 1
  outer loop
   vertex 1996.92 1078.46 900
   vertex 1033.4 1002.63 900
   vertex 1997.56 1069.76 900
  endloop
 endfacet
 facet normal 0 0 1
  outer loop
   vertex 1997.56 1069.76 900
   vertex 1033.4 1002.63 900
   vertex 1033.42 1002.34 900
  endloop
 endfacet
 facet normal 0 0 1
  outer loop
   vertex 1997.56 1069.76 900
   vertex 1033.42 1002.34 900
   vertex 1998.14 1061.05 900
  endloop
 endfacet
 facet normal 0 0 1
  outer loop
   vertex 1998.14 1061.05 900
   vertex 1033.42 1002.34 900
   vertex 1033.44 1002.04 900
  endloop
 endfacet
 facet normal 0 0 1
  outer loop
   vertex 1998.14 1061.05 900
   vertex 1033.44 1002.04 900
   vertex 1998.63 1052.34 900
  endloop
 endfacet
 facet normal 0 0 1
  outer loop
   vertex 1998.63 1052.34 900
   vertex 1033.44 1002.04 900
   vertex 1033.45 1001.75 900
  endloop
 endfacet
 facet normal 0 0 1
  outer loop
   vertex 1998.63 1052.34 900
   vertex 1033.45 1001.75 900
   vertex 1999.05 1043.62 900
  endloop
 endfacet
 facet normal 0 0 1
  outer loop
   vertex 1999.05 1043.62 900
   vertex 1033.45 1001.75 900
   vertex 1033.47 1001.46 900
  endloop
 endfacet
 facet normal 0 0 1
  outer loop
   vertex 1999.05 1043.62 900
   vertex 1033.47 1001.46 900
   vertex 1999.39 1034.9 900
  endloop
 endfacet
 facet normal 0 0 1
  outer loop
   vertex 1999.39 1034.9 900
   vertex 1033.47 1001.46 900
   vertex 1033.48 1001.17 900
  endloop
 endfacet
 facet normal 0 0 1
  outer loop
   vertex 1999.39 1034.9 900
   vertex 1033.48 1001.17 900
   vertex 1999.66 1026.18 900
  endloop
 endfacet
 facet normal 0 0 1
  outer loop
   vertex 1999.66 1026.18 900
   vertex 1033.48 1001.17 900
   vertex 1033.49 1000.88 900
  endloop
 endfacet
 facet normal 0 0 1
  outer loop
   vertex 1999.66 1026.18 900
   vertex 1033.49 1000.88 900
   vertex 1999.85 1017.45 900
  endloop
 endfacet
 facet normal 0 0 1
  outer loop
   vertex 1999.85 1017.45 900
   vertex 1033.49 1000.88 900
   vertex 1033.49 1000.59 900
  endloop
 endfacet
 facet normal 0 0 1
  outer loop
   vertex 1999.85 1017.45 900
   vertex 1033.49 1000.59 900
   vertex 1999.96 1008.73 900
  endloop
 endfacet
 facet normal 0 0 1
  outer loop
   vertex 1999.96 1008.73 900
   vertex 1033.49 1000.59 900
   vertex 1033.5 1000.29 900
  endloop
 endfacet
 facet normal 0 0 1
  outer loop
   vertex 1999.96 1008.73 900
   vertex 1033.5 1000.29 900
   vertex 2000 1000 900
  endloop
 endfacet
 facet normal 0 0 1
  outer loop
   vertex 2000 1000 900
   vertex 1033.5 1000.29 900
   vertex 1033.5 1000 900
  endloop
 endfacet
 facet normal 0 0 1
  outer loop
   vertex 2000 1000 900
   vertex 1033.5 1000 900
   vertex 1999.96 991.273 900
  endloop
 endfacet
 facet normal 0 0 1
  outer loop
   vertex 1999.96 991.273 900
   vertex 1033.5 1000 900
   vertex 1033.5 999.708 900
  endloop
 endfacet
 facet normal 0 0 1
  outer loop
   vertex 1999.96 991.273 900
   vertex 1033.5 999.708 900
   vertex 1999.85 982.548 900
  endloop
 endfacet
 facet normal 0 0 1
  outer loop
   vertex 1999.85 982.548 900
   vertex 1033.5 999.708 900
   vertex 1033.49 999.415 900
  endloop
 endfacet
 facet normal 0 0 1
  outer loop
   vertex 1999.85 982.548 900
   vertex 1033.49 999.415 900
   vertex 1999.66 973.823 900
  endloop
 endfacet
 facet normal 0 0 1
  outer loop
   vertex 1999.66 973.823 900
   vertex 1033.49 999.415 900
   vertex 1033.49 999.123 900
  endloop
 endfacet
 facet normal 0 0 1
  outer loop
   vertex 1999.66 973.823 900
   vertex 1033.49 999.123 900
   vertex 1999.39 965.101 900
  endloop
 endfacet
 facet normal 0 0 1
  outer loop
   vertex 1999.39 965.101 900
   vertex 1033.49 999.123 900
   vertex 1033.48 998.831 900
  endloop
 endfacet
 facet normal 0 0 1
  outer loop
   vertex 1999.39 965.101 900
   vertex 1033.48 998.831 900
   vertex 1999.05 956.381 900
  endloop
 endfacet
 facet normal 0 0 1
  outer loop
   vertex 1999.05 956.381 900
   vertex 1033.48 998.831 900
   vertex 1033.47 998.539 900
  endloop
 endfacet
 facet normal 0 0 1
  outer loop
   vertex 1999.05 956.381 900
   vertex 1033.47 998.539 900
   vertex 1998.63 947.664 900
  endloop
 endfacet
 facet normal 0 0 1
  outer loop
   vertex 1998.63 947.664 900
   vertex 1033.47 998.539 900
   vertex 1033.45 998.247 900
  endloop
 endfacet
 facet normal 0 0 1
  outer loop
   vertex 1998.63 947.664 900
   vertex 1033.45 998.247 900
   vertex 1998.14 938.951 900
  endloop
 endfacet
 facet normal 0 0 1
  outer loop
   vertex 1998.14 938.951 900
   vertex 1033.45 998.247 900
   vertex 1033.44 997.955 900
  endloop
 endfacet
 facet normal 0 0 1
  outer loop
   vertex 1998.14 938.951 900
   vertex 1033.44 997.955 900
   vertex 1997.56 930.244 900
  endloop
 endfacet
 facet normal 0 0 1
  outer loop
   vertex 1997.56 930.244 900
   vertex 1033.44 997.955 900
   vertex 1033.42 997.663 900
  endloop
 endfacet
 facet normal 0 0 1
  outer loop
   vertex 1997.56 930.244 900
   vertex 1033.42 997.663 900
   vertex 1996.92 921.541 900
  endloop
 endfacet
 facet normal 0 0 1
  outer loop
   vertex 1996.92 921.541 900
   vertex 1033.42 997.663 900
   vertex 1033.4 997.372 900
  endloop
 endfacet
 facet normal 0 0 1
  outer loop
   vertex 1996.92 921.541 900
   vertex 1033.4 997.372 900
   vertex 1996.19 912.844 900
  endloop
 endfacet
 facet normal 0 0 1
  outer loop
   vertex 1996.19 912.844 900
   vertex 1033.4 997.372 900
   vertex 1033.37 997.08 900
  endloop
 endfacet
 facet normal 0 0 1
  outer loop
   vertex 1996.19 912.844 900
   vertex 1033.37 997.08 900
   vertex 1995.4 904.154 900
  endloop
 endfacet
 facet normal 0 0 1
  outer loop
   vertex 1995.4 904.154 900
   vertex 1033.37 997.08 900
   vertex 1033.35 996.789 900
  endloop
 endfacet
 facet normal 0 0 1
  outer loop
   vertex 1995.4 904.154 900
   vertex 1033.35 996.789 900
   vertex 1994.52 895.471 900
  endloop
 endfacet
 facet normal 0 0 1
  outer loop
   vertex 1994.52 895.471 900
   vertex 1033.35 996.789 900
   vertex 1033.32 996.498 900
  endloop
 endfacet
 facet normal 0 0 1
  outer loop
   vertex 1994.52 895.471 900
   vertex 1033.32 996.498 900
   vertex 1993.57 886.797 900
  endloop
 endfacet
 facet normal 0 0 1
  outer loop
   vertex 1993.57 886.797 900
   vertex 1033.32 996.498 900
   vertex 1033.29 996.208 900
  endloop
 endfacet
 facet normal 0 0 1
  outer loop
   vertex 1993.57 886.797 900
   vertex 1033.29 996.208 900
   vertex 1992.55 878.131 900
  endloop
 endfacet
 facet normal 0 0 1
  outer loop
   vertex 1992.55 878.131 900
   vertex 1033.29 996.208 900
   vertex 1033.25 995.917 900
  endloop
 endfacet
 facet normal 0 0 1
  outer loop
   vertex 1992.55 878.131 900
   vertex 1033.25 995.917 900
   vertex 1991.44 869.474 900
  endloop
 endfacet
 facet normal 0 0 1
  outer loop
   vertex 1991.44 869.474 900
   vertex 1033.25 995.917 900
   vertex 1033.21 995.627 900
  endloop
 endfacet
 facet normal 0 0 1
  outer loop
   vertex 1991.44 869.474 900
   vertex 1033.21 995.627 900
   vertex 1990.27 860.827 900
  endloop
 endfacet
 facet normal 0 0 1
  outer loop
   vertex 1990.27 860.827 900
   vertex 1033.21 995.627 900
   vertex 1033.17 995.338 900
  endloop
 endfacet
 facet normal 0 0 1
  outer loop
   vertex 1990.27 860.827 900
   vertex 1033.17 995.338 900
   vertex 1989.02 852.191 900
  endloop
 endfacet
 facet normal 0 0 1
  outer loop
   vertex 1989.02 852.191 900
   vertex 1033.17 995.338 900
   vertex 1033.13 995.048 900
  endloop
 endfacet
 facet normal 0 0 1
  outer loop
   vertex 1989.02 852.191 900
   vertex 1033.13 995.048 900
   vertex 1987.69 843.565 900
  endloop
 endfacet
 facet normal 0 0 1
  outer loop
   vertex 1987.69 843.565 900
   vertex 1033.13 995.048 900
   vertex 1033.09 994.759 900
  endloop
 endfacet
 facet normal 0 0 1
  outer loop
   vertex 1987.69 843.565 900
   vertex 1033.09 994.759 900
   vertex 1986.29 834.952 900
  endloop
 endfacet
 facet normal 0 0 1
  outer loop
   vertex 1986.29 834.952 900
   vertex 1033.09 994.759 900
   vertex 1033.04 994.471 900
  endloop
 endfacet
 facet normal 0 0 1
  outer loop
   vertex 1986.29 834.952 900
   vertex 1033.04 994.471 900
   vertex 1984.81 826.352 900
  endloop
 endfacet
 facet normal 0 0 1
  outer loop
   vertex 1984.81 826.352 900
   vertex 1033.04 994.471 900
   vertex 1032.99 994.183 900
  endloop
 endfacet
 facet normal 0 0 1
  outer loop
   vertex 1984.81 826.352 900
   vertex 1032.99 994.183 900
   vertex 1983.26 817.765 900
  endloop
 endfacet
 facet normal 0 0 1
  outer loop
   vertex 1983.26 817.765 900
   vertex 1032.99 994.183 900
   vertex 1032.94 993.895 900
  endloop
 endfacet
 facet normal 0 0 1
  outer loop
   vertex 1983.26 817.765 900
   vertex 1032.94 993.895 900
   vertex 1981.63 809.191 900
  endloop
 endfacet
 facet normal 0 0 1
  outer loop
   vertex 1981.63 809.191 900
   vertex 1032.94 993.895 900
   vertex 1032.89 993.608 900
  endloop
 endfacet
 facet normal 0 0 1
  outer loop
   vertex 1981.63 809.191 900
   vertex 1032.89 993.608 900
   vertex 1979.93 800.632 900
  endloop
 endfacet
 facet normal 0 0 1
  outer loop
   vertex 1979.93 800.632 900
   vertex 1032.89 993.608 900
   vertex 1032.83 993.321 900
  endloop
 endfacet
 facet normal 0 0 1
  outer loop
   vertex 1979.93 800.632 900
   vertex 1032.83 993.321 900
   vertex 1978.15 792.088 900
  endloop
 endfacet
 facet normal 0 0 1
  outer loop
   vertex 1978.15 792.088 900
   vertex 1032.83 993.321 900
   vertex 1032.77 993.035 900
  endloop
 endfacet
 facet normal 0 0 1
  outer loop
   vertex 1978.15 792.088 900
   vertex 1032.77 993.035 900
   vertex 1976.3 783.56 900
  endloop
 endfacet
 facet normal 0 0 1
  outer loop
   vertex 1976.3 783.56 900
   vertex 1032.77 993.035 900
   vertex 1032.71 992.749 900
  endloop
 endfacet
 facet normal 0 0 1
  outer loop
   vertex 1976.3 783.56 900
   vertex 1032.71 992.749 900
   vertex 1974.37 775.049 900
  endloop
 endfacet
 facet normal 0 0 1
  outer loop
   vertex 1974.37 775.049 900
   vertex 1032.71 992.749 900
   vertex 1032.64 992.464 900
  endloop
 endfacet
 facet normal 0 0 1
  outer loop
   vertex 1974.37 775.049 900
   vertex 1032.64 992.464 900
   vertex 1972.37 766.555 900
  endloop
 endfacet
 facet normal 0 0 1
  outer loop
   vertex 1972.37 766.555 900
   vertex 1032.64 992.464 900
   vertex 1032.57 992.18 900
  endloop
 endfacet
 facet normal 0 0 1
  outer loop
   vertex 1972.37 766.555 900
   vertex 1032.57 992.18 900
   vertex 1970.3 758.078 900
  endloop
 endfacet
 facet normal 0 0 1
  outer loop
   vertex 1970.3 758.078 900
   vertex 1032.57 992.18 900
   vertex 1032.51 991.896 900
  endloop
 endfacet
 facet normal 0 0 1
  outer loop
   vertex 1970.3 758.078 900
   vertex 1032.51 991.896 900
   vertex 1968.15 749.62 900
  endloop
 endfacet
 facet normal 0 0 1
  outer loop
   vertex 1968.15 749.62 900
   vertex 1032.51 991.896 900
   vertex 1032.43 991.612 900
  endloop
 endfacet
 facet normal 0 0 1
  outer loop
   vertex 1968.15 749.62 900
   vertex 1032.43 991.612 900
   vertex 1965.93 741.181 900
  endloop
 endfacet
 facet normal 0 0 1
  outer loop
   vertex 1965.93 741.181 900
   vertex 1032.43 991.612 900
   vertex 1032.36 991.33 900
  endloop
 endfacet
 facet normal 0 0 1
  outer loop
   vertex 1965.93 741.181 900
   vertex 1032.36 991.33 900
   vertex 1963.63 732.762 900
  endloop
 endfacet
 facet normal 0 0 1
  outer loop
   vertex 1963.63 732.762 900
   vertex 1032.36 991.33 900
   vertex 1032.28 991.047 900
  endloop
 endfacet
 facet normal 0 0 1
  outer loop
   vertex 1963.63 732.762 900
   vertex 1032.28 991.047 900
   vertex 1961.26 724.363 900
  endloop
 endfacet
 facet normal 0 0 1
  outer loop
   vertex 1961.26 724.363 900
   vertex 1032.28 991.047 900
   vertex 1032.2 990.766 900
  endloop
 endfacet
 facet normal 0 0 1
  outer loop
   vertex 1961.26 724.363 900
   vertex 1032.2 990.766 900
   vertex 1958.82 715.985 900
  endloop
 endfacet
 facet normal 0 0 1
  outer loop
   vertex 1958.82 715.985 900
   vertex 1032.2 990.766 900
   vertex 1032.12 990.485 900
  endloop
 endfacet
 facet normal 0 0 1
  outer loop
   vertex 1958.82 715.985 900
   vertex 1032.12 990.485 900
   vertex 1956.31 707.628 900
  endloop
 endfacet
 facet normal 0 0 1
  outer loop
   vertex 1956.31 707.628 900
   vertex 1032.12 990.485 900
   vertex 1032.04 990.206 900
  endloop
 endfacet
 facet normal 0 0 1
  outer loop
   vertex 1956.31 707.628 900
   vertex 1032.04 990.206 900
   vertex 1953.72 699.294 900
  endloop
 endfacet
 facet normal 0 0 1
  outer loop
   vertex 1953.72 699.294 900
   vertex 1032.04 990.206 900
   vertex 1031.95 989.926 900
  endloop
 endfacet
 facet normal 0 0 1
  outer loop
   vertex 1953.72 699.294 900
   vertex 1031.95 989.926 900
   vertex 1951.06 690.983 900
  endloop
 endfacet
 facet normal 0 0 1
  outer loop
   vertex 1951.06 690.983 900
   vertex 1031.95 989.926 900
   vertex 1031.86 989.648 900
  endloop
 endfacet
 facet normal 0 0 1
  outer loop
   vertex 1951.06 690.983 900
   vertex 1031.86 989.648 900
   vertex 1948.32 682.695 900
  endloop
 endfacet
 facet normal 0 0 1
  outer loop
   vertex 1948.32 682.695 900
   vertex 1031.86 989.648 900
   vertex 1031.77 989.37 900
  endloop
 endfacet
 facet normal 0 0 1
  outer loop
   vertex 1948.32 682.695 900
   vertex 1031.77 989.37 900
   vertex 1945.52 674.432 900
  endloop
 endfacet
 facet normal 0 0 1
  outer loop
   vertex 1945.52 674.432 900
   vertex 1031.77 989.37 900
   vertex 1031.68 989.094 900
  endloop
 endfacet
 facet normal 0 0 1
  outer loop
   vertex 1945.52 674.432 900
   vertex 1031.68 989.094 900
   vertex 1942.64 666.193 900
  endloop
 endfacet
 facet normal 0 0 1
  outer loop
   vertex 1942.64 666.193 900
   vertex 1031.68 989.094 900
   vertex 1031.58 988.818 900
  endloop
 endfacet
 facet normal 0 0 1
  outer loop
   vertex 1942.64 666.193 900
   vertex 1031.58 988.818 900
   vertex 1939.69 657.98 900
  endloop
 endfacet
 facet normal 0 0 1
  outer loop
   vertex 1939.69 657.98 900
   vertex 1031.58 988.818 900
   vertex 1031.48 988.542 900
  endloop
 endfacet
 facet normal 0 0 1
  outer loop
   vertex 1939.69 657.98 900
   vertex 1031.48 988.542 900
   vertex 1936.67 649.793 900
  endloop
 endfacet
 facet normal 0 0 1
  outer loop
   vertex 1936.67 649.793 900
   vertex 1031.48 988.542 900
   vertex 1031.38 988.268 900
  endloop
 endfacet
 facet normal 0 0 1
  outer loop
   vertex 1936.67 649.793 900
   vertex 1031.38 988.268 900
   vertex 1933.58 641.632 900
  endloop
 endfacet
 facet normal 0 0 1
  outer loop
   vertex 1933.58 641.632 900
   vertex 1031.38 988.268 900
   vertex 1031.28 987.995 900
  endloop
 endfacet
 facet normal 0 0 1
  outer loop
   vertex 1933.58 641.632 900
   vertex 1031.28 987.995 900
   vertex 1930.42 633.499 900
  endloop
 endfacet
 facet normal 0 0 1
  outer loop
   vertex 1930.42 633.499 900
   vertex 1031.28 987.995 900
   vertex 1031.17 987.722 900
  endloop
 endfacet
 facet normal 0 0 1
  outer loop
   vertex 1930.42 633.499 900
   vertex 1031.17 987.722 900
   vertex 1927.18 625.393 900
  endloop
 endfacet
 facet normal 0 0 1
  outer loop
   vertex 1927.18 625.393 900
   vertex 1031.17 987.722 900
   vertex 1031.06 987.451 900
  endloop
 endfacet
 facet normal 0 0 1
  outer loop
   vertex 1927.18 625.393 900
   vertex 1031.06 987.451 900
   vertex 1923.88 617.317 900
  endloop
 endfacet
 facet normal 0 0 1
  outer loop
   vertex 1923.88 617.317 900
   vertex 1031.06 987.451 900
   vertex 1030.95 987.18 900
  endloop
 endfacet
 facet normal 0 0 1
  outer loop
   vertex 1923.88 617.317 900
   vertex 1030.95 987.18 900
   vertex 1920.51 609.269 900
  endloop
 endfacet
 facet normal 0 0 1
  outer loop
   vertex 1920.51 609.269 900
   vertex 1030.95 987.18 900
   vertex 1030.84 986.911 900
  endloop
 endfacet
 facet normal 0 0 1
  outer loop
   vertex 1920.51 609.269 900
   vertex 1030.84 986.911 900
   vertex 1917.06 601.251 900
  endloop
 endfacet
 facet normal 0 0 1
  outer loop
   vertex 1917.06 601.251 900
   vertex 1030.84 986.911 900
   vertex 1030.72 986.642 900
  endloop
 endfacet
 facet normal 0 0 1
  outer loop
   vertex 1917.06 601.251 900
   vertex 1030.72 986.642 900
   vertex 1913.55 593.263 900
  endloop
 endfacet
 facet normal 0 0 1
  outer loop
   vertex 1913.55 593.263 900
   vertex 1030.72 986.642 900
   vertex 1030.6 986.374 900
  endloop
 endfacet
 facet normal 0 0 1
  outer loop
   vertex 1913.55 593.263 900
   vertex 1030.6 986.374 900
   vertex 1909.96 585.307 900
  endloop
 endfacet
 facet normal 0 0 1
  outer loop
   vertex 1909.96 585.307 900
   vertex 1030.6 986.374 900
   vertex 1030.48 986.108 900
  endloop
 endfacet
 facet normal 0 0 1
  outer loop
   vertex 1909.96 585.307 900
   vertex 1030.48 986.108 900
   vertex 1906.31 577.382 900
  endloop
 endfacet
 facet normal 0 0 1
  outer loop
   vertex 1906.31 577.382 900
   vertex 1030.48 986.108 900
   vertex 1030.36 985.842 900
  endloop
 endfacet
 facet normal 0 0 1
  outer loop
   vertex 1906.31 577.382 900
   vertex 1030.36 985.842 900
   vertex 1902.58 569.489 900
  endloop
 endfacet
 facet normal 0 0 1
  outer loop
   vertex 1902.58 569.489 900
   vertex 1030.36 985.842 900
   vertex 1030.24 985.578 900
  endloop
 endfacet
 facet normal 0 0 1
  outer loop
   vertex 1902.58 569.489 900
   vertex 1030.24 985.578 900
   vertex 1898.79 561.629 900
  endloop
 endfacet
 facet normal 0 0 1
  outer loop
   vertex 1898.79 561.629 900
   vertex 1030.24 985.578 900
   vertex 1030.11 985.315 900
  endloop
 endfacet
 facet normal 0 0 1
  outer loop
   vertex 1898.79 561.629 900
   vertex 1030.11 985.315 900
   vertex 1894.93 553.802 900
  endloop
 endfacet
 facet normal 0 0 1
  outer loop
   vertex 1894.93 553.802 900
   vertex 1030.11 985.315 900
   vertex 1029.98 985.052 900
  endloop
 endfacet
 facet normal 0 0 1
  outer loop
   vertex 1894.93 553.802 900
   vertex 1029.98 985.052 900
   vertex 1891.01 546.01 900
  endloop
 endfacet
 facet normal 0 0 1
  outer loop
   vertex 1891.01 546.01 900
   vertex 1029.98 985.052 900
   vertex 1029.85 984.791 900
  endloop
 endfacet
 facet normal 0 0 1
  outer loop
   vertex 1891.01 546.01 900
   vertex 1029.85 984.791 900
   vertex 1887.01 538.251 900
  endloop
 endfacet
 facet normal 0 0 1
  outer loop
   vertex 1887.01 538.251 900
   vertex 1029.85 984.791 900
   vertex 1029.71 984.531 900
  endloop
 endfacet
 facet normal 0 0 1
  outer loop
   vertex 1887.01 538.251 900
   vertex 1029.71 984.531 900
   vertex 1882.95 530.528 900
  endloop
 endfacet
 facet normal 0 0 1
  outer loop
   vertex 1882.95 530.528 900
   vertex 1029.71 984.531 900
   vertex 1029.58 984.273 900
  endloop
 endfacet
 facet normal 0 0 1
  outer loop
   vertex 1882.95 530.528 900
   vertex 1029.58 984.273 900
   vertex 1878.82 522.841 900
  endloop
 endfacet
 facet normal 0 0 1
  outer loop
   vertex 1878.82 522.841 900
   vertex 1029.58 984.273 900
   vertex 1029.44 984.015 900
  endloop
 endfacet
 facet normal 0 0 1
  outer loop
   vertex 1878.82 522.841 900
   vertex 1029.44 984.015 900
   vertex 1874.62 515.19 900
  endloop
 endfacet
 facet normal 0 0 1
  outer loop
   vertex 1874.62 515.19 900
   vertex 1029.44 984.015 900
   vertex 1029.3 983.759 900
  endloop
 endfacet
 facet normal 0 0 1
  outer loop
   vertex 1874.62 515.19 900
   vertex 1029.3 983.759 900
   vertex 1870.36 507.576 900
  endloop
 endfacet
 facet normal 0 0 1
  outer loop
   vertex 1870.36 507.576 900
   vertex 1029.3 983.759 900
   vertex 1029.16 983.504 900
  endloop
 endfacet
 facet normal 0 0 1
  outer loop
   vertex 1870.36 507.576 900
   vertex 1029.16 983.504 900
   vertex 1866.03 500 900
  endloop
 endfacet
 facet normal 0 0 1
  outer loop
   vertex 1866.03 500 900
   vertex 1029.16 983.504 900
   vertex 1029.01 983.25 900
  endloop
 endfacet
 facet normal 0 0 1
  outer loop
   vertex 1866.03 500 900
   vertex 1029.01 983.25 900
   vertex 1861.63 492.462 900
  endloop
 endfacet
 facet normal 0 0 1
  outer loop
   vertex 1861.63 492.462 900
   vertex 1029.01 983.25 900
   vertex 1028.86 982.997 900
  endloop
 endfacet
 facet normal 0 0 1
  outer loop
   vertex 1861.63 492.462 900
   vertex 1028.86 982.997 900
   vertex 1857.17 484.962 900
  endloop
 endfacet
 facet normal 0 0 1
  outer loop
   vertex 1857.17 484.962 900
   vertex 1028.86 982.997 900
   vertex 1028.71 982.746 900
  endloop
 endfacet
 facet normal 0 0 1
  outer loop
   vertex 1857.17 484.962 900
   vertex 1028.71 982.746 900
   vertex 1852.64 477.501 900
  endloop
 endfacet
 facet normal 0 0 1
  outer loop
   vertex 1852.64 477.501 900
   vertex 1028.71 982.746 900
   vertex 1028.56 982.496 900
  endloop
 endfacet
 facet normal 0 0 1
  outer loop
   vertex 1852.64 477.501 900
   vertex 1028.56 982.496 900
   vertex 1848.05 470.081 900
  endloop
 endfacet
 facet normal 0 0 1
  outer loop
   vertex 1848.05 470.081 900
   vertex 1028.56 982.496 900
   vertex 1028.41 982.248 900
  endloop
 endfacet
 facet normal 0 0 1
  outer loop
   vertex 1848.05 470.081 900
   vertex 1028.41 982.248 900
   vertex 1843.39 462.7 900
  endloop
 endfacet
 facet normal 0 0 1
  outer loop
   vertex 1843.39 462.7 900
   vertex 1028.41 982.248 900
   vertex 1028.25 982 900
  endloop
 endfacet
 facet normal 0 0 1
  outer loop
   vertex 1843.39 462.7 900
   vertex 1028.25 982 900
   vertex 1838.67 455.361 900
  endloop
 endfacet
 facet normal 0 0 1
  outer loop
   vertex 1838.67 455.361 900
   vertex 1028.25 982 900
   vertex 1028.09 981.755 900
  endloop
 endfacet
 facet normal 0 0 1
  outer loop
   vertex 1838.67 455.361 900
   vertex 1028.09 981.755 900
   vertex 1833.89 448.063 900
  endloop
 endfacet
 facet normal 0 0 1
  outer loop
   vertex 1833.89 448.063 900
   vertex 1028.09 981.755 900
   vertex 1027.94 981.51 900
  endloop
 endfacet
 facet normal 0 0 1
  outer loop
   vertex 1833.89 448.063 900
   vertex 1027.94 981.51 900
   vertex 1829.04 440.807 900
  endloop
 endfacet
 facet normal 0 0 1
  outer loop
   vertex 1829.04 440.807 900
   vertex 1027.94 981.51 900
   vertex 1027.77 981.267 900
  endloop
 endfacet
 facet normal 0 0 1
  outer loop
   vertex 1829.04 440.807 900
   vertex 1027.77 981.267 900
   vertex 1824.13 433.594 900
  endloop
 endfacet
 facet normal 0 0 1
  outer loop
   vertex 1824.13 433.594 900
   vertex 1027.77 981.267 900
   vertex 1027.61 981.025 900
  endloop
 endfacet
 facet normal 0 0 1
  outer loop
   vertex 1824.13 433.594 900
   vertex 1027.61 981.025 900
   vertex 1819.15 426.423 900
  endloop
 endfacet
 facet normal 0 0 1
  outer loop
   vertex 1819.15 426.423 900
   vertex 1027.61 981.025 900
   vertex 1027.44 980.785 900
  endloop
 endfacet
 facet normal 0 0 1
  outer loop
   vertex 1819.15 426.423 900
   vertex 1027.44 980.785 900
   vertex 1814.12 419.297 900
  endloop
 endfacet
 facet normal 0 0 1
  outer loop
   vertex 1814.12 419.297 900
   vertex 1027.44 980.785 900
   vertex 1027.27 980.547 900
  endloop
 endfacet
 facet normal 0 0 1
  outer loop
   vertex 1814.12 419.297 900
   vertex 1027.27 980.547 900
   vertex 1809.02 412.215 900
  endloop
 endfacet
 facet normal 0 0 1
  outer loop
   vertex 1809.02 412.215 900
   vertex 1027.27 980.547 900
   vertex 1027.1 980.309 900
  endloop
 endfacet
 facet normal 0 0 1
  outer loop
   vertex 1809.02 412.215 900
   vertex 1027.1 980.309 900
   vertex 1803.86 405.177 900
  endloop
 endfacet
 facet normal 0 0 1
  outer loop
   vertex 1803.86 405.177 900
   vertex 1027.1 980.309 900
   vertex 1026.93 980.073 900
  endloop
 endfacet
 facet normal 0 0 1
  outer loop
   vertex 1803.86 405.177 900
   vertex 1026.93 980.073 900
   vertex 1798.64 398.185 900
  endloop
 endfacet
 facet normal 0 0 1
  outer loop
   vertex 1798.64 398.185 900
   vertex 1026.93 980.073 900
   vertex 1026.75 979.839 900
  endloop
 endfacet
 facet normal 0 0 1
  outer loop
   vertex 1798.64 398.185 900
   vertex 1026.75 979.839 900
   vertex 1793.35 391.239 900
  endloop
 endfacet
 facet normal 0 0 1
  outer loop
   vertex 1793.35 391.239 900
   vertex 1026.75 979.839 900
   vertex 1026.58 979.607 900
  endloop
 endfacet
 facet normal 0 0 1
  outer loop
   vertex 1793.35 391.239 900
   vertex 1026.58 979.607 900
   vertex 1788.01 384.339 900
  endloop
 endfacet
 facet normal 0 0 1
  outer loop
   vertex 1788.01 384.339 900
   vertex 1026.58 979.607 900
   vertex 1026.4 979.375 900
  endloop
 endfacet
 facet normal 0 0 1
  outer loop
   vertex 1788.01 384.339 900
   vertex 1026.4 979.375 900
   vertex 1782.61 377.485 900
  endloop
 endfacet
 facet normal 0 0 1
  outer loop
   vertex 1782.61 377.485 900
   vertex 1026.4 979.375 900
   vertex 1026.22 979.146 900
  endloop
 endfacet
 facet normal 0 0 1
  outer loop
   vertex 1782.61 377.485 900
   vertex 1026.22 979.146 900
   vertex 1777.15 370.68 900
  endloop
 endfacet
 facet normal 0 0 1
  outer loop
   vertex 1777.15 370.68 900
   vertex 1026.22 979.146 900
   vertex 1026.03 978.918 900
  endloop
 endfacet
 facet normal 0 0 1
  outer loop
   vertex 1777.15 370.68 900
   vertex 1026.03 978.918 900
   vertex 1771.62 363.922 900
  endloop
 endfacet
 facet normal 0 0 1
  outer loop
   vertex 1771.62 363.922 900
   vertex 1026.03 978.918 900
   vertex 1025.85 978.691 900
  endloop
 endfacet
 facet normal 0 0 1
  outer loop
   vertex 1771.62 363.922 900
   vertex 1025.85 978.691 900
   vertex 1766.04 357.212 900
  endloop
 endfacet
 facet normal 0 0 1
  outer loop
   vertex 1766.04 357.212 900
   vertex 1025.85 978.691 900
   vertex 1025.66 978.467 900
  endloop
 endfacet
 facet normal 0 0 1
  outer loop
   vertex 1766.04 357.212 900
   vertex 1025.66 978.467 900
   vertex 1760.41 350.552 900
  endloop
 endfacet
 facet normal 0 0 1
  outer loop
   vertex 1760.41 350.552 900
   vertex 1025.66 978.467 900
   vertex 1025.47 978.244 900
  endloop
 endfacet
 facet normal 0 0 1
  outer loop
   vertex 1760.41 350.552 900
   vertex 1025.47 978.244 900
   vertex 1754.71 343.941 900
  endloop
 endfacet
 facet normal 0 0 1
  outer loop
   vertex 1754.71 343.941 900
   vertex 1025.47 978.244 900
   vertex 1025.28 978.022 900
  endloop
 endfacet
 facet normal -0 0 1
  outer loop
   vertex 724.363 1961.26 900
   vertex 990.766 1032.2 900
   vertex 732.762 1963.63 900
  endloop
 endfacet
 facet normal 0 0 1
  outer loop
   vertex 732.762 1963.63 900
   vertex 990.766 1032.2 900
   vertex 991.047 1032.28 900
  endloop
 endfacet
 facet normal -0 0 1
  outer loop
   vertex 732.762 1963.63 900
   vertex 991.047 1032.28 900
   vertex 741.181 1965.93 900
  endloop
 endfacet
 facet normal 0 0 1
  outer loop
   vertex 741.181 1965.93 900
   vertex 991.047 1032.28 900
   vertex 991.33 1032.36 900
  endloop
 endfacet
 facet normal -0 0 1
  outer loop
   vertex 741.181 1965.93 900
   vertex 991.33 1032.36 900
   vertex 749.62 1968.15 900
  endloop
 endfacet
 facet normal 0 0 1
  outer loop
   vertex 749.62 1968.15 900
   vertex 991.33 1032.36 900
   vertex 991.612 1032.43 900
  endloop
 endfacet
 facet normal -0 0 1
  outer loop
   vertex 749.62 1968.15 900
   vertex 991.612 1032.43 900
   vertex 758.078 1970.3 900
  endloop
 endfacet
 facet normal 0 0 1
  outer loop
   vertex 758.078 1970.3 900
   vertex 991.612 1032.43 900
   vertex 991.896 1032.51 900
  endloop
 endfacet
 facet normal -0 0 1
  outer loop
   vertex 758.078 1970.3 900
   vertex 991.896 1032.51 900
   vertex 766.555 1972.37 900
  endloop
 endfacet
 facet normal 0 0 1
  outer loop
   vertex 766.555 1972.37 900
   vertex 991.896 1032.51 900
   vertex 992.18 1032.57 900
  endloop
 endfacet
 facet normal -0 0 1
  outer loop
   vertex 766.555 1972.37 900
   vertex 992.18 1032.57 900
   vertex 775.049 1974.37 900
  endloop
 endfacet
 facet normal 0 0 1
  outer loop
   vertex 775.049 1974.37 900
   vertex 992.18 1032.57 900
   vertex 992.464 1032.64 900
  endloop
 endfacet
 facet normal -0 0 1
  outer loop
   vertex 775.049 1974.37 900
   vertex 992.464 1032.64 900
   vertex 783.56 1976.3 900
  endloop
 endfacet
 facet normal 0 0 1
  outer loop
   vertex 783.56 1976.3 900
   vertex 992.464 1032.64 900
   vertex 992.749 1032.71 900
  endloop
 endfacet
 facet normal -0 0 1
  outer loop
   vertex 783.56 1976.3 900
   vertex 992.749 1032.71 900
   vertex 792.088 1978.15 900
  endloop
 endfacet
 facet normal 0 0 1
  outer loop
   vertex 792.088 1978.15 900
   vertex 992.749 1032.71 900
   vertex 993.035 1032.77 900
  endloop
 endfacet
 facet normal -0 0 1
  outer loop
   vertex 792.088 1978.15 900
   vertex 993.035 1032.77 900
   vertex 800.632 1979.93 900
  endloop
 endfacet
 facet normal 0 0 1
  outer loop
   vertex 800.632 1979.93 900
   vertex 993.035 1032.77 900
   vertex 993.321 1032.83 900
  endloop
 endfacet
 facet normal -0 0 1
  outer loop
   vertex 800.632 1979.93 900
   vertex 993.321 1032.83 900
   vertex 809.191 1981.63 900
  endloop
 endfacet
 facet normal 0 0 1
  outer loop
   vertex 809.191 1981.63 900
   vertex 993.321 1032.83 900
   vertex 993.608 1032.89 900
  endloop
 endfacet
 facet normal -0 0 1
  outer loop
   vertex 809.191 1981.63 900
   vertex 993.608 1032.89 900
   vertex 817.765 1983.26 900
  endloop
 endfacet
 facet normal 0 0 1
  outer loop
   vertex 817.765 1983.26 900
   vertex 993.608 1032.89 900
   vertex 993.895 1032.94 900
  endloop
 endfacet
 facet normal -0 0 1
  outer loop
   vertex 817.765 1983.26 900
   vertex 993.895 1032.94 900
   vertex 826.352 1984.81 900
  endloop
 endfacet
 facet normal 0 0 1
  outer loop
   vertex 826.352 1984.81 900
   vertex 993.895 1032.94 900
   vertex 994.183 1032.99 900
  endloop
 endfacet
 facet normal -0 0 1
  outer loop
   vertex 826.352 1984.81 900
   vertex 994.183 1032.99 900
   vertex 834.952 1986.29 900
  endloop
 endfacet
 facet normal 0 0 1
  outer loop
   vertex 834.952 1986.29 900
   vertex 994.183 1032.99 900
   vertex 994.471 1033.04 900
  endloop
 endfacet
 facet normal -0 0 1
  outer loop
   vertex 834.952 1986.29 900
   vertex 994.471 1033.04 900
   vertex 843.565 1987.69 900
  endloop
 endfacet
 facet normal 0 0 1
  outer loop
   vertex 843.565 1987.69 900
   vertex 994.471 1033.04 900
   vertex 994.759 1033.09 900
  endloop
 endfacet
 facet normal -0 0 1
  outer loop
   vertex 843.565 1987.69 900
   vertex 994.759 1033.09 900
   vertex 852.191 1989.02 900
  endloop
 endfacet
 facet normal 0 0 1
  outer loop
   vertex 852.191 1989.02 900
   vertex 994.759 1033.09 900
   vertex 995.048 1033.13 900
  endloop
 endfacet
 facet normal -0 0 1
  outer loop
   vertex 852.191 1989.02 900
   vertex 995.048 1033.13 900
   vertex 860.827 1990.27 900
  endloop
 endfacet
 facet normal 0 0 1
  outer loop
   vertex 860.827 1990.27 900
   vertex 995.048 1033.13 900
   vertex 995.338 1033.17 900
  endloop
 endfacet
 facet normal -0 0 1
  outer loop
   vertex 860.827 1990.27 900
   vertex 995.338 1033.17 900
   vertex 869.474 1991.44 900
  endloop
 endfacet
 facet normal 0 0 1
  outer loop
   vertex 869.474 1991.44 900
   vertex 995.338 1033.17 900
   vertex 995.627 1033.21 900
  endloop
 endfacet
 facet normal -0 0 1
  outer loop
   vertex 869.474 1991.44 900
   vertex 995.627 1033.21 900
   vertex 878.131 1992.55 900
  endloop
 endfacet
 facet normal 0 0 1
  outer loop
   vertex 878.131 1992.55 900
   vertex 995.627 1033.21 900
   vertex 995.917 1033.25 900
  endloop
 endfacet
 facet normal -0 0 1
  outer loop
   vertex 878.131 1992.55 900
   vertex 995.917 1033.25 900
   vertex 886.797 1993.57 900
  endloop
 endfacet
 facet normal 0 0 1
  outer loop
   vertex 886.797 1993.57 900
   vertex 995.917 1033.25 900
   vertex 996.208 1033.29 900
  endloop
 endfacet
 facet normal -0 0 1
  outer loop
   vertex 886.797 1993.57 900
   vertex 996.208 1033.29 900
   vertex 895.471 1994.52 900
  endloop
 endfacet
 facet normal 0 0 1
  outer loop
   vertex 895.471 1994.52 900
   vertex 996.208 1033.29 900
   vertex 996.498 1033.32 900
  endloop
 endfacet
 facet normal -0 0 1
  outer loop
   vertex 895.471 1994.52 900
   vertex 996.498 1033.32 900
   vertex 904.154 1995.4 900
  endloop
 endfacet
 facet normal 0 0 1
  outer loop
   vertex 904.154 1995.4 900
   vertex 996.498 1033.32 900
   vertex 996.789 1033.35 900
  endloop
 endfacet
 facet normal -0 0 1
  outer loop
   vertex 904.154 1995.4 900
   vertex 996.789 1033.35 900
   vertex 912.844 1996.19 900
  endloop
 endfacet
 facet normal 0 0 1
  outer loop
   vertex 912.844 1996.19 900
   vertex 996.789 1033.35 900
   vertex 997.08 1033.37 900
  endloop
 endfacet
 facet normal -0 0 1
  outer loop
   vertex 912.844 1996.19 900
   vertex 997.08 1033.37 900
   vertex 921.541 1996.92 900
  endloop
 endfacet
 facet normal 0 0 1
  outer loop
   vertex 921.541 1996.92 900
   vertex 997.08 1033.37 900
   vertex 997.372 1033.4 900
  endloop
 endfacet
 facet normal -0 0 1
  outer loop
   vertex 921.541 1996.92 900
   vertex 997.372 1033.4 900
   vertex 930.244 1997.56 900
  endloop
 endfacet
 facet normal 0 0 1
  outer loop
   vertex 930.244 1997.56 900
   vertex 997.372 1033.4 900
   vertex 997.663 1033.42 900
  endloop
 endfacet
 facet normal -0 0 1
  outer loop
   vertex 930.244 1997.56 900
   vertex 997.663 1033.42 900
   vertex 938.951 1998.14 900
  endloop
 endfacet
 facet normal 0 0 1
  outer loop
   vertex 938.951 1998.14 900
   vertex 997.663 1033.42 900
   vertex 997.955 1033.44 900
  endloop
 endfacet
 facet normal -0 0 1
  outer loop
   vertex 938.951 1998.14 900
   vertex 997.955 1033.44 900
   vertex 947.664 1998.63 900
  endloop
 endfacet
 facet normal 0 0 1
  outer loop
   vertex 947.664 1998.63 900
   vertex 997.955 1033.44 900
   vertex 998.247 1033.45 900
  endloop
 endfacet
 facet normal -0 0 1
  outer loop
   vertex 947.664 1998.63 900
   vertex 998.247 1033.45 900
   vertex 956.381 1999.05 900
  endloop
 endfacet
 facet normal 0 0 1
  outer loop
   vertex 956.381 1999.05 900
   vertex 998.247 1033.45 900
   vertex 998.539 1033.47 900
  endloop
 endfacet
 facet normal -0 0 1
  outer loop
   vertex 956.381 1999.05 900
   vertex 998.539 1033.47 900
   vertex 965.101 1999.39 900
  endloop
 endfacet
 facet normal 0 0 1
  outer loop
   vertex 965.101 1999.39 900
   vertex 998.539 1033.47 900
   vertex 998.831 1033.48 900
  endloop
 endfacet
 facet normal -0 0 1
  outer loop
   vertex 965.101 1999.39 900
   vertex 998.831 1033.48 900
   vertex 973.823 1999.66 900
  endloop
 endfacet
 facet normal 0 0 1
  outer loop
   vertex 973.823 1999.66 900
   vertex 998.831 1033.48 900
   vertex 999.123 1033.49 900
  endloop
 endfacet
 facet normal -0 0 1
  outer loop
   vertex 973.823 1999.66 900
   vertex 999.123 1033.49 900
   vertex 982.548 1999.85 900
  endloop
 endfacet
 facet normal 0 0 1
  outer loop
   vertex 982.548 1999.85 900
   vertex 999.123 1033.49 900
   vertex 999.415 1033.49 900
  endloop
 endfacet
 facet normal -0 0 1
  outer loop
   vertex 982.548 1999.85 900
   vertex 999.415 1033.49 900
   vertex 991.273 1999.96 900
  endloop
 endfacet
 facet normal 0 0 1
  outer loop
   vertex 991.273 1999.96 900
   vertex 999.415 1033.49 900
   vertex 999.708 1033.5 900
  endloop
 endfacet
 facet normal -0 0 1
  outer loop
   vertex 991.273 1999.96 900
   vertex 999.708 1033.5 900
   vertex 1000 2000 900
  endloop
 endfacet
 facet normal 0 0 1
  outer loop
   vertex 1000 2000 900
   vertex 999.708 1033.5 900
   vertex 1000 1033.5 900
  endloop
 endfacet
 facet normal 0 0 1
  outer loop
   vertex 1000 2000 900
   vertex 1000 1033.5 900
   vertex 1008.73 1999.96 900
  endloop
 endfacet
 facet normal 0 0 1
  outer loop
   vertex 1008.73 1999.96 900
   vertex 1000 1033.5 900
   vertex 1000.29 1033.5 900
  endloop
 endfacet
 facet normal 0 0 1
  outer loop
   vertex 1008.73 1999.96 900
   vertex 1000.29 1033.5 900
   vertex 1017.45 1999.85 900
  endloop
 endfacet
 facet normal 0 0 1
  outer loop
   vertex 1017.45 1999.85 900
   vertex 1000.29 1033.5 900
   vertex 1000.59 1033.49 900
  endloop
 endfacet
 facet normal 0 0 1
  outer loop
   vertex 1017.45 1999.85 900
   vertex 1000.59 1033.49 900
   vertex 1026.18 1999.66 900
  endloop
 endfacet
 facet normal 0 0 1
  outer loop
   vertex 1026.18 1999.66 900
   vertex 1000.59 1033.49 900
   vertex 1000.88 1033.49 900
  endloop
 endfacet
 facet normal 0 0 1
  outer loop
   vertex 1026.18 1999.66 900
   vertex 1000.88 1033.49 900
   vertex 1034.9 1999.39 900
  endloop
 endfacet
 facet normal 0 0 1
  outer loop
   vertex 1034.9 1999.39 900
   vertex 1000.88 1033.49 900
   vertex 1001.17 1033.48 900
  endloop
 endfacet
 facet normal 0 0 1
  outer loop
   vertex 1034.9 1999.39 900
   vertex 1001.17 1033.48 900
   vertex 1043.62 1999.05 900
  endloop
 endfacet
 facet normal 0 0 1
  outer loop
   vertex 1043.62 1999.05 900
   vertex 1001.17 1033.48 900
   vertex 1001.46 1033.47 900
  endloop
 endfacet
 facet normal 0 0 1
  outer loop
   vertex 1043.62 1999.05 900
   vertex 1001.46 1033.47 900
   vertex 1052.34 1998.63 900
  endloop
 endfacet
 facet normal 0 0 1
  outer loop
   vertex 1052.34 1998.63 900
   vertex 1001.46 1033.47 900
   vertex 1001.75 1033.45 900
  endloop
 endfacet
 facet normal 0 0 1
  outer loop
   vertex 1052.34 1998.63 900
   vertex 1001.75 1033.45 900
   vertex 1061.05 1998.14 900
  endloop
 endfacet
 facet normal 0 0 1
  outer loop
   vertex 1061.05 1998.14 900
   vertex 1001.75 1033.45 900
   vertex 1002.04 1033.44 900
  endloop
 endfacet
 facet normal 0 0 1
  outer loop
   vertex 1061.05 1998.14 900
   vertex 1002.04 1033.44 900
   vertex 1069.76 1997.56 900
  endloop
 endfacet
 facet normal 0 0 1
  outer loop
   vertex 1069.76 1997.56 900
   vertex 1002.04 1033.44 900
   vertex 1002.34 1033.42 900
  endloop
 endfacet
 facet normal 0 0 1
  outer loop
   vertex 1069.76 1997.56 900
   vertex 1002.34 1033.42 900
   vertex 1078.46 1996.92 900
  endloop
 endfacet
 facet normal 0 0 1
  outer loop
   vertex 1078.46 1996.92 900
   vertex 1002.34 1033.42 900
   vertex 1002.63 1033.4 900
  endloop
 endfacet
 facet normal 0 0 1
  outer loop
   vertex 1078.46 1996.92 900
   vertex 1002.63 1033.4 900
   vertex 1087.16 1996.19 900
  endloop
 endfacet
 facet normal 0 0 1
  outer loop
   vertex 1087.16 1996.19 900
   vertex 1002.63 1033.4 900
   vertex 1002.92 1033.37 900
  endloop
 endfacet
 facet normal 0 0 1
  outer loop
   vertex 1087.16 1996.19 900
   vertex 1002.92 1033.37 900
   vertex 1095.85 1995.4 900
  endloop
 endfacet
 facet normal 0 0 1
  outer loop
   vertex 1095.85 1995.4 900
   vertex 1002.92 1033.37 900
   vertex 1003.21 1033.35 900
  endloop
 endfacet
 facet normal 0 0 1
  outer loop
   vertex 1095.85 1995.4 900
   vertex 1003.21 1033.35 900
   vertex 1104.53 1994.52 900
  endloop
 endfacet
 facet normal 0 0 1
  outer loop
   vertex 1104.53 1994.52 900
   vertex 1003.21 1033.35 900
   vertex 1003.5 1033.32 900
  endloop
 endfacet
 facet normal 0 0 1
  outer loop
   vertex 1104.53 1994.52 900
   vertex 1003.5 1033.32 900
   vertex 1113.2 1993.57 900
  endloop
 endfacet
 facet normal 0 0 1
  outer loop
   vertex 1113.2 1993.57 900
   vertex 1003.5 1033.32 900
   vertex 1003.79 1033.29 900
  endloop
 endfacet
 facet normal 0 0 1
  outer loop
   vertex 1113.2 1993.57 900
   vertex 1003.79 1033.29 900
   vertex 1121.87 1992.55 900
  endloop
 endfacet
 facet normal 0 0 1
  outer loop
   vertex 1121.87 1992.55 900
   vertex 1003.79 1033.29 900
   vertex 1004.08 1033.25 900
  endloop
 endfacet
 facet normal 0 0 1
  outer loop
   vertex 1121.87 1992.55 900
   vertex 1004.08 1033.25 900
   vertex 1130.53 1991.44 900
  endloop
 endfacet
 facet normal 0 0 1
  outer loop
   vertex 1130.53 1991.44 900
   vertex 1004.08 1033.25 900
   vertex 1004.37 1033.21 900
  endloop
 endfacet
 facet normal 0 0 1
  outer loop
   vertex 1130.53 1991.44 900
   vertex 1004.37 1033.21 900
   vertex 1139.17 1990.27 900
  endloop
 endfacet
 facet normal 0 0 1
  outer loop
   vertex 1139.17 1990.27 900
   vertex 1004.37 1033.21 900
   vertex 1004.66 1033.17 900
  endloop
 endfacet
 facet normal 0 0 1
  outer loop
   vertex 1139.17 1990.27 900
   vertex 1004.66 1033.17 900
   vertex 1147.81 1989.02 900
  endloop
 endfacet
 facet normal 0 0 1
  outer loop
   vertex 1147.81 1989.02 900
   vertex 1004.66 1033.17 900
   vertex 1004.95 1033.13 900
  endloop
 endfacet
 facet normal 0 0 1
  outer loop
   vertex 1147.81 1989.02 900
   vertex 1004.95 1033.13 900
   vertex 1156.43 1987.69 900
  endloop
 endfacet
 facet normal 0 0 1
  outer loop
   vertex 1156.43 1987.69 900
   vertex 1004.95 1033.13 900
   vertex 1005.24 1033.09 900
  endloop
 endfacet
 facet normal 0 0 1
  outer loop
   vertex 1156.43 1987.69 900
   vertex 1005.24 1033.09 900
   vertex 1165.05 1986.29 900
  endloop
 endfacet
 facet normal 0 0 1
  outer loop
   vertex 1165.05 1986.29 900
   vertex 1005.24 1033.09 900
   vertex 1005.53 1033.04 900
  endloop
 endfacet
 facet normal 0 0 1
  outer loop
   vertex 1165.05 1986.29 900
   vertex 1005.53 1033.04 900
   vertex 1173.65 1984.81 900
  endloop
 endfacet
 facet normal 0 0 1
  outer loop
   vertex 1173.65 1984.81 900
   vertex 1005.53 1033.04 900
   vertex 1005.82 1032.99 900
  endloop
 endfacet
 facet normal 0 0 1
  outer loop
   vertex 1173.65 1984.81 900
   vertex 1005.82 1032.99 900
   vertex 1182.24 1983.26 900
  endloop
 endfacet
 facet normal 0 0 1
  outer loop
   vertex 1182.24 1983.26 900
   vertex 1005.82 1032.99 900
   vertex 1006.1 1032.94 900
  endloop
 endfacet
 facet normal 0 0 1
  outer loop
   vertex 1182.24 1983.26 900
   vertex 1006.1 1032.94 900
   vertex 1190.81 1981.63 900
  endloop
 endfacet
 facet normal 0 0 1
  outer loop
   vertex 1190.81 1981.63 900
   vertex 1006.1 1032.94 900
   vertex 1006.39 1032.89 900
  endloop
 endfacet
 facet normal 0 0 1
  outer loop
   vertex 1190.81 1981.63 900
   vertex 1006.39 1032.89 900
   vertex 1199.37 1979.93 900
  endloop
 endfacet
 facet normal 0 0 1
  outer loop
   vertex 1199.37 1979.93 900
   vertex 1006.39 1032.89 900
   vertex 1006.68 1032.83 900
  endloop
 endfacet
 facet normal 0 0 1
  outer loop
   vertex 1199.37 1979.93 900
   vertex 1006.68 1032.83 900
   vertex 1207.91 1978.15 900
  endloop
 endfacet
 facet normal 0 0 1
  outer loop
   vertex 1207.91 1978.15 900
   vertex 1006.68 1032.83 900
   vertex 1006.97 1032.77 900
  endloop
 endfacet
 facet normal 0 0 1
  outer loop
   vertex 1207.91 1978.15 900
   vertex 1006.97 1032.77 900
   vertex 1216.44 1976.3 900
  endloop
 endfacet
 facet normal 0 0 1
  outer loop
   vertex 1216.44 1976.3 900
   vertex 1006.97 1032.77 900
   vertex 1007.25 1032.71 900
  endloop
 endfacet
 facet normal 0 0 1
  outer loop
   vertex 1216.44 1976.3 900
   vertex 1007.25 1032.71 900
   vertex 1224.95 1974.37 900
  endloop
 endfacet
 facet normal 0 0 1
  outer loop
   vertex 1224.95 1974.37 900
   vertex 1007.25 1032.71 900
   vertex 1007.54 1032.64 900
  endloop
 endfacet
 facet normal 0 0 1
  outer loop
   vertex 1224.95 1974.37 900
   vertex 1007.54 1032.64 900
   vertex 1233.44 1972.37 900
  endloop
 endfacet
 facet normal 0 0 1
  outer loop
   vertex 1233.44 1972.37 900
   vertex 1007.54 1032.64 900
   vertex 1007.82 1032.57 900
  endloop
 endfacet
 facet normal 0 0 1
  outer loop
   vertex 1233.44 1972.37 900
   vertex 1007.82 1032.57 900
   vertex 1241.92 1970.3 900
  endloop
 endfacet
 facet normal 0 0 1
  outer loop
   vertex 1241.92 1970.3 900
   vertex 1007.82 1032.57 900
   vertex 1008.1 1032.51 900
  endloop
 endfacet
 facet normal 0 0 1
  outer loop
   vertex 1241.92 1970.3 900
   vertex 1008.1 1032.51 900
   vertex 1250.38 1968.15 900
  endloop
 endfacet
 facet normal 0 0 1
  outer loop
   vertex 1250.38 1968.15 900
   vertex 1008.1 1032.51 900
   vertex 1008.39 1032.43 900
  endloop
 endfacet
 facet normal 0 0 1
  outer loop
   vertex 1250.38 1968.15 900
   vertex 1008.39 1032.43 900
   vertex 1258.82 1965.93 900
  endloop
 endfacet
 facet normal 0 0 1
  outer loop
   vertex 1258.82 1965.93 900
   vertex 1008.39 1032.43 900
   vertex 1008.67 1032.36 900
  endloop
 endfacet
 facet normal 0 0 1
  outer loop
   vertex 1258.82 1965.93 900
   vertex 1008.67 1032.36 900
   vertex 1267.24 1963.63 900
  endloop
 endfacet
 facet normal 0 0 1
  outer loop
   vertex 1267.24 1963.63 900
   vertex 1008.67 1032.36 900
   vertex 1008.95 1032.28 900
  endloop
 endfacet
 facet normal 0 0 1
  outer loop
   vertex 1267.24 1963.63 900
   vertex 1008.95 1032.28 900
   vertex 1275.64 1961.26 900
  endloop
 endfacet
 facet normal 0 0 1
  outer loop
   vertex 1275.64 1961.26 900
   vertex 1008.95 1032.28 900
   vertex 1009.23 1032.2 900
  endloop
 endfacet
 facet normal 0 0 1
  outer loop
   vertex 1275.64 1961.26 900
   vertex 1009.23 1032.2 900
   vertex 1284.02 1958.82 900
  endloop
 endfacet
 facet normal 0 0 1
  outer loop
   vertex 1284.02 1958.82 900
   vertex 1009.23 1032.2 900
   vertex 1009.52 1032.12 900
  endloop
 endfacet
 facet normal 0 0 1
  outer loop
   vertex 1284.02 1958.82 900
   vertex 1009.52 1032.12 900
   vertex 1292.37 1956.31 900
  endloop
 endfacet
 facet normal 0 0 1
  outer loop
   vertex 1292.37 1956.31 900
   vertex 1009.52 1032.12 900
   vertex 1009.79 1032.04 900
  endloop
 endfacet
 facet normal 0 0 1
  outer loop
   vertex 1292.37 1956.31 900
   vertex 1009.79 1032.04 900
   vertex 1300.71 1953.72 900
  endloop
 endfacet
 facet normal 0 0 1
  outer loop
   vertex 1300.71 1953.72 900
   vertex 1009.79 1032.04 900
   vertex 1010.07 1031.95 900
  endloop
 endfacet
 facet normal 0 0 1
  outer loop
   vertex 1300.71 1953.72 900
   vertex 1010.07 1031.95 900
   vertex 1309.02 1951.06 900
  endloop
 endfacet
 facet normal 0 0 1
  outer loop
   vertex 1309.02 1951.06 900
   vertex 1010.07 1031.95 900
   vertex 1010.35 1031.86 900
  endloop
 endfacet
 facet normal 0 0 1
  outer loop
   vertex 1309.02 1951.06 900
   vertex 1010.35 1031.86 900
   vertex 1317.31 1948.32 900
  endloop
 endfacet
 facet normal 0 0 1
  outer loop
   vertex 1317.31 1948.32 900
   vertex 1010.35 1031.86 900
   vertex 1010.63 1031.77 900
  endloop
 endfacet
 facet normal 0 0 1
  outer loop
   vertex 1317.31 1948.32 900
   vertex 1010.63 1031.77 900
   vertex 1325.57 1945.52 900
  endloop
 endfacet
 facet normal 0 0 1
  outer loop
   vertex 1325.57 1945.52 900
   vertex 1010.63 1031.77 900
   vertex 1010.91 1031.68 900
  endloop
 endfacet
 facet normal 0 0 1
  outer loop
   vertex 1325.57 1945.52 900
   vertex 1010.91 1031.68 900
   vertex 1333.81 1942.64 900
  endloop
 endfacet
 facet normal 0 0 1
  outer loop
   vertex 1333.81 1942.64 900
   vertex 1010.91 1031.68 900
   vertex 1011.18 1031.58 900
  endloop
 endfacet
 facet normal 0 0 1
  outer loop
   vertex 1333.81 1942.64 900
   vertex 1011.18 1031.58 900
   vertex 1342.02 1939.69 900
  endloop
 endfacet
 facet normal 0 0 1
  outer loop
   vertex 1342.02 1939.69 900
   vertex 1011.18 1031.58 900
   vertex 1011.46 1031.48 900
  endloop
 endfacet
 facet normal 0 0 1
  outer loop
   vertex 1342.02 1939.69 900
   vertex 1011.46 1031.48 900
   vertex 1350.21 1936.67 900
  endloop
 endfacet
 facet normal 0 0 1
  outer loop
   vertex 1350.21 1936.67 900
   vertex 1011.46 1031.48 900
   vertex 1011.73 1031.38 900
  endloop
 endfacet
 facet normal 0 0 1
  outer loop
   vertex 1350.21 1936.67 900
   vertex 1011.73 1031.38 900
   vertex 1358.37 1933.58 900
  endloop
 endfacet
 facet normal 0 0 1
  outer loop
   vertex 1358.37 1933.58 900
   vertex 1011.73 1031.38 900
   vertex 1012.01 1031.28 900
  endloop
 endfacet
 facet normal 0 0 1
  outer loop
   vertex 1358.37 1933.58 900
   vertex 1012.01 1031.28 900
   vertex 1366.5 1930.42 900
  endloop
 endfacet
 facet normal 0 0 1
  outer loop
   vertex 1366.5 1930.42 900
   vertex 1012.01 1031.28 900
   vertex 1012.28 1031.17 900
  endloop
 endfacet
 facet normal 0 0 1
  outer loop
   vertex 1366.5 1930.42 900
   vertex 1012.28 1031.17 900
   vertex 1374.61 1927.18 900
  endloop
 endfacet
 facet normal 0 0 1
  outer loop
   vertex 1374.61 1927.18 900
   vertex 1012.28 1031.17 900
   vertex 1012.55 1031.06 900
  endloop
 endfacet
 facet normal 0 0 1
  outer loop
   vertex 1374.61 1927.18 900
   vertex 1012.55 1031.06 900
   vertex 1382.68 1923.88 900
  endloop
 endfacet
 facet normal 0 0 1
  outer loop
   vertex 1382.68 1923.88 900
   vertex 1012.55 1031.06 900
   vertex 1012.82 1030.95 900
  endloop
 endfacet
 facet normal 0 0 1
  outer loop
   vertex 1382.68 1923.88 900
   vertex 1012.82 1030.95 900
   vertex 1390.73 1920.51 900
  endloop
 endfacet
 facet normal 0 0 1
  outer loop
   vertex 1390.73 1920.51 900
   vertex 1012.82 1030.95 900
   vertex 1013.09 1030.84 900
  endloop
 endfacet
 facet normal 0 0 1
  outer loop
   vertex 1390.73 1920.51 900
   vertex 1013.09 1030.84 900
   vertex 1398.75 1917.06 900
  endloop
 endfacet
 facet normal 0 0 1
  outer loop
   vertex 1398.75 1917.06 900
   vertex 1013.09 1030.84 900
   vertex 1013.36 1030.72 900
  endloop
 endfacet
 facet normal 0 0 1
  outer loop
   vertex 1398.75 1917.06 900
   vertex 1013.36 1030.72 900
   vertex 1406.74 1913.55 900
  endloop
 endfacet
 facet normal 0 0 1
  outer loop
   vertex 1406.74 1913.55 900
   vertex 1013.36 1030.72 900
   vertex 1013.63 1030.6 900
  endloop
 endfacet
 facet normal 0 0 1
  outer loop
   vertex 1406.74 1913.55 900
   vertex 1013.63 1030.6 900
   vertex 1414.69 1909.96 900
  endloop
 endfacet
 facet normal 0 0 1
  outer loop
   vertex 1414.69 1909.96 900
   vertex 1013.63 1030.6 900
   vertex 1013.89 1030.48 900
  endloop
 endfacet
 facet normal 0 0 1
  outer loop
   vertex 1414.69 1909.96 900
   vertex 1013.89 1030.48 900
   vertex 1422.62 1906.31 900
  endloop
 endfacet
 facet normal 0 0 1
  outer loop
   vertex 1422.62 1906.31 900
   vertex 1013.89 1030.48 900
   vertex 1014.16 1030.36 900
  endloop
 endfacet
 facet normal 0 0 1
  outer loop
   vertex 1422.62 1906.31 900
   vertex 1014.16 1030.36 900
   vertex 1430.51 1902.58 900
  endloop
 endfacet
 facet normal 0 0 1
  outer loop
   vertex 1430.51 1902.58 900
   vertex 1014.16 1030.36 900
   vertex 1014.42 1030.24 900
  endloop
 endfacet
 facet normal 0 0 1
  outer loop
   vertex 1430.51 1902.58 900
   vertex 1014.42 1030.24 900
   vertex 1438.37 1898.79 900
  endloop
 endfacet
 facet normal 0 0 1
  outer loop
   vertex 1438.37 1898.79 900
   vertex 1014.42 1030.24 900
   vertex 1014.68 1030.11 900
  endloop
 endfacet
 facet normal 0 0 1
  outer loop
   vertex 1438.37 1898.79 900
   vertex 1014.68 1030.11 900
   vertex 1446.2 1894.93 900
  endloop
 endfacet
 facet normal 0 0 1
  outer loop
   vertex 1446.2 1894.93 900
   vertex 1014.68 1030.11 900
   vertex 1014.95 1029.98 900
  endloop
 endfacet
 facet normal 0 0 1
  outer loop
   vertex 1446.2 1894.93 900
   vertex 1014.95 1029.98 900
   vertex 1453.99 1891.01 900
  endloop
 endfacet
 facet normal 0 0 1
  outer loop
   vertex 1453.99 1891.01 900
   vertex 1014.95 1029.98 900
   vertex 1015.21 1029.85 900
  endloop
 endfacet
 facet normal 0 0 1
  outer loop
   vertex 1453.99 1891.01 900
   vertex 1015.21 1029.85 900
   vertex 1461.75 1887.01 900
  endloop
 endfacet
 facet normal 0 0 1
  outer loop
   vertex 1461.75 1887.01 900
   vertex 1015.21 1029.85 900
   vertex 1015.47 1029.71 900
  endloop
 endfacet
 facet normal 0 0 1
  outer loop
   vertex 1461.75 1887.01 900
   vertex 1015.47 1029.71 900
   vertex 1469.47 1882.95 900
  endloop
 endfacet
 facet normal 0 0 1
  outer loop
   vertex 1469.47 1882.95 900
   vertex 1015.47 1029.71 900
   vertex 1015.73 1029.58 900
  endloop
 endfacet
 facet normal 0 0 1
  outer loop
   vertex 1469.47 1882.95 900
   vertex 1015.73 1029.58 900
   vertex 1477.16 1878.82 900
  endloop
 endfacet
 facet normal 0 0 1
  outer loop
   vertex 1477.16 1878.82 900
   vertex 1015.73 1029.58 900
   vertex 1015.98 1029.44 900
  endloop
 endfacet
 facet normal 0 0 1
  outer loop
   vertex 1477.16 1878.82 900
   vertex 1015.98 1029.44 900
   vertex 1484.81 1874.62 900
  endloop
 endfacet
 facet normal 0 0 1
  outer loop
   vertex 1484.81 1874.62 900
   vertex 1015.98 1029.44 900
   vertex 1016.24 1029.3 900
  endloop
 endfacet
 facet normal 0 0 1
  outer loop
   vertex 1484.81 1874.62 900
   vertex 1016.24 1029.3 900
   vertex 1492.42 1870.36 900
  endloop
 endfacet
 facet normal 0 0 1
  outer loop
   vertex 1492.42 1870.36 900
   vertex 1016.24 1029.3 900
   vertex 1016.5 1029.16 900
  endloop
 endfacet
 facet normal 0 0 1
  outer loop
   vertex 1492.42 1870.36 900
   vertex 1016.5 1029.16 900
   vertex 1500 1866.03 900
  endloop
 endfacet
 facet normal 0 0 1
  outer loop
   vertex 1500 1866.03 900
   vertex 1016.5 1029.16 900
   vertex 1016.75 1029.01 900
  endloop
 endfacet
 facet normal 0 0 1
  outer loop
   vertex 1500 1866.03 900
   vertex 1016.75 1029.01 900
   vertex 1507.54 1861.63 900
  endloop
 endfacet
 facet normal 0 0 1
  outer loop
   vertex 1507.54 1861.63 900
   vertex 1016.75 1029.01 900
   vertex 1017 1028.86 900
  endloop
 endfacet
 facet normal 0 0 1
  outer loop
   vertex 1507.54 1861.63 900
   vertex 1017 1028.86 900
   vertex 1515.04 1857.17 900
  endloop
 endfacet
 facet normal 0 0 1
  outer loop
   vertex 1515.04 1857.17 900
   vertex 1017 1028.86 900
   vertex 1017.25 1028.71 900
  endloop
 endfacet
 facet normal 0 0 1
  outer loop
   vertex 1515.04 1857.17 900
   vertex 1017.25 1028.71 900
   vertex 1522.5 1852.64 900
  endloop
 endfacet
 facet normal 0 0 1
  outer loop
   vertex 1522.5 1852.64 900
   vertex 1017.25 1028.71 900
   vertex 1017.5 1028.56 900
  endloop
 endfacet
 facet normal 0 0 1
  outer loop
   vertex 1522.5 1852.64 900
   vertex 1017.5 1028.56 900
   vertex 1529.92 1848.05 900
  endloop
 endfacet
 facet normal 0 0 1
  outer loop
   vertex 1529.92 1848.05 900
   vertex 1017.5 1028.56 900
   vertex 1017.75 1028.41 900
  endloop
 endfacet
 facet normal 0 0 1
  outer loop
   vertex 1529.92 1848.05 900
   vertex 1017.75 1028.41 900
   vertex 1537.3 1843.39 900
  endloop
 endfacet
 facet normal 0 0 1
  outer loop
   vertex 1537.3 1843.39 900
   vertex 1017.75 1028.41 900
   vertex 1018 1028.25 900
  endloop
 endfacet
 facet normal 0 0 1
  outer loop
   vertex 1537.3 1843.39 900
   vertex 1018 1028.25 900
   vertex 1544.64 1838.67 900
  endloop
 endfacet
 facet normal 0 0 1
  outer loop
   vertex 1544.64 1838.67 900
   vertex 1018 1028.25 900
   vertex 1018.24 1028.09 900
  endloop
 endfacet
 facet normal 0 0 1
  outer loop
   vertex 1544.64 1838.67 900
   vertex 1018.24 1028.09 900
   vertex 1551.94 1833.89 900
  endloop
 endfacet
 facet normal 0 0 1
  outer loop
   vertex 1551.94 1833.89 900
   vertex 1018.24 1028.09 900
   vertex 1018.49 1027.94 900
  endloop
 endfacet
 facet normal 0 0 1
  outer loop
   vertex 1551.94 1833.89 900
   vertex 1018.49 1027.94 900
   vertex 1559.19 1829.04 900
  endloop
 endfacet
 facet normal 0 0 1
  outer loop
   vertex 1559.19 1829.04 900
   vertex 1018.49 1027.94 900
   vertex 1018.73 1027.77 900
  endloop
 endfacet
 facet normal 0 0 1
  outer loop
   vertex 1559.19 1829.04 900
   vertex 1018.73 1027.77 900
   vertex 1566.41 1824.13 900
  endloop
 endfacet
 facet normal 0 0 1
  outer loop
   vertex 1566.41 1824.13 900
   vertex 1018.73 1027.77 900
   vertex 1018.97 1027.61 900
  endloop
 endfacet
 facet normal 0 0 1
  outer loop
   vertex 1566.41 1824.13 900
   vertex 1018.97 1027.61 900
   vertex 1573.58 1819.15 900
  endloop
 endfacet
 facet normal 0 0 1
  outer loop
   vertex 1573.58 1819.15 900
   vertex 1018.97 1027.61 900
   vertex 1019.22 1027.44 900
  endloop
 endfacet
 facet normal 0 0 1
  outer loop
   vertex 1573.58 1819.15 900
   vertex 1019.22 1027.44 900
   vertex 1580.7 1814.12 900
  endloop
 endfacet
 facet normal 0 0 1
  outer loop
   vertex 1580.7 1814.12 900
   vertex 1019.22 1027.44 900
   vertex 1019.45 1027.27 900
  endloop
 endfacet
 facet normal 0 0 1
  outer loop
   vertex 1580.7 1814.12 900
   vertex 1019.45 1027.27 900
   vertex 1587.79 1809.02 900
  endloop
 endfacet
 facet normal 0 0 1
  outer loop
   vertex 1587.79 1809.02 900
   vertex 1019.45 1027.27 900
   vertex 1019.69 1027.1 900
  endloop
 endfacet
 facet normal 0 0 1
  outer loop
   vertex 1587.79 1809.02 900
   vertex 1019.69 1027.1 900
   vertex 1594.82 1803.86 900
  endloop
 endfacet
 facet normal 0 0 1
  outer loop
   vertex 1594.82 1803.86 900
   vertex 1019.69 1027.1 900
   vertex 1019.93 1026.93 900
  endloop
 endfacet
 facet normal 0 0 1
  outer loop
   vertex 1594.82 1803.86 900
   vertex 1019.93 1026.93 900
   vertex 1601.81 1798.64 900
  endloop
 endfacet
 facet normal 0 0 1
  outer loop
   vertex 1601.81 1798.64 900
   vertex 1019.93 1026.93 900
   vertex 1020.16 1026.75 900
  endloop
 endfacet
 facet normal 0 0 1
  outer loop
   vertex 1601.81 1798.64 900
   vertex 1020.16 1026.75 900
   vertex 1608.76 1793.35 900
  endloop
 endfacet
 facet normal 0 0 1
  outer loop
   vertex 1608.76 1793.35 900
   vertex 1020.16 1026.75 900
   vertex 1020.39 1026.58 900
  endloop
 endfacet
 facet normal 0 0 1
  outer loop
   vertex 1608.76 1793.35 900
   vertex 1020.39 1026.58 900
   vertex 1615.66 1788.01 900
  endloop
 endfacet
 facet normal 0 0 1
  outer loop
   vertex 1615.66 1788.01 900
   vertex 1020.39 1026.58 900
   vertex 1020.62 1026.4 900
  endloop
 endfacet
 facet normal 0 0 1
  outer loop
   vertex 1615.66 1788.01 900
   vertex 1020.62 1026.4 900
   vertex 1622.52 1782.61 900
  endloop
 endfacet
 facet normal 0 0 1
  outer loop
   vertex 1622.52 1782.61 900
   vertex 1020.62 1026.4 900
   vertex 1020.85 1026.22 900
  endloop
 endfacet
 facet normal 0 0 1
  outer loop
   vertex 1622.52 1782.61 900
   vertex 1020.85 1026.22 900
   vertex 1629.32 1777.15 900
  endloop
 endfacet
 facet normal 0 0 1
  outer loop
   vertex 1629.32 1777.15 900
   vertex 1020.85 1026.22 900
   vertex 1021.08 1026.03 900
  endloop
 endfacet
 facet normal 0 0 1
  outer loop
   vertex 1629.32 1777.15 900
   vertex 1021.08 1026.03 900
   vertex 1636.08 1771.62 900
  endloop
 endfacet
 facet normal 0 0 1
  outer loop
   vertex 1636.08 1771.62 900
   vertex 1021.08 1026.03 900
   vertex 1021.31 1025.85 900
  endloop
 endfacet
 facet normal 0 0 1
  outer loop
   vertex 1636.08 1771.62 900
   vertex 1021.31 1025.85 900
   vertex 1642.79 1766.04 900
  endloop
 endfacet
 facet normal 0 0 1
  outer loop
   vertex 1642.79 1766.04 900
   vertex 1021.31 1025.85 900
   vertex 1021.53 1025.66 900
  endloop
 endfacet
 facet normal 0 0 1
  outer loop
   vertex 1642.79 1766.04 900
   vertex 1021.53 1025.66 900
   vertex 1649.45 1760.41 900
  endloop
 endfacet
 facet normal 0 0 1
  outer loop
   vertex 1649.45 1760.41 900
   vertex 1021.53 1025.66 900
   vertex 1021.76 1025.47 900
  endloop
 endfacet
 facet normal 0 0 1
  outer loop
   vertex 1649.45 1760.41 900
   vertex 1021.76 1025.47 900
   vertex 1656.06 1754.71 900
  endloop
 endfacet
 facet normal 0 0 1
  outer loop
   vertex 1656.06 1754.71 900
   vertex 1021.76 1025.47 900
   vertex 1021.98 1025.28 900
  endloop
 endfacet
 facet normal 0 0 1
  outer loop
   vertex 1656.06 1754.71 900
   vertex 1021.98 1025.28 900
   vertex 1662.62 1748.96 900
  endloop
 endfacet
 facet normal 0 0 1
  outer loop
   vertex 1662.62 1748.96 900
   vertex 1021.98 1025.28 900
   vertex 1022.2 1025.09 900
  endloop
 endfacet
 facet normal 0 0 1
  outer loop
   vertex 1662.62 1748.96 900
   vertex 1022.2 1025.09 900
   vertex 1669.13 1743.15 900
  endloop
 endfacet
 facet normal 0 0 1
  outer loop
   vertex 1669.13 1743.15 900
   vertex 1022.2 1025.09 900
   vertex 1022.42 1024.9 900
  endloop
 endfacet
 facet normal 0 0 1
  outer loop
   vertex 1669.13 1743.15 900
   vertex 1022.42 1024.9 900
   vertex 1675.59 1737.28 900
  endloop
 endfacet
 facet normal 0 0 1
  outer loop
   vertex 1675.59 1737.28 900
   vertex 1022.42 1024.9 900
   vertex 1022.63 1024.7 900
  endloop
 endfacet
 facet normal 0 0 1
  outer loop
   vertex 1675.59 1737.28 900
   vertex 1022.63 1024.7 900
   vertex 1682 1731.35 900
  endloop
 endfacet
 facet normal 0 0 1
  outer loop
   vertex 1682 1731.35 900
   vertex 1022.63 1024.7 900
   vertex 1022.85 1024.5 900
  endloop
 endfacet
 facet normal 0 0 1
  outer loop
   vertex 1682 1731.35 900
   vertex 1022.85 1024.5 900
   vertex 1688.35 1725.37 900
  endloop
 endfacet
 facet normal 0 0 1
  outer loop
   vertex 1688.35 1725.37 900
   vertex 1022.85 1024.5 900
   vertex 1023.06 1024.3 900
  endloop
 endfacet
 facet normal 0 0 1
  outer loop
   vertex 1688.35 1725.37 900
   vertex 1023.06 1024.3 900
   vertex 1694.66 1719.34 900
  endloop
 endfacet
 facet normal 0 0 1
  outer loop
   vertex 1694.66 1719.34 900
   vertex 1023.06 1024.3 900
   vertex 1023.27 1024.1 900
  endloop
 endfacet
 facet normal 0 0 1
  outer loop
   vertex 1694.66 1719.34 900
   vertex 1023.27 1024.1 900
   vertex 1700.91 1713.25 900
  endloop
 endfacet
 facet normal 0 0 1
  outer loop
   vertex 1700.91 1713.25 900
   vertex 1023.27 1024.1 900
   vertex 1023.48 1023.89 900
  endloop
 endfacet
 facet normal 0 0 1
  outer loop
   vertex 1700.91 1713.25 900
   vertex 1023.48 1023.89 900
   vertex 1707.11 1707.11 900
  endloop
 endfacet
 facet normal 0 0 1
  outer loop
   vertex 1707.11 1707.11 900
   vertex 1023.48 1023.89 900
   vertex 1023.69 1023.69 900
  endloop
 endfacet
 facet normal 0 0 1
  outer loop
   vertex 1707.11 1707.11 900
   vertex 1023.69 1023.69 900
   vertex 1713.25 1700.91 900
  endloop
 endfacet
 facet normal 0 0 1
  outer loop
   vertex 1713.25 1700.91 900
   vertex 1023.69 1023.69 900
   vertex 1023.89 1023.48 900
  endloop
 endfacet
 facet normal 0 0 1
  outer loop
   vertex 1713.25 1700.91 900
   vertex 1023.89 1023.48 900
   vertex 1719.34 1694.66 900
  endloop
 endfacet
 facet normal 0 0 1
  outer loop
   vertex 1719.34 1694.66 900
   vertex 1023.89 1023.48 900
   vertex 1024.1 1023.27 900
  endloop
 endfacet
 facet normal 0 0 1
  outer loop
   vertex 1719.34 1694.66 900
   vertex 1024.1 1023.27 900
   vertex 1725.37 1688.35 900
  endloop
 endfacet
 facet normal 0 0 1
  outer loop
   vertex 1725.37 1688.35 900
   vertex 1024.1 1023.27 900
   vertex 1024.3 1023.06 900
  endloop
 endfacet
 facet normal 0 0 1
  outer loop
   vertex 1725.37 1688.35 900
   vertex 1024.3 1023.06 900
   vertex 1731.35 1682 900
  endloop
 endfacet
 facet normal 0 0 1
  outer loop
   vertex 1731.35 1682 900
   vertex 1024.3 1023.06 900
   vertex 1024.5 1022.85 900
  endloop
 endfacet
 facet normal 0 0 1
  outer loop
   vertex 1731.35 1682 900
   vertex 1024.5 1022.85 900
   vertex 1737.28 1675.59 900
  endloop
 endfacet
 facet normal 0 0 1
  outer loop
   vertex 1737.28 1675.59 900
   vertex 1024.5 1022.85 900
   vertex 1024.7 1022.63 900
  endloop
 endfacet
 facet normal 0 0 1
  outer loop
   vertex 1737.28 1675.59 900
   vertex 1024.7 1022.63 900
   vertex 1743.15 1669.13 900
  endloop
 endfacet
 facet normal 0 0 1
  outer loop
   vertex 1743.15 1669.13 900
   vertex 1024.7 1022.63 900
   vertex 1024.9 1022.42 900
  endloop
 endfacet
 facet normal -0 0 1
  outer loop
   vertex 15.1923 1173.65 900
   vertex 967.009 1005.82 900
   vertex 16.7451 1182.24 900
  endloop
 endfacet
 facet normal 0 0 1
  outer loop
   vertex 16.7451 1182.24 900
   vertex 967.009 1005.82 900
   vertex 967.061 1006.1 900
  endloop
 endfacet
 facet normal -0 0 1
  outer loop
   vertex 16.7451 1182.24 900
   vertex 967.061 1006.1 900
   vertex 18.3728 1190.81 900
  endloop
 endfacet
 facet normal 0 0 1
  outer loop
   vertex 18.3728 1190.81 900
   vertex 967.061 1006.1 900
   vertex 967.115 1006.39 900
  endloop
 endfacet
 facet normal -0 0 1
  outer loop
   vertex 18.3728 1190.81 900
   vertex 967.115 1006.39 900
   vertex 20.0753 1199.37 900
  endloop
 endfacet
 facet normal 0 0 1
  outer loop
   vertex 20.0753 1199.37 900
   vertex 967.115 1006.39 900
   vertex 967.172 1006.68 900
  endloop
 endfacet
 facet normal -0 0 1
  outer loop
   vertex 20.0753 1199.37 900
   vertex 967.172 1006.68 900
   vertex 21.8524 1207.91 900
  endloop
 endfacet
 facet normal 0 0 1
  outer loop
   vertex 21.8524 1207.91 900
   vertex 967.172 1006.68 900
   vertex 967.232 1006.97 900
  endloop
 endfacet
 facet normal -0 0 1
  outer loop
   vertex 21.8524 1207.91 900
   vertex 967.232 1006.97 900
   vertex 23.704 1216.44 900
  endloop
 endfacet
 facet normal 0 0 1
  outer loop
   vertex 23.704 1216.44 900
   vertex 967.232 1006.97 900
   vertex 967.294 1007.25 900
  endloop
 endfacet
 facet normal -0 0 1
  outer loop
   vertex 23.704 1216.44 900
   vertex 967.294 1007.25 900
   vertex 25.6299 1224.95 900
  endloop
 endfacet
 facet normal 0 0 1
  outer loop
   vertex 25.6299 1224.95 900
   vertex 967.294 1007.25 900
   vertex 967.359 1007.54 900
  endloop
 endfacet
 facet normal -0 0 1
  outer loop
   vertex 25.6299 1224.95 900
   vertex 967.359 1007.54 900
   vertex 27.6301 1233.44 900
  endloop
 endfacet
 facet normal 0 0 1
  outer loop
   vertex 27.6301 1233.44 900
   vertex 967.359 1007.54 900
   vertex 967.426 1007.82 900
  endloop
 endfacet
 facet normal -0 0 1
  outer loop
   vertex 27.6301 1233.44 900
   vertex 967.426 1007.82 900
   vertex 29.7043 1241.92 900
  endloop
 endfacet
 facet normal 0 0 1
  outer loop
   vertex 29.7043 1241.92 900
   vertex 967.426 1007.82 900
   vertex 967.495 1008.1 900
  endloop
 endfacet
 facet normal -0 0 1
  outer loop
   vertex 29.7043 1241.92 900
   vertex 967.495 1008.1 900
   vertex 31.8524 1250.38 900
  endloop
 endfacet
 facet normal 0 0 1
  outer loop
   vertex 31.8524 1250.38 900
   vertex 967.495 1008.1 900
   vertex 967.567 1008.39 900
  endloop
 endfacet
 facet normal -0 0 1
  outer loop
   vertex 31.8524 1250.38 900
   vertex 967.567 1008.39 900
   vertex 34.0742 1258.82 900
  endloop
 endfacet
 facet normal 0 0 1
  outer loop
   vertex 34.0742 1258.82 900
   vertex 967.567 1008.39 900
   vertex 967.641 1008.67 900
  endloop
 endfacet
 facet normal -0 0 1
  outer loop
   vertex 34.0742 1258.82 900
   vertex 967.641 1008.67 900
   vertex 36.3696 1267.24 900
  endloop
 endfacet
 facet normal 0 0 1
  outer loop
   vertex 36.3696 1267.24 900
   vertex 967.641 1008.67 900
   vertex 967.718 1008.95 900
  endloop
 endfacet
 facet normal -0 0 1
  outer loop
   vertex 36.3696 1267.24 900
   vertex 967.718 1008.95 900
   vertex 38.7383 1275.64 900
  endloop
 endfacet
 facet normal 0 0 1
  outer loop
   vertex 38.7383 1275.64 900
   vertex 967.718 1008.95 900
   vertex 967.798 1009.23 900
  endloop
 endfacet
 facet normal -0 0 1
  outer loop
   vertex 38.7383 1275.64 900
   vertex 967.798 1009.23 900
   vertex 41.1802 1284.02 900
  endloop
 endfacet
 facet normal 0 0 1
  outer loop
   vertex 41.1802 1284.02 900
   vertex 967.798 1009.23 900
   vertex 967.88 1009.52 900
  endloop
 endfacet
 facet normal -0 0 1
  outer loop
   vertex 41.1802 1284.02 900
   vertex 967.88 1009.52 900
   vertex 43.6953 1292.37 900
  endloop
 endfacet
 facet normal 0 0 1
  outer loop
   vertex 43.6953 1292.37 900
   vertex 967.88 1009.52 900
   vertex 967.964 1009.79 900
  endloop
 endfacet
 facet normal -0 0 1
  outer loop
   vertex 43.6953 1292.37 900
   vertex 967.964 1009.79 900
   vertex 46.2831 1300.71 900
  endloop
 endfacet
 facet normal 0 0 1
  outer loop
   vertex 46.2831 1300.71 900
   vertex 967.964 1009.79 900
   vertex 968.05 1010.07 900
  endloop
 endfacet
 facet normal -0 0 1
  outer loop
   vertex 46.2831 1300.71 900
   vertex 968.05 1010.07 900
   vertex 48.9435 1309.02 900
  endloop
 endfacet
 facet normal 0 0 1
  outer loop
   vertex 48.9435 1309.02 900
   vertex 968.05 1010.07 900
   vertex 968.14 1010.35 900
  endloop
 endfacet
 facet normal -0 0 1
  outer loop
   vertex 48.9435 1309.02 900
   vertex 968.14 1010.35 900
   vertex 51.6763 1317.31 900
  endloop
 endfacet
 facet normal 0 0 1
  outer loop
   vertex 51.6763 1317.31 900
   vertex 968.14 1010.35 900
   vertex 968.231 1010.63 900
  endloop
 endfacet
 facet normal -0 0 1
  outer loop
   vertex 51.6763 1317.31 900
   vertex 968.231 1010.63 900
   vertex 54.4814 1325.57 900
  endloop
 endfacet
 facet normal 0 0 1
  outer loop
   vertex 54.4814 1325.57 900
   vertex 968.231 1010.63 900
   vertex 968.325 1010.91 900
  endloop
 endfacet
 facet normal -0 0 1
  outer loop
   vertex 54.4814 1325.57 900
   vertex 968.325 1010.91 900
   vertex 57.3585 1333.81 900
  endloop
 endfacet
 facet normal 0 0 1
  outer loop
   vertex 57.3585 1333.81 900
   vertex 968.325 1010.91 900
   vertex 968.422 1011.18 900
  endloop
 endfacet
 facet normal -0 0 1
  outer loop
   vertex 57.3585 1333.81 900
   vertex 968.422 1011.18 900
   vertex 60.3074 1342.02 900
  endloop
 endfacet
 facet normal 0 0 1
  outer loop
   vertex 60.3074 1342.02 900
   vertex 968.422 1011.18 900
   vertex 968.52 1011.46 900
  endloop
 endfacet
 facet normal -0 0 1
  outer loop
   vertex 60.3074 1342.02 900
   vertex 968.52 1011.46 900
   vertex 63.3278 1350.21 900
  endloop
 endfacet
 facet normal 0 0 1
  outer loop
   vertex 63.3278 1350.21 900
   vertex 968.52 1011.46 900
   vertex 968.622 1011.73 900
  endloop
 endfacet
 facet normal -0 0 1
  outer loop
   vertex 63.3278 1350.21 900
   vertex 968.622 1011.73 900
   vertex 66.4196 1358.37 900
  endloop
 endfacet
 facet normal 0 0 1
  outer loop
   vertex 66.4196 1358.37 900
   vertex 968.622 1011.73 900
   vertex 968.725 1012.01 900
  endloop
 endfacet
 facet normal -0 0 1
  outer loop
   vertex 66.4196 1358.37 900
   vertex 968.725 1012.01 900
   vertex 69.5824 1366.5 900
  endloop
 endfacet
 facet normal 0 0 1
  outer loop
   vertex 69.5824 1366.5 900
   vertex 968.725 1012.01 900
   vertex 968.831 1012.28 900
  endloop
 endfacet
 facet normal -0 0 1
  outer loop
   vertex 69.5824 1366.5 900
   vertex 968.831 1012.28 900
   vertex 72.8161 1374.61 900
  endloop
 endfacet
 facet normal 0 0 1
  outer loop
   vertex 72.8161 1374.61 900
   vertex 968.831 1012.28 900
   vertex 968.939 1012.55 900
  endloop
 endfacet
 facet normal -0 0 1
  outer loop
   vertex 72.8161 1374.61 900
   vertex 968.939 1012.55 900
   vertex 76.1205 1382.68 900
  endloop
 endfacet
 facet normal 0 0 1
  outer loop
   vertex 76.1205 1382.68 900
   vertex 968.939 1012.55 900
   vertex 969.05 1012.82 900
  endloop
 endfacet
 facet normal -0 0 1
  outer loop
   vertex 76.1205 1382.68 900
   vertex 969.05 1012.82 900
   vertex 79.4951 1390.73 900
  endloop
 endfacet
 facet normal 0 0 1
  outer loop
   vertex 79.4951 1390.73 900
   vertex 969.05 1012.82 900
   vertex 969.163 1013.09 900
  endloop
 endfacet
 facet normal -0 0 1
  outer loop
   vertex 79.4951 1390.73 900
   vertex 969.163 1013.09 900
   vertex 82.9399 1398.75 900
  endloop
 endfacet
 facet normal 0 0 1
  outer loop
   vertex 82.9399 1398.75 900
   vertex 969.163 1013.09 900
   vertex 969.279 1013.36 900
  endloop
 endfacet
 facet normal -0 0 1
  outer loop
   vertex 82.9399 1398.75 900
   vertex 969.279 1013.36 900
   vertex 86.4546 1406.74 900
  endloop
 endfacet
 facet normal 0 0 1
  outer loop
   vertex 86.4546 1406.74 900
   vertex 969.279 1013.36 900
   vertex 969.396 1013.63 900
  endloop
 endfacet
 facet normal -0 0 1
  outer loop
   vertex 86.4546 1406.74 900
   vertex 969.396 1013.63 900
   vertex 90.0387 1414.69 900
  endloop
 endfacet
 facet normal 0 0 1
  outer loop
   vertex 90.0387 1414.69 900
   vertex 969.396 1013.63 900
   vertex 969.516 1013.89 900
  endloop
 endfacet
 facet normal -0 0 1
  outer loop
   vertex 90.0387 1414.69 900
   vertex 969.516 1013.89 900
   vertex 93.6922 1422.62 900
  endloop
 endfacet
 facet normal 0 0 1
  outer loop
   vertex 93.6922 1422.62 900
   vertex 969.516 1013.89 900
   vertex 969.639 1014.16 900
  endloop
 endfacet
 facet normal -0 0 1
  outer loop
   vertex 93.6922 1422.62 900
   vertex 969.639 1014.16 900
   vertex 97.4147 1430.51 900
  endloop
 endfacet
 facet normal 0 0 1
  outer loop
   vertex 97.4147 1430.51 900
   vertex 969.639 1014.16 900
   vertex 969.763 1014.42 900
  endloop
 endfacet
 facet normal -0 0 1
  outer loop
   vertex 97.4147 1430.51 900
   vertex 969.763 1014.42 900
   vertex 101.206 1438.37 900
  endloop
 endfacet
 facet normal 0 0 1
  outer loop
   vertex 101.206 1438.37 900
   vertex 969.763 1014.42 900
   vertex 969.89 1014.68 900
  endloop
 endfacet
 facet normal -0 0 1
  outer loop
   vertex 101.206 1438.37 900
   vertex 969.89 1014.68 900
   vertex 105.066 1446.2 900
  endloop
 endfacet
 facet normal 0 0 1
  outer loop
   vertex 105.066 1446.2 900
   vertex 969.89 1014.68 900
   vertex 970.02 1014.95 900
  endloop
 endfacet
 facet normal -0 0 1
  outer loop
   vertex 105.066 1446.2 900
   vertex 970.02 1014.95 900
   vertex 108.993 1453.99 900
  endloop
 endfacet
 facet normal 0 0 1
  outer loop
   vertex 108.993 1453.99 900
   vertex 970.02 1014.95 900
   vertex 970.151 1015.21 900
  endloop
 endfacet
 facet normal -0 0 1
  outer loop
   vertex 108.993 1453.99 900
   vertex 970.151 1015.21 900
   vertex 112.989 1461.75 900
  endloop
 endfacet
 facet normal 0 0 1
  outer loop
   vertex 112.989 1461.75 900
   vertex 970.151 1015.21 900
   vertex 970.285 1015.47 900
  endloop
 endfacet
 facet normal -0 0 1
  outer loop
   vertex 112.989 1461.75 900
   vertex 970.285 1015.47 900
   vertex 117.052 1469.47 900
  endloop
 endfacet
 facet normal 0 0 1
  outer loop
   vertex 117.052 1469.47 900
   vertex 970.285 1015.47 900
   vertex 970.421 1015.73 900
  endloop
 endfacet
 facet normal -0 0 1
  outer loop
   vertex 117.052 1469.47 900
   vertex 970.421 1015.73 900
   vertex 121.183 1477.16 900
  endloop
 endfacet
 facet normal 0 0 1
  outer loop
   vertex 121.183 1477.16 900
   vertex 970.421 1015.73 900
   vertex 970.56 1015.98 900
  endloop
 endfacet
 facet normal -0 0 1
  outer loop
   vertex 121.183 1477.16 900
   vertex 970.56 1015.98 900
   vertex 125.38 1484.81 900
  endloop
 endfacet
 facet normal 0 0 1
  outer loop
   vertex 125.38 1484.81 900
   vertex 970.56 1015.98 900
   vertex 970.7 1016.24 900
  endloop
 endfacet
 facet normal -0 0 1
  outer loop
   vertex 125.38 1484.81 900
   vertex 970.7 1016.24 900
   vertex 129.644 1492.42 900
  endloop
 endfacet
 facet normal 0 0 1
  outer loop
   vertex 129.644 1492.42 900
   vertex 970.7 1016.24 900
   vertex 970.843 1016.5 900
  endloop
 endfacet
 facet normal -0 0 1
  outer loop
   vertex 129.644 1492.42 900
   vertex 970.843 1016.5 900
   vertex 133.975 1500 900
  endloop
 endfacet
 facet normal 0 0 1
  outer loop
   vertex 133.975 1500 900
   vertex 970.843 1016.5 900
   vertex 970.988 1016.75 900
  endloop
 endfacet
 facet normal -0 0 1
  outer loop
   vertex 133.975 1500 900
   vertex 970.988 1016.75 900
   vertex 138.371 1507.54 900
  endloop
 endfacet
 facet normal 0 0 1
  outer loop
   vertex 138.371 1507.54 900
   vertex 970.988 1016.75 900
   vertex 971.135 1017 900
  endloop
 endfacet
 facet normal -0 0 1
  outer loop
   vertex 138.371 1507.54 900
   vertex 971.135 1017 900
   vertex 142.833 1515.04 900
  endloop
 endfacet
 facet normal 0 0 1
  outer loop
   vertex 142.833 1515.04 900
   vertex 971.135 1017 900
   vertex 971.285 1017.25 900
  endloop
 endfacet
 facet normal -0 0 1
  outer loop
   vertex 142.833 1515.04 900
   vertex 971.285 1017.25 900
   vertex 147.36 1522.5 900
  endloop
 endfacet
 facet normal 0 0 1
  outer loop
   vertex 147.36 1522.5 900
   vertex 971.285 1017.25 900
   vertex 971.437 1017.5 900
  endloop
 endfacet
 facet normal -0 0 1
  outer loop
   vertex 147.36 1522.5 900
   vertex 971.437 1017.5 900
   vertex 151.952 1529.92 900
  endloop
 endfacet
 facet normal 0 0 1
  outer loop
   vertex 151.952 1529.92 900
   vertex 971.437 1017.5 900
   vertex 971.59 1017.75 900
  endloop
 endfacet
 facet normal -0 0 1
  outer loop
   vertex 151.952 1529.92 900
   vertex 971.59 1017.75 900
   vertex 156.609 1537.3 900
  endloop
 endfacet
 facet normal 0 0 1
  outer loop
   vertex 156.609 1537.3 900
   vertex 971.59 1017.75 900
   vertex 971.746 1018 900
  endloop
 endfacet
 facet normal -0 0 1
  outer loop
   vertex 156.609 1537.3 900
   vertex 971.746 1018 900
   vertex 161.329 1544.64 900
  endloop
 endfacet
 facet normal 0 0 1
  outer loop
   vertex 161.329 1544.64 900
   vertex 971.746 1018 900
   vertex 971.904 1018.24 900
  endloop
 endfacet
 facet normal -0 0 1
  outer loop
   vertex 161.329 1544.64 900
   vertex 971.904 1018.24 900
   vertex 166.114 1551.94 900
  endloop
 endfacet
 facet normal 0 0 1
  outer loop
   vertex 166.114 1551.94 900
   vertex 971.904 1018.24 900
   vertex 972.065 1018.49 900
  endloop
 endfacet
 facet normal -0 0 1
  outer loop
   vertex 166.114 1551.94 900
   vertex 972.065 1018.49 900
   vertex 170.962 1559.19 900
  endloop
 endfacet
 facet normal 0 0 1
  outer loop
   vertex 170.962 1559.19 900
   vertex 972.065 1018.49 900
   vertex 972.227 1018.73 900
  endloop
 endfacet
 facet normal -0 0 1
  outer loop
   vertex 170.962 1559.19 900
   vertex 972.227 1018.73 900
   vertex 175.874 1566.41 900
  endloop
 endfacet
 facet normal 0 0 1
  outer loop
   vertex 175.874 1566.41 900
   vertex 972.227 1018.73 900
   vertex 972.392 1018.97 900
  endloop
 endfacet
 facet normal -0 0 1
  outer loop
   vertex 175.874 1566.41 900
   vertex 972.392 1018.97 900
   vertex 180.848 1573.58 900
  endloop
 endfacet
 facet normal 0 0 1
  outer loop
   vertex 180.848 1573.58 900
   vertex 972.392 1018.97 900
   vertex 972.558 1019.22 900
  endloop
 endfacet
 facet normal -0 0 1
  outer loop
   vertex 180.848 1573.58 900
   vertex 972.558 1019.22 900
   vertex 185.885 1580.7 900
  endloop
 endfacet
 facet normal 0 0 1
  outer loop
   vertex 185.885 1580.7 900
   vertex 972.558 1019.22 900
   vertex 972.727 1019.45 900
  endloop
 endfacet
 facet normal -0 0 1
  outer loop
   vertex 185.885 1580.7 900
   vertex 972.727 1019.45 900
   vertex 190.983 1587.79 900
  endloop
 endfacet
 facet normal 0 0 1
  outer loop
   vertex 190.983 1587.79 900
   vertex 972.727 1019.45 900
   vertex 972.898 1019.69 900
  endloop
 endfacet
 facet normal -0 0 1
  outer loop
   vertex 190.983 1587.79 900
   vertex 972.898 1019.69 900
   vertex 196.143 1594.82 900
  endloop
 endfacet
 facet normal 0 0 1
  outer loop
   vertex 196.143 1594.82 900
   vertex 972.898 1019.69 900
   vertex 973.071 1019.93 900
  endloop
 endfacet
 facet normal -0 0 1
  outer loop
   vertex 196.143 1594.82 900
   vertex 973.071 1019.93 900
   vertex 201.365 1601.81 900
  endloop
 endfacet
 facet normal 0 0 1
  outer loop
   vertex 201.365 1601.81 900
   vertex 973.071 1019.93 900
   vertex 973.246 1020.16 900
  endloop
 endfacet
 facet normal -0 0 1
  outer loop
   vertex 201.365 1601.81 900
   vertex 973.246 1020.16 900
   vertex 206.647 1608.76 900
  endloop
 endfacet
 facet normal 0 0 1
  outer loop
   vertex 206.647 1608.76 900
   vertex 973.246 1020.16 900
   vertex 973.423 1020.39 900
  endloop
 endfacet
 facet normal -0 0 1
  outer loop
   vertex 206.647 1608.76 900
   vertex 973.423 1020.39 900
   vertex 211.989 1615.66 900
  endloop
 endfacet
 facet normal 0 0 1
  outer loop
   vertex 211.989 1615.66 900
   vertex 973.423 1020.39 900
   vertex 973.602 1020.62 900
  endloop
 endfacet
 facet normal -0 0 1
  outer loop
   vertex 211.989 1615.66 900
   vertex 973.602 1020.62 900
   vertex 217.392 1622.52 900
  endloop
 endfacet
 facet normal 0 0 1
  outer loop
   vertex 217.392 1622.52 900
   vertex 973.602 1020.62 900
   vertex 973.783 1020.85 900
  endloop
 endfacet
 facet normal -0 0 1
  outer loop
   vertex 217.392 1622.52 900
   vertex 973.783 1020.85 900
   vertex 222.854 1629.32 900
  endloop
 endfacet
 facet normal 0 0 1
  outer loop
   vertex 222.854 1629.32 900
   vertex 973.783 1020.85 900
   vertex 973.966 1021.08 900
  endloop
 endfacet
 facet normal -0 0 1
  outer loop
   vertex 222.854 1629.32 900
   vertex 973.966 1021.08 900
   vertex 228.375 1636.08 900
  endloop
 endfacet
 facet normal 0 0 1
  outer loop
   vertex 228.375 1636.08 900
   vertex 973.966 1021.08 900
   vertex 974.151 1021.31 900
  endloop
 endfacet
 facet normal -0 0 1
  outer loop
   vertex 228.375 1636.08 900
   vertex 974.151 1021.31 900
   vertex 233.956 1642.79 900
  endloop
 endfacet
 facet normal 0 0 1
  outer loop
   vertex 233.956 1642.79 900
   vertex 974.151 1021.31 900
   vertex 974.338 1021.53 900
  endloop
 endfacet
 facet normal -0 0 1
  outer loop
   vertex 233.956 1642.79 900
   vertex 974.338 1021.53 900
   vertex 239.594 1649.45 900
  endloop
 endfacet
 facet normal 0 0 1
  outer loop
   vertex 239.594 1649.45 900
   vertex 974.338 1021.53 900
   vertex 974.526 1021.76 900
  endloop
 endfacet
 facet normal -0 0 1
  outer loop
   vertex 239.594 1649.45 900
   vertex 974.526 1021.76 900
   vertex 245.29 1656.06 900
  endloop
 endfacet
 facet normal 0 0 1
  outer loop
   vertex 245.29 1656.06 900
   vertex 974.526 1021.76 900
   vertex 974.717 1021.98 900
  endloop
 endfacet
 facet normal -0 0 1
  outer loop
   vertex 245.29 1656.06 900
   vertex 974.717 1021.98 900
   vertex 251.044 1662.62 900
  endloop
 endfacet
 facet normal 0 0 1
  outer loop
   vertex 251.044 1662.62 900
   vertex 974.717 1021.98 900
   vertex 974.91 1022.2 900
  endloop
 endfacet
 facet normal -0 0 1
  outer loop
   vertex 251.044 1662.62 900
   vertex 974.91 1022.2 900
   vertex 256.855 1669.13 900
  endloop
 endfacet
 facet normal 0 0 1
  outer loop
   vertex 256.855 1669.13 900
   vertex 974.91 1022.2 900
   vertex 975.105 1022.42 900
  endloop
 endfacet
 facet normal -0 0 1
  outer loop
   vertex 256.855 1669.13 900
   vertex 975.105 1022.42 900
   vertex 262.723 1675.59 900
  endloop
 endfacet
 facet normal 0 0 1
  outer loop
   vertex 262.723 1675.59 900
   vertex 975.105 1022.42 900
   vertex 975.301 1022.63 900
  endloop
 endfacet
 facet normal -0 0 1
  outer loop
   vertex 262.723 1675.59 900
   vertex 975.301 1022.63 900
   vertex 268.646 1682 900
  endloop
 endfacet
 facet normal 0 0 1
  outer loop
   vertex 268.646 1682 900
   vertex 975.301 1022.63 900
   vertex 975.5 1022.85 900
  endloop
 endfacet
 facet normal -0 0 1
  outer loop
   vertex 268.646 1682 900
   vertex 975.5 1022.85 900
   vertex 274.626 1688.35 900
  endloop
 endfacet
 facet normal 0 0 1
  outer loop
   vertex 274.626 1688.35 900
   vertex 975.5 1022.85 900
   vertex 975.7 1023.06 900
  endloop
 endfacet
 facet normal -0 0 1
  outer loop
   vertex 274.626 1688.35 900
   vertex 975.7 1023.06 900
   vertex 280.66 1694.66 900
  endloop
 endfacet
 facet normal 0 0 1
  outer loop
   vertex 280.66 1694.66 900
   vertex 975.7 1023.06 900
   vertex 975.902 1023.27 900
  endloop
 endfacet
 facet normal -0 0 1
  outer loop
   vertex 280.66 1694.66 900
   vertex 975.902 1023.27 900
   vertex 286.75 1700.91 900
  endloop
 endfacet
 facet normal 0 0 1
  outer loop
   vertex 286.75 1700.91 900
   vertex 975.902 1023.27 900
   vertex 976.106 1023.48 900
  endloop
 endfacet
 facet normal -0 0 1
  outer loop
   vertex 286.75 1700.91 900
   vertex 976.106 1023.48 900
   vertex 292.893 1707.11 900
  endloop
 endfacet
 facet normal 0 0 1
  outer loop
   vertex 292.893 1707.11 900
   vertex 976.106 1023.48 900
   vertex 976.312 1023.69 900
  endloop
 endfacet
 facet normal -0 0 1
  outer loop
   vertex 292.893 1707.11 900
   vertex 976.312 1023.69 900
   vertex 299.091 1713.25 900
  endloop
 endfacet
 facet normal 0 0 1
  outer loop
   vertex 299.091 1713.25 900
   vertex 976.312 1023.69 900
   vertex 976.519 1023.89 900
  endloop
 endfacet
 facet normal -0 0 1
  outer loop
   vertex 299.091 1713.25 900
   vertex 976.519 1023.89 900
   vertex 305.342 1719.34 900
  endloop
 endfacet
 facet normal 0 0 1
  outer loop
   vertex 305.342 1719.34 900
   vertex 976.519 1023.89 900
   vertex 976.729 1024.1 900
  endloop
 endfacet
 facet normal -0 0 1
  outer loop
   vertex 305.342 1719.34 900
   vertex 976.729 1024.1 900
   vertex 311.645 1725.37 900
  endloop
 endfacet
 facet normal 0 0 1
  outer loop
   vertex 311.645 1725.37 900
   vertex 976.729 1024.1 900
   vertex 976.94 1024.3 900
  endloop
 endfacet
 facet normal -0 0 1
  outer loop
   vertex 311.645 1725.37 900
   vertex 976.94 1024.3 900
   vertex 318.002 1731.35 900
  endloop
 endfacet
 facet normal 0 0 1
  outer loop
   vertex 318.002 1731.35 900
   vertex 976.94 1024.3 900
   vertex 977.153 1024.5 900
  endloop
 endfacet
 facet normal -0 0 1
  outer loop
   vertex 318.002 1731.35 900
   vertex 977.153 1024.5 900
   vertex 324.41 1737.28 900
  endloop
 endfacet
 facet normal 0 0 1
  outer loop
   vertex 324.41 1737.28 900
   vertex 977.153 1024.5 900
   vertex 977.368 1024.7 900
  endloop
 endfacet
 facet normal -0 0 1
  outer loop
   vertex 324.41 1737.28 900
   vertex 977.368 1024.7 900
   vertex 330.869 1743.15 900
  endloop
 endfacet
 facet normal 0 0 1
  outer loop
   vertex 330.869 1743.15 900
   vertex 977.368 1024.7 900
   vertex 977.584 1024.9 900
  endloop
 endfacet
 facet normal -0 0 1
  outer loop
   vertex 330.869 1743.15 900
   vertex 977.584 1024.9 900
   vertex 337.38 1748.96 900
  endloop
 endfacet
 facet normal 0 0 1
  outer loop
   vertex 337.38 1748.96 900
   vertex 977.584 1024.9 900
   vertex 977.802 1025.09 900
  endloop
 endfacet
 facet normal -0 0 1
  outer loop
   vertex 337.38 1748.96 900
   vertex 977.802 1025.09 900
   vertex 343.941 1754.71 900
  endloop
 endfacet
 facet normal 0 0 1
  outer loop
   vertex 343.941 1754.71 900
   vertex 977.802 1025.09 900
   vertex 978.022 1025.28 900
  endloop
 endfacet
 facet normal -0 0 1
  outer loop
   vertex 343.941 1754.71 900
   vertex 978.022 1025.28 900
   vertex 350.552 1760.41 900
  endloop
 endfacet
 facet normal 0 0 1
  outer loop
   vertex 350.552 1760.41 900
   vertex 978.022 1025.28 900
   vertex 978.244 1025.47 900
  endloop
 endfacet
 facet normal -0 0 1
  outer loop
   vertex 350.552 1760.41 900
   vertex 978.244 1025.47 900
   vertex 357.212 1766.04 900
  endloop
 endfacet
 facet normal 0 0 1
  outer loop
   vertex 357.212 1766.04 900
   vertex 978.244 1025.47 900
   vertex 978.467 1025.66 900
  endloop
 endfacet
 facet normal -0 0 1
  outer loop
   vertex 357.212 1766.04 900
   vertex 978.467 1025.66 900
   vertex 363.922 1771.62 900
  endloop
 endfacet
 facet normal 0 0 1
  outer loop
   vertex 363.922 1771.62 900
   vertex 978.467 1025.66 900
   vertex 978.691 1025.85 900
  endloop
 endfacet
 facet normal -0 0 1
  outer loop
   vertex 363.922 1771.62 900
   vertex 978.691 1025.85 900
   vertex 370.68 1777.15 900
  endloop
 endfacet
 facet normal 0 0 1
  outer loop
   vertex 370.68 1777.15 900
   vertex 978.691 1025.85 900
   vertex 978.918 1026.03 900
  endloop
 endfacet
 facet normal -0 0 1
  outer loop
   vertex 370.68 1777.15 900
   vertex 978.918 1026.03 900
   vertex 377.485 1782.61 900
  endloop
 endfacet
 facet normal 0 0 1
  outer loop
   vertex 377.485 1782.61 900
   vertex 978.918 1026.03 900
   vertex 979.146 1026.22 900
  endloop
 endfacet
 facet normal -0 0 1
  outer loop
   vertex 377.485 1782.61 900
   vertex 979.146 1026.22 900
   vertex 384.339 1788.01 900
  endloop
 endfacet
 facet normal 0 0 1
  outer loop
   vertex 384.339 1788.01 900
   vertex 979.146 1026.22 900
   vertex 979.375 1026.4 900
  endloop
 endfacet
 facet normal -0 0 1
  outer loop
   vertex 384.339 1788.01 900
   vertex 979.375 1026.4 900
   vertex 391.239 1793.35 900
  endloop
 endfacet
 facet normal 0 0 1
  outer loop
   vertex 391.239 1793.35 900
   vertex 979.375 1026.4 900
   vertex 979.607 1026.58 900
  endloop
 endfacet
 facet normal -0 0 1
  outer loop
   vertex 391.239 1793.35 900
   vertex 979.607 1026.58 900
   vertex 398.185 1798.64 900
  endloop
 endfacet
 facet normal 0 0 1
  outer loop
   vertex 398.185 1798.64 900
   vertex 979.607 1026.58 900
   vertex 979.839 1026.75 900
  endloop
 endfacet
 facet normal -0 0 1
  outer loop
   vertex 398.185 1798.64 900
   vertex 979.839 1026.75 900
   vertex 405.177 1803.86 900
  endloop
 endfacet
 facet normal 0 0 1
  outer loop
   vertex 405.177 1803.86 900
   vertex 979.839 1026.75 900
   vertex 980.073 1026.93 900
  endloop
 endfacet
 facet normal -0 0 1
  outer loop
   vertex 405.177 1803.86 900
   vertex 980.073 1026.93 900
   vertex 412.215 1809.02 900
  endloop
 endfacet
 facet normal 0 0 1
  outer loop
   vertex 412.215 1809.02 900
   vertex 980.073 1026.93 900
   vertex 980.309 1027.1 900
  endloop
 endfacet
 facet normal -0 0 1
  outer loop
   vertex 412.215 1809.02 900
   vertex 980.309 1027.1 900
   vertex 419.297 1814.12 900
  endloop
 endfacet
 facet normal 0 0 1
  outer loop
   vertex 419.297 1814.12 900
   vertex 980.309 1027.1 900
   vertex 980.547 1027.27 900
  endloop
 endfacet
 facet normal -0 0 1
  outer loop
   vertex 419.297 1814.12 900
   vertex 980.547 1027.27 900
   vertex 426.423 1819.15 900
  endloop
 endfacet
 facet normal 0 0 1
  outer loop
   vertex 426.423 1819.15 900
   vertex 980.547 1027.27 900
   vertex 980.785 1027.44 900
  endloop
 endfacet
 facet normal -0 0 1
  outer loop
   vertex 426.423 1819.15 900
   vertex 980.785 1027.44 900
   vertex 433.594 1824.13 900
  endloop
 endfacet
 facet normal 0 0 1
  outer loop
   vertex 433.594 1824.13 900
   vertex 980.785 1027.44 900
   vertex 981.025 1027.61 900
  endloop
 endfacet
 facet normal -0 0 1
  outer loop
   vertex 433.594 1824.13 900
   vertex 981.025 1027.61 900
   vertex 440.807 1829.04 900
  endloop
 endfacet
 facet normal 0 0 1
  outer loop
   vertex 440.807 1829.04 900
   vertex 981.025 1027.61 900
   vertex 981.267 1027.77 900
  endloop
 endfacet
 facet normal -0 0 1
  outer loop
   vertex 440.807 1829.04 900
   vertex 981.267 1027.77 900
   vertex 448.063 1833.89 900
  endloop
 endfacet
 facet normal 0 0 1
  outer loop
   vertex 448.063 1833.89 900
   vertex 981.267 1027.77 900
   vertex 981.51 1027.94 900
  endloop
 endfacet
 facet normal -0 0 1
  outer loop
   vertex 448.063 1833.89 900
   vertex 981.51 1027.94 900
   vertex 455.361 1838.67 900
  endloop
 endfacet
 facet normal 0 0 1
  outer loop
   vertex 455.361 1838.67 900
   vertex 981.51 1027.94 900
   vertex 981.755 1028.09 900
  endloop
 endfacet
 facet normal -0 0 1
  outer loop
   vertex 455.361 1838.67 900
   vertex 981.755 1028.09 900
   vertex 462.7 1843.39 900
  endloop
 endfacet
 facet normal 0 0 1
  outer loop
   vertex 462.7 1843.39 900
   vertex 981.755 1028.09 900
   vertex 982 1028.25 900
  endloop
 endfacet
 facet normal -0 0 1
  outer loop
   vertex 462.7 1843.39 900
   vertex 982 1028.25 900
   vertex 470.081 1848.05 900
  endloop
 endfacet
 facet normal 0 0 1
  outer loop
   vertex 470.081 1848.05 900
   vertex 982 1028.25 900
   vertex 982.248 1028.41 900
  endloop
 endfacet
 facet normal -0 0 1
  outer loop
   vertex 470.081 1848.05 900
   vertex 982.248 1028.41 900
   vertex 477.501 1852.64 900
  endloop
 endfacet
 facet normal 0 0 1
  outer loop
   vertex 477.501 1852.64 900
   vertex 982.248 1028.41 900
   vertex 982.496 1028.56 900
  endloop
 endfacet
 facet normal -0 0 1
  outer loop
   vertex 477.501 1852.64 900
   vertex 982.496 1028.56 900
   vertex 484.962 1857.17 900
  endloop
 endfacet
 facet normal 0 0 1
  outer loop
   vertex 484.962 1857.17 900
   vertex 982.496 1028.56 900
   vertex 982.746 1028.71 900
  endloop
 endfacet
 facet normal -0 0 1
  outer loop
   vertex 484.962 1857.17 900
   vertex 982.746 1028.71 900
   vertex 492.462 1861.63 900
  endloop
 endfacet
 facet normal 0 0 1
  outer loop
   vertex 492.462 1861.63 900
   vertex 982.746 1028.71 900
   vertex 982.997 1028.86 900
  endloop
 endfacet
 facet normal -0 0 1
  outer loop
   vertex 492.462 1861.63 900
   vertex 982.997 1028.86 900
   vertex 500 1866.03 900
  endloop
 endfacet
 facet normal 0 0 1
  outer loop
   vertex 500 1866.03 900
   vertex 982.997 1028.86 900
   vertex 983.25 1029.01 900
  endloop
 endfacet
 facet normal -0 0 1
  outer loop
   vertex 500 1866.03 900
   vertex 983.25 1029.01 900
   vertex 507.576 1870.36 900
  endloop
 endfacet
 facet normal 0 0 1
  outer loop
   vertex 507.576 1870.36 900
   vertex 983.25 1029.01 900
   vertex 983.504 1029.16 900
  endloop
 endfacet
 facet normal -0 0 1
  outer loop
   vertex 507.576 1870.36 900
   vertex 983.504 1029.16 900
   vertex 515.19 1874.62 900
  endloop
 endfacet
 facet normal 0 0 1
  outer loop
   vertex 515.19 1874.62 900
   vertex 983.504 1029.16 900
   vertex 983.759 1029.3 900
  endloop
 endfacet
 facet normal -0 0 1
  outer loop
   vertex 515.19 1874.62 900
   vertex 983.759 1029.3 900
   vertex 522.841 1878.82 900
  endloop
 endfacet
 facet normal 0 0 1
  outer loop
   vertex 522.841 1878.82 900
   vertex 983.759 1029.3 900
   vertex 984.015 1029.44 900
  endloop
 endfacet
 facet normal -0 0 1
  outer loop
   vertex 522.841 1878.82 900
   vertex 984.015 1029.44 900
   vertex 530.528 1882.95 900
  endloop
 endfacet
 facet normal 0 0 1
  outer loop
   vertex 530.528 1882.95 900
   vertex 984.015 1029.44 900
   vertex 984.273 1029.58 900
  endloop
 endfacet
 facet normal -0 0 1
  outer loop
   vertex 530.528 1882.95 900
   vertex 984.273 1029.58 900
   vertex 538.251 1887.01 900
  endloop
 endfacet
 facet normal 0 0 1
  outer loop
   vertex 538.251 1887.01 900
   vertex 984.273 1029.58 900
   vertex 984.531 1029.71 900
  endloop
 endfacet
 facet normal -0 0 1
  outer loop
   vertex 538.251 1887.01 900
   vertex 984.531 1029.71 900
   vertex 546.01 1891.01 900
  endloop
 endfacet
 facet normal 0 0 1
  outer loop
   vertex 546.01 1891.01 900
   vertex 984.531 1029.71 900
   vertex 984.791 1029.85 900
  endloop
 endfacet
 facet normal -0 0 1
  outer loop
   vertex 546.01 1891.01 900
   vertex 984.791 1029.85 900
   vertex 553.802 1894.93 900
  endloop
 endfacet
 facet normal 0 0 1
  outer loop
   vertex 553.802 1894.93 900
   vertex 984.791 1029.85 900
   vertex 985.052 1029.98 900
  endloop
 endfacet
 facet normal -0 0 1
  outer loop
   vertex 553.802 1894.93 900
   vertex 985.052 1029.98 900
   vertex 561.629 1898.79 900
  endloop
 endfacet
 facet normal 0 0 1
  outer loop
   vertex 561.629 1898.79 900
   vertex 985.052 1029.98 900
   vertex 985.315 1030.11 900
  endloop
 endfacet
 facet normal -0 0 1
  outer loop
   vertex 561.629 1898.79 900
   vertex 985.315 1030.11 900
   vertex 569.489 1902.58 900
  endloop
 endfacet
 facet normal 0 0 1
  outer loop
   vertex 569.489 1902.58 900
   vertex 985.315 1030.11 900
   vertex 985.578 1030.24 900
  endloop
 endfacet
 facet normal -0 0 1
  outer loop
   vertex 569.489 1902.58 900
   vertex 985.578 1030.24 900
   vertex 577.382 1906.31 900
  endloop
 endfacet
 facet normal 0 0 1
  outer loop
   vertex 577.382 1906.31 900
   vertex 985.578 1030.24 900
   vertex 985.842 1030.36 900
  endloop
 endfacet
 facet normal -0 0 1
  outer loop
   vertex 577.382 1906.31 900
   vertex 985.842 1030.36 900
   vertex 585.307 1909.96 900
  endloop
 endfacet
 facet normal 0 0 1
  outer loop
   vertex 585.307 1909.96 900
   vertex 985.842 1030.36 900
   vertex 986.108 1030.48 900
  endloop
 endfacet
 facet normal -0 0 1
  outer loop
   vertex 585.307 1909.96 900
   vertex 986.108 1030.48 900
   vertex 593.263 1913.55 900
  endloop
 endfacet
 facet normal 0 0 1
  outer loop
   vertex 593.263 1913.55 900
   vertex 986.108 1030.48 900
   vertex 986.374 1030.6 900
  endloop
 endfacet
 facet normal -0 0 1
  outer loop
   vertex 593.263 1913.55 900
   vertex 986.374 1030.6 900
   vertex 601.251 1917.06 900
  endloop
 endfacet
 facet normal 0 0 1
  outer loop
   vertex 601.251 1917.06 900
   vertex 986.374 1030.6 900
   vertex 986.642 1030.72 900
  endloop
 endfacet
 facet normal -0 0 1
  outer loop
   vertex 601.251 1917.06 900
   vertex 986.642 1030.72 900
   vertex 609.269 1920.51 900
  endloop
 endfacet
 facet normal 0 0 1
  outer loop
   vertex 609.269 1920.51 900
   vertex 986.642 1030.72 900
   vertex 986.911 1030.84 900
  endloop
 endfacet
 facet normal -0 0 1
  outer loop
   vertex 609.269 1920.51 900
   vertex 986.911 1030.84 900
   vertex 617.317 1923.88 900
  endloop
 endfacet
 facet normal 0 0 1
  outer loop
   vertex 617.317 1923.88 900
   vertex 986.911 1030.84 900
   vertex 987.18 1030.95 900
  endloop
 endfacet
 facet normal -0 0 1
  outer loop
   vertex 617.317 1923.88 900
   vertex 987.18 1030.95 900
   vertex 625.393 1927.18 900
  endloop
 endfacet
 facet normal 0 0 1
  outer loop
   vertex 625.393 1927.18 900
   vertex 987.18 1030.95 900
   vertex 987.451 1031.06 900
  endloop
 endfacet
 facet normal -0 0 1
  outer loop
   vertex 625.393 1927.18 900
   vertex 987.451 1031.06 900
   vertex 633.499 1930.42 900
  endloop
 endfacet
 facet normal 0 0 1
  outer loop
   vertex 633.499 1930.42 900
   vertex 987.451 1031.06 900
   vertex 987.722 1031.17 900
  endloop
 endfacet
 facet normal -0 0 1
  outer loop
   vertex 633.499 1930.42 900
   vertex 987.722 1031.17 900
   vertex 641.632 1933.58 900
  endloop
 endfacet
 facet normal 0 0 1
  outer loop
   vertex 641.632 1933.58 900
   vertex 987.722 1031.17 900
   vertex 987.995 1031.28 900
  endloop
 endfacet
 facet normal -0 0 1
  outer loop
   vertex 641.632 1933.58 900
   vertex 987.995 1031.28 900
   vertex 649.793 1936.67 900
  endloop
 endfacet
 facet normal 0 0 1
  outer loop
   vertex 649.793 1936.67 900
   vertex 987.995 1031.28 900
   vertex 988.268 1031.38 900
  endloop
 endfacet
 facet normal -0 0 1
  outer loop
   vertex 649.793 1936.67 900
   vertex 988.268 1031.38 900
   vertex 657.98 1939.69 900
  endloop
 endfacet
 facet normal 0 0 1
  outer loop
   vertex 657.98 1939.69 900
   vertex 988.268 1031.38 900
   vertex 988.542 1031.48 900
  endloop
 endfacet
 facet normal -0 0 1
  outer loop
   vertex 657.98 1939.69 900
   vertex 988.542 1031.48 900
   vertex 666.193 1942.64 900
  endloop
 endfacet
 facet normal 0 0 1
  outer loop
   vertex 666.193 1942.64 900
   vertex 988.542 1031.48 900
   vertex 988.818 1031.58 900
  endloop
 endfacet
 facet normal -0 0 1
  outer loop
   vertex 666.193 1942.64 900
   vertex 988.818 1031.58 900
   vertex 674.432 1945.52 900
  endloop
 endfacet
 facet normal 0 0 1
  outer loop
   vertex 674.432 1945.52 900
   vertex 988.818 1031.58 900
   vertex 989.094 1031.68 900
  endloop
 endfacet
 facet normal -0 0 1
  outer loop
   vertex 674.432 1945.52 900
   vertex 989.094 1031.68 900
   vertex 682.695 1948.32 900
  endloop
 endfacet
 facet normal 0 0 1
  outer loop
   vertex 682.695 1948.32 900
   vertex 989.094 1031.68 900
   vertex 989.37 1031.77 900
  endloop
 endfacet
 facet normal -0 0 1
  outer loop
   vertex 682.695 1948.32 900
   vertex 989.37 1031.77 900
   vertex 690.983 1951.06 900
  endloop
 endfacet
 facet normal 0 0 1
  outer loop
   vertex 690.983 1951.06 900
   vertex 989.37 1031.77 900
   vertex 989.648 1031.86 900
  endloop
 endfacet
 facet normal -0 0 1
  outer loop
   vertex 690.983 1951.06 900
   vertex 989.648 1031.86 900
   vertex 699.294 1953.72 900
  endloop
 endfacet
 facet normal 0 0 1
  outer loop
   vertex 699.294 1953.72 900
   vertex 989.648 1031.86 900
   vertex 989.926 1031.95 900
  endloop
 endfacet
 facet normal -0 0 1
  outer loop
   vertex 699.294 1953.72 900
   vertex 989.926 1031.95 900
   vertex 707.628 1956.31 900
  endloop
 endfacet
 facet normal 0 0 1
  outer loop
   vertex 707.628 1956.31 900
   vertex 989.926 1031.95 900
   vertex 990.206 1032.04 900
  endloop
 endfacet
 facet normal -0 0 1
  outer loop
   vertex 707.628 1956.31 900
   vertex 990.206 1032.04 900
   vertex 715.985 1958.82 900
  endloop
 endfacet
 facet normal 0 0 1
  outer loop
   vertex 715.985 1958.82 900
   vertex 990.206 1032.04 900
   vertex 990.485 1032.12 900
  endloop
 endfacet
 facet normal -0 0 1
  outer loop
   vertex 715.985 1958.82 900
   vertex 990.485 1032.12 900
   vertex 724.363 1961.26 900
  endloop
 endfacet
 facet normal 0 0 1
  outer loop
   vertex 724.363 1961.26 900
   vertex 990.485 1032.12 900
   vertex 990.766 1032.2 900
  endloop
 endfacet
 facet normal 0.443119 -0.896463 0
  outer loop
   vertex 985.315 1030.11 900
   vertex 985.315 1030.11 740
   vertex 985.578 1030.24 900
  endloop
 endfacet
 facet normal 0.443119 -0.896463 0
  outer loop
   vertex 985.578 1030.24 900
   vertex 985.315 1030.11 740
   vertex 985.578 1030.24 740
  endloop
 endfacet
 facet normal 0.413803 -0.910366 0
  outer loop
   vertex 985.578 1030.24 900
   vertex 985.578 1030.24 740
   vertex 985.842 1030.36 900
  endloop
 endfacet
 facet normal 0.413803 -0.910366 0
  outer loop
   vertex 985.842 1030.36 900
   vertex 985.578 1030.24 740
   vertex 985.842 1030.36 740
  endloop
 endfacet
 facet normal 0.411219 -0.911536 0
  outer loop
   vertex 985.842 1030.36 900
   vertex 985.842 1030.36 740
   vertex 986.108 1030.48 900
  endloop
 endfacet
 facet normal 0.411219 -0.911536 0
  outer loop
   vertex 986.108 1030.48 900
   vertex 985.842 1030.36 740
   vertex 986.108 1030.48 740
  endloop
 endfacet
 facet normal 0.411219 -0.911536 0
  outer loop
   vertex 986.108 1030.48 900
   vertex 986.108 1030.48 740
   vertex 986.374 1030.6 900
  endloop
 endfacet
 facet normal 0.411219 -0.911536 0
  outer loop
   vertex 986.374 1030.6 900
   vertex 986.108 1030.48 740
   vertex 986.374 1030.6 740
  endloop
 endfacet
 facet normal 0.408665 -0.912685 0
  outer loop
   vertex 986.374 1030.6 900
   vertex 986.374 1030.6 740
   vertex 986.642 1030.72 900
  endloop
 endfacet
 facet normal 0.408665 -0.912685 0
  outer loop
   vertex 986.642 1030.72 900
   vertex 986.374 1030.6 740
   vertex 986.642 1030.72 740
  endloop
 endfacet
 facet normal 0.407398 -0.913251 0
  outer loop
   vertex 986.642 1030.72 900
   vertex 986.642 1030.72 740
   vertex 986.911 1030.84 900
  endloop
 endfacet
 facet normal 0.407398 -0.913251 0
  outer loop
   vertex 986.911 1030.84 900
   vertex 986.642 1030.72 740
   vertex 986.911 1030.84 740
  endloop
 endfacet
 facet normal 0.378499 -0.925602 0
  outer loop
   vertex 986.911 1030.84 900
   vertex 986.911 1030.84 740
   vertex 987.18 1030.95 900
  endloop
 endfacet
 facet normal 0.378499 -0.925602 0
  outer loop
   vertex 987.18 1030.95 900
   vertex 986.911 1030.84 740
   vertex 987.18 1030.95 740
  endloop
 endfacet
 facet normal 0.376102 -0.926578 0
  outer loop
   vertex 987.18 1030.95 900
   vertex 987.18 1030.95 740
   vertex 987.451 1031.06 900
  endloop
 endfacet
 facet normal 0.376102 -0.926578 0
  outer loop
   vertex 987.451 1031.06 900
   vertex 987.18 1030.95 740
   vertex 987.451 1031.06 740
  endloop
 endfacet
 facet normal 0.376102 -0.926578 0
  outer loop
   vertex 987.451 1031.06 900
   vertex 987.451 1031.06 740
   vertex 987.722 1031.17 900
  endloop
 endfacet
 facet normal 0.376102 -0.926578 0
  outer loop
   vertex 987.722 1031.17 900
   vertex 987.451 1031.06 740
   vertex 987.722 1031.17 740
  endloop
 endfacet
 facet normal 0.373733 -0.927536 0
  outer loop
   vertex 987.722 1031.17 900
   vertex 987.722 1031.17 740
   vertex 987.995 1031.28 900
  endloop
 endfacet
 facet normal 0.373733 -0.927536 0
  outer loop
   vertex 987.995 1031.28 900
   vertex 987.722 1031.17 740
   vertex 987.995 1031.28 740
  endloop
 endfacet
 facet normal 0.343951 -0.938987 0
  outer loop
   vertex 987.995 1031.28 900
   vertex 987.995 1031.28 740
   vertex 988.268 1031.38 900
  endloop
 endfacet
 facet normal 0.343951 -0.938987 0
  outer loop
   vertex 988.268 1031.38 900
   vertex 987.995 1031.28 740
   vertex 988.268 1031.38 740
  endloop
 endfacet
 facet normal 0.342844 -0.939392 0
  outer loop
   vertex 988.268 1031.38 900
   vertex 988.268 1031.38 740
   vertex 988.542 1031.48 900
  endloop
 endfacet
 facet normal 0.342844 -0.939392 0
  outer loop
   vertex 988.542 1031.48 900
   vertex 988.268 1031.38 740
   vertex 988.542 1031.48 740
  endloop
 endfacet
 facet normal 0.340649 -0.940191 0
  outer loop
   vertex 988.542 1031.48 900
   vertex 988.542 1031.48 740
   vertex 988.818 1031.58 900
  endloop
 endfacet
 facet normal 0.340649 -0.940191 0
  outer loop
   vertex 988.818 1031.58 900
   vertex 988.542 1031.48 740
   vertex 988.818 1031.58 740
  endloop
 endfacet
 facet normal 0.340649 -0.940191 0
  outer loop
   vertex 988.818 1031.58 900
   vertex 988.818 1031.58 740
   vertex 989.094 1031.68 900
  endloop
 endfacet
 facet normal 0.340649 -0.940191 0
  outer loop
   vertex 989.094 1031.68 900
   vertex 988.818 1031.58 740
   vertex 989.094 1031.68 740
  endloop
 endfacet
 facet normal 0.310021 -0.95073 0
  outer loop
   vertex 989.094 1031.68 900
   vertex 989.094 1031.68 740
   vertex 989.37 1031.77 900
  endloop
 endfacet
 facet normal 0.310021 -0.95073 0
  outer loop
   vertex 989.37 1031.77 900
   vertex 989.094 1031.68 740
   vertex 989.37 1031.77 740
  endloop
 endfacet
 facet normal 0.308003 -0.951386 0
  outer loop
   vertex 989.37 1031.77 900
   vertex 989.37 1031.77 740
   vertex 989.648 1031.86 900
  endloop
 endfacet
 facet normal 0.308003 -0.951386 0
  outer loop
   vertex 989.648 1031.86 900
   vertex 989.37 1031.77 740
   vertex 989.648 1031.86 740
  endloop
 endfacet
 facet normal 0.308003 -0.951386 0
  outer loop
   vertex 989.648 1031.86 900
   vertex 989.648 1031.86 740
   vertex 989.926 1031.95 900
  endloop
 endfacet
 facet normal 0.308003 -0.951386 0
  outer loop
   vertex 989.926 1031.95 900
   vertex 989.648 1031.86 740
   vertex 989.926 1031.95 740
  endloop
 endfacet
 facet normal 0.306009 -0.952029 0
  outer loop
   vertex 989.926 1031.95 900
   vertex 989.926 1031.95 740
   vertex 990.206 1032.04 900
  endloop
 endfacet
 facet normal 0.306009 -0.952029 0
  outer loop
   vertex 990.206 1032.04 900
   vertex 989.926 1031.95 740
   vertex 990.206 1032.04 740
  endloop
 endfacet
 facet normal 0.275631 -0.961263 0
  outer loop
   vertex 990.206 1032.04 900
   vertex 990.206 1032.04 740
   vertex 990.485 1032.12 900
  endloop
 endfacet
 facet normal 0.275631 -0.961263 0
  outer loop
   vertex 990.485 1032.12 900
   vertex 990.206 1032.04 740
   vertex 990.485 1032.12 740
  endloop
 endfacet
 facet normal 0.273817 -0.961782 0
  outer loop
   vertex 990.485 1032.12 900
   vertex 990.485 1032.12 740
   vertex 990.766 1032.2 900
  endloop
 endfacet
 facet normal 0.273817 -0.961782 0
  outer loop
   vertex 990.766 1032.2 900
   vertex 990.485 1032.12 740
   vertex 990.766 1032.2 740
  endloop
 endfacet
 facet normal 0.273817 -0.961782 0
  outer loop
   vertex 990.766 1032.2 900
   vertex 990.766 1032.2 740
   vertex 991.047 1032.28 900
  endloop
 endfacet
 facet normal 0.273817 -0.961782 0
  outer loop
   vertex 991.047 1032.28 900
   vertex 990.766 1032.2 740
   vertex 991.047 1032.28 740
  endloop
 endfacet
 facet normal 0.272025 -0.96229 0
  outer loop
   vertex 991.047 1032.28 900
   vertex 991.047 1032.28 740
   vertex 991.33 1032.36 900
  endloop
 endfacet
 facet normal 0.272025 -0.96229 0
  outer loop
   vertex 991.33 1032.36 900
   vertex 991.047 1032.28 740
   vertex 991.33 1032.36 740
  endloop
 endfacet
 facet normal 0.240916 -0.970546 0
  outer loop
   vertex 991.33 1032.36 900
   vertex 991.33 1032.36 740
   vertex 991.612 1032.43 900
  endloop
 endfacet
 facet normal 0.240916 -0.970546 0
  outer loop
   vertex 991.612 1032.43 900
   vertex 991.33 1032.36 740
   vertex 991.612 1032.43 740
  endloop
 endfacet
 facet normal 0.271138 -0.96254 0
  outer loop
   vertex 991.612 1032.43 900
   vertex 991.612 1032.43 740
   vertex 991.896 1032.51 900
  endloop
 endfacet
 facet normal 0.271138 -0.96254 0
  outer loop
   vertex 991.896 1032.51 900
   vertex 991.612 1032.43 740
   vertex 991.896 1032.51 740
  endloop
 endfacet
 facet normal 0.206705 -0.978403 0
  outer loop
   vertex 991.896 1032.51 900
   vertex 991.896 1032.51 740
   vertex 992.18 1032.57 900
  endloop
 endfacet
 facet normal 0.206705 -0.978403 0
  outer loop
   vertex 992.18 1032.57 900
   vertex 991.896 1032.51 740
   vertex 992.18 1032.57 740
  endloop
 endfacet
 facet normal 0.239317 -0.970942 0
  outer loop
   vertex 992.18 1032.57 900
   vertex 992.18 1032.57 740
   vertex 992.464 1032.64 900
  endloop
 endfacet
 facet normal 0.239317 -0.970942 0
  outer loop
   vertex 992.464 1032.64 900
   vertex 992.18 1032.57 740
   vertex 992.464 1032.64 740
  endloop
 endfacet
 facet normal 0.238525 -0.971136 0
  outer loop
   vertex 992.464 1032.64 900
   vertex 992.464 1032.64 740
   vertex 992.749 1032.71 900
  endloop
 endfacet
 facet normal 0.238525 -0.971136 0
  outer loop
   vertex 992.749 1032.71 900
   vertex 992.464 1032.64 740
   vertex 992.749 1032.71 740
  endloop
 endfacet
 facet normal 0.205321 -0.978695 0
  outer loop
   vertex 992.749 1032.71 900
   vertex 992.749 1032.71 740
   vertex 993.035 1032.77 900
  endloop
 endfacet
 facet normal 0.205321 -0.978695 0
  outer loop
   vertex 993.035 1032.77 900
   vertex 992.749 1032.71 740
   vertex 993.035 1032.77 740
  endloop
 endfacet
 facet normal 0.205321 -0.978695 0
  outer loop
   vertex 993.035 1032.77 900
   vertex 993.035 1032.77 740
   vertex 993.321 1032.83 900
  endloop
 endfacet
 facet normal 0.205321 -0.978695 0
  outer loop
   vertex 993.321 1032.83 900
   vertex 993.035 1032.77 740
   vertex 993.321 1032.83 740
  endloop
 endfacet
 facet normal 0.204635 -0.978838 0
  outer loop
   vertex 993.321 1032.83 900
   vertex 993.321 1032.83 740
   vertex 993.608 1032.89 900
  endloop
 endfacet
 facet normal 0.204635 -0.978838 0
  outer loop
   vertex 993.608 1032.89 900
   vertex 993.321 1032.83 740
   vertex 993.608 1032.89 740
  endloop
 endfacet
 facet normal 0.171631 -0.985161 0
  outer loop
   vertex 993.608 1032.89 900
   vertex 993.608 1032.89 740
   vertex 993.895 1032.94 900
  endloop
 endfacet
 facet normal 0.171631 -0.985161 0
  outer loop
   vertex 993.895 1032.94 900
   vertex 993.608 1032.89 740
   vertex 993.895 1032.94 740
  endloop
 endfacet
 facet normal 0.171052 -0.985262 0
  outer loop
   vertex 993.895 1032.94 900
   vertex 993.895 1032.94 740
   vertex 994.183 1032.99 900
  endloop
 endfacet
 facet normal 0.171052 -0.985262 0
  outer loop
   vertex 994.183 1032.99 900
   vertex 993.895 1032.94 740
   vertex 994.183 1032.99 740
  endloop
 endfacet
 facet normal 0.171052 -0.985262 0
  outer loop
   vertex 994.183 1032.99 900
   vertex 994.183 1032.99 740
   vertex 994.471 1033.04 900
  endloop
 endfacet
 facet normal 0.171052 -0.985262 0
  outer loop
   vertex 994.471 1033.04 900
   vertex 994.183 1032.99 740
   vertex 994.471 1033.04 740
  endloop
 endfacet
 facet normal 0.171052 -0.985262 0
  outer loop
   vertex 994.471 1033.04 900
   vertex 994.471 1033.04 740
   vertex 994.759 1033.09 900
  endloop
 endfacet
 facet normal 0.171052 -0.985262 0
  outer loop
   vertex 994.759 1033.09 900
   vertex 994.471 1033.04 740
   vertex 994.759 1033.09 740
  endloop
 endfacet
 facet normal 0.137101 -0.990557 0
  outer loop
   vertex 994.759 1033.09 900
   vertex 994.759 1033.09 740
   vertex 995.048 1033.13 900
  endloop
 endfacet
 facet normal 0.137101 -0.990557 0
  outer loop
   vertex 995.048 1033.13 900
   vertex 994.759 1033.09 740
   vertex 995.048 1033.13 740
  endloop
 endfacet
 facet normal 0.136637 -0.990621 0
  outer loop
   vertex 995.048 1033.13 900
   vertex 995.048 1033.13 740
   vertex 995.338 1033.17 900
  endloop
 endfacet
 facet normal 0.136637 -0.990621 0
  outer loop
   vertex 995.338 1033.17 900
   vertex 995.048 1033.13 740
   vertex 995.338 1033.17 740
  endloop
 endfacet
 facet normal 0.137101 -0.990557 0
  outer loop
   vertex 995.338 1033.17 900
   vertex 995.338 1033.17 740
   vertex 995.627 1033.21 900
  endloop
 endfacet
 facet normal 0.137101 -0.990557 0
  outer loop
   vertex 995.627 1033.21 900
   vertex 995.338 1033.17 740
   vertex 995.627 1033.21 740
  endloop
 endfacet
 facet normal 0.136637 -0.990621 0
  outer loop
   vertex 995.627 1033.21 900
   vertex 995.627 1033.21 740
   vertex 995.917 1033.25 900
  endloop
 endfacet
 facet normal 0.136637 -0.990621 0
  outer loop
   vertex 995.917 1033.25 900
   vertex 995.627 1033.21 740
   vertex 995.917 1033.25 740
  endloop
 endfacet
 facet normal 0.136177 -0.990685 0
  outer loop
   vertex 995.917 1033.25 900
   vertex 995.917 1033.25 740
   vertex 996.208 1033.29 900
  endloop
 endfacet
 facet normal 0.136177 -0.990685 0
  outer loop
   vertex 996.208 1033.29 900
   vertex 995.917 1033.25 740
   vertex 996.208 1033.29 740
  endloop
 endfacet
 facet normal 0.102899 -0.994692 0
  outer loop
   vertex 996.208 1033.29 900
   vertex 996.208 1033.29 740
   vertex 996.498 1033.32 900
  endloop
 endfacet
 facet normal 0.102899 -0.994692 0
  outer loop
   vertex 996.498 1033.32 900
   vertex 996.208 1033.29 740
   vertex 996.498 1033.32 740
  endloop
 endfacet
 facet normal 0.102549 -0.994728 0
  outer loop
   vertex 996.498 1033.32 900
   vertex 996.498 1033.32 740
   vertex 996.789 1033.35 900
  endloop
 endfacet
 facet normal 0.102549 -0.994728 0
  outer loop
   vertex 996.789 1033.35 900
   vertex 996.498 1033.32 740
   vertex 996.789 1033.35 740
  endloop
 endfacet
 facet normal 0.0685668 -0.997647 0
  outer loop
   vertex 996.789 1033.35 900
   vertex 996.789 1033.35 740
   vertex 997.08 1033.37 900
  endloop
 endfacet
 facet normal 0.0685668 -0.997647 0
  outer loop
   vertex 997.08 1033.37 900
   vertex 996.789 1033.35 740
   vertex 997.08 1033.37 740
  endloop
 endfacet
 facet normal 0.102202 -0.994764 0
  outer loop
   vertex 997.08 1033.37 900
   vertex 997.08 1033.37 740
   vertex 997.372 1033.4 900
  endloop
 endfacet
 facet normal 0.102202 -0.994764 0
  outer loop
   vertex 997.372 1033.4 900
   vertex 997.08 1033.37 740
   vertex 997.372 1033.4 740
  endloop
 endfacet
 facet normal 0.0685668 -0.997647 0
  outer loop
   vertex 997.372 1033.4 900
   vertex 997.372 1033.4 740
   vertex 997.663 1033.42 900
  endloop
 endfacet
 facet normal 0.0685668 -0.997647 0
  outer loop
   vertex 997.663 1033.42 900
   vertex 997.372 1033.4 740
   vertex 997.663 1033.42 740
  endloop
 endfacet
 facet normal 0.0683331 -0.997663 0
  outer loop
   vertex 997.663 1033.42 900
   vertex 997.663 1033.42 740
   vertex 997.955 1033.44 900
  endloop
 endfacet
 facet normal 0.0683331 -0.997663 0
  outer loop
   vertex 997.955 1033.44 900
   vertex 997.663 1033.42 740
   vertex 997.955 1033.44 740
  endloop
 endfacet
 facet normal 0.0342265 -0.999414 0
  outer loop
   vertex 997.955 1033.44 900
   vertex 997.955 1033.44 740
   vertex 998.247 1033.45 900
  endloop
 endfacet
 facet normal 0.0342265 -0.999414 0
  outer loop
   vertex 998.247 1033.45 900
   vertex 997.955 1033.44 740
   vertex 998.247 1033.45 740
  endloop
 endfacet
 facet normal 0.0683331 -0.997663 0
  outer loop
   vertex 998.247 1033.45 900
   vertex 998.247 1033.45 740
   vertex 998.539 1033.47 900
  endloop
 endfacet
 facet normal 0.0683331 -0.997663 0
  outer loop
   vertex 998.539 1033.47 900
   vertex 998.247 1033.45 740
   vertex 998.539 1033.47 740
  endloop
 endfacet
 facet normal 0.0342265 -0.999414 0
  outer loop
   vertex 998.539 1033.47 900
   vertex 998.539 1033.47 740
   vertex 998.831 1033.48 900
  endloop
 endfacet
 facet normal 0.0342265 -0.999414 0
  outer loop
   vertex 998.831 1033.48 900
   vertex 998.539 1033.47 740
   vertex 998.831 1033.48 740
  endloop
 endfacet
 facet normal 0.0342265 -0.999414 0
  outer loop
   vertex 998.831 1033.48 900
   vertex 998.831 1033.48 740
   vertex 999.123 1033.49 900
  endloop
 endfacet
 facet normal 0.0342265 -0.999414 0
  outer loop
   vertex 999.123 1033.49 900
   vertex 998.831 1033.48 740
   vertex 999.123 1033.49 740
  endloop
 endfacet
 facet normal 0 -1 0
  outer loop
   vertex 999.123 1033.49 900
   vertex 999.123 1033.49 740
   vertex 999.415 1033.49 900
  endloop
 endfacet
 facet normal 0 -1 -0
  outer loop
   vertex 999.415 1033.49 900
   vertex 999.123 1033.49 740
   vertex 999.415 1033.49 740
  endloop
 endfacet
 facet normal 0.0341098 -0.999418 0
  outer loop
   vertex 999.415 1033.49 900
   vertex 999.415 1033.49 740
   vertex 999.708 1033.5 900
  endloop
 endfacet
 facet normal 0.0341098 -0.999418 0
  outer loop
   vertex 999.708 1033.5 900
   vertex 999.415 1033.49 740
   vertex 999.708 1033.5 740
  endloop
 endfacet
 facet normal 0 -1 0
  outer loop
   vertex 999.708 1033.5 900
   vertex 999.708 1033.5 740
   vertex 1000 1033.5 900
  endloop
 endfacet
 facet normal 0 -1 -0
  outer loop
   vertex 1000 1033.5 900
   vertex 999.708 1033.5 740
   vertex 1000 1033.5 740
  endloop
 endfacet
 facet normal 0 -1 0
  outer loop
   vertex 1000 1033.5 900
   vertex 1000 1033.5 740
   vertex 1000.29 1033.5 900
  endloop
 endfacet
 facet normal 0 -1 -0
  outer loop
   vertex 1000.29 1033.5 900
   vertex 1000 1033.5 740
   vertex 1000.29 1033.5 740
  endloop
 endfacet
 facet normal -0.0333148 -0.999445 -0
  outer loop
   vertex 1000.29 1033.5 900
   vertex 1000.29 1033.5 740
   vertex 1000.59 1033.49 900
  endloop
 endfacet
 facet normal -0.0333148 -0.999445 -0
  outer loop
   vertex 1000.59 1033.49 900
   vertex 1000.29 1033.5 740
   vertex 1000.59 1033.49 740
  endloop
 endfacet
 facet normal 0 -1 0
  outer loop
   vertex 1000.59 1033.49 900
   vertex 1000.59 1033.49 740
   vertex 1000.88 1033.49 900
  endloop
 endfacet
 facet normal 0 -1 -0
  outer loop
   vertex 1000.88 1033.49 900
   vertex 1000.59 1033.49 740
   vertex 1000.88 1033.49 740
  endloop
 endfacet
 facet normal -0.0344623 -0.999406 -0
  outer loop
   vertex 1000.88 1033.49 900
   vertex 1000.88 1033.49 740
   vertex 1001.17 1033.48 900
  endloop
 endfacet
 facet normal -0.0344623 -0.999406 -0
  outer loop
   vertex 1001.17 1033.48 900
   vertex 1000.88 1033.49 740
   vertex 1001.17 1033.48 740
  endloop
 endfacet
 facet normal -0.0344623 -0.999406 -0
  outer loop
   vertex 1001.17 1033.48 900
   vertex 1001.17 1033.48 740
   vertex 1001.46 1033.47 900
  endloop
 endfacet
 facet normal -0.0344623 -0.999406 -0
  outer loop
   vertex 1001.46 1033.47 900
   vertex 1001.17 1033.48 740
   vertex 1001.46 1033.47 740
  endloop
 endfacet
 facet normal -0.0688021 -0.99763 -0
  outer loop
   vertex 1001.46 1033.47 900
   vertex 1001.46 1033.47 740
   vertex 1001.75 1033.45 900
  endloop
 endfacet
 facet normal -0.0688021 -0.99763 -0
  outer loop
   vertex 1001.75 1033.45 900
   vertex 1001.46 1033.47 740
   vertex 1001.75 1033.45 740
  endloop
 endfacet
 facet normal -0.0344623 -0.999406 -0
  outer loop
   vertex 1001.75 1033.45 900
   vertex 1001.75 1033.45 740
   vertex 1002.04 1033.44 900
  endloop
 endfacet
 facet normal -0.0344623 -0.999406 -0
  outer loop
   vertex 1002.04 1033.44 900
   vertex 1001.75 1033.45 740
   vertex 1002.04 1033.44 740
  endloop
 endfacet
 facet normal -0.066519 -0.997785 -0
  outer loop
   vertex 1002.04 1033.44 900
   vertex 1002.04 1033.44 740
   vertex 1002.34 1033.42 900
  endloop
 endfacet
 facet normal -0.066519 -0.997785 -0
  outer loop
   vertex 1002.34 1033.42 900
   vertex 1002.04 1033.44 740
   vertex 1002.34 1033.42 740
  endloop
 endfacet
 facet normal -0.0688021 -0.99763 -0
  outer loop
   vertex 1002.34 1033.42 900
   vertex 1002.34 1033.42 740
   vertex 1002.63 1033.4 900
  endloop
 endfacet
 facet normal -0.0688021 -0.99763 -0
  outer loop
   vertex 1002.63 1033.4 900
   vertex 1002.34 1033.42 740
   vertex 1002.63 1033.4 740
  endloop
 endfacet
 facet normal -0.102899 -0.994692 -0
  outer loop
   vertex 1002.63 1033.4 900
   vertex 1002.63 1033.4 740
   vertex 1002.92 1033.37 900
  endloop
 endfacet
 facet normal -0.102899 -0.994692 -0
  outer loop
   vertex 1002.92 1033.37 900
   vertex 1002.63 1033.4 740
   vertex 1002.92 1033.37 740
  endloop
 endfacet
 facet normal -0.0688021 -0.99763 -0
  outer loop
   vertex 1002.92 1033.37 900
   vertex 1002.92 1033.37 740
   vertex 1003.21 1033.35 900
  endloop
 endfacet
 facet normal -0.0688021 -0.99763 -0
  outer loop
   vertex 1003.21 1033.35 900
   vertex 1002.92 1033.37 740
   vertex 1003.21 1033.35 740
  endloop
 endfacet
 facet normal -0.102899 -0.994692 -0
  outer loop
   vertex 1003.21 1033.35 900
   vertex 1003.21 1033.35 740
   vertex 1003.5 1033.32 900
  endloop
 endfacet
 facet normal -0.102899 -0.994692 -0
  outer loop
   vertex 1003.5 1033.32 900
   vertex 1003.21 1033.35 740
   vertex 1003.5 1033.32 740
  endloop
 endfacet
 facet normal -0.102899 -0.994692 -0
  outer loop
   vertex 1003.5 1033.32 900
   vertex 1003.5 1033.32 740
   vertex 1003.79 1033.29 900
  endloop
 endfacet
 facet normal -0.102899 -0.994692 -0
  outer loop
   vertex 1003.79 1033.29 900
   vertex 1003.5 1033.32 740
   vertex 1003.79 1033.29 740
  endloop
 endfacet
 facet normal -0.136637 -0.990621 -0
  outer loop
   vertex 1003.79 1033.29 900
   vertex 1003.79 1033.29 740
   vertex 1004.08 1033.25 900
  endloop
 endfacet
 facet normal -0.136637 -0.990621 -0
  outer loop
   vertex 1004.08 1033.25 900
   vertex 1003.79 1033.29 740
   vertex 1004.08 1033.25 740
  endloop
 endfacet
 facet normal -0.136637 -0.990621 -0
  outer loop
   vertex 1004.08 1033.25 900
   vertex 1004.08 1033.25 740
   vertex 1004.37 1033.21 900
  endloop
 endfacet
 facet normal -0.136637 -0.990621 -0
  outer loop
   vertex 1004.37 1033.21 900
   vertex 1004.08 1033.25 740
   vertex 1004.37 1033.21 740
  endloop
 endfacet
 facet normal -0.136637 -0.990621 -0
  outer loop
   vertex 1004.37 1033.21 900
   vertex 1004.37 1033.21 740
   vertex 1004.66 1033.17 900
  endloop
 endfacet
 facet normal -0.136637 -0.990621 -0
  outer loop
   vertex 1004.66 1033.17 900
   vertex 1004.37 1033.21 740
   vertex 1004.66 1033.17 740
  endloop
 endfacet
 facet normal -0.136637 -0.990621 -0
  outer loop
   vertex 1004.66 1033.17 900
   vertex 1004.66 1033.17 740
   vertex 1004.95 1033.13 900
  endloop
 endfacet
 facet normal -0.136637 -0.990621 -0
  outer loop
   vertex 1004.95 1033.13 900
   vertex 1004.66 1033.17 740
   vertex 1004.95 1033.13 740
  endloop
 endfacet
 facet normal -0.136637 -0.990621 -0
  outer loop
   vertex 1004.95 1033.13 900
   vertex 1004.95 1033.13 740
   vertex 1005.24 1033.09 900
  endloop
 endfacet
 facet normal -0.136637 -0.990621 -0
  outer loop
   vertex 1005.24 1033.09 900
   vertex 1004.95 1033.13 740
   vertex 1005.24 1033.09 740
  endloop
 endfacet
 facet normal -0.169907 -0.98546 -0
  outer loop
   vertex 1005.24 1033.09 900
   vertex 1005.24 1033.09 740
   vertex 1005.53 1033.04 900
  endloop
 endfacet
 facet normal -0.169907 -0.98546 -0
  outer loop
   vertex 1005.53 1033.04 900
   vertex 1005.24 1033.09 740
   vertex 1005.53 1033.04 740
  endloop
 endfacet
 facet normal -0.169907 -0.98546 -0
  outer loop
   vertex 1005.53 1033.04 900
   vertex 1005.53 1033.04 740
   vertex 1005.82 1032.99 900
  endloop
 endfacet
 facet normal -0.169907 -0.98546 -0
  outer loop
   vertex 1005.82 1032.99 900
   vertex 1005.53 1033.04 740
   vertex 1005.82 1032.99 740
  endloop
 endfacet
 facet normal -0.175791 -0.984428 -0
  outer loop
   vertex 1005.82 1032.99 900
   vertex 1005.82 1032.99 740
   vertex 1006.1 1032.94 900
  endloop
 endfacet
 facet normal -0.175791 -0.984428 -0
  outer loop
   vertex 1006.1 1032.94 900
   vertex 1005.82 1032.99 740
   vertex 1006.1 1032.94 740
  endloop
 endfacet
 facet normal -0.169907 -0.98546 -0
  outer loop
   vertex 1006.1 1032.94 900
   vertex 1006.1 1032.94 740
   vertex 1006.39 1032.89 900
  endloop
 endfacet
 facet normal -0.169907 -0.98546 -0
  outer loop
   vertex 1006.39 1032.89 900
   vertex 1006.1 1032.94 740
   vertex 1006.39 1032.89 740
  endloop
 endfacet
 facet normal -0.202606 -0.97926 -0
  outer loop
   vertex 1006.39 1032.89 900
   vertex 1006.39 1032.89 740
   vertex 1006.68 1032.83 900
  endloop
 endfacet
 facet normal -0.202606 -0.97926 -0
  outer loop
   vertex 1006.68 1032.83 900
   vertex 1006.39 1032.89 740
   vertex 1006.68 1032.83 740
  endloop
 endfacet
 facet normal -0.202606 -0.97926 -0
  outer loop
   vertex 1006.68 1032.83 900
   vertex 1006.68 1032.83 740
   vertex 1006.97 1032.77 900
  endloop
 endfacet
 facet normal -0.202606 -0.97926 -0
  outer loop
   vertex 1006.97 1032.77 900
   vertex 1006.68 1032.83 740
   vertex 1006.97 1032.77 740
  endloop
 endfacet
 facet normal -0.209529 -0.977802 -0
  outer loop
   vertex 1006.97 1032.77 900
   vertex 1006.97 1032.77 740
   vertex 1007.25 1032.71 900
  endloop
 endfacet
 facet normal -0.209529 -0.977802 -0
  outer loop
   vertex 1007.25 1032.71 900
   vertex 1006.97 1032.77 740
   vertex 1007.25 1032.71 740
  endloop
 endfacet
 facet normal -0.234641 -0.972082 -0
  outer loop
   vertex 1007.25 1032.71 900
   vertex 1007.25 1032.71 740
   vertex 1007.54 1032.64 900
  endloop
 endfacet
 facet normal -0.234641 -0.972082 -0
  outer loop
   vertex 1007.54 1032.64 900
   vertex 1007.25 1032.71 740
   vertex 1007.54 1032.64 740
  endloop
 endfacet
 facet normal -0.242536 -0.970143 -0
  outer loop
   vertex 1007.54 1032.64 900
   vertex 1007.54 1032.64 740
   vertex 1007.82 1032.57 900
  endloop
 endfacet
 facet normal -0.242536 -0.970143 -0
  outer loop
   vertex 1007.82 1032.57 900
   vertex 1007.54 1032.64 740
   vertex 1007.82 1032.57 740
  endloop
 endfacet
 facet normal -0.209529 -0.977802 -0
  outer loop
   vertex 1007.82 1032.57 900
   vertex 1007.82 1032.57 740
   vertex 1008.1 1032.51 900
  endloop
 endfacet
 facet normal -0.209529 -0.977802 -0
  outer loop
   vertex 1008.1 1032.51 900
   vertex 1007.82 1032.57 740
   vertex 1008.1 1032.51 740
  endloop
 endfacet
 facet normal -0.977802 -0.209529 0
  outer loop
   vertex 1032.77 1006.97 740
   vertex 1032.77 1006.97 900
   vertex 1032.71 1007.25 740
  endloop
 endfacet
 facet normal -0.977802 -0.209529 0
  outer loop
   vertex 1032.71 1007.25 740
   vertex 1032.77 1006.97 900
   vertex 1032.71 1007.25 900
  endloop
 endfacet
 facet normal -0.972082 -0.234641 0
  outer loop
   vertex 1032.71 1007.25 740
   vertex 1032.71 1007.25 900
   vertex 1032.64 1007.54 740
  endloop
 endfacet
 facet normal -0.972082 -0.234641 0
  outer loop
   vertex 1032.64 1007.54 740
   vertex 1032.71 1007.25 900
   vertex 1032.64 1007.54 900
  endloop
 endfacet
 facet normal -0.970143 -0.242536 0
  outer loop
   vertex 1032.64 1007.54 740
   vertex 1032.64 1007.54 900
   vertex 1032.57 1007.82 740
  endloop
 endfacet
 facet normal -0.970143 -0.242536 0
  outer loop
   vertex 1032.57 1007.82 740
   vertex 1032.64 1007.54 900
   vertex 1032.57 1007.82 900
  endloop
 endfacet
 facet normal -0.977802 -0.209529 0
  outer loop
   vertex 1032.57 1007.82 740
   vertex 1032.57 1007.82 900
   vertex 1032.51 1008.1 740
  endloop
 endfacet
 facet normal -0.977802 -0.209529 0
  outer loop
   vertex 1032.51 1008.1 740
   vertex 1032.57 1007.82 900
   vertex 1032.51 1008.1 900
  endloop
 endfacet
 facet normal -0.963993 -0.265929 0
  outer loop
   vertex 1032.51 1008.1 740
   vertex 1032.51 1008.1 900
   vertex 1032.43 1008.39 740
  endloop
 endfacet
 facet normal -0.963993 -0.265929 0
  outer loop
   vertex 1032.43 1008.39 740
   vertex 1032.51 1008.1 900
   vertex 1032.43 1008.39 900
  endloop
 endfacet
 facet normal -0.970143 -0.242536 0
  outer loop
   vertex 1032.43 1008.39 740
   vertex 1032.43 1008.39 900
   vertex 1032.36 1008.67 740
  endloop
 endfacet
 facet normal -0.970143 -0.242536 0
  outer loop
   vertex 1032.36 1008.67 740
   vertex 1032.43 1008.39 900
   vertex 1032.36 1008.67 900
  endloop
 endfacet
 facet normal -0.961524 -0.274721 0
  outer loop
   vertex 1032.36 1008.67 740
   vertex 1032.36 1008.67 900
   vertex 1032.28 1008.95 740
  endloop
 endfacet
 facet normal -0.961524 -0.274721 0
  outer loop
   vertex 1032.28 1008.95 740
   vertex 1032.36 1008.67 900
   vertex 1032.28 1008.95 900
  endloop
 endfacet
 facet normal -0.961524 -0.274721 0
  outer loop
   vertex 1032.28 1008.95 740
   vertex 1032.28 1008.95 900
   vertex 1032.2 1009.23 740
  endloop
 endfacet
 facet normal -0.961524 -0.274721 0
  outer loop
   vertex 1032.2 1009.23 740
   vertex 1032.28 1008.95 900
   vertex 1032.2 1009.23 900
  endloop
 endfacet
 facet normal -0.963993 -0.265929 0
  outer loop
   vertex 1032.2 1009.23 740
   vertex 1032.2 1009.23 900
   vertex 1032.12 1009.52 740
  endloop
 endfacet
 facet normal -0.963993 -0.265929 0
  outer loop
   vertex 1032.12 1009.52 740
   vertex 1032.2 1009.23 900
   vertex 1032.12 1009.52 900
  endloop
 endfacet
 facet normal -0.958798 -0.284088 0
  outer loop
   vertex 1032.12 1009.52 740
   vertex 1032.12 1009.52 900
   vertex 1032.04 1009.79 740
  endloop
 endfacet
 facet normal -0.958798 -0.284088 0
  outer loop
   vertex 1032.04 1009.79 740
   vertex 1032.12 1009.52 900
   vertex 1032.04 1009.79 900
  endloop
 endfacet
 facet normal -0.952029 -0.306009 0
  outer loop
   vertex 1032.04 1009.79 740
   vertex 1032.04 1009.79 900
   vertex 1031.95 1010.07 740
  endloop
 endfacet
 facet normal -0.952029 -0.306009 0
  outer loop
   vertex 1031.95 1010.07 740
   vertex 1032.04 1009.79 900
   vertex 1031.95 1010.07 900
  endloop
 endfacet
 facet normal -0.952029 -0.306009 0
  outer loop
   vertex 1031.95 1010.07 740
   vertex 1031.95 1010.07 900
   vertex 1031.86 1010.35 740
  endloop
 endfacet
 facet normal -0.952029 -0.306009 0
  outer loop
   vertex 1031.86 1010.35 740
   vertex 1031.95 1010.07 900
   vertex 1031.86 1010.35 900
  endloop
 endfacet
 facet normal -0.952029 -0.306009 0
  outer loop
   vertex 1031.86 1010.35 740
   vertex 1031.86 1010.35 900
   vertex 1031.77 1010.63 740
  endloop
 endfacet
 facet normal -0.952029 -0.306009 0
  outer loop
   vertex 1031.77 1010.63 740
   vertex 1031.86 1010.35 900
   vertex 1031.77 1010.63 900
  endloop
 endfacet
 facet normal -0.952029 -0.306009 0
  outer loop
   vertex 1031.77 1010.63 740
   vertex 1031.77 1010.63 900
   vertex 1031.68 1010.91 740
  endloop
 endfacet
 facet normal -0.952029 -0.306009 0
  outer loop
   vertex 1031.68 1010.91 740
   vertex 1031.77 1010.63 900
   vertex 1031.68 1010.91 900
  endloop
 endfacet
 facet normal -0.937749 -0.347314 0
  outer loop
   vertex 1031.68 1010.91 740
   vertex 1031.68 1010.91 900
   vertex 1031.58 1011.18 740
  endloop
 endfacet
 facet normal -0.937749 -0.347314 0
  outer loop
   vertex 1031.58 1011.18 740
   vertex 1031.68 1010.91 900
   vertex 1031.58 1011.18 900
  endloop
 endfacet
 facet normal -0.941742 -0.336336 0
  outer loop
   vertex 1031.58 1011.18 740
   vertex 1031.58 1011.18 900
   vertex 1031.48 1011.46 740
  endloop
 endfacet
 facet normal -0.941742 -0.336336 0
  outer loop
   vertex 1031.48 1011.46 740
   vertex 1031.58 1011.18 900
   vertex 1031.48 1011.46 900
  endloop
 endfacet
 facet normal -0.937749 -0.347314 0
  outer loop
   vertex 1031.48 1011.46 740
   vertex 1031.48 1011.46 900
   vertex 1031.38 1011.73 740
  endloop
 endfacet
 facet normal -0.937749 -0.347314 0
  outer loop
   vertex 1031.38 1011.73 740
   vertex 1031.48 1011.46 900
   vertex 1031.38 1011.73 900
  endloop
 endfacet
 facet normal -0.941742 -0.336336 0
  outer loop
   vertex 1031.38 1011.73 740
   vertex 1031.38 1011.73 900
   vertex 1031.28 1012.01 740
  endloop
 endfacet
 facet normal -0.941742 -0.336336 0
  outer loop
   vertex 1031.28 1012.01 740
   vertex 1031.38 1011.73 900
   vertex 1031.28 1012.01 900
  endloop
 endfacet
 facet normal -0.926092 -0.377297 0
  outer loop
   vertex 1031.28 1012.01 740
   vertex 1031.28 1012.01 900
   vertex 1031.17 1012.28 740
  endloop
 endfacet
 facet normal -0.926092 -0.377297 0
  outer loop
   vertex 1031.17 1012.28 740
   vertex 1031.28 1012.01 900
   vertex 1031.17 1012.28 900
  endloop
 endfacet
 facet normal -0.926092 -0.377297 0
  outer loop
   vertex 1031.17 1012.28 740
   vertex 1031.17 1012.28 900
   vertex 1031.06 1012.55 740
  endloop
 endfacet
 facet normal -0.926092 -0.377297 0
  outer loop
   vertex 1031.06 1012.55 740
   vertex 1031.17 1012.28 900
   vertex 1031.06 1012.55 900
  endloop
 endfacet
 facet normal -0.926092 -0.377297 0
  outer loop
   vertex 1031.06 1012.55 740
   vertex 1031.06 1012.55 900
   vertex 1030.95 1012.82 740
  endloop
 endfacet
 facet normal -0.926092 -0.377297 0
  outer loop
   vertex 1030.95 1012.82 740
   vertex 1031.06 1012.55 900
   vertex 1030.95 1012.82 900
  endloop
 endfacet
 facet normal -0.926092 -0.377297 0
  outer loop
   vertex 1030.95 1012.82 740
   vertex 1030.95 1012.82 900
   vertex 1030.84 1013.09 740
  endloop
 endfacet
 facet normal -0.926092 -0.377297 0
  outer loop
   vertex 1030.84 1013.09 740
   vertex 1030.95 1012.82 900
   vertex 1030.84 1013.09 900
  endloop
 endfacet
 facet normal -0.913812 -0.406138 0
  outer loop
   vertex 1030.84 1013.09 740
   vertex 1030.84 1013.09 900
   vertex 1030.72 1013.36 740
  endloop
 endfacet
 facet normal -0.913812 -0.406138 0
  outer loop
   vertex 1030.72 1013.36 740
   vertex 1030.84 1013.09 900
   vertex 1030.72 1013.36 900
  endloop
 endfacet
 facet normal -0.913812 -0.406138 0
  outer loop
   vertex 1030.72 1013.36 740
   vertex 1030.72 1013.36 900
   vertex 1030.6 1013.63 740
  endloop
 endfacet
 facet normal -0.913812 -0.406138 0
  outer loop
   vertex 1030.6 1013.63 740
   vertex 1030.72 1013.36 900
   vertex 1030.6 1013.63 900
  endloop
 endfacet
 facet normal -0.907959 -0.419058 0
  outer loop
   vertex 1030.6 1013.63 740
   vertex 1030.6 1013.63 900
   vertex 1030.48 1013.89 740
  endloop
 endfacet
 facet normal -0.907959 -0.419058 0
  outer loop
   vertex 1030.48 1013.89 740
   vertex 1030.6 1013.63 900
   vertex 1030.48 1013.89 900
  endloop
 endfacet
 facet normal -0.913812 -0.406138 0
  outer loop
   vertex 1030.48 1013.89 740
   vertex 1030.48 1013.89 900
   vertex 1030.36 1014.16 740
  endloop
 endfacet
 facet normal -0.913812 -0.406138 0
  outer loop
   vertex 1030.36 1014.16 740
   vertex 1030.48 1013.89 900
   vertex 1030.36 1014.16 900
  endloop
 endfacet
 facet normal -0.907959 -0.419058 0
  outer loop
   vertex 1030.36 1014.16 740
   vertex 1030.36 1014.16 900
   vertex 1030.24 1014.42 740
  endloop
 endfacet
 facet normal -0.907959 -0.419058 0
  outer loop
   vertex 1030.24 1014.42 740
   vertex 1030.36 1014.16 900
   vertex 1030.24 1014.42 900
  endloop
 endfacet
 facet normal -0.894427 -0.447214 0
  outer loop
   vertex 1030.24 1014.42 740
   vertex 1030.24 1014.42 900
   vertex 1030.11 1014.68 740
  endloop
 endfacet
 facet normal -0.894427 -0.447214 0
  outer loop
   vertex 1030.11 1014.68 740
   vertex 1030.24 1014.42 900
   vertex 1030.11 1014.68 900
  endloop
 endfacet
 facet normal -0.901002 -0.433816 0
  outer loop
   vertex 1030.11 1014.68 740
   vertex 1030.11 1014.68 900
   vertex 1029.98 1014.95 740
  endloop
 endfacet
 facet normal -0.901002 -0.433816 0
  outer loop
   vertex 1029.98 1014.95 740
   vertex 1030.11 1014.68 900
   vertex 1029.98 1014.95 900
  endloop
 endfacet
 facet normal -0.894427 -0.447214 0
  outer loop
   vertex 1029.98 1014.95 740
   vertex 1029.98 1014.95 900
   vertex 1029.85 1015.21 740
  endloop
 endfacet
 facet normal -0.894427 -0.447214 0
  outer loop
   vertex 1029.85 1015.21 740
   vertex 1029.98 1014.95 900
   vertex 1029.85 1015.21 900
  endloop
 endfacet
 facet normal -0.880471 -0.4741 0
  outer loop
   vertex 1029.85 1015.21 740
   vertex 1029.85 1015.21 900
   vertex 1029.71 1015.47 740
  endloop
 endfacet
 facet normal -0.880471 -0.4741 0
  outer loop
   vertex 1029.71 1015.47 740
   vertex 1029.85 1015.21 900
   vertex 1029.71 1015.47 900
  endloop
 endfacet
 facet normal -0.894427 -0.447214 0
  outer loop
   vertex 1029.71 1015.47 740
   vertex 1029.71 1015.47 900
   vertex 1029.58 1015.73 740
  endloop
 endfacet
 facet normal -0.894427 -0.447214 0
  outer loop
   vertex 1029.58 1015.73 740
   vertex 1029.71 1015.47 900
   vertex 1029.58 1015.73 900
  endloop
 endfacet
 facet normal -0.872506 -0.488603 0
  outer loop
   vertex 1029.58 1015.73 740
   vertex 1029.58 1015.73 900
   vertex 1029.44 1015.98 740
  endloop
 endfacet
 facet normal -0.872506 -0.488603 0
  outer loop
   vertex 1029.44 1015.98 740
   vertex 1029.58 1015.73 900
   vertex 1029.44 1015.98 900
  endloop
 endfacet
 facet normal -0.880471 -0.4741 0
  outer loop
   vertex 1029.44 1015.98 740
   vertex 1029.44 1015.98 900
   vertex 1029.3 1016.24 740
  endloop
 endfacet
 facet normal -0.880471 -0.4741 0
  outer loop
   vertex 1029.3 1016.24 740
   vertex 1029.44 1015.98 900
   vertex 1029.3 1016.24 900
  endloop
 endfacet
 facet normal -0.880471 -0.4741 0
  outer loop
   vertex 1029.3 1016.24 740
   vertex 1029.3 1016.24 900
   vertex 1029.16 1016.5 740
  endloop
 endfacet
 facet normal -0.880471 -0.4741 0
  outer loop
   vertex 1029.16 1016.5 740
   vertex 1029.3 1016.24 900
   vertex 1029.16 1016.5 900
  endloop
 endfacet
 facet normal -0.857493 -0.514496 0
  outer loop
   vertex 1029.16 1016.5 740
   vertex 1029.16 1016.5 900
   vertex 1029.01 1016.75 740
  endloop
 endfacet
 facet normal -0.857493 -0.514496 0
  outer loop
   vertex 1029.01 1016.75 740
   vertex 1029.16 1016.5 900
   vertex 1029.01 1016.75 900
  endloop
 endfacet
 facet normal -0.857493 -0.514496 0
  outer loop
   vertex 1029.01 1016.75 740
   vertex 1029.01 1016.75 900
   vertex 1028.86 1017 740
  endloop
 endfacet
 facet normal -0.857493 -0.514496 0
  outer loop
   vertex 1028.86 1017 740
   vertex 1029.01 1016.75 900
   vertex 1028.86 1017 900
  endloop
 endfacet
 facet normal -0.857493 -0.514496 0
  outer loop
   vertex 1028.86 1017 740
   vertex 1028.86 1017 900
   vertex 1028.71 1017.25 740
  endloop
 endfacet
 facet normal -0.857493 -0.514496 0
  outer loop
   vertex 1028.71 1017.25 740
   vertex 1028.86 1017 900
   vertex 1028.71 1017.25 900
  endloop
 endfacet
 facet normal -0.857493 -0.514496 0
  outer loop
   vertex 1028.71 1017.25 740
   vertex 1028.71 1017.25 900
   vertex 1028.56 1017.5 740
  endloop
 endfacet
 facet normal -0.857493 -0.514496 0
  outer loop
   vertex 1028.56 1017.5 740
   vertex 1028.71 1017.25 900
   vertex 1028.56 1017.5 900
  endloop
 endfacet
 facet normal -0.857493 -0.514496 0
  outer loop
   vertex 1028.56 1017.5 740
   vertex 1028.56 1017.5 900
   vertex 1028.41 1017.75 740
  endloop
 endfacet
 facet normal -0.857493 -0.514496 0
  outer loop
   vertex 1028.41 1017.75 740
   vertex 1028.56 1017.5 900
   vertex 1028.41 1017.75 900
  endloop
 endfacet
 facet normal -0.842271 -0.539054 0
  outer loop
   vertex 1028.41 1017.75 740
   vertex 1028.41 1017.75 900
   vertex 1028.25 1018 740
  endloop
 endfacet
 facet normal -0.842271 -0.539054 0
  outer loop
   vertex 1028.25 1018 740
   vertex 1028.41 1017.75 900
   vertex 1028.25 1018 900
  endloop
 endfacet
 facet normal -0.83205 -0.5547 0
  outer loop
   vertex 1028.25 1018 740
   vertex 1028.25 1018 900
   vertex 1028.09 1018.24 740
  endloop
 endfacet
 facet normal -0.83205 -0.5547 0
  outer loop
   vertex 1028.09 1018.24 740
   vertex 1028.25 1018 900
   vertex 1028.09 1018.24 900
  endloop
 endfacet
 facet normal -0.857493 -0.514496 0
  outer loop
   vertex 1028.09 1018.24 740
   vertex 1028.09 1018.24 900
   vertex 1027.94 1018.49 740
  endloop
 endfacet
 facet normal -0.857493 -0.514496 0
  outer loop
   vertex 1027.94 1018.49 740
   vertex 1028.09 1018.24 900
   vertex 1027.94 1018.49 900
  endloop
 endfacet
 facet normal -0.816024 -0.578017 0
  outer loop
   vertex 1027.94 1018.49 740
   vertex 1027.94 1018.49 900
   vertex 1027.77 1018.73 740
  endloop
 endfacet
 facet normal -0.816024 -0.578017 0
  outer loop
   vertex 1027.77 1018.73 740
   vertex 1027.94 1018.49 900
   vertex 1027.77 1018.73 900
  endloop
 endfacet
 facet normal -0.83205 -0.5547 0
  outer loop
   vertex 1027.77 1018.73 740
   vertex 1027.77 1018.73 900
   vertex 1027.61 1018.97 740
  endloop
 endfacet
 facet normal -0.83205 -0.5547 0
  outer loop
   vertex 1027.61 1018.97 740
   vertex 1027.77 1018.73 900
   vertex 1027.61 1018.97 900
  endloop
 endfacet
 facet normal -0.826927 -0.56231 0
  outer loop
   vertex 1027.61 1018.97 740
   vertex 1027.61 1018.97 900
   vertex 1027.44 1019.22 740
  endloop
 endfacet
 facet normal -0.826927 -0.56231 0
  outer loop
   vertex 1027.44 1019.22 740
   vertex 1027.61 1018.97 900
   vertex 1027.44 1019.22 900
  endloop
 endfacet
 facet normal -0.804176 -0.594391 0
  outer loop
   vertex 1027.44 1019.22 740
   vertex 1027.44 1019.22 900
   vertex 1027.27 1019.45 740
  endloop
 endfacet
 facet normal -0.804176 -0.594391 0
  outer loop
   vertex 1027.27 1019.45 740
   vertex 1027.44 1019.22 900
   vertex 1027.27 1019.45 900
  endloop
 endfacet
 facet normal -0.816024 -0.578017 0
  outer loop
   vertex 1027.27 1019.45 740
   vertex 1027.27 1019.45 900
   vertex 1027.1 1019.69 740
  endloop
 endfacet
 facet normal -0.816024 -0.578017 0
  outer loop
   vertex 1027.1 1019.69 740
   vertex 1027.27 1019.45 900
   vertex 1027.1 1019.69 900
  endloop
 endfacet
 facet normal -0.816024 -0.578017 0
  outer loop
   vertex 1027.1 1019.69 740
   vertex 1027.1 1019.69 900
   vertex 1026.93 1019.93 740
  endloop
 endfacet
 facet normal -0.816024 -0.578017 0
  outer loop
   vertex 1026.93 1019.93 740
   vertex 1027.1 1019.69 900
   vertex 1026.93 1019.93 900
  endloop
 endfacet
 facet normal -0.787505 -0.616308 0
  outer loop
   vertex 1026.93 1019.93 740
   vertex 1026.93 1019.93 900
   vertex 1026.75 1020.16 740
  endloop
 endfacet
 facet normal -0.787505 -0.616308 0
  outer loop
   vertex 1026.75 1020.16 740
   vertex 1026.93 1019.93 900
   vertex 1026.75 1020.16 900
  endloop
 endfacet
 facet normal -0.804176 -0.594391 0
  outer loop
   vertex 1026.75 1020.16 740
   vertex 1026.75 1020.16 900
   vertex 1026.58 1020.39 740
  endloop
 endfacet
 facet normal -0.804176 -0.594391 0
  outer loop
   vertex 1026.58 1020.39 740
   vertex 1026.75 1020.16 900
   vertex 1026.58 1020.39 900
  endloop
 endfacet
 facet normal -0.787505 -0.616308 0
  outer loop
   vertex 1026.58 1020.39 740
   vertex 1026.58 1020.39 900
   vertex 1026.4 1020.62 740
  endloop
 endfacet
 facet normal -0.787505 -0.616308 0
  outer loop
   vertex 1026.4 1020.62 740
   vertex 1026.58 1020.39 900
   vertex 1026.4 1020.62 900
  endloop
 endfacet
 facet normal -0.787505 -0.616308 0
  outer loop
   vertex 1026.4 1020.62 740
   vertex 1026.4 1020.62 900
   vertex 1026.22 1020.85 740
  endloop
 endfacet
 facet normal -0.787505 -0.616308 0
  outer loop
   vertex 1026.22 1020.85 740
   vertex 1026.4 1020.62 900
   vertex 1026.22 1020.85 900
  endloop
 endfacet
 facet normal -0.770962 -0.636881 0
  outer loop
   vertex 1026.22 1020.85 740
   vertex 1026.22 1020.85 900
   vertex 1026.03 1021.08 740
  endloop
 endfacet
 facet normal -0.770962 -0.636881 0
  outer loop
   vertex 1026.03 1021.08 740
   vertex 1026.22 1020.85 900
   vertex 1026.03 1021.08 900
  endloop
 endfacet
 facet normal -0.787505 -0.616308 0
  outer loop
   vertex 1026.03 1021.08 740
   vertex 1026.03 1021.08 900
   vertex 1025.85 1021.31 740
  endloop
 endfacet
 facet normal -0.787505 -0.616308 0
  outer loop
   vertex 1025.85 1021.31 740
   vertex 1026.03 1021.08 900
   vertex 1025.85 1021.31 900
  endloop
 endfacet
 facet normal -0.756823 -0.65362 0
  outer loop
   vertex 1025.85 1021.31 740
   vertex 1025.85 1021.31 900
   vertex 1025.66 1021.53 740
  endloop
 endfacet
 facet normal -0.756823 -0.65362 0
  outer loop
   vertex 1025.66 1021.53 740
   vertex 1025.85 1021.31 900
   vertex 1025.66 1021.53 900
  endloop
 endfacet
 facet normal -0.770962 -0.636881 0
  outer loop
   vertex 1025.66 1021.53 740
   vertex 1025.66 1021.53 900
   vertex 1025.47 1021.76 740
  endloop
 endfacet
 facet normal -0.770962 -0.636881 0
  outer loop
   vertex 1025.47 1021.76 740
   vertex 1025.66 1021.53 900
   vertex 1025.47 1021.76 900
  endloop
 endfacet
 facet normal -0.756823 -0.65362 0
  outer loop
   vertex 1025.47 1021.76 740
   vertex 1025.47 1021.76 900
   vertex 1025.28 1021.98 740
  endloop
 endfacet
 facet normal -0.756823 -0.65362 0
  outer loop
   vertex 1025.28 1021.98 740
   vertex 1025.47 1021.76 900
   vertex 1025.28 1021.98 900
  endloop
 endfacet
 facet normal -0.756823 -0.65362 0
  outer loop
   vertex 1025.28 1021.98 740
   vertex 1025.28 1021.98 900
   vertex 1025.09 1022.2 740
  endloop
 endfacet
 facet normal -0.756823 -0.65362 0
  outer loop
   vertex 1025.09 1022.2 740
   vertex 1025.28 1021.98 900
   vertex 1025.09 1022.2 900
  endloop
 endfacet
 facet normal -0.756823 -0.65362 0
  outer loop
   vertex 1025.09 1022.2 740
   vertex 1025.09 1022.2 900
   vertex 1024.9 1022.42 740
  endloop
 endfacet
 facet normal -0.756823 -0.65362 0
  outer loop
   vertex 1024.9 1022.42 740
   vertex 1025.09 1022.2 900
   vertex 1024.9 1022.42 900
  endloop
 endfacet
 facet normal -0.724138 -0.689655 0
  outer loop
   vertex 1024.9 1022.42 740
   vertex 1024.9 1022.42 900
   vertex 1024.7 1022.63 740
  endloop
 endfacet
 facet normal -0.724138 -0.689655 0
  outer loop
   vertex 1024.7 1022.63 740
   vertex 1024.9 1022.42 900
   vertex 1024.7 1022.63 900
  endloop
 endfacet
 facet normal -0.73994 -0.672673 0
  outer loop
   vertex 1024.7 1022.63 740
   vertex 1024.7 1022.63 900
   vertex 1024.5 1022.85 740
  endloop
 endfacet
 facet normal -0.73994 -0.672673 0
  outer loop
   vertex 1024.5 1022.85 740
   vertex 1024.7 1022.63 900
   vertex 1024.5 1022.85 900
  endloop
 endfacet
 facet normal -0.724138 -0.689655 0
  outer loop
   vertex 1024.5 1022.85 740
   vertex 1024.5 1022.85 900
   vertex 1024.3 1023.06 740
  endloop
 endfacet
 facet normal -0.724138 -0.689655 0
  outer loop
   vertex 1024.3 1023.06 740
   vertex 1024.5 1022.85 900
   vertex 1024.3 1023.06 900
  endloop
 endfacet
 facet normal -0.724138 -0.689655 0
  outer loop
   vertex 1024.3 1023.06 740
   vertex 1024.3 1023.06 900
   vertex 1024.1 1023.27 740
  endloop
 endfacet
 facet normal -0.724138 -0.689655 0
  outer loop
   vertex 1024.1 1023.27 740
   vertex 1024.3 1023.06 900
   vertex 1024.1 1023.27 900
  endloop
 endfacet
 facet normal -0.707107 -0.707107 0
  outer loop
   vertex 1024.1 1023.27 740
   vertex 1024.1 1023.27 900
   vertex 1023.89 1023.48 740
  endloop
 endfacet
 facet normal -0.707107 -0.707107 0
  outer loop
   vertex 1023.89 1023.48 740
   vertex 1024.1 1023.27 900
   vertex 1023.89 1023.48 900
  endloop
 endfacet
 facet normal -0.724138 -0.689655 0
  outer loop
   vertex 1023.89 1023.48 740
   vertex 1023.89 1023.48 900
   vertex 1023.69 1023.69 740
  endloop
 endfacet
 facet normal -0.724138 -0.689655 0
  outer loop
   vertex 1023.69 1023.69 740
   vertex 1023.89 1023.48 900
   vertex 1023.69 1023.69 900
  endloop
 endfacet
 facet normal -0.689655 -0.724138 0
  outer loop
   vertex 1023.69 1023.69 740
   vertex 1023.69 1023.69 900
   vertex 1023.48 1023.89 740
  endloop
 endfacet
 facet normal -0.689655 -0.724138 0
  outer loop
   vertex 1023.48 1023.89 740
   vertex 1023.69 1023.69 900
   vertex 1023.48 1023.89 900
  endloop
 endfacet
 facet normal -0.707107 -0.707107 0
  outer loop
   vertex 1023.48 1023.89 740
   vertex 1023.48 1023.89 900
   vertex 1023.27 1024.1 740
  endloop
 endfacet
 facet normal -0.707107 -0.707107 0
  outer loop
   vertex 1023.27 1024.1 740
   vertex 1023.48 1023.89 900
   vertex 1023.27 1024.1 900
  endloop
 endfacet
 facet normal -0.689655 -0.724138 0
  outer loop
   vertex 1023.27 1024.1 740
   vertex 1023.27 1024.1 900
   vertex 1023.06 1024.3 740
  endloop
 endfacet
 facet normal -0.689655 -0.724138 0
  outer loop
   vertex 1023.06 1024.3 740
   vertex 1023.27 1024.1 900
   vertex 1023.06 1024.3 900
  endloop
 endfacet
 facet normal -0.689655 -0.724138 0
  outer loop
   vertex 1023.06 1024.3 740
   vertex 1023.06 1024.3 900
   vertex 1022.85 1024.5 740
  endloop
 endfacet
 facet normal -0.689655 -0.724138 0
  outer loop
   vertex 1022.85 1024.5 740
   vertex 1023.06 1024.3 900
   vertex 1022.85 1024.5 900
  endloop
 endfacet
 facet normal -0.672673 -0.73994 0
  outer loop
   vertex 1022.85 1024.5 740
   vertex 1022.85 1024.5 900
   vertex 1022.63 1024.7 740
  endloop
 endfacet
 facet normal -0.672673 -0.73994 0
  outer loop
   vertex 1022.63 1024.7 740
   vertex 1022.85 1024.5 900
   vertex 1022.63 1024.7 900
  endloop
 endfacet
 facet normal -0.689655 -0.724138 0
  outer loop
   vertex 1022.63 1024.7 740
   vertex 1022.63 1024.7 900
   vertex 1022.42 1024.9 740
  endloop
 endfacet
 facet normal -0.689655 -0.724138 0
  outer loop
   vertex 1022.42 1024.9 740
   vertex 1022.63 1024.7 900
   vertex 1022.42 1024.9 900
  endloop
 endfacet
 facet normal -0.65362 -0.756823 0
  outer loop
   vertex 1022.42 1024.9 740
   vertex 1022.42 1024.9 900
   vertex 1022.2 1025.09 740
  endloop
 endfacet
 facet normal -0.65362 -0.756823 0
  outer loop
   vertex 1022.2 1025.09 740
   vertex 1022.42 1024.9 900
   vertex 1022.2 1025.09 900
  endloop
 endfacet
 facet normal -0.65362 -0.756823 0
  outer loop
   vertex 1022.2 1025.09 740
   vertex 1022.2 1025.09 900
   vertex 1021.98 1025.28 740
  endloop
 endfacet
 facet normal -0.65362 -0.756823 0
  outer loop
   vertex 1021.98 1025.28 740
   vertex 1022.2 1025.09 900
   vertex 1021.98 1025.28 900
  endloop
 endfacet
 facet normal -0.65362 -0.756823 0
  outer loop
   vertex 1021.98 1025.28 740
   vertex 1021.98 1025.28 900
   vertex 1021.76 1025.47 740
  endloop
 endfacet
 facet normal -0.65362 -0.756823 0
  outer loop
   vertex 1021.76 1025.47 740
   vertex 1021.98 1025.28 900
   vertex 1021.76 1025.47 900
  endloop
 endfacet
 facet normal -0.636881 -0.770962 0
  outer loop
   vertex 1021.76 1025.47 740
   vertex 1021.76 1025.47 900
   vertex 1021.53 1025.66 740
  endloop
 endfacet
 facet normal -0.636881 -0.770962 0
  outer loop
   vertex 1021.53 1025.66 740
   vertex 1021.76 1025.47 900
   vertex 1021.53 1025.66 900
  endloop
 endfacet
 facet normal -0.65362 -0.756823 0
  outer loop
   vertex 1021.53 1025.66 740
   vertex 1021.53 1025.66 900
   vertex 1021.31 1025.85 740
  endloop
 endfacet
 facet normal -0.65362 -0.756823 0
  outer loop
   vertex 1021.31 1025.85 740
   vertex 1021.53 1025.66 900
   vertex 1021.31 1025.85 900
  endloop
 endfacet
 facet normal -0.616308 -0.787505 0
  outer loop
   vertex 1021.31 1025.85 740
   vertex 1021.31 1025.85 900
   vertex 1021.08 1026.03 740
  endloop
 endfacet
 facet normal -0.616308 -0.787505 0
  outer loop
   vertex 1021.08 1026.03 740
   vertex 1021.31 1025.85 900
   vertex 1021.08 1026.03 900
  endloop
 endfacet
 facet normal -0.636881 -0.770962 0
  outer loop
   vertex 1021.08 1026.03 740
   vertex 1021.08 1026.03 900
   vertex 1020.85 1026.22 740
  endloop
 endfacet
 facet normal -0.636881 -0.770962 0
  outer loop
   vertex 1020.85 1026.22 740
   vertex 1021.08 1026.03 900
   vertex 1020.85 1026.22 900
  endloop
 endfacet
 facet normal -0.616308 -0.787505 0
  outer loop
   vertex 1020.85 1026.22 740
   vertex 1020.85 1026.22 900
   vertex 1020.62 1026.4 740
  endloop
 endfacet
 facet normal -0.616308 -0.787505 0
  outer loop
   vertex 1020.62 1026.4 740
   vertex 1020.85 1026.22 900
   vertex 1020.62 1026.4 900
  endloop
 endfacet
 facet normal -0.616308 -0.787505 0
  outer loop
   vertex 1020.62 1026.4 740
   vertex 1020.62 1026.4 900
   vertex 1020.39 1026.58 740
  endloop
 endfacet
 facet normal -0.616308 -0.787505 0
  outer loop
   vertex 1020.39 1026.58 740
   vertex 1020.62 1026.4 900
   vertex 1020.39 1026.58 900
  endloop
 endfacet
 facet normal -0.594391 -0.804176 0
  outer loop
   vertex 1020.39 1026.58 740
   vertex 1020.39 1026.58 900
   vertex 1020.16 1026.75 740
  endloop
 endfacet
 facet normal -0.594391 -0.804176 0
  outer loop
   vertex 1020.16 1026.75 740
   vertex 1020.39 1026.58 900
   vertex 1020.16 1026.75 900
  endloop
 endfacet
 facet normal -0.616308 -0.787505 0
  outer loop
   vertex 1020.16 1026.75 740
   vertex 1020.16 1026.75 900
   vertex 1019.93 1026.93 740
  endloop
 endfacet
 facet normal -0.616308 -0.787505 0
  outer loop
   vertex 1019.93 1026.93 740
   vertex 1020.16 1026.75 900
   vertex 1019.93 1026.93 900
  endloop
 endfacet
 facet normal -0.578017 -0.816024 0
  outer loop
   vertex 1019.93 1026.93 740
   vertex 1019.93 1026.93 900
   vertex 1019.69 1027.1 740
  endloop
 endfacet
 facet normal -0.578017 -0.816024 0
  outer loop
   vertex 1019.69 1027.1 740
   vertex 1019.93 1026.93 900
   vertex 1019.69 1027.1 900
  endloop
 endfacet
 facet normal -0.578017 -0.816024 0
  outer loop
   vertex 1019.69 1027.1 740
   vertex 1019.69 1027.1 900
   vertex 1019.45 1027.27 740
  endloop
 endfacet
 facet normal -0.578017 -0.816024 0
  outer loop
   vertex 1019.45 1027.27 740
   vertex 1019.69 1027.1 900
   vertex 1019.45 1027.27 900
  endloop
 endfacet
 facet normal -0.594391 -0.804176 0
  outer loop
   vertex 1019.45 1027.27 740
   vertex 1019.45 1027.27 900
   vertex 1019.22 1027.44 740
  endloop
 endfacet
 facet normal -0.594391 -0.804176 0
  outer loop
   vertex 1019.22 1027.44 740
   vertex 1019.45 1027.27 900
   vertex 1019.22 1027.44 900
  endloop
 endfacet
 facet normal -0.56231 -0.826927 0
  outer loop
   vertex 1019.22 1027.44 740
   vertex 1019.22 1027.44 900
   vertex 1018.97 1027.61 740
  endloop
 endfacet
 facet normal -0.56231 -0.826927 0
  outer loop
   vertex 1018.97 1027.61 740
   vertex 1019.22 1027.44 900
   vertex 1018.97 1027.61 900
  endloop
 endfacet
 facet normal -0.5547 -0.83205 0
  outer loop
   vertex 1018.97 1027.61 740
   vertex 1018.97 1027.61 900
   vertex 1018.73 1027.77 740
  endloop
 endfacet
 facet normal -0.5547 -0.83205 0
  outer loop
   vertex 1018.73 1027.77 740
   vertex 1018.97 1027.61 900
   vertex 1018.73 1027.77 900
  endloop
 endfacet
 facet normal -0.578017 -0.816024 0
  outer loop
   vertex 1018.73 1027.77 740
   vertex 1018.73 1027.77 900
   vertex 1018.49 1027.94 740
  endloop
 endfacet
 facet normal -0.578017 -0.816024 0
  outer loop
   vertex 1018.49 1027.94 740
   vertex 1018.73 1027.77 900
   vertex 1018.49 1027.94 900
  endloop
 endfacet
 facet normal -0.514496 -0.857493 0
  outer loop
   vertex 1018.49 1027.94 740
   vertex 1018.49 1027.94 900
   vertex 1018.24 1028.09 740
  endloop
 endfacet
 facet normal -0.514496 -0.857493 0
  outer loop
   vertex 1018.24 1028.09 740
   vertex 1018.49 1027.94 900
   vertex 1018.24 1028.09 900
  endloop
 endfacet
 facet normal -0.5547 -0.83205 0
  outer loop
   vertex 1018.24 1028.09 740
   vertex 1018.24 1028.09 900
   vertex 1018 1028.25 740
  endloop
 endfacet
 facet normal -0.5547 -0.83205 0
  outer loop
   vertex 1018 1028.25 740
   vertex 1018.24 1028.09 900
   vertex 1018 1028.25 900
  endloop
 endfacet
 facet normal -0.539054 -0.842271 0
  outer loop
   vertex 1018 1028.25 740
   vertex 1018 1028.25 900
   vertex 1017.75 1028.41 740
  endloop
 endfacet
 facet normal -0.539054 -0.842271 0
  outer loop
   vertex 1017.75 1028.41 740
   vertex 1018 1028.25 900
   vertex 1017.75 1028.41 900
  endloop
 endfacet
 facet normal -0.514496 -0.857493 0
  outer loop
   vertex 1017.75 1028.41 740
   vertex 1017.75 1028.41 900
   vertex 1017.5 1028.56 740
  endloop
 endfacet
 facet normal -0.514496 -0.857493 0
  outer loop
   vertex 1017.5 1028.56 740
   vertex 1017.75 1028.41 900
   vertex 1017.5 1028.56 900
  endloop
 endfacet
 facet normal -0.514496 -0.857493 0
  outer loop
   vertex 1017.5 1028.56 740
   vertex 1017.5 1028.56 900
   vertex 1017.25 1028.71 740
  endloop
 endfacet
 facet normal -0.514496 -0.857493 0
  outer loop
   vertex 1017.25 1028.71 740
   vertex 1017.5 1028.56 900
   vertex 1017.25 1028.71 900
  endloop
 endfacet
 facet normal -0.514496 -0.857493 0
  outer loop
   vertex 1017.25 1028.71 740
   vertex 1017.25 1028.71 900
   vertex 1017 1028.86 740
  endloop
 endfacet
 facet normal -0.514496 -0.857493 0
  outer loop
   vertex 1017 1028.86 740
   vertex 1017.25 1028.71 900
   vertex 1017 1028.86 900
  endloop
 endfacet
 facet normal -0.514496 -0.857493 0
  outer loop
   vertex 1017 1028.86 740
   vertex 1017 1028.86 900
   vertex 1016.75 1029.01 740
  endloop
 endfacet
 facet normal -0.514496 -0.857493 0
  outer loop
   vertex 1016.75 1029.01 740
   vertex 1017 1028.86 900
   vertex 1016.75 1029.01 900
  endloop
 endfacet
 facet normal -0.514496 -0.857493 0
  outer loop
   vertex 1016.75 1029.01 740
   vertex 1016.75 1029.01 900
   vertex 1016.5 1029.16 740
  endloop
 endfacet
 facet normal -0.514496 -0.857493 0
  outer loop
   vertex 1016.5 1029.16 740
   vertex 1016.75 1029.01 900
   vertex 1016.5 1029.16 900
  endloop
 endfacet
 facet normal -0.4741 -0.880471 0
  outer loop
   vertex 1016.5 1029.16 740
   vertex 1016.5 1029.16 900
   vertex 1016.24 1029.3 740
  endloop
 endfacet
 facet normal -0.4741 -0.880471 0
  outer loop
   vertex 1016.24 1029.3 740
   vertex 1016.5 1029.16 900
   vertex 1016.24 1029.3 900
  endloop
 endfacet
 facet normal -0.4741 -0.880471 0
  outer loop
   vertex 1016.24 1029.3 740
   vertex 1016.24 1029.3 900
   vertex 1015.98 1029.44 740
  endloop
 endfacet
 facet normal -0.4741 -0.880471 0
  outer loop
   vertex 1015.98 1029.44 740
   vertex 1016.24 1029.3 900
   vertex 1015.98 1029.44 900
  endloop
 endfacet
 facet normal -0.488603 -0.872506 0
  outer loop
   vertex 1015.98 1029.44 740
   vertex 1015.98 1029.44 900
   vertex 1015.73 1029.58 740
  endloop
 endfacet
 facet normal -0.488603 -0.872506 0
  outer loop
   vertex 1015.73 1029.58 740
   vertex 1015.98 1029.44 900
   vertex 1015.73 1029.58 900
  endloop
 endfacet
 facet normal -0.447214 -0.894427 0
  outer loop
   vertex 1015.73 1029.58 740
   vertex 1015.73 1029.58 900
   vertex 1015.47 1029.71 740
  endloop
 endfacet
 facet normal -0.447214 -0.894427 0
  outer loop
   vertex 1015.47 1029.71 740
   vertex 1015.73 1029.58 900
   vertex 1015.47 1029.71 900
  endloop
 endfacet
 facet normal -0.4741 -0.880471 0
  outer loop
   vertex 1015.47 1029.71 740
   vertex 1015.47 1029.71 900
   vertex 1015.21 1029.85 740
  endloop
 endfacet
 facet normal -0.4741 -0.880471 0
  outer loop
   vertex 1015.21 1029.85 740
   vertex 1015.47 1029.71 900
   vertex 1015.21 1029.85 900
  endloop
 endfacet
 facet normal -0.447214 -0.894427 0
  outer loop
   vertex 1015.21 1029.85 740
   vertex 1015.21 1029.85 900
   vertex 1014.95 1029.98 740
  endloop
 endfacet
 facet normal -0.447214 -0.894427 0
  outer loop
   vertex 1014.95 1029.98 740
   vertex 1015.21 1029.85 900
   vertex 1014.95 1029.98 900
  endloop
 endfacet
 facet normal -0.433816 -0.901002 0
  outer loop
   vertex 1014.95 1029.98 740
   vertex 1014.95 1029.98 900
   vertex 1014.68 1030.11 740
  endloop
 endfacet
 facet normal -0.433816 -0.901002 0
  outer loop
   vertex 1014.68 1030.11 740
   vertex 1014.95 1029.98 900
   vertex 1014.68 1030.11 900
  endloop
 endfacet
 facet normal -0.447214 -0.894427 0
  outer loop
   vertex 1014.68 1030.11 740
   vertex 1014.68 1030.11 900
   vertex 1014.42 1030.24 740
  endloop
 endfacet
 facet normal -0.447214 -0.894427 0
  outer loop
   vertex 1014.42 1030.24 740
   vertex 1014.68 1030.11 900
   vertex 1014.42 1030.24 900
  endloop
 endfacet
 facet normal -0.419058 -0.907959 0
  outer loop
   vertex 1014.42 1030.24 740
   vertex 1014.42 1030.24 900
   vertex 1014.16 1030.36 740
  endloop
 endfacet
 facet normal -0.419058 -0.907959 0
  outer loop
   vertex 1014.16 1030.36 740
   vertex 1014.42 1030.24 900
   vertex 1014.16 1030.36 900
  endloop
 endfacet
 facet normal -0.406138 -0.913812 0
  outer loop
   vertex 1014.16 1030.36 740
   vertex 1014.16 1030.36 900
   vertex 1013.89 1030.48 740
  endloop
 endfacet
 facet normal -0.406138 -0.913812 0
  outer loop
   vertex 1013.89 1030.48 740
   vertex 1014.16 1030.36 900
   vertex 1013.89 1030.48 900
  endloop
 endfacet
 facet normal -0.419058 -0.907959 0
  outer loop
   vertex 1013.89 1030.48 740
   vertex 1013.89 1030.48 900
   vertex 1013.63 1030.6 740
  endloop
 endfacet
 facet normal -0.419058 -0.907959 0
  outer loop
   vertex 1013.63 1030.6 740
   vertex 1013.89 1030.48 900
   vertex 1013.63 1030.6 900
  endloop
 endfacet
 facet normal -0.406138 -0.913812 0
  outer loop
   vertex 1013.63 1030.6 740
   vertex 1013.63 1030.6 900
   vertex 1013.36 1030.72 740
  endloop
 endfacet
 facet normal -0.406138 -0.913812 0
  outer loop
   vertex 1013.36 1030.72 740
   vertex 1013.63 1030.6 900
   vertex 1013.36 1030.72 900
  endloop
 endfacet
 facet normal -0.406138 -0.913812 0
  outer loop
   vertex 1013.36 1030.72 740
   vertex 1013.36 1030.72 900
   vertex 1013.09 1030.84 740
  endloop
 endfacet
 facet normal -0.406138 -0.913812 0
  outer loop
   vertex 1013.09 1030.84 740
   vertex 1013.36 1030.72 900
   vertex 1013.09 1030.84 900
  endloop
 endfacet
 facet normal -0.377297 -0.926092 0
  outer loop
   vertex 1013.09 1030.84 740
   vertex 1013.09 1030.84 900
   vertex 1012.82 1030.95 740
  endloop
 endfacet
 facet normal -0.377297 -0.926092 0
  outer loop
   vertex 1012.82 1030.95 740
   vertex 1013.09 1030.84 900
   vertex 1012.82 1030.95 900
  endloop
 endfacet
 facet normal -0.377297 -0.926092 0
  outer loop
   vertex 1012.82 1030.95 740
   vertex 1012.82 1030.95 900
   vertex 1012.55 1031.06 740
  endloop
 endfacet
 facet normal -0.377297 -0.926092 0
  outer loop
   vertex 1012.55 1031.06 740
   vertex 1012.82 1030.95 900
   vertex 1012.55 1031.06 900
  endloop
 endfacet
 facet normal -0.377297 -0.926092 0
  outer loop
   vertex 1012.55 1031.06 740
   vertex 1012.55 1031.06 900
   vertex 1012.28 1031.17 740
  endloop
 endfacet
 facet normal -0.377297 -0.926092 0
  outer loop
   vertex 1012.28 1031.17 740
   vertex 1012.55 1031.06 900
   vertex 1012.28 1031.17 900
  endloop
 endfacet
 facet normal -0.377297 -0.926092 0
  outer loop
   vertex 1012.28 1031.17 740
   vertex 1012.28 1031.17 900
   vertex 1012.01 1031.28 740
  endloop
 endfacet
 facet normal -0.377297 -0.926092 0
  outer loop
   vertex 1012.01 1031.28 740
   vertex 1012.28 1031.17 900
   vertex 1012.01 1031.28 900
  endloop
 endfacet
 facet normal -0.336336 -0.941742 0
  outer loop
   vertex 1012.01 1031.28 740
   vertex 1012.01 1031.28 900
   vertex 1011.73 1031.38 740
  endloop
 endfacet
 facet normal -0.336336 -0.941742 0
  outer loop
   vertex 1011.73 1031.38 740
   vertex 1012.01 1031.28 900
   vertex 1011.73 1031.38 900
  endloop
 endfacet
 facet normal -0.347314 -0.937749 0
  outer loop
   vertex 1011.73 1031.38 740
   vertex 1011.73 1031.38 900
   vertex 1011.46 1031.48 740
  endloop
 endfacet
 facet normal -0.347314 -0.937749 0
  outer loop
   vertex 1011.46 1031.48 740
   vertex 1011.73 1031.38 900
   vertex 1011.46 1031.48 900
  endloop
 endfacet
 facet normal -0.336336 -0.941742 0
  outer loop
   vertex 1011.46 1031.48 740
   vertex 1011.46 1031.48 900
   vertex 1011.18 1031.58 740
  endloop
 endfacet
 facet normal -0.336336 -0.941742 0
  outer loop
   vertex 1011.18 1031.58 740
   vertex 1011.46 1031.48 900
   vertex 1011.18 1031.58 900
  endloop
 endfacet
 facet normal -0.347314 -0.937749 0
  outer loop
   vertex 1011.18 1031.58 740
   vertex 1011.18 1031.58 900
   vertex 1010.91 1031.68 740
  endloop
 endfacet
 facet normal -0.347314 -0.937749 0
  outer loop
   vertex 1010.91 1031.68 740
   vertex 1011.18 1031.58 900
   vertex 1010.91 1031.68 900
  endloop
 endfacet
 facet normal -0.306009 -0.952029 0
  outer loop
   vertex 1010.91 1031.68 740
   vertex 1010.91 1031.68 900
   vertex 1010.63 1031.77 740
  endloop
 endfacet
 facet normal -0.306009 -0.952029 0
  outer loop
   vertex 1010.63 1031.77 740
   vertex 1010.91 1031.68 900
   vertex 1010.63 1031.77 900
  endloop
 endfacet
 facet normal -0.306009 -0.952029 0
  outer loop
   vertex 1010.63 1031.77 740
   vertex 1010.63 1031.77 900
   vertex 1010.35 1031.86 740
  endloop
 endfacet
 facet normal -0.306009 -0.952029 0
  outer loop
   vertex 1010.35 1031.86 740
   vertex 1010.63 1031.77 900
   vertex 1010.35 1031.86 900
  endloop
 endfacet
 facet normal -0.306009 -0.952029 0
  outer loop
   vertex 1010.35 1031.86 740
   vertex 1010.35 1031.86 900
   vertex 1010.07 1031.95 740
  endloop
 endfacet
 facet normal -0.306009 -0.952029 0
  outer loop
   vertex 1010.07 1031.95 740
   vertex 1010.35 1031.86 900
   vertex 1010.07 1031.95 900
  endloop
 endfacet
 facet normal -0.306009 -0.952029 0
  outer loop
   vertex 1010.07 1031.95 740
   vertex 1010.07 1031.95 900
   vertex 1009.79 1032.04 740
  endloop
 endfacet
 facet normal -0.306009 -0.952029 0
  outer loop
   vertex 1009.79 1032.04 740
   vertex 1010.07 1031.95 900
   vertex 1009.79 1032.04 900
  endloop
 endfacet
 facet normal -0.284088 -0.958798 0
  outer loop
   vertex 1009.79 1032.04 740
   vertex 1009.79 1032.04 900
   vertex 1009.52 1032.12 740
  endloop
 endfacet
 facet normal -0.284088 -0.958798 0
  outer loop
   vertex 1009.52 1032.12 740
   vertex 1009.79 1032.04 900
   vertex 1009.52 1032.12 900
  endloop
 endfacet
 facet normal -0.265929 -0.963993 0
  outer loop
   vertex 1009.52 1032.12 740
   vertex 1009.52 1032.12 900
   vertex 1009.23 1032.2 740
  endloop
 endfacet
 facet normal -0.265929 -0.963993 0
  outer loop
   vertex 1009.23 1032.2 740
   vertex 1009.52 1032.12 900
   vertex 1009.23 1032.2 900
  endloop
 endfacet
 facet normal -0.274721 -0.961524 0
  outer loop
   vertex 1009.23 1032.2 740
   vertex 1009.23 1032.2 900
   vertex 1008.95 1032.28 740
  endloop
 endfacet
 facet normal -0.274721 -0.961524 0
  outer loop
   vertex 1008.95 1032.28 740
   vertex 1009.23 1032.2 900
   vertex 1008.95 1032.28 900
  endloop
 endfacet
 facet normal -0.274721 -0.961524 0
  outer loop
   vertex 1008.95 1032.28 740
   vertex 1008.95 1032.28 900
   vertex 1008.67 1032.36 740
  endloop
 endfacet
 facet normal -0.274721 -0.961524 0
  outer loop
   vertex 1008.67 1032.36 740
   vertex 1008.95 1032.28 900
   vertex 1008.67 1032.36 900
  endloop
 endfacet
 facet normal -0.242536 -0.970143 0
  outer loop
   vertex 1008.67 1032.36 740
   vertex 1008.67 1032.36 900
   vertex 1008.39 1032.43 740
  endloop
 endfacet
 facet normal -0.242536 -0.970143 0
  outer loop
   vertex 1008.39 1032.43 740
   vertex 1008.67 1032.36 900
   vertex 1008.39 1032.43 900
  endloop
 endfacet
 facet normal -0.265929 -0.963993 0
  outer loop
   vertex 1008.39 1032.43 740
   vertex 1008.39 1032.43 900
   vertex 1008.1 1032.51 740
  endloop
 endfacet
 facet normal -0.265929 -0.963993 0
  outer loop
   vertex 1008.1 1032.51 740
   vertex 1008.39 1032.43 900
   vertex 1008.1 1032.51 900
  endloop
 endfacet
 facet normal -0.618425 0.785844 0
  outer loop
   vertex 1020.62 973.602 740
   vertex 1020.62 973.602 900
   vertex 1020.85 973.783 740
  endloop
 endfacet
 facet normal -0.618425 0.785844 0
  outer loop
   vertex 1020.85 973.783 740
   vertex 1020.62 973.602 900
   vertex 1020.85 973.783 900
  endloop
 endfacet
 facet normal -0.622618 0.782526 0
  outer loop
   vertex 1020.85 973.783 740
   vertex 1020.85 973.783 900
   vertex 1021.08 973.966 740
  endloop
 endfacet
 facet normal -0.622618 0.782526 0
  outer loop
   vertex 1021.08 973.966 740
   vertex 1020.85 973.783 900
   vertex 1021.08 973.966 900
  endloop
 endfacet
 facet normal -0.626759 0.779213 0
  outer loop
   vertex 1021.08 973.966 740
   vertex 1021.08 973.966 900
   vertex 1021.31 974.151 740
  endloop
 endfacet
 facet normal -0.626759 0.779213 0
  outer loop
   vertex 1021.31 974.151 740
   vertex 1021.08 973.966 900
   vertex 1021.31 974.151 900
  endloop
 endfacet
 facet normal -0.647648 0.761939 0
  outer loop
   vertex 1021.31 974.151 740
   vertex 1021.31 974.151 900
   vertex 1021.53 974.338 740
  endloop
 endfacet
 facet normal -0.647648 0.761939 0
  outer loop
   vertex 1021.53 974.338 740
   vertex 1021.31 974.151 900
   vertex 1021.53 974.338 900
  endloop
 endfacet
 facet normal -0.632871 0.774257 0
  outer loop
   vertex 1021.53 974.338 740
   vertex 1021.53 974.338 900
   vertex 1021.76 974.526 740
  endloop
 endfacet
 facet normal -0.632871 0.774257 0
  outer loop
   vertex 1021.76 974.526 740
   vertex 1021.53 974.338 900
   vertex 1021.76 974.526 900
  endloop
 endfacet
 facet normal -0.655584 0.755123 0
  outer loop
   vertex 1021.76 974.526 740
   vertex 1021.76 974.526 900
   vertex 1021.98 974.717 740
  endloop
 endfacet
 facet normal -0.655584 0.755123 0
  outer loop
   vertex 1021.98 974.717 740
   vertex 1021.76 974.526 900
   vertex 1021.98 974.717 900
  endloop
 endfacet
 facet normal -0.659472 0.751729 0
  outer loop
   vertex 1021.98 974.717 740
   vertex 1021.98 974.717 900
   vertex 1022.2 974.91 740
  endloop
 endfacet
 facet normal -0.659472 0.751729 0
  outer loop
   vertex 1022.2 974.91 740
   vertex 1021.98 974.717 900
   vertex 1022.2 974.91 900
  endloop
 endfacet
 facet normal -0.663308 0.748347 0
  outer loop
   vertex 1022.2 974.91 740
   vertex 1022.2 974.91 900
   vertex 1022.42 975.105 740
  endloop
 endfacet
 facet normal -0.663308 0.748347 0
  outer loop
   vertex 1022.42 975.105 740
   vertex 1022.2 974.91 900
   vertex 1022.42 975.105 900
  endloop
 endfacet
 facet normal -0.682318 0.731055 0
  outer loop
   vertex 1022.42 975.105 740
   vertex 1022.42 975.105 900
   vertex 1022.63 975.301 740
  endloop
 endfacet
 facet normal -0.682318 0.731055 0
  outer loop
   vertex 1022.63 975.301 740
   vertex 1022.42 975.105 900
   vertex 1022.63 975.301 900
  endloop
 endfacet
 facet normal -0.670825 0.741616 0
  outer loop
   vertex 1022.63 975.301 740
   vertex 1022.63 975.301 900
   vertex 1022.85 975.5 740
  endloop
 endfacet
 facet normal -0.670825 0.741616 0
  outer loop
   vertex 1022.85 975.5 740
   vertex 1022.63 975.301 900
   vertex 1022.85 975.5 900
  endloop
 endfacet
 facet normal -0.689655 0.724138 0
  outer loop
   vertex 1022.85 975.5 740
   vertex 1022.85 975.5 900
   vertex 1023.06 975.7 740
  endloop
 endfacet
 facet normal -0.689655 0.724138 0
  outer loop
   vertex 1023.06 975.7 740
   vertex 1022.85 975.5 900
   vertex 1023.06 975.7 900
  endloop
 endfacet
 facet normal -0.693246 0.720701 0
  outer loop
   vertex 1023.06 975.7 740
   vertex 1023.06 975.7 900
   vertex 1023.27 975.902 740
  endloop
 endfacet
 facet normal -0.693246 0.720701 0
  outer loop
   vertex 1023.27 975.902 740
   vertex 1023.06 975.7 900
   vertex 1023.27 975.902 900
  endloop
 endfacet
 facet normal -0.696786 0.717279 0
  outer loop
   vertex 1023.27 975.902 740
   vertex 1023.27 975.902 900
   vertex 1023.48 976.106 740
  endloop
 endfacet
 facet normal -0.696786 0.717279 0
  outer loop
   vertex 1023.48 976.106 740
   vertex 1023.27 975.902 900
   vertex 1023.48 976.106 900
  endloop
 endfacet
 facet normal -0.700275 0.713873 0
  outer loop
   vertex 1023.48 976.106 740
   vertex 1023.48 976.106 900
   vertex 1023.69 976.312 740
  endloop
 endfacet
 facet normal -0.700275 0.713873 0
  outer loop
   vertex 1023.69 976.312 740
   vertex 1023.48 976.106 900
   vertex 1023.69 976.312 900
  endloop
 endfacet
 facet normal -0.719162 0.694842 0
  outer loop
   vertex 1023.69 976.312 740
   vertex 1023.69 976.312 900
   vertex 1023.89 976.519 740
  endloop
 endfacet
 facet normal -0.719162 0.694842 0
  outer loop
   vertex 1023.89 976.519 740
   vertex 1023.69 976.312 900
   vertex 1023.89 976.519 900
  endloop
 endfacet
 facet normal -0.707107 0.707107 0
  outer loop
   vertex 1023.89 976.519 740
   vertex 1023.89 976.519 900
   vertex 1024.1 976.729 740
  endloop
 endfacet
 facet normal -0.707107 0.707107 0
  outer loop
   vertex 1024.1 976.729 740
   vertex 1023.89 976.519 900
   vertex 1024.1 976.729 900
  endloop
 endfacet
 facet normal -0.725772 0.687935 0
  outer loop
   vertex 1024.1 976.729 740
   vertex 1024.1 976.729 900
   vertex 1024.3 976.94 740
  endloop
 endfacet
 facet normal -0.725772 0.687935 0
  outer loop
   vertex 1024.3 976.94 740
   vertex 1024.1 976.729 900
   vertex 1024.3 976.94 900
  endloop
 endfacet
 facet normal -0.729003 0.68451 0
  outer loop
   vertex 1024.3 976.94 740
   vertex 1024.3 976.94 900
   vertex 1024.5 977.153 740
  endloop
 endfacet
 facet normal -0.729003 0.68451 0
  outer loop
   vertex 1024.5 977.153 740
   vertex 1024.3 976.94 900
   vertex 1024.5 977.153 900
  endloop
 endfacet
 facet normal -0.732187 0.681104 0
  outer loop
   vertex 1024.5 977.153 740
   vertex 1024.5 977.153 900
   vertex 1024.7 977.368 740
  endloop
 endfacet
 facet normal -0.732187 0.681104 0
  outer loop
   vertex 1024.7 977.368 740
   vertex 1024.5 977.153 900
   vertex 1024.7 977.368 900
  endloop
 endfacet
 facet normal -0.733761 0.679408 0
  outer loop
   vertex 1024.7 977.368 740
   vertex 1024.7 977.368 900
   vertex 1024.9 977.584 740
  endloop
 endfacet
 facet normal -0.733761 0.679408 0
  outer loop
   vertex 1024.9 977.584 740
   vertex 1024.7 977.368 900
   vertex 1024.9 977.584 900
  endloop
 endfacet
 facet normal -0.753861 0.657034 0
  outer loop
   vertex 1024.9 977.584 740
   vertex 1024.9 977.584 900
   vertex 1025.09 977.802 740
  endloop
 endfacet
 facet normal -0.753861 0.657034 0
  outer loop
   vertex 1025.09 977.802 740
   vertex 1024.9 977.584 900
   vertex 1025.09 977.802 900
  endloop
 endfacet
 facet normal -0.756823 0.65362 0
  outer loop
   vertex 1025.09 977.802 740
   vertex 1025.09 977.802 900
   vertex 1025.28 978.022 740
  endloop
 endfacet
 facet normal -0.756823 0.65362 0
  outer loop
   vertex 1025.28 978.022 740
   vertex 1025.09 977.802 900
   vertex 1025.28 978.022 900
  endloop
 endfacet
 facet normal -0.75974 0.650228 0
  outer loop
   vertex 1025.28 978.022 740
   vertex 1025.28 978.022 900
   vertex 1025.47 978.244 740
  endloop
 endfacet
 facet normal -0.75974 0.650228 0
  outer loop
   vertex 1025.47 978.244 740
   vertex 1025.28 978.022 900
   vertex 1025.47 978.244 900
  endloop
 endfacet
 facet normal -0.761181 0.64854 0
  outer loop
   vertex 1025.47 978.244 740
   vertex 1025.47 978.244 900
   vertex 1025.66 978.467 740
  endloop
 endfacet
 facet normal -0.761181 0.64854 0
  outer loop
   vertex 1025.66 978.467 740
   vertex 1025.47 978.244 900
   vertex 1025.66 978.467 900
  endloop
 endfacet
 facet normal -0.762611 0.646857 0
  outer loop
   vertex 1025.66 978.467 740
   vertex 1025.66 978.467 900
   vertex 1025.85 978.691 740
  endloop
 endfacet
 facet normal -0.762611 0.646857 0
  outer loop
   vertex 1025.85 978.691 740
   vertex 1025.66 978.467 900
   vertex 1025.85 978.691 900
  endloop
 endfacet
 facet normal -0.783556 0.621322 0
  outer loop
   vertex 1025.85 978.691 740
   vertex 1025.85 978.691 900
   vertex 1026.03 978.918 740
  endloop
 endfacet
 facet normal -0.783556 0.621322 0
  outer loop
   vertex 1026.03 978.918 740
   vertex 1025.85 978.691 900
   vertex 1026.03 978.918 900
  endloop
 endfacet
 facet normal -0.768221 0.640184 0
  outer loop
   vertex 1026.03 978.918 740
   vertex 1026.03 978.918 900
   vertex 1026.22 979.146 740
  endloop
 endfacet
 facet normal -0.768221 0.640184 0
  outer loop
   vertex 1026.22 979.146 740
   vertex 1026.03 978.918 900
   vertex 1026.22 979.146 900
  endloop
 endfacet
 facet normal -0.786199 0.617973 0
  outer loop
   vertex 1026.22 979.146 740
   vertex 1026.22 979.146 900
   vertex 1026.4 979.375 740
  endloop
 endfacet
 facet normal -0.786199 0.617973 0
  outer loop
   vertex 1026.4 979.375 740
   vertex 1026.22 979.146 900
   vertex 1026.4 979.375 900
  endloop
 endfacet
 facet normal -0.790085 0.612997 0
  outer loop
   vertex 1026.4 979.375 740
   vertex 1026.4 979.375 900
   vertex 1026.58 979.607 740
  endloop
 endfacet
 facet normal -0.790085 0.612997 0
  outer loop
   vertex 1026.58 979.607 740
   vertex 1026.4 979.375 900
   vertex 1026.58 979.607 900
  endloop
 endfacet
 facet normal -0.806626 0.591062 0
  outer loop
   vertex 1026.58 979.607 740
   vertex 1026.58 979.607 900
   vertex 1026.75 979.839 740
  endloop
 endfacet
 facet normal -0.806626 0.591062 0
  outer loop
   vertex 1026.75 979.839 740
   vertex 1026.58 979.607 900
   vertex 1026.75 979.839 900
  endloop
 endfacet
 facet normal -0.792624 0.609711 0
  outer loop
   vertex 1026.75 979.839 740
   vertex 1026.75 979.839 900
   vertex 1026.93 980.073 740
  endloop
 endfacet
 facet normal -0.792624 0.609711 0
  outer loop
   vertex 1026.93 980.073 740
   vertex 1026.75 979.839 900
   vertex 1026.93 980.073 900
  endloop
 endfacet
 facet normal -0.811404 0.584486 0
  outer loop
   vertex 1026.93 980.073 740
   vertex 1026.93 980.073 900
   vertex 1027.1 980.309 740
  endloop
 endfacet
 facet normal -0.811404 0.584486 0
  outer loop
   vertex 1027.1 980.309 740
   vertex 1026.93 980.073 900
   vertex 1027.1 980.309 900
  endloop
 endfacet
 facet normal -0.813733 0.581238 0
  outer loop
   vertex 1027.1 980.309 740
   vertex 1027.1 980.309 900
   vertex 1027.27 980.547 740
  endloop
 endfacet
 facet normal -0.813733 0.581238 0
  outer loop
   vertex 1027.27 980.547 740
   vertex 1027.1 980.309 900
   vertex 1027.27 980.547 900
  endloop
 endfacet
 facet normal -0.813733 0.581238 0
  outer loop
   vertex 1027.27 980.547 740
   vertex 1027.27 980.547 900
   vertex 1027.44 980.785 740
  endloop
 endfacet
 facet normal -0.813733 0.581238 0
  outer loop
   vertex 1027.44 980.785 740
   vertex 1027.27 980.547 900
   vertex 1027.44 980.785 900
  endloop
 endfacet
 facet normal -0.816024 0.578017 0
  outer loop
   vertex 1027.44 980.785 740
   vertex 1027.44 980.785 900
   vertex 1027.61 981.025 740
  endloop
 endfacet
 facet normal -0.816024 0.578017 0
  outer loop
   vertex 1027.61 981.025 740
   vertex 1027.44 980.785 900
   vertex 1027.61 981.025 900
  endloop
 endfacet
 facet normal -0.834165 0.551514 0
  outer loop
   vertex 1027.61 981.025 740
   vertex 1027.61 981.025 900
   vertex 1027.77 981.267 740
  endloop
 endfacet
 facet normal -0.834165 0.551514 0
  outer loop
   vertex 1027.77 981.267 740
   vertex 1027.61 981.025 900
   vertex 1027.77 981.267 900
  endloop
 endfacet
 facet normal -0.81939 0.573236 0
  outer loop
   vertex 1027.77 981.267 740
   vertex 1027.77 981.267 900
   vertex 1027.94 981.51 740
  endloop
 endfacet
 facet normal -0.81939 0.573236 0
  outer loop
   vertex 1027.94 981.51 740
   vertex 1027.77 981.267 900
   vertex 1027.94 981.51 900
  endloop
 endfacet
 facet normal -0.852851 0.522154 0
  outer loop
   vertex 1027.94 981.51 740
   vertex 1027.94 981.51 900
   vertex 1028.09 981.755 740
  endloop
 endfacet
 facet normal -0.852851 0.522154 0
  outer loop
   vertex 1028.09 981.755 740
   vertex 1027.94 981.51 900
   vertex 1028.09 981.755 900
  endloop
 endfacet
 facet normal -0.837271 0.546789 0
  outer loop
   vertex 1028.09 981.755 740
   vertex 1028.09 981.755 900
   vertex 1028.25 982 740
  endloop
 endfacet
 facet normal -0.837271 0.546789 0
  outer loop
   vertex 1028.25 982 740
   vertex 1028.09 981.755 900
   vertex 1028.25 982 900
  endloop
 endfacet
 facet normal -0.840297 0.542127 0
  outer loop
   vertex 1028.25 982 740
   vertex 1028.25 982 900
   vertex 1028.41 982.248 740
  endloop
 endfacet
 facet normal -0.840297 0.542127 0
  outer loop
   vertex 1028.41 982.248 740
   vertex 1028.25 982 900
   vertex 1028.41 982.248 900
  endloop
 endfacet
 facet normal -0.855661 0.517537 0
  outer loop
   vertex 1028.41 982.248 740
   vertex 1028.41 982.248 900
   vertex 1028.56 982.496 740
  endloop
 endfacet
 facet normal -0.855661 0.517537 0
  outer loop
   vertex 1028.56 982.496 740
   vertex 1028.41 982.248 900
   vertex 1028.56 982.496 900
  endloop
 endfacet
 facet normal -0.857493 0.514496 0
  outer loop
   vertex 1028.56 982.496 740
   vertex 1028.56 982.496 900
   vertex 1028.71 982.746 740
  endloop
 endfacet
 facet normal -0.857493 0.514496 0
  outer loop
   vertex 1028.71 982.746 740
   vertex 1028.56 982.496 900
   vertex 1028.71 982.746 900
  endloop
 endfacet
 facet normal -0.858397 0.512986 0
  outer loop
   vertex 1028.71 982.746 740
   vertex 1028.71 982.746 900
   vertex 1028.86 982.997 740
  endloop
 endfacet
 facet normal -0.858397 0.512986 0
  outer loop
   vertex 1028.86 982.997 740
   vertex 1028.71 982.746 900
   vertex 1028.86 982.997 900
  endloop
 endfacet
 facet normal -0.860181 0.509989 0
  outer loop
   vertex 1028.86 982.997 740
   vertex 1028.86 982.997 900
   vertex 1029.01 983.25 740
  endloop
 endfacet
 facet normal -0.860181 0.509989 0
  outer loop
   vertex 1029.01 983.25 740
   vertex 1028.86 982.997 900
   vertex 1029.01 983.25 900
  endloop
 endfacet
 facet normal -0.861061 0.508501 0
  outer loop
   vertex 1029.01 983.25 740
   vertex 1029.01 983.25 900
   vertex 1029.16 983.504 740
  endloop
 endfacet
 facet normal -0.861061 0.508501 0
  outer loop
   vertex 1029.16 983.504 740
   vertex 1029.01 983.25 900
   vertex 1029.16 983.504 900
  endloop
 endfacet
 facet normal -0.876579 0.481259 0
  outer loop
   vertex 1029.16 983.504 740
   vertex 1029.16 983.504 900
   vertex 1029.3 983.759 740
  endloop
 endfacet
 facet normal -0.876579 0.481259 0
  outer loop
   vertex 1029.3 983.759 740
   vertex 1029.16 983.504 900
   vertex 1029.3 983.759 900
  endloop
 endfacet
 facet normal -0.877371 0.479812 0
  outer loop
   vertex 1029.3 983.759 740
   vertex 1029.3 983.759 900
   vertex 1029.44 984.015 740
  endloop
 endfacet
 facet normal -0.877371 0.479812 0
  outer loop
   vertex 1029.44 984.015 740
   vertex 1029.3 983.759 900
   vertex 1029.44 984.015 900
  endloop
 endfacet
 facet normal -0.878935 0.476941 0
  outer loop
   vertex 1029.44 984.015 740
   vertex 1029.44 984.015 900
   vertex 1029.58 984.273 740
  endloop
 endfacet
 facet normal -0.878935 0.476941 0
  outer loop
   vertex 1029.58 984.273 740
   vertex 1029.44 984.015 900
   vertex 1029.58 984.273 900
  endloop
 endfacet
 facet normal -0.893038 0.449981 0
  outer loop
   vertex 1029.58 984.273 740
   vertex 1029.58 984.273 900
   vertex 1029.71 984.531 740
  endloop
 endfacet
 facet normal -0.893038 0.449981 0
  outer loop
   vertex 1029.71 984.531 740
   vertex 1029.58 984.273 900
   vertex 1029.71 984.531 900
  endloop
 endfacet
 facet normal -0.880471 0.4741 0
  outer loop
   vertex 1029.71 984.531 740
   vertex 1029.71 984.531 900
   vertex 1029.85 984.791 740
  endloop
 endfacet
 facet normal -0.880471 0.4741 0
  outer loop
   vertex 1029.85 984.791 740
   vertex 1029.71 984.531 900
   vertex 1029.85 984.791 900
  endloop
 endfacet
 facet normal -0.895112 0.445841 0
  outer loop
   vertex 1029.85 984.791 740
   vertex 1029.85 984.791 900
   vertex 1029.98 985.052 740
  endloop
 endfacet
 facet normal -0.895112 0.445841 0
  outer loop
   vertex 1029.98 985.052 740
   vertex 1029.85 984.791 900
   vertex 1029.98 985.052 900
  endloop
 endfacet
 facet normal -0.896463 0.443119 0
  outer loop
   vertex 1029.98 985.052 740
   vertex 1029.98 985.052 900
   vertex 1030.11 985.315 740
  endloop
 endfacet
 facet normal -0.896463 0.443119 0
  outer loop
   vertex 1030.11 985.315 740
   vertex 1029.98 985.052 900
   vertex 1030.11 985.315 900
  endloop
 endfacet
 facet normal -0.896463 0.443119 0
  outer loop
   vertex 1030.11 985.315 740
   vertex 1030.11 985.315 900
   vertex 1030.24 985.578 740
  endloop
 endfacet
 facet normal -0.896463 0.443119 0
  outer loop
   vertex 1030.24 985.578 740
   vertex 1030.11 985.315 900
   vertex 1030.24 985.578 900
  endloop
 endfacet
 facet normal -0.910366 0.413803 0
  outer loop
   vertex 1030.24 985.578 740
   vertex 1030.24 985.578 900
   vertex 1030.36 985.842 740
  endloop
 endfacet
 facet normal -0.910366 0.413803 0
  outer loop
   vertex 1030.36 985.842 740
   vertex 1030.24 985.578 900
   vertex 1030.36 985.842 900
  endloop
 endfacet
 facet normal -0.911536 0.411219 0
  outer loop
   vertex 1030.36 985.842 740
   vertex 1030.36 985.842 900
   vertex 1030.48 986.108 740
  endloop
 endfacet
 facet normal -0.911536 0.411219 0
  outer loop
   vertex 1030.48 986.108 740
   vertex 1030.36 985.842 900
   vertex 1030.48 986.108 900
  endloop
 endfacet
 facet normal -0.911536 0.411219 0
  outer loop
   vertex 1030.48 986.108 740
   vertex 1030.48 986.108 900
   vertex 1030.6 986.374 740
  endloop
 endfacet
 facet normal -0.911536 0.411219 0
  outer loop
   vertex 1030.6 986.374 740
   vertex 1030.48 986.108 900
   vertex 1030.6 986.374 900
  endloop
 endfacet
 facet normal -0.912685 0.408665 0
  outer loop
   vertex 1030.6 986.374 740
   vertex 1030.6 986.374 900
   vertex 1030.72 986.642 740
  endloop
 endfacet
 facet normal -0.912685 0.408665 0
  outer loop
   vertex 1030.72 986.642 740
   vertex 1030.6 986.374 900
   vertex 1030.72 986.642 900
  endloop
 endfacet
 facet normal -0.913251 0.407398 0
  outer loop
   vertex 1030.72 986.642 740
   vertex 1030.72 986.642 900
   vertex 1030.84 986.911 740
  endloop
 endfacet
 facet normal -0.913251 0.407398 0
  outer loop
   vertex 1030.84 986.911 740
   vertex 1030.72 986.642 900
   vertex 1030.84 986.911 900
  endloop
 endfacet
 facet normal -0.925602 0.378499 0
  outer loop
   vertex 1030.84 986.911 740
   vertex 1030.84 986.911 900
   vertex 1030.95 987.18 740
  endloop
 endfacet
 facet normal -0.925602 0.378499 0
  outer loop
   vertex 1030.95 987.18 740
   vertex 1030.84 986.911 900
   vertex 1030.95 987.18 900
  endloop
 endfacet
 facet normal -0.926578 0.376102 0
  outer loop
   vertex 1030.95 987.18 740
   vertex 1030.95 987.18 900
   vertex 1031.06 987.451 740
  endloop
 endfacet
 facet normal -0.926578 0.376102 0
  outer loop
   vertex 1031.06 987.451 740
   vertex 1030.95 987.18 900
   vertex 1031.06 987.451 900
  endloop
 endfacet
 facet normal -0.926578 0.376102 0
  outer loop
   vertex 1031.06 987.451 740
   vertex 1031.06 987.451 900
   vertex 1031.17 987.722 740
  endloop
 endfacet
 facet normal -0.926578 0.376102 0
  outer loop
   vertex 1031.17 987.722 740
   vertex 1031.06 987.451 900
   vertex 1031.17 987.722 900
  endloop
 endfacet
 facet normal -0.927536 0.373733 0
  outer loop
   vertex 1031.17 987.722 740
   vertex 1031.17 987.722 900
   vertex 1031.28 987.995 740
  endloop
 endfacet
 facet normal -0.927536 0.373733 0
  outer loop
   vertex 1031.28 987.995 740
   vertex 1031.17 987.722 900
   vertex 1031.28 987.995 900
  endloop
 endfacet
 facet normal -0.938987 0.343951 0
  outer loop
   vertex 1031.28 987.995 740
   vertex 1031.28 987.995 900
   vertex 1031.38 988.268 740
  endloop
 endfacet
 facet normal -0.938987 0.343951 0
  outer loop
   vertex 1031.38 988.268 740
   vertex 1031.28 987.995 900
   vertex 1031.38 988.268 900
  endloop
 endfacet
 facet normal -0.939392 0.342844 0
  outer loop
   vertex 1031.38 988.268 740
   vertex 1031.38 988.268 900
   vertex 1031.48 988.542 740
  endloop
 endfacet
 facet normal -0.939392 0.342844 0
  outer loop
   vertex 1031.48 988.542 740
   vertex 1031.38 988.268 900
   vertex 1031.48 988.542 900
  endloop
 endfacet
 facet normal -0.940191 0.340649 0
  outer loop
   vertex 1031.48 988.542 740
   vertex 1031.48 988.542 900
   vertex 1031.58 988.818 740
  endloop
 endfacet
 facet normal -0.940191 0.340649 0
  outer loop
   vertex 1031.58 988.818 740
   vertex 1031.48 988.542 900
   vertex 1031.58 988.818 900
  endloop
 endfacet
 facet normal -0.940191 0.340649 0
  outer loop
   vertex 1031.58 988.818 740
   vertex 1031.58 988.818 900
   vertex 1031.68 989.094 740
  endloop
 endfacet
 facet normal -0.940191 0.340649 0
  outer loop
   vertex 1031.68 989.094 740
   vertex 1031.58 988.818 900
   vertex 1031.68 989.094 900
  endloop
 endfacet
 facet normal -0.95073 0.310021 0
  outer loop
   vertex 1031.68 989.094 740
   vertex 1031.68 989.094 900
   vertex 1031.77 989.37 740
  endloop
 endfacet
 facet normal -0.95073 0.310021 0
  outer loop
   vertex 1031.77 989.37 740
   vertex 1031.68 989.094 900
   vertex 1031.77 989.37 900
  endloop
 endfacet
 facet normal -0.951386 0.308003 0
  outer loop
   vertex 1031.77 989.37 740
   vertex 1031.77 989.37 900
   vertex 1031.86 989.648 740
  endloop
 endfacet
 facet normal -0.951386 0.308003 0
  outer loop
   vertex 1031.86 989.648 740
   vertex 1031.77 989.37 900
   vertex 1031.86 989.648 900
  endloop
 endfacet
 facet normal -0.951386 0.308003 0
  outer loop
   vertex 1031.86 989.648 740
   vertex 1031.86 989.648 900
   vertex 1031.95 989.926 740
  endloop
 endfacet
 facet normal -0.951386 0.308003 0
  outer loop
   vertex 1031.95 989.926 740
   vertex 1031.86 989.648 900
   vertex 1031.95 989.926 900
  endloop
 endfacet
 facet normal -0.952029 0.306009 0
  outer loop
   vertex 1031.95 989.926 740
   vertex 1031.95 989.926 900
   vertex 1032.04 990.206 740
  endloop
 endfacet
 facet normal -0.952029 0.306009 0
  outer loop
   vertex 1032.04 990.206 740
   vertex 1031.95 989.926 900
   vertex 1032.04 990.206 900
  endloop
 endfacet
 facet normal -0.961263 0.275631 0
  outer loop
   vertex 1032.04 990.206 740
   vertex 1032.04 990.206 900
   vertex 1032.12 990.485 740
  endloop
 endfacet
 facet normal -0.961263 0.275631 0
  outer loop
   vertex 1032.12 990.485 740
   vertex 1032.04 990.206 900
   vertex 1032.12 990.485 900
  endloop
 endfacet
 facet normal -0.961782 0.273817 0
  outer loop
   vertex 1032.12 990.485 740
   vertex 1032.12 990.485 900
   vertex 1032.2 990.766 740
  endloop
 endfacet
 facet normal -0.961782 0.273817 0
  outer loop
   vertex 1032.2 990.766 740
   vertex 1032.12 990.485 900
   vertex 1032.2 990.766 900
  endloop
 endfacet
 facet normal -0.961782 0.273817 0
  outer loop
   vertex 1032.2 990.766 740
   vertex 1032.2 990.766 900
   vertex 1032.28 991.047 740
  endloop
 endfacet
 facet normal -0.961782 0.273817 0
  outer loop
   vertex 1032.28 991.047 740
   vertex 1032.2 990.766 900
   vertex 1032.28 991.047 900
  endloop
 endfacet
 facet normal -0.96229 0.272025 0
  outer loop
   vertex 1032.28 991.047 740
   vertex 1032.28 991.047 900
   vertex 1032.36 991.33 740
  endloop
 endfacet
 facet normal -0.96229 0.272025 0
  outer loop
   vertex 1032.36 991.33 740
   vertex 1032.28 991.047 900
   vertex 1032.36 991.33 900
  endloop
 endfacet
 facet normal -0.970546 0.240916 0
  outer loop
   vertex 1032.36 991.33 740
   vertex 1032.36 991.33 900
   vertex 1032.43 991.612 740
  endloop
 endfacet
 facet normal -0.970546 0.240916 0
  outer loop
   vertex 1032.43 991.612 740
   vertex 1032.36 991.33 900
   vertex 1032.43 991.612 900
  endloop
 endfacet
 facet normal -0.96254 0.271138 0
  outer loop
   vertex 1032.43 991.612 740
   vertex 1032.43 991.612 900
   vertex 1032.51 991.896 740
  endloop
 endfacet
 facet normal -0.96254 0.271138 0
  outer loop
   vertex 1032.51 991.896 740
   vertex 1032.43 991.612 900
   vertex 1032.51 991.896 900
  endloop
 endfacet
 facet normal -0.978403 0.206705 0
  outer loop
   vertex 1032.51 991.896 740
   vertex 1032.51 991.896 900
   vertex 1032.57 992.18 740
  endloop
 endfacet
 facet normal -0.978403 0.206705 0
  outer loop
   vertex 1032.57 992.18 740
   vertex 1032.51 991.896 900
   vertex 1032.57 992.18 900
  endloop
 endfacet
 facet normal -0.970942 0.239317 0
  outer loop
   vertex 1032.57 992.18 740
   vertex 1032.57 992.18 900
   vertex 1032.64 992.464 740
  endloop
 endfacet
 facet normal -0.970942 0.239317 0
  outer loop
   vertex 1032.64 992.464 740
   vertex 1032.57 992.18 900
   vertex 1032.64 992.464 900
  endloop
 endfacet
 facet normal -0.971136 0.238525 0
  outer loop
   vertex 1032.64 992.464 740
   vertex 1032.64 992.464 900
   vertex 1032.71 992.749 740
  endloop
 endfacet
 facet normal -0.971136 0.238525 0
  outer loop
   vertex 1032.71 992.749 740
   vertex 1032.64 992.464 900
   vertex 1032.71 992.749 900
  endloop
 endfacet
 facet normal -0.978695 0.205321 0
  outer loop
   vertex 1032.71 992.749 740
   vertex 1032.71 992.749 900
   vertex 1032.77 993.035 740
  endloop
 endfacet
 facet normal -0.978695 0.205321 0
  outer loop
   vertex 1032.77 993.035 740
   vertex 1032.71 992.749 900
   vertex 1032.77 993.035 900
  endloop
 endfacet
 facet normal -0.978695 0.205321 0
  outer loop
   vertex 1032.77 993.035 740
   vertex 1032.77 993.035 900
   vertex 1032.83 993.321 740
  endloop
 endfacet
 facet normal -0.978695 0.205321 0
  outer loop
   vertex 1032.83 993.321 740
   vertex 1032.77 993.035 900
   vertex 1032.83 993.321 900
  endloop
 endfacet
 facet normal -0.978838 0.204635 0
  outer loop
   vertex 1032.83 993.321 740
   vertex 1032.83 993.321 900
   vertex 1032.89 993.608 740
  endloop
 endfacet
 facet normal -0.978838 0.204635 0
  outer loop
   vertex 1032.89 993.608 740
   vertex 1032.83 993.321 900
   vertex 1032.89 993.608 900
  endloop
 endfacet
 facet normal -0.985161 0.171631 0
  outer loop
   vertex 1032.89 993.608 740
   vertex 1032.89 993.608 900
   vertex 1032.94 993.895 740
  endloop
 endfacet
 facet normal -0.985161 0.171631 0
  outer loop
   vertex 1032.94 993.895 740
   vertex 1032.89 993.608 900
   vertex 1032.94 993.895 900
  endloop
 endfacet
 facet normal -0.985262 0.171052 0
  outer loop
   vertex 1032.94 993.895 740
   vertex 1032.94 993.895 900
   vertex 1032.99 994.183 740
  endloop
 endfacet
 facet normal -0.985262 0.171052 0
  outer loop
   vertex 1032.99 994.183 740
   vertex 1032.94 993.895 900
   vertex 1032.99 994.183 900
  endloop
 endfacet
 facet normal -0.985262 0.171052 0
  outer loop
   vertex 1032.99 994.183 740
   vertex 1032.99 994.183 900
   vertex 1033.04 994.471 740
  endloop
 endfacet
 facet normal -0.985262 0.171052 0
  outer loop
   vertex 1033.04 994.471 740
   vertex 1032.99 994.183 900
   vertex 1033.04 994.471 900
  endloop
 endfacet
 facet normal -0.985262 0.171052 0
  outer loop
   vertex 1033.04 994.471 740
   vertex 1033.04 994.471 900
   vertex 1033.09 994.759 740
  endloop
 endfacet
 facet normal -0.985262 0.171052 0
  outer loop
   vertex 1033.09 994.759 740
   vertex 1033.04 994.471 900
   vertex 1033.09 994.759 900
  endloop
 endfacet
 facet normal -0.990557 0.137101 0
  outer loop
   vertex 1033.09 994.759 740
   vertex 1033.09 994.759 900
   vertex 1033.13 995.048 740
  endloop
 endfacet
 facet normal -0.990557 0.137101 0
  outer loop
   vertex 1033.13 995.048 740
   vertex 1033.09 994.759 900
   vertex 1033.13 995.048 900
  endloop
 endfacet
 facet normal -0.990621 0.136637 0
  outer loop
   vertex 1033.13 995.048 740
   vertex 1033.13 995.048 900
   vertex 1033.17 995.338 740
  endloop
 endfacet
 facet normal -0.990621 0.136637 0
  outer loop
   vertex 1033.17 995.338 740
   vertex 1033.13 995.048 900
   vertex 1033.17 995.338 900
  endloop
 endfacet
 facet normal -0.990557 0.137101 0
  outer loop
   vertex 1033.17 995.338 740
   vertex 1033.17 995.338 900
   vertex 1033.21 995.627 740
  endloop
 endfacet
 facet normal -0.990557 0.137101 0
  outer loop
   vertex 1033.21 995.627 740
   vertex 1033.17 995.338 900
   vertex 1033.21 995.627 900
  endloop
 endfacet
 facet normal -0.990621 0.136637 0
  outer loop
   vertex 1033.21 995.627 740
   vertex 1033.21 995.627 900
   vertex 1033.25 995.917 740
  endloop
 endfacet
 facet normal -0.990621 0.136637 0
  outer loop
   vertex 1033.25 995.917 740
   vertex 1033.21 995.627 900
   vertex 1033.25 995.917 900
  endloop
 endfacet
 facet normal -0.990685 0.136177 0
  outer loop
   vertex 1033.25 995.917 740
   vertex 1033.25 995.917 900
   vertex 1033.29 996.208 740
  endloop
 endfacet
 facet normal -0.990685 0.136177 0
  outer loop
   vertex 1033.29 996.208 740
   vertex 1033.25 995.917 900
   vertex 1033.29 996.208 900
  endloop
 endfacet
 facet normal -0.994692 0.102899 0
  outer loop
   vertex 1033.29 996.208 740
   vertex 1033.29 996.208 900
   vertex 1033.32 996.498 740
  endloop
 endfacet
 facet normal -0.994692 0.102899 0
  outer loop
   vertex 1033.32 996.498 740
   vertex 1033.29 996.208 900
   vertex 1033.32 996.498 900
  endloop
 endfacet
 facet normal -0.994728 0.102549 0
  outer loop
   vertex 1033.32 996.498 740
   vertex 1033.32 996.498 900
   vertex 1033.35 996.789 740
  endloop
 endfacet
 facet normal -0.994728 0.102549 0
  outer loop
   vertex 1033.35 996.789 740
   vertex 1033.32 996.498 900
   vertex 1033.35 996.789 900
  endloop
 endfacet
 facet normal -0.997647 0.0685668 0
  outer loop
   vertex 1033.35 996.789 740
   vertex 1033.35 996.789 900
   vertex 1033.37 997.08 740
  endloop
 endfacet
 facet normal -0.997647 0.0685668 0
  outer loop
   vertex 1033.37 997.08 740
   vertex 1033.35 996.789 900
   vertex 1033.37 997.08 900
  endloop
 endfacet
 facet normal -0.994764 0.102202 0
  outer loop
   vertex 1033.37 997.08 740
   vertex 1033.37 997.08 900
   vertex 1033.4 997.372 740
  endloop
 endfacet
 facet normal -0.994764 0.102202 0
  outer loop
   vertex 1033.4 997.372 740
   vertex 1033.37 997.08 900
   vertex 1033.4 997.372 900
  endloop
 endfacet
 facet normal -0.997647 0.0685668 0
  outer loop
   vertex 1033.4 997.372 740
   vertex 1033.4 997.372 900
   vertex 1033.42 997.663 740
  endloop
 endfacet
 facet normal -0.997647 0.0685668 0
  outer loop
   vertex 1033.42 997.663 740
   vertex 1033.4 997.372 900
   vertex 1033.42 997.663 900
  endloop
 endfacet
 facet normal -0.997663 0.0683331 0
  outer loop
   vertex 1033.42 997.663 740
   vertex 1033.42 997.663 900
   vertex 1033.44 997.955 740
  endloop
 endfacet
 facet normal -0.997663 0.0683331 0
  outer loop
   vertex 1033.44 997.955 740
   vertex 1033.42 997.663 900
   vertex 1033.44 997.955 900
  endloop
 endfacet
 facet normal -0.999414 0.0342265 0
  outer loop
   vertex 1033.44 997.955 740
   vertex 1033.44 997.955 900
   vertex 1033.45 998.247 740
  endloop
 endfacet
 facet normal -0.999414 0.0342265 0
  outer loop
   vertex 1033.45 998.247 740
   vertex 1033.44 997.955 900
   vertex 1033.45 998.247 900
  endloop
 endfacet
 facet normal -0.997663 0.0683331 0
  outer loop
   vertex 1033.45 998.247 740
   vertex 1033.45 998.247 900
   vertex 1033.47 998.539 740
  endloop
 endfacet
 facet normal -0.997663 0.0683331 0
  outer loop
   vertex 1033.47 998.539 740
   vertex 1033.45 998.247 900
   vertex 1033.47 998.539 900
  endloop
 endfacet
 facet normal -0.999414 0.0342265 0
  outer loop
   vertex 1033.47 998.539 740
   vertex 1033.47 998.539 900
   vertex 1033.48 998.831 740
  endloop
 endfacet
 facet normal -0.999414 0.0342265 0
  outer loop
   vertex 1033.48 998.831 740
   vertex 1033.47 998.539 900
   vertex 1033.48 998.831 900
  endloop
 endfacet
 facet normal -0.999414 0.0342265 0
  outer loop
   vertex 1033.48 998.831 740
   vertex 1033.48 998.831 900
   vertex 1033.49 999.123 740
  endloop
 endfacet
 facet normal -0.999414 0.0342265 0
  outer loop
   vertex 1033.49 999.123 740
   vertex 1033.48 998.831 900
   vertex 1033.49 999.123 900
  endloop
 endfacet
 facet normal -1 0 0
  outer loop
   vertex 1033.49 999.123 740
   vertex 1033.49 999.123 900
   vertex 1033.49 999.415 740
  endloop
 endfacet
 facet normal -1 0 0
  outer loop
   vertex 1033.49 999.415 740
   vertex 1033.49 999.123 900
   vertex 1033.49 999.415 900
  endloop
 endfacet
 facet normal -0.999418 0.0341098 0
  outer loop
   vertex 1033.49 999.415 740
   vertex 1033.49 999.415 900
   vertex 1033.5 999.708 740
  endloop
 endfacet
 facet normal -0.999418 0.0341098 0
  outer loop
   vertex 1033.5 999.708 740
   vertex 1033.49 999.415 900
   vertex 1033.5 999.708 900
  endloop
 endfacet
 facet normal -1 0 0
  outer loop
   vertex 1033.5 999.708 740
   vertex 1033.5 999.708 900
   vertex 1033.5 1000 740
  endloop
 endfacet
 facet normal -1 0 0
  outer loop
   vertex 1033.5 1000 740
   vertex 1033.5 999.708 900
   vertex 1033.5 1000 900
  endloop
 endfacet
 facet normal -1 0 0
  outer loop
   vertex 1033.5 1000 740
   vertex 1033.5 1000 900
   vertex 1033.5 1000.29 740
  endloop
 endfacet
 facet normal -1 0 0
  outer loop
   vertex 1033.5 1000.29 740
   vertex 1033.5 1000 900
   vertex 1033.5 1000.29 900
  endloop
 endfacet
 facet normal -0.999445 -0.0333148 0
  outer loop
   vertex 1033.5 1000.29 740
   vertex 1033.5 1000.29 900
   vertex 1033.49 1000.59 740
  endloop
 endfacet
 facet normal -0.999445 -0.0333148 0
  outer loop
   vertex 1033.49 1000.59 740
   vertex 1033.5 1000.29 900
   vertex 1033.49 1000.59 900
  endloop
 endfacet
 facet normal -1 0 0
  outer loop
   vertex 1033.49 1000.59 740
   vertex 1033.49 1000.59 900
   vertex 1033.49 1000.88 740
  endloop
 endfacet
 facet normal -1 0 0
  outer loop
   vertex 1033.49 1000.88 740
   vertex 1033.49 1000.59 900
   vertex 1033.49 1000.88 900
  endloop
 endfacet
 facet normal -0.999406 -0.0344623 0
  outer loop
   vertex 1033.49 1000.88 740
   vertex 1033.49 1000.88 900
   vertex 1033.48 1001.17 740
  endloop
 endfacet
 facet normal -0.999406 -0.0344623 0
  outer loop
   vertex 1033.48 1001.17 740
   vertex 1033.49 1000.88 900
   vertex 1033.48 1001.17 900
  endloop
 endfacet
 facet normal -0.999406 -0.0344623 0
  outer loop
   vertex 1033.48 1001.17 740
   vertex 1033.48 1001.17 900
   vertex 1033.47 1001.46 740
  endloop
 endfacet
 facet normal -0.999406 -0.0344623 0
  outer loop
   vertex 1033.47 1001.46 740
   vertex 1033.48 1001.17 900
   vertex 1033.47 1001.46 900
  endloop
 endfacet
 facet normal -0.99763 -0.0688021 0
  outer loop
   vertex 1033.47 1001.46 740
   vertex 1033.47 1001.46 900
   vertex 1033.45 1001.75 740
  endloop
 endfacet
 facet normal -0.99763 -0.0688021 0
  outer loop
   vertex 1033.45 1001.75 740
   vertex 1033.47 1001.46 900
   vertex 1033.45 1001.75 900
  endloop
 endfacet
 facet normal -0.999406 -0.0344623 0
  outer loop
   vertex 1033.45 1001.75 740
   vertex 1033.45 1001.75 900
   vertex 1033.44 1002.04 740
  endloop
 endfacet
 facet normal -0.999406 -0.0344623 0
  outer loop
   vertex 1033.44 1002.04 740
   vertex 1033.45 1001.75 900
   vertex 1033.44 1002.04 900
  endloop
 endfacet
 facet normal -0.997785 -0.066519 0
  outer loop
   vertex 1033.44 1002.04 740
   vertex 1033.44 1002.04 900
   vertex 1033.42 1002.34 740
  endloop
 endfacet
 facet normal -0.997785 -0.066519 0
  outer loop
   vertex 1033.42 1002.34 740
   vertex 1033.44 1002.04 900
   vertex 1033.42 1002.34 900
  endloop
 endfacet
 facet normal -0.99763 -0.0688021 0
  outer loop
   vertex 1033.42 1002.34 740
   vertex 1033.42 1002.34 900
   vertex 1033.4 1002.63 740
  endloop
 endfacet
 facet normal -0.99763 -0.0688021 0
  outer loop
   vertex 1033.4 1002.63 740
   vertex 1033.42 1002.34 900
   vertex 1033.4 1002.63 900
  endloop
 endfacet
 facet normal -0.994692 -0.102899 0
  outer loop
   vertex 1033.4 1002.63 740
   vertex 1033.4 1002.63 900
   vertex 1033.37 1002.92 740
  endloop
 endfacet
 facet normal -0.994692 -0.102899 0
  outer loop
   vertex 1033.37 1002.92 740
   vertex 1033.4 1002.63 900
   vertex 1033.37 1002.92 900
  endloop
 endfacet
 facet normal -0.99763 -0.0688021 0
  outer loop
   vertex 1033.37 1002.92 740
   vertex 1033.37 1002.92 900
   vertex 1033.35 1003.21 740
  endloop
 endfacet
 facet normal -0.99763 -0.0688021 0
  outer loop
   vertex 1033.35 1003.21 740
   vertex 1033.37 1002.92 900
   vertex 1033.35 1003.21 900
  endloop
 endfacet
 facet normal -0.994692 -0.102899 0
  outer loop
   vertex 1033.35 1003.21 740
   vertex 1033.35 1003.21 900
   vertex 1033.32 1003.5 740
  endloop
 endfacet
 facet normal -0.994692 -0.102899 0
  outer loop
   vertex 1033.32 1003.5 740
   vertex 1033.35 1003.21 900
   vertex 1033.32 1003.5 900
  endloop
 endfacet
 facet normal -0.994692 -0.102899 0
  outer loop
   vertex 1033.32 1003.5 740
   vertex 1033.32 1003.5 900
   vertex 1033.29 1003.79 740
  endloop
 endfacet
 facet normal -0.994692 -0.102899 0
  outer loop
   vertex 1033.29 1003.79 740
   vertex 1033.32 1003.5 900
   vertex 1033.29 1003.79 900
  endloop
 endfacet
 facet normal -0.990621 -0.136637 0
  outer loop
   vertex 1033.29 1003.79 740
   vertex 1033.29 1003.79 900
   vertex 1033.25 1004.08 740
  endloop
 endfacet
 facet normal -0.990621 -0.136637 0
  outer loop
   vertex 1033.25 1004.08 740
   vertex 1033.29 1003.79 900
   vertex 1033.25 1004.08 900
  endloop
 endfacet
 facet normal -0.990621 -0.136637 0
  outer loop
   vertex 1033.25 1004.08 740
   vertex 1033.25 1004.08 900
   vertex 1033.21 1004.37 740
  endloop
 endfacet
 facet normal -0.990621 -0.136637 0
  outer loop
   vertex 1033.21 1004.37 740
   vertex 1033.25 1004.08 900
   vertex 1033.21 1004.37 900
  endloop
 endfacet
 facet normal -0.990621 -0.136637 0
  outer loop
   vertex 1033.21 1004.37 740
   vertex 1033.21 1004.37 900
   vertex 1033.17 1004.66 740
  endloop
 endfacet
 facet normal -0.990621 -0.136637 0
  outer loop
   vertex 1033.17 1004.66 740
   vertex 1033.21 1004.37 900
   vertex 1033.17 1004.66 900
  endloop
 endfacet
 facet normal -0.990621 -0.136637 0
  outer loop
   vertex 1033.17 1004.66 740
   vertex 1033.17 1004.66 900
   vertex 1033.13 1004.95 740
  endloop
 endfacet
 facet normal -0.990621 -0.136637 0
  outer loop
   vertex 1033.13 1004.95 740
   vertex 1033.17 1004.66 900
   vertex 1033.13 1004.95 900
  endloop
 endfacet
 facet normal -0.990621 -0.136637 0
  outer loop
   vertex 1033.13 1004.95 740
   vertex 1033.13 1004.95 900
   vertex 1033.09 1005.24 740
  endloop
 endfacet
 facet normal -0.990621 -0.136637 0
  outer loop
   vertex 1033.09 1005.24 740
   vertex 1033.13 1004.95 900
   vertex 1033.09 1005.24 900
  endloop
 endfacet
 facet normal -0.98546 -0.169907 0
  outer loop
   vertex 1033.09 1005.24 740
   vertex 1033.09 1005.24 900
   vertex 1033.04 1005.53 740
  endloop
 endfacet
 facet normal -0.98546 -0.169907 0
  outer loop
   vertex 1033.04 1005.53 740
   vertex 1033.09 1005.24 900
   vertex 1033.04 1005.53 900
  endloop
 endfacet
 facet normal -0.98546 -0.169907 0
  outer loop
   vertex 1033.04 1005.53 740
   vertex 1033.04 1005.53 900
   vertex 1032.99 1005.82 740
  endloop
 endfacet
 facet normal -0.98546 -0.169907 0
  outer loop
   vertex 1032.99 1005.82 740
   vertex 1033.04 1005.53 900
   vertex 1032.99 1005.82 900
  endloop
 endfacet
 facet normal -0.984428 -0.175791 0
  outer loop
   vertex 1032.99 1005.82 740
   vertex 1032.99 1005.82 900
   vertex 1032.94 1006.1 740
  endloop
 endfacet
 facet normal -0.984428 -0.175791 0
  outer loop
   vertex 1032.94 1006.1 740
   vertex 1032.99 1005.82 900
   vertex 1032.94 1006.1 900
  endloop
 endfacet
 facet normal -0.98546 -0.169907 0
  outer loop
   vertex 1032.94 1006.1 740
   vertex 1032.94 1006.1 900
   vertex 1032.89 1006.39 740
  endloop
 endfacet
 facet normal -0.98546 -0.169907 0
  outer loop
   vertex 1032.89 1006.39 740
   vertex 1032.94 1006.1 900
   vertex 1032.89 1006.39 900
  endloop
 endfacet
 facet normal -0.97926 -0.202606 0
  outer loop
   vertex 1032.89 1006.39 740
   vertex 1032.89 1006.39 900
   vertex 1032.83 1006.68 740
  endloop
 endfacet
 facet normal -0.97926 -0.202606 0
  outer loop
   vertex 1032.83 1006.68 740
   vertex 1032.89 1006.39 900
   vertex 1032.83 1006.68 900
  endloop
 endfacet
 facet normal -0.97926 -0.202606 0
  outer loop
   vertex 1032.83 1006.68 740
   vertex 1032.83 1006.68 900
   vertex 1032.77 1006.97 740
  endloop
 endfacet
 facet normal -0.97926 -0.202606 0
  outer loop
   vertex 1032.77 1006.97 740
   vertex 1032.83 1006.68 900
   vertex 1032.77 1006.97 900
  endloop
 endfacet
 facet normal 0.434845 0.900505 -0
  outer loop
   vertex 985.315 969.89 740
   vertex 985.315 969.89 900
   vertex 985.578 969.763 740
  endloop
 endfacet
 facet normal 0.434845 0.900505 -0
  outer loop
   vertex 985.578 969.763 740
   vertex 985.315 969.89 900
   vertex 985.578 969.763 900
  endloop
 endfacet
 facet normal 0.425136 0.905129 -0
  outer loop
   vertex 985.578 969.763 740
   vertex 985.578 969.763 900
   vertex 985.842 969.639 740
  endloop
 endfacet
 facet normal 0.425136 0.905129 -0
  outer loop
   vertex 985.842 969.639 740
   vertex 985.578 969.763 900
   vertex 985.842 969.639 900
  endloop
 endfacet
 facet normal 0.419707 0.90766 -0
  outer loop
   vertex 985.842 969.639 740
   vertex 985.842 969.639 900
   vertex 986.108 969.516 740
  endloop
 endfacet
 facet normal 0.419707 0.90766 -0
  outer loop
   vertex 986.108 969.516 740
   vertex 985.842 969.639 900
   vertex 986.108 969.516 900
  endloop
 endfacet
 facet normal 0.411219 0.911536 -0
  outer loop
   vertex 986.108 969.516 740
   vertex 986.108 969.516 900
   vertex 986.374 969.396 740
  endloop
 endfacet
 facet normal 0.411219 0.911536 -0
  outer loop
   vertex 986.374 969.396 740
   vertex 986.108 969.516 900
   vertex 986.374 969.396 900
  endloop
 endfacet
 facet normal 0.400101 0.916471 -0
  outer loop
   vertex 986.374 969.396 740
   vertex 986.374 969.396 900
   vertex 986.642 969.279 740
  endloop
 endfacet
 facet normal 0.400101 0.916471 -0
  outer loop
   vertex 986.642 969.279 740
   vertex 986.374 969.396 900
   vertex 986.642 969.279 900
  endloop
 endfacet
 facet normal 0.395978 0.91826 -0
  outer loop
   vertex 986.642 969.279 740
   vertex 986.642 969.279 900
   vertex 986.911 969.163 740
  endloop
 endfacet
 facet normal 0.395978 0.91826 -0
  outer loop
   vertex 986.911 969.163 740
   vertex 986.642 969.279 900
   vertex 986.911 969.163 900
  endloop
 endfacet
 facet normal 0.387291 0.921958 -0
  outer loop
   vertex 986.911 969.163 740
   vertex 986.911 969.163 900
   vertex 987.18 969.05 740
  endloop
 endfacet
 facet normal 0.387291 0.921958 -0
  outer loop
   vertex 987.18 969.05 740
   vertex 986.911 969.163 900
   vertex 987.18 969.05 900
  endloop
 endfacet
 facet normal 0.379032 0.925384 -0
  outer loop
   vertex 987.18 969.05 740
   vertex 987.18 969.05 900
   vertex 987.451 968.939 740
  endloop
 endfacet
 facet normal 0.379032 0.925384 -0
  outer loop
   vertex 987.451 968.939 740
   vertex 987.18 969.05 900
   vertex 987.451 968.939 900
  endloop
 endfacet
 facet normal 0.370208 0.928949 -0
  outer loop
   vertex 987.451 968.939 740
   vertex 987.451 968.939 900
   vertex 987.722 968.831 740
  endloop
 endfacet
 facet normal 0.370208 0.928949 -0
  outer loop
   vertex 987.722 968.831 740
   vertex 987.451 968.939 900
   vertex 987.722 968.831 900
  endloop
 endfacet
 facet normal 0.361952 0.932197 -0
  outer loop
   vertex 987.722 968.831 740
   vertex 987.722 968.831 900
   vertex 987.995 968.725 740
  endloop
 endfacet
 facet normal 0.361952 0.932197 -0
  outer loop
   vertex 987.995 968.725 740
   vertex 987.722 968.831 900
   vertex 987.995 968.725 900
  endloop
 endfacet
 facet normal 0.353001 0.935623 -0
  outer loop
   vertex 987.995 968.725 740
   vertex 987.995 968.725 900
   vertex 988.268 968.622 740
  endloop
 endfacet
 facet normal 0.353001 0.935623 -0
  outer loop
   vertex 988.268 968.622 740
   vertex 987.995 968.725 900
   vertex 988.268 968.622 900
  endloop
 endfacet
 facet normal 0.348873 0.93717 -0
  outer loop
   vertex 988.268 968.622 740
   vertex 988.268 968.622 900
   vertex 988.542 968.52 740
  endloop
 endfacet
 facet normal 0.348873 0.93717 -0
  outer loop
   vertex 988.542 968.52 740
   vertex 988.268 968.622 900
   vertex 988.542 968.52 900
  endloop
 endfacet
 facet normal 0.334605 0.942358 -0
  outer loop
   vertex 988.542 968.52 740
   vertex 988.542 968.52 900
   vertex 988.818 968.422 740
  endloop
 endfacet
 facet normal 0.334605 0.942358 -0
  outer loop
   vertex 988.818 968.422 740
   vertex 988.542 968.52 900
   vertex 988.818 968.422 900
  endloop
 endfacet
 facet normal 0.331568 0.943431 -0
  outer loop
   vertex 988.818 968.422 740
   vertex 988.818 968.422 900
   vertex 989.094 968.325 740
  endloop
 endfacet
 facet normal 0.331568 0.943431 -0
  outer loop
   vertex 989.094 968.325 740
   vertex 988.818 968.422 900
   vertex 989.094 968.325 900
  endloop
 endfacet
 facet normal 0.322395 0.946605 -0
  outer loop
   vertex 989.094 968.325 740
   vertex 989.094 968.325 900
   vertex 989.37 968.231 740
  endloop
 endfacet
 facet normal 0.322395 0.946605 -0
  outer loop
   vertex 989.37 968.231 740
   vertex 989.094 968.325 900
   vertex 989.37 968.231 900
  endloop
 endfacet
 facet normal 0.311095 0.950379 -0
  outer loop
   vertex 989.37 968.231 740
   vertex 989.37 968.231 900
   vertex 989.648 968.14 740
  endloop
 endfacet
 facet normal 0.311095 0.950379 -0
  outer loop
   vertex 989.648 968.14 740
   vertex 989.37 968.231 900
   vertex 989.648 968.14 900
  endloop
 endfacet
 facet normal 0.308003 0.951386 -0
  outer loop
   vertex 989.648 968.14 740
   vertex 989.648 968.14 900
   vertex 989.926 968.05 740
  endloop
 endfacet
 facet normal 0.308003 0.951386 -0
  outer loop
   vertex 989.926 968.05 740
   vertex 989.648 968.14 900
   vertex 989.926 968.05 900
  endloop
 endfacet
 facet normal 0.293606 0.955927 -0
  outer loop
   vertex 989.926 968.05 740
   vertex 989.926 968.05 900
   vertex 990.206 967.964 740
  endloop
 endfacet
 facet normal 0.293606 0.955927 -0
  outer loop
   vertex 990.206 967.964 740
   vertex 989.926 968.05 900
   vertex 990.206 967.964 900
  endloop
 endfacet
 facet normal 0.288292 0.957542 -0
  outer loop
   vertex 990.206 967.964 740
   vertex 990.206 967.964 900
   vertex 990.485 967.88 740
  endloop
 endfacet
 facet normal 0.288292 0.957542 -0
  outer loop
   vertex 990.485 967.88 740
   vertex 990.206 967.964 900
   vertex 990.485 967.88 900
  endloop
 endfacet
 facet normal 0.280131 0.959962 -0
  outer loop
   vertex 990.485 967.88 740
   vertex 990.485 967.88 900
   vertex 990.766 967.798 740
  endloop
 endfacet
 facet normal 0.280131 0.959962 -0
  outer loop
   vertex 990.766 967.798 740
   vertex 990.485 967.88 900
   vertex 990.766 967.798 900
  endloop
 endfacet
 facet normal 0.273817 0.961782 -0
  outer loop
   vertex 990.766 967.798 740
   vertex 990.766 967.798 900
   vertex 991.047 967.718 740
  endloop
 endfacet
 facet normal 0.273817 0.961782 -0
  outer loop
   vertex 991.047 967.718 740
   vertex 990.766 967.798 900
   vertex 991.047 967.718 900
  endloop
 endfacet
 facet normal 0.26254 0.964921 -0
  outer loop
   vertex 991.047 967.718 740
   vertex 991.047 967.718 900
   vertex 991.33 967.641 740
  endloop
 endfacet
 facet normal 0.26254 0.964921 -0
  outer loop
   vertex 991.33 967.641 740
   vertex 991.047 967.718 900
   vertex 991.33 967.641 900
  endloop
 endfacet
 facet normal 0.253818 0.967252 -0
  outer loop
   vertex 991.33 967.641 740
   vertex 991.33 967.641 900
   vertex 991.612 967.567 740
  endloop
 endfacet
 facet normal 0.253818 0.967252 -0
  outer loop
   vertex 991.612 967.567 740
   vertex 991.33 967.641 900
   vertex 991.612 967.567 900
  endloop
 endfacet
 facet normal 0.245747 0.969334 -0
  outer loop
   vertex 991.612 967.567 740
   vertex 991.612 967.567 900
   vertex 991.896 967.495 740
  endloop
 endfacet
 facet normal 0.245747 0.969334 -0
  outer loop
   vertex 991.896 967.495 740
   vertex 991.612 967.567 900
   vertex 991.896 967.495 900
  endloop
 endfacet
 facet normal 0.23609 0.971731 -0
  outer loop
   vertex 991.896 967.495 740
   vertex 991.896 967.495 900
   vertex 992.18 967.426 740
  endloop
 endfacet
 facet normal 0.23609 0.971731 -0
  outer loop
   vertex 992.18 967.426 740
   vertex 991.896 967.495 900
   vertex 992.18 967.426 900
  endloop
 endfacet
 facet normal 0.229612 0.973282 -0
  outer loop
   vertex 992.18 967.426 740
   vertex 992.18 967.426 900
   vertex 992.464 967.359 740
  endloop
 endfacet
 facet normal 0.229612 0.973282 -0
  outer loop
   vertex 992.464 967.359 740
   vertex 992.18 967.426 900
   vertex 992.464 967.359 900
  endloop
 endfacet
 facet normal 0.22236 0.974965 -0
  outer loop
   vertex 992.464 967.359 740
   vertex 992.464 967.359 900
   vertex 992.749 967.294 740
  endloop
 endfacet
 facet normal 0.22236 0.974965 -0
  outer loop
   vertex 992.749 967.294 740
   vertex 992.464 967.359 900
   vertex 992.749 967.294 900
  endloop
 endfacet
 facet normal 0.211862 0.9773 -0
  outer loop
   vertex 992.749 967.294 740
   vertex 992.749 967.294 900
   vertex 993.035 967.232 740
  endloop
 endfacet
 facet normal 0.211862 0.9773 -0
  outer loop
   vertex 993.035 967.232 740
   vertex 992.749 967.294 900
   vertex 993.035 967.232 900
  endloop
 endfacet
 facet normal 0.205321 0.978695 -0
  outer loop
   vertex 993.035 967.232 740
   vertex 993.035 967.232 900
   vertex 993.321 967.172 740
  endloop
 endfacet
 facet normal 0.205321 0.978695 -0
  outer loop
   vertex 993.321 967.172 740
   vertex 993.035 967.232 900
   vertex 993.321 967.172 900
  endloop
 endfacet
 facet normal 0.194802 0.980843 -0
  outer loop
   vertex 993.321 967.172 740
   vertex 993.321 967.172 900
   vertex 993.608 967.115 740
  endloop
 endfacet
 facet normal 0.194802 0.980843 -0
  outer loop
   vertex 993.608 967.115 740
   vertex 993.321 967.172 900
   vertex 993.608 967.115 900
  endloop
 endfacet
 facet normal 0.184909 0.982756 -0
  outer loop
   vertex 993.608 967.115 740
   vertex 993.608 967.115 900
   vertex 993.895 967.061 740
  endloop
 endfacet
 facet normal 0.184909 0.982756 -0
  outer loop
   vertex 993.895 967.061 740
   vertex 993.608 967.115 900
   vertex 993.895 967.061 900
  endloop
 endfacet
 facet normal 0.177683 0.984088 -0
  outer loop
   vertex 993.895 967.061 740
   vertex 993.895 967.061 900
   vertex 994.183 967.009 740
  endloop
 endfacet
 facet normal 0.177683 0.984088 -0
  outer loop
   vertex 994.183 967.009 740
   vertex 993.895 967.061 900
   vertex 994.183 967.009 900
  endloop
 endfacet
 facet normal 0.171052 0.985262 -0
  outer loop
   vertex 994.183 967.009 740
   vertex 994.183 967.009 900
   vertex 994.471 966.959 740
  endloop
 endfacet
 facet normal 0.171052 0.985262 -0
  outer loop
   vertex 994.471 966.959 740
   vertex 994.183 967.009 900
   vertex 994.471 966.959 900
  endloop
 endfacet
 facet normal 0.161064 0.986944 -0
  outer loop
   vertex 994.471 966.959 740
   vertex 994.471 966.959 900
   vertex 994.759 966.912 740
  endloop
 endfacet
 facet normal 0.161064 0.986944 -0
  outer loop
   vertex 994.759 966.912 740
   vertex 994.471 966.959 900
   vertex 994.759 966.912 900
  endloop
 endfacet
 facet normal 0.150515 0.988608 -0
  outer loop
   vertex 994.759 966.912 740
   vertex 994.759 966.912 900
   vertex 995.048 966.868 740
  endloop
 endfacet
 facet normal 0.150515 0.988608 -0
  outer loop
   vertex 995.048 966.868 740
   vertex 994.759 966.912 900
   vertex 995.048 966.868 900
  endloop
 endfacet
 facet normal 0.143332 0.989675 -0
  outer loop
   vertex 995.048 966.868 740
   vertex 995.048 966.868 900
   vertex 995.338 966.826 740
  endloop
 endfacet
 facet normal 0.143332 0.989675 -0
  outer loop
   vertex 995.338 966.826 740
   vertex 995.048 966.868 900
   vertex 995.338 966.826 900
  endloop
 endfacet
 facet normal 0.133736 0.991017 -0
  outer loop
   vertex 995.338 966.826 740
   vertex 995.338 966.826 900
   vertex 995.627 966.787 740
  endloop
 endfacet
 facet normal 0.133736 0.991017 -0
  outer loop
   vertex 995.627 966.787 740
   vertex 995.338 966.826 900
   vertex 995.627 966.787 900
  endloop
 endfacet
 facet normal 0.12656 0.991959 -0
  outer loop
   vertex 995.627 966.787 740
   vertex 995.627 966.787 900
   vertex 995.917 966.75 740
  endloop
 endfacet
 facet normal 0.12656 0.991959 -0
  outer loop
   vertex 995.917 966.75 740
   vertex 995.627 966.787 900
   vertex 995.917 966.75 900
  endloop
 endfacet
 facet normal 0.119414 0.992845 -0
  outer loop
   vertex 995.917 966.75 740
   vertex 995.917 966.75 900
   vertex 996.208 966.715 740
  endloop
 endfacet
 facet normal 0.119414 0.992845 -0
  outer loop
   vertex 996.208 966.715 740
   vertex 995.917 966.75 900
   vertex 996.208 966.715 900
  endloop
 endfacet
 facet normal 0.109679 0.993967 -0
  outer loop
   vertex 996.208 966.715 740
   vertex 996.208 966.715 900
   vertex 996.498 966.683 740
  endloop
 endfacet
 facet normal 0.109679 0.993967 -0
  outer loop
   vertex 996.498 966.683 740
   vertex 996.208 966.715 900
   vertex 996.498 966.683 900
  endloop
 endfacet
 facet normal 0.0991652 0.995071 -0
  outer loop
   vertex 996.498 966.683 740
   vertex 996.498 966.683 900
   vertex 996.789 966.654 740
  endloop
 endfacet
 facet normal 0.0991652 0.995071 -0
  outer loop
   vertex 996.789 966.654 740
   vertex 996.498 966.683 900
   vertex 996.789 966.654 900
  endloop
 endfacet
 facet normal 0.0889926 0.996032 -0
  outer loop
   vertex 996.789 966.654 740
   vertex 996.789 966.654 900
   vertex 997.08 966.628 740
  endloop
 endfacet
 facet normal 0.0889926 0.996032 -0
  outer loop
   vertex 997.08 966.628 740
   vertex 996.789 966.654 900
   vertex 997.08 966.628 900
  endloop
 endfacet
 facet normal 0.0853044 0.996355 -0
  outer loop
   vertex 997.08 966.628 740
   vertex 997.08 966.628 900
   vertex 997.372 966.603 740
  endloop
 endfacet
 facet normal 0.0853044 0.996355 -0
  outer loop
   vertex 997.372 966.603 740
   vertex 997.08 966.628 900
   vertex 997.372 966.603 900
  endloop
 endfacet
 facet normal 0.0719778 0.997406 -0
  outer loop
   vertex 997.372 966.603 740
   vertex 997.372 966.603 900
   vertex 997.663 966.582 740
  endloop
 endfacet
 facet normal 0.0719778 0.997406 -0
  outer loop
   vertex 997.663 966.582 740
   vertex 997.372 966.603 900
   vertex 997.663 966.582 900
  endloop
 endfacet
 facet normal 0.0683331 0.997663 -0
  outer loop
   vertex 997.663 966.582 740
   vertex 997.663 966.582 900
   vertex 997.955 966.562 740
  endloop
 endfacet
 facet normal 0.0683331 0.997663 -0
  outer loop
   vertex 997.955 966.562 740
   vertex 997.663 966.582 900
   vertex 997.955 966.562 900
  endloop
 endfacet
 facet normal 0.0547124 0.998502 -0
  outer loop
   vertex 997.955 966.562 740
   vertex 997.955 966.562 900
   vertex 998.247 966.546 740
  endloop
 endfacet
 facet normal 0.0547124 0.998502 -0
  outer loop
   vertex 998.247 966.546 740
   vertex 997.955 966.562 900
   vertex 998.247 966.546 900
  endloop
 endfacet
 facet normal 0.0478902 0.998853 -0
  outer loop
   vertex 998.247 966.546 740
   vertex 998.247 966.546 900
   vertex 998.539 966.532 740
  endloop
 endfacet
 facet normal 0.0478902 0.998853 -0
  outer loop
   vertex 998.539 966.532 740
   vertex 998.247 966.546 900
   vertex 998.539 966.532 900
  endloop
 endfacet
 facet normal 0.0410612 0.999157 -0
  outer loop
   vertex 998.539 966.532 740
   vertex 998.539 966.532 900
   vertex 998.831 966.52 740
  endloop
 endfacet
 facet normal 0.0410612 0.999157 -0
  outer loop
   vertex 998.831 966.52 740
   vertex 998.539 966.532 900
   vertex 998.831 966.52 900
  endloop
 endfacet
 facet normal 0.0308073 0.999525 -0
  outer loop
   vertex 998.831 966.52 740
   vertex 998.831 966.52 900
   vertex 999.123 966.511 740
  endloop
 endfacet
 facet normal 0.0308073 0.999525 -0
  outer loop
   vertex 999.123 966.511 740
   vertex 998.831 966.52 900
   vertex 999.123 966.511 900
  endloop
 endfacet
 facet normal 0.0205436 0.999789 -0
  outer loop
   vertex 999.123 966.511 740
   vertex 999.123 966.511 900
   vertex 999.415 966.505 740
  endloop
 endfacet
 facet normal 0.0205436 0.999789 -0
  outer loop
   vertex 999.415 966.505 740
   vertex 999.123 966.511 900
   vertex 999.415 966.505 900
  endloop
 endfacet
 facet normal 0.0136506 0.999907 -0
  outer loop
   vertex 999.415 966.505 740
   vertex 999.415 966.505 900
   vertex 999.708 966.501 740
  endloop
 endfacet
 facet normal 0.0136506 0.999907 -0
  outer loop
   vertex 999.708 966.501 740
   vertex 999.415 966.505 900
   vertex 999.708 966.501 900
  endloop
 endfacet
 facet normal 0.00342464 0.999994 -0
  outer loop
   vertex 999.708 966.501 740
   vertex 999.708 966.501 900
   vertex 1000 966.5 740
  endloop
 endfacet
 facet normal 0.00342464 0.999994 -0
  outer loop
   vertex 1000 966.5 740
   vertex 999.708 966.501 900
   vertex 1000 966.5 900
  endloop
 endfacet
 facet normal -0.00344826 0.999994 0
  outer loop
   vertex 1000 966.5 740
   vertex 1000 966.5 900
   vertex 1000.29 966.501 740
  endloop
 endfacet
 facet normal -0.00344826 0.999994 0
  outer loop
   vertex 1000.29 966.501 740
   vertex 1000 966.5 900
   vertex 1000.29 966.501 900
  endloop
 endfacet
 facet normal -0.0133321 0.999911 0
  outer loop
   vertex 1000.29 966.501 740
   vertex 1000.29 966.501 900
   vertex 1000.59 966.505 740
  endloop
 endfacet
 facet normal -0.0133321 0.999911 0
  outer loop
   vertex 1000.59 966.505 740
   vertex 1000.29 966.501 900
   vertex 1000.59 966.505 900
  endloop
 endfacet
 facet normal -0.0206852 0.999786 0
  outer loop
   vertex 1000.59 966.505 740
   vertex 1000.59 966.505 900
   vertex 1000.88 966.511 740
  endloop
 endfacet
 facet normal -0.0206852 0.999786 0
  outer loop
   vertex 1000.88 966.511 740
   vertex 1000.59 966.505 900
   vertex 1000.88 966.511 900
  endloop
 endfacet
 facet normal -0.0310195 0.999519 0
  outer loop
   vertex 1000.88 966.511 740
   vertex 1000.88 966.511 900
   vertex 1001.17 966.52 740
  endloop
 endfacet
 facet normal -0.0310195 0.999519 0
  outer loop
   vertex 1001.17 966.52 740
   vertex 1000.88 966.511 900
   vertex 1001.17 966.52 900
  endloop
 endfacet
 facet normal -0.0413439 0.999145 0
  outer loop
   vertex 1001.17 966.52 740
   vertex 1001.17 966.52 900
   vertex 1001.46 966.532 740
  endloop
 endfacet
 facet normal -0.0413439 0.999145 0
  outer loop
   vertex 1001.46 966.532 740
   vertex 1001.17 966.52 900
   vertex 1001.46 966.532 900
  endloop
 endfacet
 facet normal -0.0482197 0.998837 0
  outer loop
   vertex 1001.46 966.532 740
   vertex 1001.46 966.532 900
   vertex 1001.75 966.546 740
  endloop
 endfacet
 facet normal -0.0482197 0.998837 0
  outer loop
   vertex 1001.75 966.546 740
   vertex 1001.46 966.532 900
   vertex 1001.75 966.546 900
  endloop
 endfacet
 facet normal -0.0550886 0.998481 0
  outer loop
   vertex 1001.75 966.546 740
   vertex 1001.75 966.546 900
   vertex 1002.04 966.562 740
  endloop
 endfacet
 facet normal -0.0550886 0.998481 0
  outer loop
   vertex 1002.04 966.562 740
   vertex 1001.75 966.546 900
   vertex 1002.04 966.562 900
  endloop
 endfacet
 facet normal -0.066519 0.997785 0
  outer loop
   vertex 1002.04 966.562 740
   vertex 1002.04 966.562 900
   vertex 1002.34 966.582 740
  endloop
 endfacet
 facet normal -0.066519 0.997785 0
  outer loop
   vertex 1002.34 966.582 740
   vertex 1002.04 966.562 900
   vertex 1002.34 966.582 900
  endloop
 endfacet
 facet normal -0.0722247 0.997388 0
  outer loop
   vertex 1002.34 966.582 740
   vertex 1002.34 966.582 900
   vertex 1002.63 966.603 740
  endloop
 endfacet
 facet normal -0.0722247 0.997388 0
  outer loop
   vertex 1002.63 966.603 740
   vertex 1002.34 966.582 900
   vertex 1002.63 966.603 900
  endloop
 endfacet
 facet normal -0.0858883 0.996305 0
  outer loop
   vertex 1002.63 966.603 740
   vertex 1002.63 966.603 900
   vertex 1002.92 966.628 740
  endloop
 endfacet
 facet normal -0.0858883 0.996305 0
  outer loop
   vertex 1002.92 966.628 740
   vertex 1002.63 966.603 900
   vertex 1002.92 966.628 900
  endloop
 endfacet
 facet normal -0.089297 0.996005 0
  outer loop
   vertex 1002.92 966.628 740
   vertex 1002.92 966.628 900
   vertex 1003.21 966.654 740
  endloop
 endfacet
 facet normal -0.089297 0.996005 0
  outer loop
   vertex 1003.21 966.654 740
   vertex 1002.92 966.628 900
   vertex 1003.21 966.654 900
  endloop
 endfacet
 facet normal -0.0995037 0.995037 0
  outer loop
   vertex 1003.21 966.654 740
   vertex 1003.21 966.654 900
   vertex 1003.5 966.683 740
  endloop
 endfacet
 facet normal -0.0995037 0.995037 0
  outer loop
   vertex 1003.5 966.683 740
   vertex 1003.21 966.654 900
   vertex 1003.5 966.683 900
  endloop
 endfacet
 facet normal -0.109679 0.993967 0
  outer loop
   vertex 1003.5 966.683 740
   vertex 1003.5 966.683 900
   vertex 1003.79 966.715 740
  endloop
 endfacet
 facet normal -0.109679 0.993967 0
  outer loop
   vertex 1003.79 966.715 740
   vertex 1003.5 966.683 900
   vertex 1003.79 966.715 900
  endloop
 endfacet
 facet normal -0.11982 0.992796 0
  outer loop
   vertex 1003.79 966.715 740
   vertex 1003.79 966.715 900
   vertex 1004.08 966.75 740
  endloop
 endfacet
 facet normal -0.11982 0.992796 0
  outer loop
   vertex 1004.08 966.75 740
   vertex 1003.79 966.715 900
   vertex 1004.08 966.75 900
  endloop
 endfacet
 facet normal -0.12656 0.991959 0
  outer loop
   vertex 1004.08 966.75 740
   vertex 1004.08 966.75 900
   vertex 1004.37 966.787 740
  endloop
 endfacet
 facet normal -0.12656 0.991959 0
  outer loop
   vertex 1004.37 966.787 740
   vertex 1004.08 966.75 900
   vertex 1004.37 966.787 900
  endloop
 endfacet
 facet normal -0.133283 0.991078 0
  outer loop
   vertex 1004.37 966.787 740
   vertex 1004.37 966.787 900
   vertex 1004.66 966.826 740
  endloop
 endfacet
 facet normal -0.133283 0.991078 0
  outer loop
   vertex 1004.66 966.826 740
   vertex 1004.37 966.787 900
   vertex 1004.66 966.826 900
  endloop
 endfacet
 facet normal -0.143332 0.989675 0
  outer loop
   vertex 1004.66 966.826 740
   vertex 1004.66 966.826 900
   vertex 1004.95 966.868 740
  endloop
 endfacet
 facet normal -0.143332 0.989675 0
  outer loop
   vertex 1004.95 966.868 740
   vertex 1004.66 966.826 900
   vertex 1004.95 966.868 900
  endloop
 endfacet
 facet normal -0.150007 0.988685 0
  outer loop
   vertex 1004.95 966.868 740
   vertex 1004.95 966.868 900
   vertex 1005.24 966.912 740
  endloop
 endfacet
 facet normal -0.150007 0.988685 0
  outer loop
   vertex 1005.24 966.912 740
   vertex 1004.95 966.868 900
   vertex 1005.24 966.912 900
  endloop
 endfacet
 facet normal -0.159982 0.98712 0
  outer loop
   vertex 1005.24 966.912 740
   vertex 1005.24 966.912 900
   vertex 1005.53 966.959 740
  endloop
 endfacet
 facet normal -0.159982 0.98712 0
  outer loop
   vertex 1005.53 966.959 740
   vertex 1005.24 966.912 900
   vertex 1005.53 966.959 900
  endloop
 endfacet
 facet normal -0.169907 0.98546 0
  outer loop
   vertex 1005.53 966.959 740
   vertex 1005.53 966.959 900
   vertex 1005.82 967.009 740
  endloop
 endfacet
 facet normal -0.169907 0.98546 0
  outer loop
   vertex 1005.82 967.009 740
   vertex 1005.53 966.959 900
   vertex 1005.82 967.009 900
  endloop
 endfacet
 facet normal -0.182592 0.983189 0
  outer loop
   vertex 1005.82 967.009 740
   vertex 1005.82 967.009 900
   vertex 1006.1 967.061 740
  endloop
 endfacet
 facet normal -0.182592 0.983189 0
  outer loop
   vertex 1006.1 967.061 740
   vertex 1005.82 967.009 900
   vertex 1006.1 967.061 900
  endloop
 endfacet
 facet normal -0.18306 0.983102 0
  outer loop
   vertex 1006.1 967.061 740
   vertex 1006.1 967.061 900
   vertex 1006.39 967.115 740
  endloop
 endfacet
 facet normal -0.18306 0.983102 0
  outer loop
   vertex 1006.39 967.115 740
   vertex 1006.1 967.061 900
   vertex 1006.39 967.115 900
  endloop
 endfacet
 facet normal -0.192862 0.981226 0
  outer loop
   vertex 1006.39 967.115 740
   vertex 1006.39 967.115 900
   vertex 1006.68 967.172 740
  endloop
 endfacet
 facet normal -0.192862 0.981226 0
  outer loop
   vertex 1006.68 967.172 740
   vertex 1006.39 967.115 900
   vertex 1006.68 967.172 900
  endloop
 endfacet
 facet normal -0.202606 0.97926 0
  outer loop
   vertex 1006.68 967.172 740
   vertex 1006.68 967.172 900
   vertex 1006.97 967.232 740
  endloop
 endfacet
 facet normal -0.202606 0.97926 0
  outer loop
   vertex 1006.97 967.232 740
   vertex 1006.68 967.172 900
   vertex 1006.97 967.232 900
  endloop
 endfacet
 facet normal -0.216192 0.976351 0
  outer loop
   vertex 1006.97 967.232 740
   vertex 1006.97 967.232 900
   vertex 1007.25 967.294 740
  endloop
 endfacet
 facet normal -0.216192 0.976351 0
  outer loop
   vertex 1007.25 967.294 740
   vertex 1006.97 967.232 900
   vertex 1007.25 967.294 900
  endloop
 endfacet
 facet normal -0.218711 0.97579 0
  outer loop
   vertex 1007.25 967.294 740
   vertex 1007.25 967.294 900
   vertex 1007.54 967.359 740
  endloop
 endfacet
 facet normal -0.218711 0.97579 0
  outer loop
   vertex 1007.54 967.359 740
   vertex 1007.25 967.294 900
   vertex 1007.54 967.359 900
  endloop
 endfacet
 facet normal -0.232716 0.972545 0
  outer loop
   vertex 1007.54 967.359 740
   vertex 1007.54 967.359 900
   vertex 1007.82 967.426 740
  endloop
 endfacet
 facet normal -0.232716 0.972545 0
  outer loop
   vertex 1007.82 967.426 740
   vertex 1007.54 967.359 900
   vertex 1007.82 967.426 900
  endloop
 endfacet
 facet normal -0.239271 0.970953 0
  outer loop
   vertex 1007.82 967.426 740
   vertex 1007.82 967.426 900
   vertex 1008.1 967.495 740
  endloop
 endfacet
 facet normal -0.239271 0.970953 0
  outer loop
   vertex 1008.1 967.495 740
   vertex 1007.82 967.426 900
   vertex 1008.1 967.495 900
  endloop
 endfacet
 facet normal -0.24096 0.970535 0
  outer loop
   vertex 1008.1 967.495 740
   vertex 1008.1 967.495 900
   vertex 1008.39 967.567 740
  endloop
 endfacet
 facet normal -0.24096 0.970535 0
  outer loop
   vertex 1008.39 967.567 740
   vertex 1008.1 967.495 900
   vertex 1008.39 967.567 900
  endloop
 endfacet
 facet normal -0.255513 0.966806 0
  outer loop
   vertex 1008.39 967.567 740
   vertex 1008.39 967.567 900
   vertex 1008.67 967.641 740
  endloop
 endfacet
 facet normal -0.255513 0.966806 0
  outer loop
   vertex 1008.67 967.641 740
   vertex 1008.39 967.567 900
   vertex 1008.67 967.641 900
  endloop
 endfacet
 facet normal -0.265156 0.964205 0
  outer loop
   vertex 1008.67 967.641 740
   vertex 1008.67 967.641 900
   vertex 1008.95 967.718 740
  endloop
 endfacet
 facet normal -0.265156 0.964205 0
  outer loop
   vertex 1008.95 967.718 740
   vertex 1008.67 967.641 900
   vertex 1008.95 967.718 900
  endloop
 endfacet
 facet normal -0.274721 0.961524 0
  outer loop
   vertex 1008.95 967.718 740
   vertex 1008.95 967.718 900
   vertex 1009.23 967.798 740
  endloop
 endfacet
 facet normal -0.274721 0.961524 0
  outer loop
   vertex 1009.23 967.798 740
   vertex 1008.95 967.718 900
   vertex 1009.23 967.798 900
  endloop
 endfacet
 facet normal -0.272091 0.962272 0
  outer loop
   vertex 1009.23 967.798 740
   vertex 1009.23 967.798 900
   vertex 1009.52 967.88 740
  endloop
 endfacet
 facet normal -0.272091 0.962272 0
  outer loop
   vertex 1009.52 967.88 740
   vertex 1009.23 967.798 900
   vertex 1009.52 967.88 900
  endloop
 endfacet
 facet normal -0.297067 0.954857 0
  outer loop
   vertex 1009.52 967.88 740
   vertex 1009.52 967.88 900
   vertex 1009.79 967.964 740
  endloop
 endfacet
 facet normal -0.297067 0.954857 0
  outer loop
   vertex 1009.79 967.964 740
   vertex 1009.52 967.88 900
   vertex 1009.79 967.964 900
  endloop
 endfacet
 facet normal -0.293606 0.955927 0
  outer loop
   vertex 1009.79 967.964 740
   vertex 1009.79 967.964 900
   vertex 1010.07 968.05 740
  endloop
 endfacet
 facet normal -0.293606 0.955927 0
  outer loop
   vertex 1010.07 968.05 740
   vertex 1009.79 967.964 900
   vertex 1010.07 968.05 900
  endloop
 endfacet
 facet normal -0.306009 0.952029 0
  outer loop
   vertex 1010.07 968.05 740
   vertex 1010.07 968.05 900
   vertex 1010.35 968.14 740
  endloop
 endfacet
 facet normal -0.306009 0.952029 0
  outer loop
   vertex 1010.35 968.14 740
   vertex 1010.07 968.05 900
   vertex 1010.35 968.14 900
  endloop
 endfacet
 facet normal -0.309086 0.951034 0
  outer loop
   vertex 1010.35 968.14 740
   vertex 1010.35 968.14 900
   vertex 1010.63 968.231 740
  endloop
 endfacet
 facet normal -0.309086 0.951034 0
  outer loop
   vertex 1010.63 968.231 740
   vertex 1010.35 968.14 900
   vertex 1010.63 968.231 900
  endloop
 endfacet
 facet normal -0.318258 0.948004 0
  outer loop
   vertex 1010.63 968.231 740
   vertex 1010.63 968.231 900
   vertex 1010.91 968.325 740
  endloop
 endfacet
 facet normal -0.318258 0.948004 0
  outer loop
   vertex 1010.91 968.325 740
   vertex 1010.63 968.231 900
   vertex 1010.91 968.325 900
  endloop
 endfacet
 facet normal -0.338102 0.941109 0
  outer loop
   vertex 1010.91 968.325 740
   vertex 1010.91 968.325 900
   vertex 1011.18 968.422 740
  endloop
 endfacet
 facet normal -0.338102 0.941109 0
  outer loop
   vertex 1011.18 968.422 740
   vertex 1010.91 968.325 900
   vertex 1011.18 968.422 900
  endloop
 endfacet
 facet normal -0.33035 0.943858 0
  outer loop
   vertex 1011.18 968.422 740
   vertex 1011.18 968.422 900
   vertex 1011.46 968.52 740
  endloop
 endfacet
 facet normal -0.33035 0.943858 0
  outer loop
   vertex 1011.46 968.52 740
   vertex 1011.18 968.422 900
   vertex 1011.46 968.52 900
  endloop
 endfacet
 facet normal -0.353401 0.935472 0
  outer loop
   vertex 1011.46 968.52 740
   vertex 1011.46 968.52 900
   vertex 1011.73 968.622 740
  endloop
 endfacet
 facet normal -0.353401 0.935472 0
  outer loop
   vertex 1011.73 968.622 740
   vertex 1011.46 968.52 900
   vertex 1011.73 968.622 900
  endloop
 endfacet
 facet normal -0.345239 0.938515 0
  outer loop
   vertex 1011.73 968.622 740
   vertex 1011.73 968.622 900
   vertex 1012.01 968.725 740
  endloop
 endfacet
 facet normal -0.345239 0.938515 0
  outer loop
   vertex 1012.01 968.725 740
   vertex 1011.73 968.622 900
   vertex 1012.01 968.725 900
  endloop
 endfacet
 facet normal -0.365439 0.930835 0
  outer loop
   vertex 1012.01 968.725 740
   vertex 1012.01 968.725 900
   vertex 1012.28 968.831 740
  endloop
 endfacet
 facet normal -0.365439 0.930835 0
  outer loop
   vertex 1012.28 968.831 740
   vertex 1012.01 968.725 900
   vertex 1012.28 968.831 900
  endloop
 endfacet
 facet normal -0.371391 0.928477 0
  outer loop
   vertex 1012.28 968.831 740
   vertex 1012.28 968.831 900
   vertex 1012.55 968.939 740
  endloop
 endfacet
 facet normal -0.371391 0.928477 0
  outer loop
   vertex 1012.55 968.939 740
   vertex 1012.28 968.831 900
   vertex 1012.55 968.939 900
  endloop
 endfacet
 facet normal -0.380233 0.924891 0
  outer loop
   vertex 1012.55 968.939 740
   vertex 1012.55 968.939 900
   vertex 1012.82 969.05 740
  endloop
 endfacet
 facet normal -0.380233 0.924891 0
  outer loop
   vertex 1012.82 969.05 740
   vertex 1012.55 968.939 900
   vertex 1012.82 969.05 900
  endloop
 endfacet
 facet normal -0.38607 0.922469 0
  outer loop
   vertex 1012.82 969.05 740
   vertex 1012.82 969.05 900
   vertex 1013.09 969.163 740
  endloop
 endfacet
 facet normal -0.38607 0.922469 0
  outer loop
   vertex 1013.09 969.163 740
   vertex 1012.82 969.05 900
   vertex 1013.09 969.163 900
  endloop
 endfacet
 facet normal -0.394741 0.918793 0
  outer loop
   vertex 1013.09 969.163 740
   vertex 1013.09 969.163 900
   vertex 1013.36 969.279 740
  endloop
 endfacet
 facet normal -0.394741 0.918793 0
  outer loop
   vertex 1013.36 969.279 740
   vertex 1013.09 969.163 900
   vertex 1013.36 969.279 900
  endloop
 endfacet
 facet normal -0.397607 0.917556 0
  outer loop
   vertex 1013.36 969.279 740
   vertex 1013.36 969.279 900
   vertex 1013.63 969.396 740
  endloop
 endfacet
 facet normal -0.397607 0.917556 0
  outer loop
   vertex 1013.63 969.396 740
   vertex 1013.36 969.279 900
   vertex 1013.63 969.396 900
  endloop
 endfacet
 facet normal -0.419058 0.907959 0
  outer loop
   vertex 1013.63 969.396 740
   vertex 1013.63 969.396 900
   vertex 1013.89 969.516 740
  endloop
 endfacet
 facet normal -0.419058 0.907959 0
  outer loop
   vertex 1013.89 969.516 740
   vertex 1013.63 969.396 900
   vertex 1013.89 969.516 900
  endloop
 endfacet
 facet normal -0.414565 0.91002 0
  outer loop
   vertex 1013.89 969.516 740
   vertex 1013.89 969.516 900
   vertex 1014.16 969.639 740
  endloop
 endfacet
 facet normal -0.414565 0.91002 0
  outer loop
   vertex 1014.16 969.639 740
   vertex 1013.89 969.516 900
   vertex 1014.16 969.639 900
  endloop
 endfacet
 facet normal -0.430473 0.902604 0
  outer loop
   vertex 1014.16 969.639 740
   vertex 1014.16 969.639 900
   vertex 1014.42 969.763 740
  endloop
 endfacet
 facet normal -0.430473 0.902604 0
  outer loop
   vertex 1014.42 969.763 740
   vertex 1014.16 969.639 900
   vertex 1014.42 969.763 900
  endloop
 endfacet
 facet normal -0.4389 0.898536 0
  outer loop
   vertex 1014.42 969.763 740
   vertex 1014.42 969.763 900
   vertex 1014.68 969.89 740
  endloop
 endfacet
 facet normal -0.4389 0.898536 0
  outer loop
   vertex 1014.68 969.89 740
   vertex 1014.42 969.763 900
   vertex 1014.68 969.89 900
  endloop
 endfacet
 facet normal -0.433816 0.901002 0
  outer loop
   vertex 1014.68 969.89 740
   vertex 1014.68 969.89 900
   vertex 1014.95 970.02 740
  endloop
 endfacet
 facet normal -0.433816 0.901002 0
  outer loop
   vertex 1014.95 970.02 740
   vertex 1014.68 969.89 900
   vertex 1014.95 970.02 900
  endloop
 endfacet
 facet normal -0.449959 0.893049 0
  outer loop
   vertex 1014.95 970.02 740
   vertex 1014.95 970.02 900
   vertex 1015.21 970.151 740
  endloop
 endfacet
 facet normal -0.449959 0.893049 0
  outer loop
   vertex 1015.21 970.151 740
   vertex 1014.95 970.02 900
   vertex 1015.21 970.151 900
  endloop
 endfacet
 facet normal -0.45812 0.88889 0
  outer loop
   vertex 1015.21 970.151 740
   vertex 1015.21 970.151 900
   vertex 1015.47 970.285 740
  endloop
 endfacet
 facet normal -0.45812 0.88889 0
  outer loop
   vertex 1015.47 970.285 740
   vertex 1015.21 970.151 900
   vertex 1015.47 970.285 900
  endloop
 endfacet
 facet normal -0.463498 0.886098 0
  outer loop
   vertex 1015.47 970.285 740
   vertex 1015.47 970.285 900
   vertex 1015.73 970.421 740
  endloop
 endfacet
 facet normal -0.463498 0.886098 0
  outer loop
   vertex 1015.73 970.421 740
   vertex 1015.47 970.285 900
   vertex 1015.73 970.421 900
  endloop
 endfacet
 facet normal -0.48594 0.873992 0
  outer loop
   vertex 1015.73 970.421 740
   vertex 1015.73 970.421 900
   vertex 1015.98 970.56 740
  endloop
 endfacet
 facet normal -0.48594 0.873992 0
  outer loop
   vertex 1015.98 970.56 740
   vertex 1015.73 970.421 900
   vertex 1015.98 970.56 900
  endloop
 endfacet
 facet normal -0.4741 0.880471 0
  outer loop
   vertex 1015.98 970.56 740
   vertex 1015.98 970.56 900
   vertex 1016.24 970.7 740
  endloop
 endfacet
 facet normal -0.4741 0.880471 0
  outer loop
   vertex 1016.24 970.7 740
   vertex 1015.98 970.56 900
   vertex 1016.24 970.7 900
  endloop
 endfacet
 facet normal -0.481919 0.876216 0
  outer loop
   vertex 1016.24 970.7 740
   vertex 1016.24 970.7 900
   vertex 1016.5 970.843 740
  endloop
 endfacet
 facet normal -0.481919 0.876216 0
  outer loop
   vertex 1016.5 970.843 740
   vertex 1016.24 970.7 900
   vertex 1016.5 970.843 900
  endloop
 endfacet
 facet normal -0.501718 0.865031 0
  outer loop
   vertex 1016.5 970.843 740
   vertex 1016.5 970.843 900
   vertex 1016.75 970.988 740
  endloop
 endfacet
 facet normal -0.501718 0.865031 0
  outer loop
   vertex 1016.75 970.988 740
   vertex 1016.5 970.843 900
   vertex 1016.75 970.988 900
  endloop
 endfacet
 facet normal -0.506869 0.862023 0
  outer loop
   vertex 1016.75 970.988 740
   vertex 1016.75 970.988 900
   vertex 1017 971.135 740
  endloop
 endfacet
 facet normal -0.506869 0.862023 0
  outer loop
   vertex 1017 971.135 740
   vertex 1016.75 970.988 900
   vertex 1017 971.135 900
  endloop
 endfacet
 facet normal -0.514496 0.857493 0
  outer loop
   vertex 1017 971.135 740
   vertex 1017 971.135 900
   vertex 1017.25 971.285 740
  endloop
 endfacet
 facet normal -0.514496 0.857493 0
  outer loop
   vertex 1017.25 971.285 740
   vertex 1017 971.135 900
   vertex 1017.25 971.285 900
  endloop
 endfacet
 facet normal -0.519513 0.854462 0
  outer loop
   vertex 1017.25 971.285 740
   vertex 1017.25 971.285 900
   vertex 1017.5 971.437 740
  endloop
 endfacet
 facet normal -0.519513 0.854462 0
  outer loop
   vertex 1017.5 971.437 740
   vertex 1017.25 971.285 900
   vertex 1017.5 971.437 900
  endloop
 endfacet
 facet normal -0.522002 0.852944 0
  outer loop
   vertex 1017.5 971.437 740
   vertex 1017.5 971.437 900
   vertex 1017.75 971.59 740
  endloop
 endfacet
 facet normal -0.522002 0.852944 0
  outer loop
   vertex 1017.75 971.59 740
   vertex 1017.5 971.437 900
   vertex 1017.75 971.59 900
  endloop
 endfacet
 facet normal -0.529389 0.848379 0
  outer loop
   vertex 1017.75 971.59 740
   vertex 1017.75 971.59 900
   vertex 1018 971.746 740
  endloop
 endfacet
 facet normal -0.529389 0.848379 0
  outer loop
   vertex 1018 971.746 740
   vertex 1017.75 971.59 900
   vertex 1018 971.746 900
  endloop
 endfacet
 facet normal -0.549872 0.835249 0
  outer loop
   vertex 1018 971.746 740
   vertex 1018 971.746 900
   vertex 1018.24 971.904 740
  endloop
 endfacet
 facet normal -0.549872 0.835249 0
  outer loop
   vertex 1018.24 971.904 740
   vertex 1018 971.746 900
   vertex 1018.24 971.904 900
  endloop
 endfacet
 facet normal -0.541437 0.840741 0
  outer loop
   vertex 1018.24 971.904 740
   vertex 1018.24 971.904 900
   vertex 1018.49 972.065 740
  endloop
 endfacet
 facet normal -0.541437 0.840741 0
  outer loop
   vertex 1018.49 972.065 740
   vertex 1018.24 971.904 900
   vertex 1018.49 972.065 900
  endloop
 endfacet
 facet normal -0.559473 0.828849 0
  outer loop
   vertex 1018.49 972.065 740
   vertex 1018.49 972.065 900
   vertex 1018.73 972.227 740
  endloop
 endfacet
 facet normal -0.559473 0.828849 0
  outer loop
   vertex 1018.73 972.227 740
   vertex 1018.49 972.065 900
   vertex 1018.73 972.227 900
  endloop
 endfacet
 facet normal -0.566529 0.824042 0
  outer loop
   vertex 1018.73 972.227 740
   vertex 1018.73 972.227 900
   vertex 1018.97 972.392 740
  endloop
 endfacet
 facet normal -0.566529 0.824042 0
  outer loop
   vertex 1018.97 972.392 740
   vertex 1018.73 972.227 900
   vertex 1018.97 972.392 900
  endloop
 endfacet
 facet normal -0.553161 0.833074 0
  outer loop
   vertex 1018.97 972.392 740
   vertex 1018.97 972.392 900
   vertex 1019.22 972.558 740
  endloop
 endfacet
 facet normal -0.553161 0.833074 0
  outer loop
   vertex 1019.22 972.558 740
   vertex 1018.97 972.392 900
   vertex 1019.22 972.558 900
  endloop
 endfacet
 facet normal -0.592123 0.805848 0
  outer loop
   vertex 1019.22 972.558 740
   vertex 1019.22 972.558 900
   vertex 1019.45 972.727 740
  endloop
 endfacet
 facet normal -0.592123 0.805848 0
  outer loop
   vertex 1019.45 972.727 740
   vertex 1019.22 972.558 900
   vertex 1019.45 972.727 900
  endloop
 endfacet
 facet normal -0.580275 0.814421 0
  outer loop
   vertex 1019.45 972.727 740
   vertex 1019.45 972.727 900
   vertex 1019.69 972.898 740
  endloop
 endfacet
 facet normal -0.580275 0.814421 0
  outer loop
   vertex 1019.69 972.898 740
   vertex 1019.45 972.727 900
   vertex 1019.69 972.898 900
  endloop
 endfacet
 facet normal -0.58475 0.811214 0
  outer loop
   vertex 1019.69 972.898 740
   vertex 1019.69 972.898 900
   vertex 1019.93 973.071 740
  endloop
 endfacet
 facet normal -0.58475 0.811214 0
  outer loop
   vertex 1019.93 973.071 740
   vertex 1019.69 972.898 900
   vertex 1019.93 973.071 900
  endloop
 endfacet
 facet normal -0.605522 0.795829 0
  outer loop
   vertex 1019.93 973.071 740
   vertex 1019.93 973.071 900
   vertex 1020.16 973.246 740
  endloop
 endfacet
 facet normal -0.605522 0.795829 0
  outer loop
   vertex 1020.16 973.246 740
   vertex 1019.93 973.071 900
   vertex 1020.16 973.246 900
  endloop
 endfacet
 facet normal -0.609877 0.792496 0
  outer loop
   vertex 1020.16 973.246 740
   vertex 1020.16 973.246 900
   vertex 1020.39 973.423 740
  endloop
 endfacet
 facet normal -0.609877 0.792496 0
  outer loop
   vertex 1020.39 973.423 740
   vertex 1020.16 973.246 900
   vertex 1020.39 973.423 900
  endloop
 endfacet
 facet normal -0.614178 0.789167 0
  outer loop
   vertex 1020.39 973.423 740
   vertex 1020.39 973.423 900
   vertex 1020.62 973.602 740
  endloop
 endfacet
 facet normal -0.614178 0.789167 0
  outer loop
   vertex 1020.62 973.602 740
   vertex 1020.39 973.423 900
   vertex 1020.62 973.602 900
  endloop
 endfacet
 facet normal 0.999994 0.00342464 -0
  outer loop
   vertex 966.5 1000 740
   vertex 966.5 1000 900
   vertex 966.501 999.708 740
  endloop
 endfacet
 facet normal 0.999994 0.00342464 -0
  outer loop
   vertex 966.501 999.708 740
   vertex 966.5 1000 900
   vertex 966.501 999.708 900
  endloop
 endfacet
 facet normal 0.999907 0.0136506 -0
  outer loop
   vertex 966.501 999.708 740
   vertex 966.501 999.708 900
   vertex 966.505 999.415 740
  endloop
 endfacet
 facet normal 0.999907 0.0136506 -0
  outer loop
   vertex 966.505 999.415 740
   vertex 966.501 999.708 900
   vertex 966.505 999.415 900
  endloop
 endfacet
 facet normal 0.999789 0.0205436 -0
  outer loop
   vertex 966.505 999.415 740
   vertex 966.505 999.415 900
   vertex 966.511 999.123 740
  endloop
 endfacet
 facet normal 0.999789 0.0205436 -0
  outer loop
   vertex 966.511 999.123 740
   vertex 966.505 999.415 900
   vertex 966.511 999.123 900
  endloop
 endfacet
 facet normal 0.999525 0.0308073 -0
  outer loop
   vertex 966.511 999.123 740
   vertex 966.511 999.123 900
   vertex 966.52 998.831 740
  endloop
 endfacet
 facet normal 0.999525 0.0308073 -0
  outer loop
   vertex 966.52 998.831 740
   vertex 966.511 999.123 900
   vertex 966.52 998.831 900
  endloop
 endfacet
 facet normal 0.999157 0.0410612 -0
  outer loop
   vertex 966.52 998.831 740
   vertex 966.52 998.831 900
   vertex 966.532 998.539 740
  endloop
 endfacet
 facet normal 0.999157 0.0410612 -0
  outer loop
   vertex 966.532 998.539 740
   vertex 966.52 998.831 900
   vertex 966.532 998.539 900
  endloop
 endfacet
 facet normal 0.998853 0.0478902 -0
  outer loop
   vertex 966.532 998.539 740
   vertex 966.532 998.539 900
   vertex 966.546 998.247 740
  endloop
 endfacet
 facet normal 0.998853 0.0478902 -0
  outer loop
   vertex 966.546 998.247 740
   vertex 966.532 998.539 900
   vertex 966.546 998.247 900
  endloop
 endfacet
 facet normal 0.998502 0.0547124 -0
  outer loop
   vertex 966.546 998.247 740
   vertex 966.546 998.247 900
   vertex 966.562 997.955 740
  endloop
 endfacet
 facet normal 0.998502 0.0547124 -0
  outer loop
   vertex 966.562 997.955 740
   vertex 966.546 998.247 900
   vertex 966.562 997.955 900
  endloop
 endfacet
 facet normal 0.997663 0.0683331 -0
  outer loop
   vertex 966.562 997.955 740
   vertex 966.562 997.955 900
   vertex 966.582 997.663 740
  endloop
 endfacet
 facet normal 0.997663 0.0683331 -0
  outer loop
   vertex 966.582 997.663 740
   vertex 966.562 997.955 900
   vertex 966.582 997.663 900
  endloop
 endfacet
 facet normal 0.997406 0.0719778 -0
  outer loop
   vertex 966.582 997.663 740
   vertex 966.582 997.663 900
   vertex 966.603 997.372 740
  endloop
 endfacet
 facet normal 0.997406 0.0719778 -0
  outer loop
   vertex 966.603 997.372 740
   vertex 966.582 997.663 900
   vertex 966.603 997.372 900
  endloop
 endfacet
 facet normal 0.996355 0.0853044 -0
  outer loop
   vertex 966.603 997.372 740
   vertex 966.603 997.372 900
   vertex 966.628 997.08 740
  endloop
 endfacet
 facet normal 0.996355 0.0853044 -0
  outer loop
   vertex 966.628 997.08 740
   vertex 966.603 997.372 900
   vertex 966.628 997.08 900
  endloop
 endfacet
 facet normal 0.996032 0.0889926 -0
  outer loop
   vertex 966.628 997.08 740
   vertex 966.628 997.08 900
   vertex 966.654 996.789 740
  endloop
 endfacet
 facet normal 0.996032 0.0889926 -0
  outer loop
   vertex 966.654 996.789 740
   vertex 966.628 997.08 900
   vertex 966.654 996.789 900
  endloop
 endfacet
 facet normal 0.995071 0.0991652 -0
  outer loop
   vertex 966.654 996.789 740
   vertex 966.654 996.789 900
   vertex 966.683 996.498 740
  endloop
 endfacet
 facet normal 0.995071 0.0991652 -0
  outer loop
   vertex 966.683 996.498 740
   vertex 966.654 996.789 900
   vertex 966.683 996.498 900
  endloop
 endfacet
 facet normal 0.993967 0.109679 -0
  outer loop
   vertex 966.683 996.498 740
   vertex 966.683 996.498 900
   vertex 966.715 996.208 740
  endloop
 endfacet
 facet normal 0.993967 0.109679 -0
  outer loop
   vertex 966.715 996.208 740
   vertex 966.683 996.498 900
   vertex 966.715 996.208 900
  endloop
 endfacet
 facet normal 0.992845 0.119414 -0
  outer loop
   vertex 966.715 996.208 740
   vertex 966.715 996.208 900
   vertex 966.75 995.917 740
  endloop
 endfacet
 facet normal 0.992845 0.119414 -0
  outer loop
   vertex 966.75 995.917 740
   vertex 966.715 996.208 900
   vertex 966.75 995.917 900
  endloop
 endfacet
 facet normal 0.991959 0.12656 -0
  outer loop
   vertex 966.75 995.917 740
   vertex 966.75 995.917 900
   vertex 966.787 995.627 740
  endloop
 endfacet
 facet normal 0.991959 0.12656 -0
  outer loop
   vertex 966.787 995.627 740
   vertex 966.75 995.917 900
   vertex 966.787 995.627 900
  endloop
 endfacet
 facet normal 0.991017 0.133736 -0
  outer loop
   vertex 966.787 995.627 740
   vertex 966.787 995.627 900
   vertex 966.826 995.338 740
  endloop
 endfacet
 facet normal 0.991017 0.133736 -0
  outer loop
   vertex 966.826 995.338 740
   vertex 966.787 995.627 900
   vertex 966.826 995.338 900
  endloop
 endfacet
 facet normal 0.989675 0.143332 -0
  outer loop
   vertex 966.826 995.338 740
   vertex 966.826 995.338 900
   vertex 966.868 995.048 740
  endloop
 endfacet
 facet normal 0.989675 0.143332 -0
  outer loop
   vertex 966.868 995.048 740
   vertex 966.826 995.338 900
   vertex 966.868 995.048 900
  endloop
 endfacet
 facet normal 0.988608 0.150515 -0
  outer loop
   vertex 966.868 995.048 740
   vertex 966.868 995.048 900
   vertex 966.912 994.759 740
  endloop
 endfacet
 facet normal 0.988608 0.150515 -0
  outer loop
   vertex 966.912 994.759 740
   vertex 966.868 995.048 900
   vertex 966.912 994.759 900
  endloop
 endfacet
 facet normal 0.986944 0.161064 -0
  outer loop
   vertex 966.912 994.759 740
   vertex 966.912 994.759 900
   vertex 966.959 994.471 740
  endloop
 endfacet
 facet normal 0.986944 0.161064 -0
  outer loop
   vertex 966.959 994.471 740
   vertex 966.912 994.759 900
   vertex 966.959 994.471 900
  endloop
 endfacet
 facet normal 0.985262 0.171052 -0
  outer loop
   vertex 966.959 994.471 740
   vertex 966.959 994.471 900
   vertex 967.009 994.183 740
  endloop
 endfacet
 facet normal 0.985262 0.171052 -0
  outer loop
   vertex 967.009 994.183 740
   vertex 966.959 994.471 900
   vertex 967.009 994.183 900
  endloop
 endfacet
 facet normal 0.984088 0.177683 -0
  outer loop
   vertex 967.009 994.183 740
   vertex 967.009 994.183 900
   vertex 967.061 993.895 740
  endloop
 endfacet
 facet normal 0.984088 0.177683 -0
  outer loop
   vertex 967.061 993.895 740
   vertex 967.009 994.183 900
   vertex 967.061 993.895 900
  endloop
 endfacet
 facet normal 0.982756 0.184909 -0
  outer loop
   vertex 967.061 993.895 740
   vertex 967.061 993.895 900
   vertex 967.115 993.608 740
  endloop
 endfacet
 facet normal 0.982756 0.184909 -0
  outer loop
   vertex 967.115 993.608 740
   vertex 967.061 993.895 900
   vertex 967.115 993.608 900
  endloop
 endfacet
 facet normal 0.980843 0.194802 -0
  outer loop
   vertex 967.115 993.608 740
   vertex 967.115 993.608 900
   vertex 967.172 993.321 740
  endloop
 endfacet
 facet normal 0.980843 0.194802 -0
  outer loop
   vertex 967.172 993.321 740
   vertex 967.115 993.608 900
   vertex 967.172 993.321 900
  endloop
 endfacet
 facet normal 0.978695 0.205321 -0
  outer loop
   vertex 967.172 993.321 740
   vertex 967.172 993.321 900
   vertex 967.232 993.035 740
  endloop
 endfacet
 facet normal 0.978695 0.205321 -0
  outer loop
   vertex 967.232 993.035 740
   vertex 967.172 993.321 900
   vertex 967.232 993.035 900
  endloop
 endfacet
 facet normal 0.9773 0.211862 -0
  outer loop
   vertex 967.232 993.035 740
   vertex 967.232 993.035 900
   vertex 967.294 992.749 740
  endloop
 endfacet
 facet normal 0.9773 0.211862 -0
  outer loop
   vertex 967.294 992.749 740
   vertex 967.232 993.035 900
   vertex 967.294 992.749 900
  endloop
 endfacet
 facet normal 0.974965 0.22236 -0
  outer loop
   vertex 967.294 992.749 740
   vertex 967.294 992.749 900
   vertex 967.359 992.464 740
  endloop
 endfacet
 facet normal 0.974965 0.22236 -0
  outer loop
   vertex 967.359 992.464 740
   vertex 967.294 992.749 900
   vertex 967.359 992.464 900
  endloop
 endfacet
 facet normal 0.973282 0.229612 -0
  outer loop
   vertex 967.359 992.464 740
   vertex 967.359 992.464 900
   vertex 967.426 992.18 740
  endloop
 endfacet
 facet normal 0.973282 0.229612 -0
  outer loop
   vertex 967.426 992.18 740
   vertex 967.359 992.464 900
   vertex 967.426 992.18 900
  endloop
 endfacet
 facet normal 0.971731 0.23609 -0
  outer loop
   vertex 967.426 992.18 740
   vertex 967.426 992.18 900
   vertex 967.495 991.896 740
  endloop
 endfacet
 facet normal 0.971731 0.23609 -0
  outer loop
   vertex 967.495 991.896 740
   vertex 967.426 992.18 900
   vertex 967.495 991.896 900
  endloop
 endfacet
 facet normal 0.969334 0.245747 -0
  outer loop
   vertex 967.495 991.896 740
   vertex 967.495 991.896 900
   vertex 967.567 991.612 740
  endloop
 endfacet
 facet normal 0.969334 0.245747 -0
  outer loop
   vertex 967.567 991.612 740
   vertex 967.495 991.896 900
   vertex 967.567 991.612 900
  endloop
 endfacet
 facet normal 0.967252 0.253818 -0
  outer loop
   vertex 967.567 991.612 740
   vertex 967.567 991.612 900
   vertex 967.641 991.33 740
  endloop
 endfacet
 facet normal 0.967252 0.253818 -0
  outer loop
   vertex 967.641 991.33 740
   vertex 967.567 991.612 900
   vertex 967.641 991.33 900
  endloop
 endfacet
 facet normal 0.964921 0.26254 -0
  outer loop
   vertex 967.641 991.33 740
   vertex 967.641 991.33 900
   vertex 967.718 991.047 740
  endloop
 endfacet
 facet normal 0.964921 0.26254 -0
  outer loop
   vertex 967.718 991.047 740
   vertex 967.641 991.33 900
   vertex 967.718 991.047 900
  endloop
 endfacet
 facet normal 0.961782 0.273817 -0
  outer loop
   vertex 967.718 991.047 740
   vertex 967.718 991.047 900
   vertex 967.798 990.766 740
  endloop
 endfacet
 facet normal 0.961782 0.273817 -0
  outer loop
   vertex 967.798 990.766 740
   vertex 967.718 991.047 900
   vertex 967.798 990.766 900
  endloop
 endfacet
 facet normal 0.959962 0.280131 -0
  outer loop
   vertex 967.798 990.766 740
   vertex 967.798 990.766 900
   vertex 967.88 990.485 740
  endloop
 endfacet
 facet normal 0.959962 0.280131 -0
  outer loop
   vertex 967.88 990.485 740
   vertex 967.798 990.766 900
   vertex 967.88 990.485 900
  endloop
 endfacet
 facet normal 0.957542 0.288292 -0
  outer loop
   vertex 967.88 990.485 740
   vertex 967.88 990.485 900
   vertex 967.964 990.206 740
  endloop
 endfacet
 facet normal 0.957542 0.288292 -0
  outer loop
   vertex 967.964 990.206 740
   vertex 967.88 990.485 900
   vertex 967.964 990.206 900
  endloop
 endfacet
 facet normal 0.955927 0.293606 -0
  outer loop
   vertex 967.964 990.206 740
   vertex 967.964 990.206 900
   vertex 968.05 989.926 740
  endloop
 endfacet
 facet normal 0.955927 0.293606 -0
  outer loop
   vertex 968.05 989.926 740
   vertex 967.964 990.206 900
   vertex 968.05 989.926 900
  endloop
 endfacet
 facet normal 0.951386 0.308003 -0
  outer loop
   vertex 968.05 989.926 740
   vertex 968.05 989.926 900
   vertex 968.14 989.648 740
  endloop
 endfacet
 facet normal 0.951386 0.308003 -0
  outer loop
   vertex 968.14 989.648 740
   vertex 968.05 989.926 900
   vertex 968.14 989.648 900
  endloop
 endfacet
 facet normal 0.950379 0.311095 -0
  outer loop
   vertex 968.14 989.648 740
   vertex 968.14 989.648 900
   vertex 968.231 989.37 740
  endloop
 endfacet
 facet normal 0.950379 0.311095 -0
  outer loop
   vertex 968.231 989.37 740
   vertex 968.14 989.648 900
   vertex 968.231 989.37 900
  endloop
 endfacet
 facet normal 0.946605 0.322395 -0
  outer loop
   vertex 968.231 989.37 740
   vertex 968.231 989.37 900
   vertex 968.325 989.094 740
  endloop
 endfacet
 facet normal 0.946605 0.322395 -0
  outer loop
   vertex 968.325 989.094 740
   vertex 968.231 989.37 900
   vertex 968.325 989.094 900
  endloop
 endfacet
 facet normal 0.943431 0.331568 -0
  outer loop
   vertex 968.325 989.094 740
   vertex 968.325 989.094 900
   vertex 968.422 988.818 740
  endloop
 endfacet
 facet normal 0.943431 0.331568 -0
  outer loop
   vertex 968.422 988.818 740
   vertex 968.325 989.094 900
   vertex 968.422 988.818 900
  endloop
 endfacet
 facet normal 0.942358 0.334605 -0
  outer loop
   vertex 968.422 988.818 740
   vertex 968.422 988.818 900
   vertex 968.52 988.542 740
  endloop
 endfacet
 facet normal 0.942358 0.334605 -0
  outer loop
   vertex 968.52 988.542 740
   vertex 968.422 988.818 900
   vertex 968.52 988.542 900
  endloop
 endfacet
 facet normal 0.93717 0.348873 -0
  outer loop
   vertex 968.52 988.542 740
   vertex 968.52 988.542 900
   vertex 968.622 988.268 740
  endloop
 endfacet
 facet normal 0.93717 0.348873 -0
  outer loop
   vertex 968.622 988.268 740
   vertex 968.52 988.542 900
   vertex 968.622 988.268 900
  endloop
 endfacet
 facet normal 0.935623 0.353001 -0
  outer loop
   vertex 968.622 988.268 740
   vertex 968.622 988.268 900
   vertex 968.725 987.995 740
  endloop
 endfacet
 facet normal 0.935623 0.353001 -0
  outer loop
   vertex 968.725 987.995 740
   vertex 968.622 988.268 900
   vertex 968.725 987.995 900
  endloop
 endfacet
 facet normal 0.932197 0.361952 -0
  outer loop
   vertex 968.725 987.995 740
   vertex 968.725 987.995 900
   vertex 968.831 987.722 740
  endloop
 endfacet
 facet normal 0.932197 0.361952 -0
  outer loop
   vertex 968.831 987.722 740
   vertex 968.725 987.995 900
   vertex 968.831 987.722 900
  endloop
 endfacet
 facet normal 0.928949 0.370208 -0
  outer loop
   vertex 968.831 987.722 740
   vertex 968.831 987.722 900
   vertex 968.939 987.451 740
  endloop
 endfacet
 facet normal 0.928949 0.370208 -0
  outer loop
   vertex 968.939 987.451 740
   vertex 968.831 987.722 900
   vertex 968.939 987.451 900
  endloop
 endfacet
 facet normal 0.925384 0.379032 -0
  outer loop
   vertex 968.939 987.451 740
   vertex 968.939 987.451 900
   vertex 969.05 987.18 740
  endloop
 endfacet
 facet normal 0.925384 0.379032 -0
  outer loop
   vertex 969.05 987.18 740
   vertex 968.939 987.451 900
   vertex 969.05 987.18 900
  endloop
 endfacet
 facet normal 0.921958 0.387291 -0
  outer loop
   vertex 969.05 987.18 740
   vertex 969.05 987.18 900
   vertex 969.163 986.911 740
  endloop
 endfacet
 facet normal 0.921958 0.387291 -0
  outer loop
   vertex 969.163 986.911 740
   vertex 969.05 987.18 900
   vertex 969.163 986.911 900
  endloop
 endfacet
 facet normal 0.91826 0.395978 -0
  outer loop
   vertex 969.163 986.911 740
   vertex 969.163 986.911 900
   vertex 969.279 986.642 740
  endloop
 endfacet
 facet normal 0.91826 0.395978 -0
  outer loop
   vertex 969.279 986.642 740
   vertex 969.163 986.911 900
   vertex 969.279 986.642 900
  endloop
 endfacet
 facet normal 0.916471 0.400101 -0
  outer loop
   vertex 969.279 986.642 740
   vertex 969.279 986.642 900
   vertex 969.396 986.374 740
  endloop
 endfacet
 facet normal 0.916471 0.400101 -0
  outer loop
   vertex 969.396 986.374 740
   vertex 969.279 986.642 900
   vertex 969.396 986.374 900
  endloop
 endfacet
 facet normal 0.911536 0.411219 -0
  outer loop
   vertex 969.396 986.374 740
   vertex 969.396 986.374 900
   vertex 969.516 986.108 740
  endloop
 endfacet
 facet normal 0.911536 0.411219 -0
  outer loop
   vertex 969.516 986.108 740
   vertex 969.396 986.374 900
   vertex 969.516 986.108 900
  endloop
 endfacet
 facet normal 0.90766 0.419707 -0
  outer loop
   vertex 969.516 986.108 740
   vertex 969.516 986.108 900
   vertex 969.639 985.842 740
  endloop
 endfacet
 facet normal 0.90766 0.419707 -0
  outer loop
   vertex 969.639 985.842 740
   vertex 969.516 986.108 900
   vertex 969.639 985.842 900
  endloop
 endfacet
 facet normal 0.905129 0.425136 -0
  outer loop
   vertex 969.639 985.842 740
   vertex 969.639 985.842 900
   vertex 969.763 985.578 740
  endloop
 endfacet
 facet normal 0.905129 0.425136 -0
  outer loop
   vertex 969.763 985.578 740
   vertex 969.639 985.842 900
   vertex 969.763 985.578 900
  endloop
 endfacet
 facet normal 0.900505 0.434845 -0
  outer loop
   vertex 969.763 985.578 740
   vertex 969.763 985.578 900
   vertex 969.89 985.315 740
  endloop
 endfacet
 facet normal 0.900505 0.434845 -0
  outer loop
   vertex 969.89 985.315 740
   vertex 969.763 985.578 900
   vertex 969.89 985.315 900
  endloop
 endfacet
 facet normal 0.896463 0.443119 -0
  outer loop
   vertex 969.89 985.315 740
   vertex 969.89 985.315 900
   vertex 970.02 985.052 740
  endloop
 endfacet
 facet normal 0.896463 0.443119 -0
  outer loop
   vertex 970.02 985.052 740
   vertex 969.89 985.315 900
   vertex 970.02 985.052 900
  endloop
 endfacet
 facet normal 0.893741 0.448583 -0
  outer loop
   vertex 970.02 985.052 740
   vertex 970.02 985.052 900
   vertex 970.151 984.791 740
  endloop
 endfacet
 facet normal 0.893741 0.448583 -0
  outer loop
   vertex 970.151 984.791 740
   vertex 970.02 985.052 900
   vertex 970.151 984.791 900
  endloop
 endfacet
 facet normal 0.88889 0.45812 -0
  outer loop
   vertex 970.151 984.791 740
   vertex 970.151 984.791 900
   vertex 970.285 984.531 740
  endloop
 endfacet
 facet normal 0.88889 0.45812 -0
  outer loop
   vertex 970.285 984.531 740
   vertex 970.151 984.791 900
   vertex 970.285 984.531 900
  endloop
 endfacet
 facet normal 0.884621 0.466312 -0
  outer loop
   vertex 970.285 984.531 740
   vertex 970.285 984.531 900
   vertex 970.421 984.273 740
  endloop
 endfacet
 facet normal 0.884621 0.466312 -0
  outer loop
   vertex 970.421 984.273 740
   vertex 970.285 984.531 900
   vertex 970.421 984.273 900
  endloop
 endfacet
 facet normal 0.880362 0.474303 -0
  outer loop
   vertex 970.421 984.273 740
   vertex 970.421 984.273 900
   vertex 970.56 984.015 740
  endloop
 endfacet
 facet normal 0.880362 0.474303 -0
  outer loop
   vertex 970.56 984.015 740
   vertex 970.421 984.273 900
   vertex 970.56 984.015 900
  endloop
 endfacet
 facet normal 0.877371 0.479812 -0
  outer loop
   vertex 970.56 984.015 740
   vertex 970.56 984.015 900
   vertex 970.7 983.759 740
  endloop
 endfacet
 facet normal 0.877371 0.479812 -0
  outer loop
   vertex 970.7 983.759 740
   vertex 970.56 984.015 900
   vertex 970.7 983.759 900
  endloop
 endfacet
 facet normal 0.872214 0.489124 -0
  outer loop
   vertex 970.7 983.759 740
   vertex 970.7 983.759 900
   vertex 970.843 983.504 740
  endloop
 endfacet
 facet normal 0.872214 0.489124 -0
  outer loop
   vertex 970.843 983.504 740
   vertex 970.7 983.759 900
   vertex 970.843 983.504 900
  endloop
 endfacet
 facet normal 0.868453 0.495771 -0
  outer loop
   vertex 970.843 983.504 740
   vertex 970.843 983.504 900
   vertex 970.988 983.25 740
  endloop
 endfacet
 facet normal 0.868453 0.495771 -0
  outer loop
   vertex 970.988 983.25 740
   vertex 970.843 983.504 900
   vertex 970.988 983.25 900
  endloop
 endfacet
 facet normal 0.864645 0.502383 -0
  outer loop
   vertex 970.988 983.25 740
   vertex 970.988 983.25 900
   vertex 971.135 982.997 740
  endloop
 endfacet
 facet normal 0.864645 0.502383 -0
  outer loop
   vertex 971.135 982.997 740
   vertex 970.988 983.25 900
   vertex 971.135 982.997 900
  endloop
 endfacet
 facet normal 0.858397 0.512986 -0
  outer loop
   vertex 971.135 982.997 740
   vertex 971.135 982.997 900
   vertex 971.285 982.746 740
  endloop
 endfacet
 facet normal 0.858397 0.512986 -0
  outer loop
   vertex 971.285 982.746 740
   vertex 971.135 982.997 900
   vertex 971.285 982.746 900
  endloop
 endfacet
 facet normal 0.854462 0.519513 -0
  outer loop
   vertex 971.285 982.746 740
   vertex 971.285 982.746 900
   vertex 971.437 982.496 740
  endloop
 endfacet
 facet normal 0.854462 0.519513 -0
  outer loop
   vertex 971.437 982.496 740
   vertex 971.285 982.746 900
   vertex 971.437 982.496 900
  endloop
 endfacet
 facet normal 0.851069 0.525054 -0
  outer loop
   vertex 971.437 982.496 740
   vertex 971.437 982.496 900
   vertex 971.59 982.248 740
  endloop
 endfacet
 facet normal 0.851069 0.525054 -0
  outer loop
   vertex 971.59 982.248 740
   vertex 971.437 982.496 900
   vertex 971.59 982.248 900
  endloop
 endfacet
 facet normal 0.846461 0.532451 -0
  outer loop
   vertex 971.59 982.248 740
   vertex 971.59 982.248 900
   vertex 971.746 982 740
  endloop
 endfacet
 facet normal 0.846461 0.532451 -0
  outer loop
   vertex 971.746 982 740
   vertex 971.59 982.248 900
   vertex 971.746 982 900
  endloop
 endfacet
 facet normal 0.840397 0.541971 -0
  outer loop
   vertex 971.746 982 740
   vertex 971.746 982 900
   vertex 971.904 981.755 740
  endloop
 endfacet
 facet normal 0.840397 0.541971 -0
  outer loop
   vertex 971.904 981.755 740
   vertex 971.746 982 900
   vertex 971.904 981.755 900
  endloop
 endfacet
 facet normal 0.835705 0.549178 -0
  outer loop
   vertex 971.904 981.755 740
   vertex 971.904 981.755 900
   vertex 972.065 981.51 740
  endloop
 endfacet
 facet normal 0.835705 0.549178 -0
  outer loop
   vertex 972.065 981.51 740
   vertex 971.904 981.755 900
   vertex 972.065 981.51 900
  endloop
 endfacet
 facet normal 0.83205 0.5547 -0
  outer loop
   vertex 972.065 981.51 740
   vertex 972.065 981.51 900
   vertex 972.227 981.267 740
  endloop
 endfacet
 facet normal 0.83205 0.5547 -0
  outer loop
   vertex 972.227 981.267 740
   vertex 972.065 981.51 900
   vertex 972.227 981.267 900
  endloop
 endfacet
 facet normal 0.826227 0.563337 -0
  outer loop
   vertex 972.227 981.267 740
   vertex 972.227 981.267 900
   vertex 972.392 981.025 740
  endloop
 endfacet
 facet normal 0.826227 0.563337 -0
  outer loop
   vertex 972.392 981.025 740
   vertex 972.227 981.267 900
   vertex 972.392 981.025 900
  endloop
 endfacet
 facet normal 0.822439 0.568854 -0
  outer loop
   vertex 972.392 981.025 740
   vertex 972.392 981.025 900
   vertex 972.558 980.785 740
  endloop
 endfacet
 facet normal 0.822439 0.568854 -0
  outer loop
   vertex 972.558 980.785 740
   vertex 972.392 981.025 900
   vertex 972.558 980.785 900
  endloop
 endfacet
 facet normal 0.815351 0.578967 -0
  outer loop
   vertex 972.558 980.785 740
   vertex 972.558 980.785 900
   vertex 972.727 980.547 740
  endloop
 endfacet
 facet normal 0.815351 0.578967 -0
  outer loop
   vertex 972.727 980.547 740
   vertex 972.558 980.785 900
   vertex 972.727 980.547 900
  endloop
 endfacet
 facet normal 0.812116 0.583495 -0
  outer loop
   vertex 972.727 980.547 740
   vertex 972.727 980.547 900
   vertex 972.898 980.309 740
  endloop
 endfacet
 facet normal 0.812116 0.583495 -0
  outer loop
   vertex 972.898 980.309 740
   vertex 972.727 980.547 900
   vertex 972.898 980.309 900
  endloop
 endfacet
 facet normal 0.806514 0.591215 -0
  outer loop
   vertex 972.898 980.309 740
   vertex 972.898 980.309 900
   vertex 973.071 980.073 740
  endloop
 endfacet
 facet normal 0.806514 0.591215 -0
  outer loop
   vertex 973.071 980.073 740
   vertex 972.898 980.309 900
   vertex 973.071 980.073 900
  endloop
 endfacet
 facet normal 0.800821 0.598904 -0
  outer loop
   vertex 973.071 980.073 740
   vertex 973.071 980.073 900
   vertex 973.246 979.839 740
  endloop
 endfacet
 facet normal 0.800821 0.598904 -0
  outer loop
   vertex 973.246 979.839 740
   vertex 973.071 980.073 900
   vertex 973.246 979.839 900
  endloop
 endfacet
 facet normal 0.795038 0.606559 -0
  outer loop
   vertex 973.246 979.839 740
   vertex 973.246 979.839 900
   vertex 973.423 979.607 740
  endloop
 endfacet
 facet normal 0.795038 0.606559 -0
  outer loop
   vertex 973.423 979.607 740
   vertex 973.246 979.839 900
   vertex 973.423 979.607 900
  endloop
 endfacet
 facet normal 0.791735 0.610865 -0
  outer loop
   vertex 973.423 979.607 740
   vertex 973.423 979.607 900
   vertex 973.602 979.375 740
  endloop
 endfacet
 facet normal 0.791735 0.610865 -0
  outer loop
   vertex 973.602 979.375 740
   vertex 973.423 979.607 900
   vertex 973.602 979.375 900
  endloop
 endfacet
 facet normal 0.784532 0.620089 -0
  outer loop
   vertex 973.602 979.375 740
   vertex 973.602 979.375 900
   vertex 973.783 979.146 740
  endloop
 endfacet
 facet normal 0.784532 0.620089 -0
  outer loop
   vertex 973.783 979.146 740
   vertex 973.602 979.375 900
   vertex 973.783 979.146 900
  endloop
 endfacet
 facet normal 0.779867 0.625946 -0
  outer loop
   vertex 973.783 979.146 740
   vertex 973.783 979.146 900
   vertex 973.966 978.918 740
  endloop
 endfacet
 facet normal 0.779867 0.625946 -0
  outer loop
   vertex 973.966 978.918 740
   vertex 973.783 979.146 900
   vertex 973.966 978.918 900
  endloop
 endfacet
 facet normal 0.775173 0.631749 -0
  outer loop
   vertex 973.966 978.918 740
   vertex 973.966 978.918 900
   vertex 974.151 978.691 740
  endloop
 endfacet
 facet normal 0.775173 0.631749 -0
  outer loop
   vertex 974.151 978.691 740
   vertex 973.966 978.918 900
   vertex 974.151 978.691 900
  endloop
 endfacet
 facet normal 0.767659 0.640858 -0
  outer loop
   vertex 974.151 978.691 740
   vertex 974.151 978.691 900
   vertex 974.338 978.467 740
  endloop
 endfacet
 facet normal 0.767659 0.640858 -0
  outer loop
   vertex 974.338 978.467 740
   vertex 974.151 978.691 900
   vertex 974.338 978.467 900
  endloop
 endfacet
 facet normal 0.764555 0.644558 -0
  outer loop
   vertex 974.338 978.467 740
   vertex 974.338 978.467 900
   vertex 974.526 978.244 740
  endloop
 endfacet
 facet normal 0.764555 0.644558 -0
  outer loop
   vertex 974.526 978.244 740
   vertex 974.338 978.467 900
   vertex 974.526 978.244 900
  endloop
 endfacet
 facet normal 0.75805 0.652196 -0
  outer loop
   vertex 974.526 978.244 740
   vertex 974.526 978.244 900
   vertex 974.717 978.022 740
  endloop
 endfacet
 facet normal 0.75805 0.652196 -0
  outer loop
   vertex 974.717 978.022 740
   vertex 974.526 978.244 900
   vertex 974.717 978.022 900
  endloop
 endfacet
 facet normal 0.751729 0.659472 -0
  outer loop
   vertex 974.717 978.022 740
   vertex 974.717 978.022 900
   vertex 974.91 977.802 740
  endloop
 endfacet
 facet normal 0.751729 0.659472 -0
  outer loop
   vertex 974.91 977.802 740
   vertex 974.717 978.022 900
   vertex 974.91 977.802 900
  endloop
 endfacet
 facet normal 0.745331 0.666695 -0
  outer loop
   vertex 974.91 977.802 740
   vertex 974.91 977.802 900
   vertex 975.105 977.584 740
  endloop
 endfacet
 facet normal 0.745331 0.666695 -0
  outer loop
   vertex 975.105 977.584 740
   vertex 974.91 977.802 900
   vertex 975.105 977.584 900
  endloop
 endfacet
 facet normal 0.74056 0.67199 -0
  outer loop
   vertex 975.105 977.584 740
   vertex 975.105 977.584 900
   vertex 975.301 977.368 740
  endloop
 endfacet
 facet normal 0.74056 0.67199 -0
  outer loop
   vertex 975.301 977.368 740
   vertex 975.105 977.584 900
   vertex 975.301 977.368 900
  endloop
 endfacet
 facet normal 0.733887 0.679272 -0
  outer loop
   vertex 975.301 977.368 740
   vertex 975.301 977.368 900
   vertex 975.5 977.153 740
  endloop
 endfacet
 facet normal 0.733887 0.679272 -0
  outer loop
   vertex 975.5 977.153 740
   vertex 975.301 977.368 900
   vertex 975.5 977.153 900
  endloop
 endfacet
 facet normal 0.729003 0.68451 -0
  outer loop
   vertex 975.5 977.153 740
   vertex 975.5 977.153 900
   vertex 975.7 976.94 740
  endloop
 endfacet
 facet normal 0.729003 0.68451 -0
  outer loop
   vertex 975.7 976.94 740
   vertex 975.5 977.153 900
   vertex 975.7 976.94 900
  endloop
 endfacet
 facet normal 0.722344 0.691533 -0
  outer loop
   vertex 975.7 976.94 740
   vertex 975.7 976.94 900
   vertex 975.902 976.729 740
  endloop
 endfacet
 facet normal 0.722344 0.691533 -0
  outer loop
   vertex 975.902 976.729 740
   vertex 975.7 976.94 900
   vertex 975.902 976.729 900
  endloop
 endfacet
 facet normal 0.717279 0.696786 -0
  outer loop
   vertex 975.902 976.729 740
   vertex 975.902 976.729 900
   vertex 976.106 976.519 740
  endloop
 endfacet
 facet normal 0.717279 0.696786 -0
  outer loop
   vertex 976.106 976.519 740
   vertex 975.902 976.729 900
   vertex 976.106 976.519 900
  endloop
 endfacet
 facet normal 0.708817 0.705393 -0
  outer loop
   vertex 976.106 976.519 740
   vertex 976.106 976.519 900
   vertex 976.312 976.312 740
  endloop
 endfacet
 facet normal 0.708817 0.705393 -0
  outer loop
   vertex 976.312 976.312 740
   vertex 976.106 976.519 900
   vertex 976.312 976.312 900
  endloop
 endfacet
 facet normal 0.705393 0.708817 -0
  outer loop
   vertex 976.312 976.312 740
   vertex 976.312 976.312 900
   vertex 976.519 976.106 740
  endloop
 endfacet
 facet normal 0.705393 0.708817 -0
  outer loop
   vertex 976.519 976.106 740
   vertex 976.312 976.312 900
   vertex 976.519 976.106 900
  endloop
 endfacet
 facet normal 0.696786 0.717279 -0
  outer loop
   vertex 976.519 976.106 740
   vertex 976.519 976.106 900
   vertex 976.729 975.902 740
  endloop
 endfacet
 facet normal 0.696786 0.717279 -0
  outer loop
   vertex 976.729 975.902 740
   vertex 976.519 976.106 900
   vertex 976.729 975.902 900
  endloop
 endfacet
 facet normal 0.691533 0.722344 -0
  outer loop
   vertex 976.729 975.902 740
   vertex 976.729 975.902 900
   vertex 976.94 975.7 740
  endloop
 endfacet
 facet normal 0.691533 0.722344 -0
  outer loop
   vertex 976.94 975.7 740
   vertex 976.729 975.902 900
   vertex 976.94 975.7 900
  endloop
 endfacet
 facet normal 0.68451 0.729003 -0
  outer loop
   vertex 976.94 975.7 740
   vertex 976.94 975.7 900
   vertex 977.153 975.5 740
  endloop
 endfacet
 facet normal 0.68451 0.729003 -0
  outer loop
   vertex 977.153 975.5 740
   vertex 976.94 975.7 900
   vertex 977.153 975.5 900
  endloop
 endfacet
 facet normal 0.679272 0.733887 -0
  outer loop
   vertex 977.153 975.5 740
   vertex 977.153 975.5 900
   vertex 977.368 975.301 740
  endloop
 endfacet
 facet normal 0.679272 0.733887 -0
  outer loop
   vertex 977.368 975.301 740
   vertex 977.153 975.5 900
   vertex 977.368 975.301 900
  endloop
 endfacet
 facet normal 0.67199 0.74056 -0
  outer loop
   vertex 977.368 975.301 740
   vertex 977.368 975.301 900
   vertex 977.584 975.105 740
  endloop
 endfacet
 facet normal 0.67199 0.74056 -0
  outer loop
   vertex 977.584 975.105 740
   vertex 977.368 975.301 900
   vertex 977.584 975.105 900
  endloop
 endfacet
 facet normal 0.666695 0.745331 -0
  outer loop
   vertex 977.584 975.105 740
   vertex 977.584 975.105 900
   vertex 977.802 974.91 740
  endloop
 endfacet
 facet normal 0.666695 0.745331 -0
  outer loop
   vertex 977.802 974.91 740
   vertex 977.584 975.105 900
   vertex 977.802 974.91 900
  endloop
 endfacet
 facet normal 0.659472 0.751729 -0
  outer loop
   vertex 977.802 974.91 740
   vertex 977.802 974.91 900
   vertex 978.022 974.717 740
  endloop
 endfacet
 facet normal 0.659472 0.751729 -0
  outer loop
   vertex 978.022 974.717 740
   vertex 977.802 974.91 900
   vertex 978.022 974.717 900
  endloop
 endfacet
 facet normal 0.652196 0.75805 -0
  outer loop
   vertex 978.022 974.717 740
   vertex 978.022 974.717 900
   vertex 978.244 974.526 740
  endloop
 endfacet
 facet normal 0.652196 0.75805 -0
  outer loop
   vertex 978.244 974.526 740
   vertex 978.022 974.717 900
   vertex 978.244 974.526 900
  endloop
 endfacet
 facet normal 0.644558 0.764555 -0
  outer loop
   vertex 978.244 974.526 740
   vertex 978.244 974.526 900
   vertex 978.467 974.338 740
  endloop
 endfacet
 facet normal 0.644558 0.764555 -0
  outer loop
   vertex 978.467 974.338 740
   vertex 978.244 974.526 900
   vertex 978.467 974.338 900
  endloop
 endfacet
 facet normal 0.640858 0.767659 -0
  outer loop
   vertex 978.467 974.338 740
   vertex 978.467 974.338 900
   vertex 978.691 974.151 740
  endloop
 endfacet
 facet normal 0.640858 0.767659 -0
  outer loop
   vertex 978.691 974.151 740
   vertex 978.467 974.338 900
   vertex 978.691 974.151 900
  endloop
 endfacet
 facet normal 0.631749 0.775173 -0
  outer loop
   vertex 978.691 974.151 740
   vertex 978.691 974.151 900
   vertex 978.918 973.966 740
  endloop
 endfacet
 facet normal 0.631749 0.775173 -0
  outer loop
   vertex 978.918 973.966 740
   vertex 978.691 974.151 900
   vertex 978.918 973.966 900
  endloop
 endfacet
 facet normal 0.625946 0.779867 -0
  outer loop
   vertex 978.918 973.966 740
   vertex 978.918 973.966 900
   vertex 979.146 973.783 740
  endloop
 endfacet
 facet normal 0.625946 0.779867 -0
  outer loop
   vertex 979.146 973.783 740
   vertex 978.918 973.966 900
   vertex 979.146 973.783 900
  endloop
 endfacet
 facet normal 0.620089 0.784532 -0
  outer loop
   vertex 979.146 973.783 740
   vertex 979.146 973.783 900
   vertex 979.375 973.602 740
  endloop
 endfacet
 facet normal 0.620089 0.784532 -0
  outer loop
   vertex 979.375 973.602 740
   vertex 979.146 973.783 900
   vertex 979.375 973.602 900
  endloop
 endfacet
 facet normal 0.610865 0.791735 -0
  outer loop
   vertex 979.375 973.602 740
   vertex 979.375 973.602 900
   vertex 979.607 973.423 740
  endloop
 endfacet
 facet normal 0.610865 0.791735 -0
  outer loop
   vertex 979.607 973.423 740
   vertex 979.375 973.602 900
   vertex 979.607 973.423 900
  endloop
 endfacet
 facet normal 0.606559 0.795038 -0
  outer loop
   vertex 979.607 973.423 740
   vertex 979.607 973.423 900
   vertex 979.839 973.246 740
  endloop
 endfacet
 facet normal 0.606559 0.795038 -0
  outer loop
   vertex 979.839 973.246 740
   vertex 979.607 973.423 900
   vertex 979.839 973.246 900
  endloop
 endfacet
 facet normal 0.598904 0.800821 -0
  outer loop
   vertex 979.839 973.246 740
   vertex 979.839 973.246 900
   vertex 980.073 973.071 740
  endloop
 endfacet
 facet normal 0.598904 0.800821 -0
  outer loop
   vertex 980.073 973.071 740
   vertex 979.839 973.246 900
   vertex 980.073 973.071 900
  endloop
 endfacet
 facet normal 0.591215 0.806514 -0
  outer loop
   vertex 980.073 973.071 740
   vertex 980.073 973.071 900
   vertex 980.309 972.898 740
  endloop
 endfacet
 facet normal 0.591215 0.806514 -0
  outer loop
   vertex 980.309 972.898 740
   vertex 980.073 973.071 900
   vertex 980.309 972.898 900
  endloop
 endfacet
 facet normal 0.583495 0.812116 -0
  outer loop
   vertex 980.309 972.898 740
   vertex 980.309 972.898 900
   vertex 980.547 972.727 740
  endloop
 endfacet
 facet normal 0.583495 0.812116 -0
  outer loop
   vertex 980.547 972.727 740
   vertex 980.309 972.898 900
   vertex 980.547 972.727 900
  endloop
 endfacet
 facet normal 0.578967 0.815351 -0
  outer loop
   vertex 980.547 972.727 740
   vertex 980.547 972.727 900
   vertex 980.785 972.558 740
  endloop
 endfacet
 facet normal 0.578967 0.815351 -0
  outer loop
   vertex 980.785 972.558 740
   vertex 980.547 972.727 900
   vertex 980.785 972.558 900
  endloop
 endfacet
 facet normal 0.568854 0.822439 -0
  outer loop
   vertex 980.785 972.558 740
   vertex 980.785 972.558 900
   vertex 981.025 972.392 740
  endloop
 endfacet
 facet normal 0.568854 0.822439 -0
  outer loop
   vertex 981.025 972.392 740
   vertex 980.785 972.558 900
   vertex 981.025 972.392 900
  endloop
 endfacet
 facet normal 0.563337 0.826227 -0
  outer loop
   vertex 981.025 972.392 740
   vertex 981.025 972.392 900
   vertex 981.267 972.227 740
  endloop
 endfacet
 facet normal 0.563337 0.826227 -0
  outer loop
   vertex 981.267 972.227 740
   vertex 981.025 972.392 900
   vertex 981.267 972.227 900
  endloop
 endfacet
 facet normal 0.5547 0.83205 -0
  outer loop
   vertex 981.267 972.227 740
   vertex 981.267 972.227 900
   vertex 981.51 972.065 740
  endloop
 endfacet
 facet normal 0.5547 0.83205 -0
  outer loop
   vertex 981.51 972.065 740
   vertex 981.267 972.227 900
   vertex 981.51 972.065 900
  endloop
 endfacet
 facet normal 0.549178 0.835705 -0
  outer loop
   vertex 981.51 972.065 740
   vertex 981.51 972.065 900
   vertex 981.755 971.904 740
  endloop
 endfacet
 facet normal 0.549178 0.835705 -0
  outer loop
   vertex 981.755 971.904 740
   vertex 981.51 972.065 900
   vertex 981.755 971.904 900
  endloop
 endfacet
 facet normal 0.541971 0.840397 -0
  outer loop
   vertex 981.755 971.904 740
   vertex 981.755 971.904 900
   vertex 982 971.746 740
  endloop
 endfacet
 facet normal 0.541971 0.840397 -0
  outer loop
   vertex 982 971.746 740
   vertex 981.755 971.904 900
   vertex 982 971.746 900
  endloop
 endfacet
 facet normal 0.532451 0.846461 -0
  outer loop
   vertex 982 971.746 740
   vertex 982 971.746 900
   vertex 982.248 971.59 740
  endloop
 endfacet
 facet normal 0.532451 0.846461 -0
  outer loop
   vertex 982.248 971.59 740
   vertex 982 971.746 900
   vertex 982.248 971.59 900
  endloop
 endfacet
 facet normal 0.525054 0.851069 -0
  outer loop
   vertex 982.248 971.59 740
   vertex 982.248 971.59 900
   vertex 982.496 971.437 740
  endloop
 endfacet
 facet normal 0.525054 0.851069 -0
  outer loop
   vertex 982.496 971.437 740
   vertex 982.248 971.59 900
   vertex 982.496 971.437 900
  endloop
 endfacet
 facet normal 0.519513 0.854462 -0
  outer loop
   vertex 982.496 971.437 740
   vertex 982.496 971.437 900
   vertex 982.746 971.285 740
  endloop
 endfacet
 facet normal 0.519513 0.854462 -0
  outer loop
   vertex 982.746 971.285 740
   vertex 982.496 971.437 900
   vertex 982.746 971.285 900
  endloop
 endfacet
 facet normal 0.512986 0.858397 -0
  outer loop
   vertex 982.746 971.285 740
   vertex 982.746 971.285 900
   vertex 982.997 971.135 740
  endloop
 endfacet
 facet normal 0.512986 0.858397 -0
  outer loop
   vertex 982.997 971.135 740
   vertex 982.746 971.285 900
   vertex 982.997 971.135 900
  endloop
 endfacet
 facet normal 0.502383 0.864645 -0
  outer loop
   vertex 982.997 971.135 740
   vertex 982.997 971.135 900
   vertex 983.25 970.988 740
  endloop
 endfacet
 facet normal 0.502383 0.864645 -0
  outer loop
   vertex 983.25 970.988 740
   vertex 982.997 971.135 900
   vertex 983.25 970.988 900
  endloop
 endfacet
 facet normal 0.495771 0.868453 -0
  outer loop
   vertex 983.25 970.988 740
   vertex 983.25 970.988 900
   vertex 983.504 970.843 740
  endloop
 endfacet
 facet normal 0.495771 0.868453 -0
  outer loop
   vertex 983.504 970.843 740
   vertex 983.25 970.988 900
   vertex 983.504 970.843 900
  endloop
 endfacet
 facet normal 0.489124 0.872214 -0
  outer loop
   vertex 983.504 970.843 740
   vertex 983.504 970.843 900
   vertex 983.759 970.7 740
  endloop
 endfacet
 facet normal 0.489124 0.872214 -0
  outer loop
   vertex 983.759 970.7 740
   vertex 983.504 970.843 900
   vertex 983.759 970.7 900
  endloop
 endfacet
 facet normal 0.479812 0.877371 -0
  outer loop
   vertex 983.759 970.7 740
   vertex 983.759 970.7 900
   vertex 984.015 970.56 740
  endloop
 endfacet
 facet normal 0.479812 0.877371 -0
  outer loop
   vertex 984.015 970.56 740
   vertex 983.759 970.7 900
   vertex 984.015 970.56 900
  endloop
 endfacet
 facet normal 0.474303 0.880362 -0
  outer loop
   vertex 984.015 970.56 740
   vertex 984.015 970.56 900
   vertex 984.273 970.421 740
  endloop
 endfacet
 facet normal 0.474303 0.880362 -0
  outer loop
   vertex 984.273 970.421 740
   vertex 984.015 970.56 900
   vertex 984.273 970.421 900
  endloop
 endfacet
 facet normal 0.466312 0.884621 -0
  outer loop
   vertex 984.273 970.421 740
   vertex 984.273 970.421 900
   vertex 984.531 970.285 740
  endloop
 endfacet
 facet normal 0.466312 0.884621 -0
  outer loop
   vertex 984.531 970.285 740
   vertex 984.273 970.421 900
   vertex 984.531 970.285 900
  endloop
 endfacet
 facet normal 0.45812 0.88889 -0
  outer loop
   vertex 984.531 970.285 740
   vertex 984.531 970.285 900
   vertex 984.791 970.151 740
  endloop
 endfacet
 facet normal 0.45812 0.88889 -0
  outer loop
   vertex 984.791 970.151 740
   vertex 984.531 970.285 900
   vertex 984.791 970.151 900
  endloop
 endfacet
 facet normal 0.448583 0.893741 -0
  outer loop
   vertex 984.791 970.151 740
   vertex 984.791 970.151 900
   vertex 985.052 970.02 740
  endloop
 endfacet
 facet normal 0.448583 0.893741 -0
  outer loop
   vertex 985.052 970.02 740
   vertex 984.791 970.151 900
   vertex 985.052 970.02 900
  endloop
 endfacet
 facet normal 0.443119 0.896463 -0
  outer loop
   vertex 985.052 970.02 740
   vertex 985.052 970.02 900
   vertex 985.315 969.89 740
  endloop
 endfacet
 facet normal 0.443119 0.896463 -0
  outer loop
   vertex 985.315 969.89 740
   vertex 985.052 970.02 900
   vertex 985.315 969.89 900
  endloop
 endfacet
 facet normal 0.443119 -0.896463 0
  outer loop
   vertex 985.315 1030.11 740
   vertex 985.315 1030.11 900
   vertex 985.052 1029.98 740
  endloop
 endfacet
 facet normal 0.443119 -0.896463 0
  outer loop
   vertex 985.052 1029.98 740
   vertex 985.315 1030.11 900
   vertex 985.052 1029.98 900
  endloop
 endfacet
 facet normal 0.445841 -0.895112 0
  outer loop
   vertex 985.052 1029.98 740
   vertex 985.052 1029.98 900
   vertex 984.791 1029.85 740
  endloop
 endfacet
 facet normal 0.445841 -0.895112 0
  outer loop
   vertex 984.791 1029.85 740
   vertex 985.052 1029.98 900
   vertex 984.791 1029.85 900
  endloop
 endfacet
 facet normal 0.4741 -0.880471 0
  outer loop
   vertex 984.791 1029.85 740
   vertex 984.791 1029.85 900
   vertex 984.531 1029.71 740
  endloop
 endfacet
 facet normal 0.4741 -0.880471 0
  outer loop
   vertex 984.531 1029.71 740
   vertex 984.791 1029.85 900
   vertex 984.531 1029.71 900
  endloop
 endfacet
 facet normal 0.449981 -0.893038 0
  outer loop
   vertex 984.531 1029.71 740
   vertex 984.531 1029.71 900
   vertex 984.273 1029.58 740
  endloop
 endfacet
 facet normal 0.449981 -0.893038 0
  outer loop
   vertex 984.273 1029.58 740
   vertex 984.531 1029.71 900
   vertex 984.273 1029.58 900
  endloop
 endfacet
 facet normal 0.476941 -0.878935 0
  outer loop
   vertex 984.273 1029.58 740
   vertex 984.273 1029.58 900
   vertex 984.015 1029.44 740
  endloop
 endfacet
 facet normal 0.476941 -0.878935 0
  outer loop
   vertex 984.015 1029.44 740
   vertex 984.273 1029.58 900
   vertex 984.015 1029.44 900
  endloop
 endfacet
 facet normal 0.479812 -0.877371 0
  outer loop
   vertex 984.015 1029.44 740
   vertex 984.015 1029.44 900
   vertex 983.759 1029.3 740
  endloop
 endfacet
 facet normal 0.479812 -0.877371 0
  outer loop
   vertex 983.759 1029.3 740
   vertex 984.015 1029.44 900
   vertex 983.759 1029.3 900
  endloop
 endfacet
 facet normal 0.481259 -0.876579 0
  outer loop
   vertex 983.759 1029.3 740
   vertex 983.759 1029.3 900
   vertex 983.504 1029.16 740
  endloop
 endfacet
 facet normal 0.481259 -0.876579 0
  outer loop
   vertex 983.504 1029.16 740
   vertex 983.759 1029.3 900
   vertex 983.504 1029.16 900
  endloop
 endfacet
 facet normal 0.508501 -0.861061 0
  outer loop
   vertex 983.504 1029.16 740
   vertex 983.504 1029.16 900
   vertex 983.25 1029.01 740
  endloop
 endfacet
 facet normal 0.508501 -0.861061 0
  outer loop
   vertex 983.25 1029.01 740
   vertex 983.504 1029.16 900
   vertex 983.25 1029.01 900
  endloop
 endfacet
 facet normal 0.509989 -0.860181 0
  outer loop
   vertex 983.25 1029.01 740
   vertex 983.25 1029.01 900
   vertex 982.997 1028.86 740
  endloop
 endfacet
 facet normal 0.509989 -0.860181 0
  outer loop
   vertex 982.997 1028.86 740
   vertex 983.25 1029.01 900
   vertex 982.997 1028.86 900
  endloop
 endfacet
 facet normal 0.512986 -0.858397 0
  outer loop
   vertex 982.997 1028.86 740
   vertex 982.997 1028.86 900
   vertex 982.746 1028.71 740
  endloop
 endfacet
 facet normal 0.512986 -0.858397 0
  outer loop
   vertex 982.746 1028.71 740
   vertex 982.997 1028.86 900
   vertex 982.746 1028.71 900
  endloop
 endfacet
 facet normal 0.514496 -0.857493 0
  outer loop
   vertex 982.746 1028.71 740
   vertex 982.746 1028.71 900
   vertex 982.496 1028.56 740
  endloop
 endfacet
 facet normal 0.514496 -0.857493 0
  outer loop
   vertex 982.496 1028.56 740
   vertex 982.746 1028.71 900
   vertex 982.496 1028.56 900
  endloop
 endfacet
 facet normal 0.517537 -0.855661 0
  outer loop
   vertex 982.496 1028.56 740
   vertex 982.496 1028.56 900
   vertex 982.248 1028.41 740
  endloop
 endfacet
 facet normal 0.517537 -0.855661 0
  outer loop
   vertex 982.248 1028.41 740
   vertex 982.496 1028.56 900
   vertex 982.248 1028.41 900
  endloop
 endfacet
 facet normal 0.542127 -0.840297 0
  outer loop
   vertex 982.248 1028.41 740
   vertex 982.248 1028.41 900
   vertex 982 1028.25 740
  endloop
 endfacet
 facet normal 0.542127 -0.840297 0
  outer loop
   vertex 982 1028.25 740
   vertex 982.248 1028.41 900
   vertex 982 1028.25 900
  endloop
 endfacet
 facet normal 0.546789 -0.837271 0
  outer loop
   vertex 982 1028.25 740
   vertex 982 1028.25 900
   vertex 981.755 1028.09 740
  endloop
 endfacet
 facet normal 0.546789 -0.837271 0
  outer loop
   vertex 981.755 1028.09 740
   vertex 982 1028.25 900
   vertex 981.755 1028.09 900
  endloop
 endfacet
 facet normal 0.522154 -0.852851 0
  outer loop
   vertex 981.755 1028.09 740
   vertex 981.755 1028.09 900
   vertex 981.51 1027.94 740
  endloop
 endfacet
 facet normal 0.522154 -0.852851 0
  outer loop
   vertex 981.51 1027.94 740
   vertex 981.755 1028.09 900
   vertex 981.51 1027.94 900
  endloop
 endfacet
 facet normal 0.573236 -0.81939 0
  outer loop
   vertex 981.51 1027.94 740
   vertex 981.51 1027.94 900
   vertex 981.267 1027.77 740
  endloop
 endfacet
 facet normal 0.573236 -0.81939 0
  outer loop
   vertex 981.267 1027.77 740
   vertex 981.51 1027.94 900
   vertex 981.267 1027.77 900
  endloop
 endfacet
 facet normal 0.551514 -0.834165 0
  outer loop
   vertex 981.267 1027.77 740
   vertex 981.267 1027.77 900
   vertex 981.025 1027.61 740
  endloop
 endfacet
 facet normal 0.551514 -0.834165 0
  outer loop
   vertex 981.025 1027.61 740
   vertex 981.267 1027.77 900
   vertex 981.025 1027.61 900
  endloop
 endfacet
 facet normal 0.578017 -0.816024 0
  outer loop
   vertex 981.025 1027.61 740
   vertex 981.025 1027.61 900
   vertex 980.785 1027.44 740
  endloop
 endfacet
 facet normal 0.578017 -0.816024 0
  outer loop
   vertex 980.785 1027.44 740
   vertex 981.025 1027.61 900
   vertex 980.785 1027.44 900
  endloop
 endfacet
 facet normal 0.581238 -0.813733 0
  outer loop
   vertex 980.785 1027.44 740
   vertex 980.785 1027.44 900
   vertex 980.547 1027.27 740
  endloop
 endfacet
 facet normal 0.581238 -0.813733 0
  outer loop
   vertex 980.547 1027.27 740
   vertex 980.785 1027.44 900
   vertex 980.547 1027.27 900
  endloop
 endfacet
 facet normal 0.581238 -0.813733 0
  outer loop
   vertex 980.547 1027.27 740
   vertex 980.547 1027.27 900
   vertex 980.309 1027.1 740
  endloop
 endfacet
 facet normal 0.581238 -0.813733 0
  outer loop
   vertex 980.309 1027.1 740
   vertex 980.547 1027.27 900
   vertex 980.309 1027.1 900
  endloop
 endfacet
 facet normal 0.584486 -0.811404 0
  outer loop
   vertex 980.309 1027.1 740
   vertex 980.309 1027.1 900
   vertex 980.073 1026.93 740
  endloop
 endfacet
 facet normal 0.584486 -0.811404 0
  outer loop
   vertex 980.073 1026.93 740
   vertex 980.309 1027.1 900
   vertex 980.073 1026.93 900
  endloop
 endfacet
 facet normal 0.609711 -0.792624 0
  outer loop
   vertex 980.073 1026.93 740
   vertex 980.073 1026.93 900
   vertex 979.839 1026.75 740
  endloop
 endfacet
 facet normal 0.609711 -0.792624 0
  outer loop
   vertex 979.839 1026.75 740
   vertex 980.073 1026.93 900
   vertex 979.839 1026.75 900
  endloop
 endfacet
 facet normal 0.591062 -0.806626 0
  outer loop
   vertex 979.839 1026.75 740
   vertex 979.839 1026.75 900
   vertex 979.607 1026.58 740
  endloop
 endfacet
 facet normal 0.591062 -0.806626 0
  outer loop
   vertex 979.607 1026.58 740
   vertex 979.839 1026.75 900
   vertex 979.607 1026.58 900
  endloop
 endfacet
 facet normal 0.612997 -0.790085 0
  outer loop
   vertex 979.607 1026.58 740
   vertex 979.607 1026.58 900
   vertex 979.375 1026.4 740
  endloop
 endfacet
 facet normal 0.612997 -0.790085 0
  outer loop
   vertex 979.375 1026.4 740
   vertex 979.607 1026.58 900
   vertex 979.375 1026.4 900
  endloop
 endfacet
 facet normal 0.617973 -0.786199 0
  outer loop
   vertex 979.375 1026.4 740
   vertex 979.375 1026.4 900
   vertex 979.146 1026.22 740
  endloop
 endfacet
 facet normal 0.617973 -0.786199 0
  outer loop
   vertex 979.146 1026.22 740
   vertex 979.375 1026.4 900
   vertex 979.146 1026.22 900
  endloop
 endfacet
 facet normal 0.640184 -0.768221 0
  outer loop
   vertex 979.146 1026.22 740
   vertex 979.146 1026.22 900
   vertex 978.918 1026.03 740
  endloop
 endfacet
 facet normal 0.640184 -0.768221 0
  outer loop
   vertex 978.918 1026.03 740
   vertex 979.146 1026.22 900
   vertex 978.918 1026.03 900
  endloop
 endfacet
 facet normal 0.621322 -0.783556 0
  outer loop
   vertex 978.918 1026.03 740
   vertex 978.918 1026.03 900
   vertex 978.691 1025.85 740
  endloop
 endfacet
 facet normal 0.621322 -0.783556 0
  outer loop
   vertex 978.691 1025.85 740
   vertex 978.918 1026.03 900
   vertex 978.691 1025.85 900
  endloop
 endfacet
 facet normal 0.646857 -0.762611 0
  outer loop
   vertex 978.691 1025.85 740
   vertex 978.691 1025.85 900
   vertex 978.467 1025.66 740
  endloop
 endfacet
 facet normal 0.646857 -0.762611 0
  outer loop
   vertex 978.467 1025.66 740
   vertex 978.691 1025.85 900
   vertex 978.467 1025.66 900
  endloop
 endfacet
 facet normal 0.64854 -0.761181 0
  outer loop
   vertex 978.467 1025.66 740
   vertex 978.467 1025.66 900
   vertex 978.244 1025.47 740
  endloop
 endfacet
 facet normal 0.64854 -0.761181 0
  outer loop
   vertex 978.244 1025.47 740
   vertex 978.467 1025.66 900
   vertex 978.244 1025.47 900
  endloop
 endfacet
 facet normal 0.650228 -0.75974 0
  outer loop
   vertex 978.244 1025.47 740
   vertex 978.244 1025.47 900
   vertex 978.022 1025.28 740
  endloop
 endfacet
 facet normal 0.650228 -0.75974 0
  outer loop
   vertex 978.022 1025.28 740
   vertex 978.244 1025.47 900
   vertex 978.022 1025.28 900
  endloop
 endfacet
 facet normal 0.65362 -0.756823 0
  outer loop
   vertex 978.022 1025.28 740
   vertex 978.022 1025.28 900
   vertex 977.802 1025.09 740
  endloop
 endfacet
 facet normal 0.65362 -0.756823 0
  outer loop
   vertex 977.802 1025.09 740
   vertex 978.022 1025.28 900
   vertex 977.802 1025.09 900
  endloop
 endfacet
 facet normal 0.657034 -0.753861 0
  outer loop
   vertex 977.802 1025.09 740
   vertex 977.802 1025.09 900
   vertex 977.584 1024.9 740
  endloop
 endfacet
 facet normal 0.657034 -0.753861 0
  outer loop
   vertex 977.584 1024.9 740
   vertex 977.802 1025.09 900
   vertex 977.584 1024.9 900
  endloop
 endfacet
 facet normal 0.679408 -0.733761 0
  outer loop
   vertex 977.584 1024.9 740
   vertex 977.584 1024.9 900
   vertex 977.368 1024.7 740
  endloop
 endfacet
 facet normal 0.679408 -0.733761 0
  outer loop
   vertex 977.368 1024.7 740
   vertex 977.584 1024.9 900
   vertex 977.368 1024.7 900
  endloop
 endfacet
 facet normal 0.681104 -0.732187 0
  outer loop
   vertex 977.368 1024.7 740
   vertex 977.368 1024.7 900
   vertex 977.153 1024.5 740
  endloop
 endfacet
 facet normal 0.681104 -0.732187 0
  outer loop
   vertex 977.153 1024.5 740
   vertex 977.368 1024.7 900
   vertex 977.153 1024.5 900
  endloop
 endfacet
 facet normal 0.68451 -0.729003 0
  outer loop
   vertex 977.153 1024.5 740
   vertex 977.153 1024.5 900
   vertex 976.94 1024.3 740
  endloop
 endfacet
 facet normal 0.68451 -0.729003 0
  outer loop
   vertex 976.94 1024.3 740
   vertex 977.153 1024.5 900
   vertex 976.94 1024.3 900
  endloop
 endfacet
 facet normal 0.687935 -0.725772 0
  outer loop
   vertex 976.94 1024.3 740
   vertex 976.94 1024.3 900
   vertex 976.729 1024.1 740
  endloop
 endfacet
 facet normal 0.687935 -0.725772 0
  outer loop
   vertex 976.729 1024.1 740
   vertex 976.94 1024.3 900
   vertex 976.729 1024.1 900
  endloop
 endfacet
 facet normal 0.707107 -0.707107 0
  outer loop
   vertex 976.729 1024.1 740
   vertex 976.729 1024.1 900
   vertex 976.519 1023.89 740
  endloop
 endfacet
 facet normal 0.707107 -0.707107 0
  outer loop
   vertex 976.519 1023.89 740
   vertex 976.729 1024.1 900
   vertex 976.519 1023.89 900
  endloop
 endfacet
 facet normal 0.694842 -0.719162 0
  outer loop
   vertex 976.519 1023.89 740
   vertex 976.519 1023.89 900
   vertex 976.312 1023.69 740
  endloop
 endfacet
 facet normal 0.694842 -0.719162 0
  outer loop
   vertex 976.312 1023.69 740
   vertex 976.519 1023.89 900
   vertex 976.312 1023.69 900
  endloop
 endfacet
 facet normal 0.713873 -0.700275 0
  outer loop
   vertex 976.312 1023.69 740
   vertex 976.312 1023.69 900
   vertex 976.106 1023.48 740
  endloop
 endfacet
 facet normal 0.713873 -0.700275 0
  outer loop
   vertex 976.106 1023.48 740
   vertex 976.312 1023.69 900
   vertex 976.106 1023.48 900
  endloop
 endfacet
 facet normal 0.717279 -0.696786 0
  outer loop
   vertex 976.106 1023.48 740
   vertex 976.106 1023.48 900
   vertex 975.902 1023.27 740
  endloop
 endfacet
 facet normal 0.717279 -0.696786 0
  outer loop
   vertex 975.902 1023.27 740
   vertex 976.106 1023.48 900
   vertex 975.902 1023.27 900
  endloop
 endfacet
 facet normal 0.720701 -0.693246 0
  outer loop
   vertex 975.902 1023.27 740
   vertex 975.902 1023.27 900
   vertex 975.7 1023.06 740
  endloop
 endfacet
 facet normal 0.720701 -0.693246 0
  outer loop
   vertex 975.7 1023.06 740
   vertex 975.902 1023.27 900
   vertex 975.7 1023.06 900
  endloop
 endfacet
 facet normal 0.724138 -0.689655 0
  outer loop
   vertex 975.7 1023.06 740
   vertex 975.7 1023.06 900
   vertex 975.5 1022.85 740
  endloop
 endfacet
 facet normal 0.724138 -0.689655 0
  outer loop
   vertex 975.5 1022.85 740
   vertex 975.7 1023.06 900
   vertex 975.5 1022.85 900
  endloop
 endfacet
 facet normal 0.741616 -0.670825 0
  outer loop
   vertex 975.5 1022.85 740
   vertex 975.5 1022.85 900
   vertex 975.301 1022.63 740
  endloop
 endfacet
 facet normal 0.741616 -0.670825 0
  outer loop
   vertex 975.301 1022.63 740
   vertex 975.5 1022.85 900
   vertex 975.301 1022.63 900
  endloop
 endfacet
 facet normal 0.731055 -0.682318 0
  outer loop
   vertex 975.301 1022.63 740
   vertex 975.301 1022.63 900
   vertex 975.105 1022.42 740
  endloop
 endfacet
 facet normal 0.731055 -0.682318 0
  outer loop
   vertex 975.105 1022.42 740
   vertex 975.301 1022.63 900
   vertex 975.105 1022.42 900
  endloop
 endfacet
 facet normal 0.748347 -0.663308 0
  outer loop
   vertex 975.105 1022.42 740
   vertex 975.105 1022.42 900
   vertex 974.91 1022.2 740
  endloop
 endfacet
 facet normal 0.748347 -0.663308 0
  outer loop
   vertex 974.91 1022.2 740
   vertex 975.105 1022.42 900
   vertex 974.91 1022.2 900
  endloop
 endfacet
 facet normal 0.751729 -0.659472 0
  outer loop
   vertex 974.91 1022.2 740
   vertex 974.91 1022.2 900
   vertex 974.717 1021.98 740
  endloop
 endfacet
 facet normal 0.751729 -0.659472 0
  outer loop
   vertex 974.717 1021.98 740
   vertex 974.91 1022.2 900
   vertex 974.717 1021.98 900
  endloop
 endfacet
 facet normal 0.755123 -0.655584 0
  outer loop
   vertex 974.717 1021.98 740
   vertex 974.717 1021.98 900
   vertex 974.526 1021.76 740
  endloop
 endfacet
 facet normal 0.755123 -0.655584 0
  outer loop
   vertex 974.526 1021.76 740
   vertex 974.717 1021.98 900
   vertex 974.526 1021.76 900
  endloop
 endfacet
 facet normal 0.774257 -0.632871 0
  outer loop
   vertex 974.526 1021.76 740
   vertex 974.526 1021.76 900
   vertex 974.338 1021.53 740
  endloop
 endfacet
 facet normal 0.774257 -0.632871 0
  outer loop
   vertex 974.338 1021.53 740
   vertex 974.526 1021.76 900
   vertex 974.338 1021.53 900
  endloop
 endfacet
 facet normal 0.761939 -0.647648 0
  outer loop
   vertex 974.338 1021.53 740
   vertex 974.338 1021.53 900
   vertex 974.151 1021.31 740
  endloop
 endfacet
 facet normal 0.761939 -0.647648 0
  outer loop
   vertex 974.151 1021.31 740
   vertex 974.338 1021.53 900
   vertex 974.151 1021.31 900
  endloop
 endfacet
 facet normal 0.779213 -0.626759 0
  outer loop
   vertex 974.151 1021.31 740
   vertex 974.151 1021.31 900
   vertex 973.966 1021.08 740
  endloop
 endfacet
 facet normal 0.779213 -0.626759 0
  outer loop
   vertex 973.966 1021.08 740
   vertex 974.151 1021.31 900
   vertex 973.966 1021.08 900
  endloop
 endfacet
 facet normal 0.782526 -0.622618 0
  outer loop
   vertex 973.966 1021.08 740
   vertex 973.966 1021.08 900
   vertex 973.783 1020.85 740
  endloop
 endfacet
 facet normal 0.782526 -0.622618 0
  outer loop
   vertex 973.783 1020.85 740
   vertex 973.966 1021.08 900
   vertex 973.783 1020.85 900
  endloop
 endfacet
 facet normal 0.785844 -0.618425 0
  outer loop
   vertex 973.783 1020.85 740
   vertex 973.783 1020.85 900
   vertex 973.602 1020.62 740
  endloop
 endfacet
 facet normal 0.785844 -0.618425 0
  outer loop
   vertex 973.602 1020.62 740
   vertex 973.783 1020.85 900
   vertex 973.602 1020.62 900
  endloop
 endfacet
 facet normal 0.789167 -0.614178 0
  outer loop
   vertex 973.602 1020.62 740
   vertex 973.602 1020.62 900
   vertex 973.423 1020.39 740
  endloop
 endfacet
 facet normal 0.789167 -0.614178 0
  outer loop
   vertex 973.423 1020.39 740
   vertex 973.602 1020.62 900
   vertex 973.423 1020.39 900
  endloop
 endfacet
 facet normal 0.792496 -0.609877 0
  outer loop
   vertex 973.423 1020.39 740
   vertex 973.423 1020.39 900
   vertex 973.246 1020.16 740
  endloop
 endfacet
 facet normal 0.792496 -0.609877 0
  outer loop
   vertex 973.246 1020.16 740
   vertex 973.423 1020.39 900
   vertex 973.246 1020.16 900
  endloop
 endfacet
 facet normal 0.795829 -0.605522 0
  outer loop
   vertex 973.246 1020.16 740
   vertex 973.246 1020.16 900
   vertex 973.071 1019.93 740
  endloop
 endfacet
 facet normal 0.795829 -0.605522 0
  outer loop
   vertex 973.071 1019.93 740
   vertex 973.246 1020.16 900
   vertex 973.071 1019.93 900
  endloop
 endfacet
 facet normal 0.811214 -0.58475 0
  outer loop
   vertex 973.071 1019.93 740
   vertex 973.071 1019.93 900
   vertex 972.898 1019.69 740
  endloop
 endfacet
 facet normal 0.811214 -0.58475 0
  outer loop
   vertex 972.898 1019.69 740
   vertex 973.071 1019.93 900
   vertex 972.898 1019.69 900
  endloop
 endfacet
 facet normal 0.814421 -0.580275 0
  outer loop
   vertex 972.898 1019.69 740
   vertex 972.898 1019.69 900
   vertex 972.727 1019.45 740
  endloop
 endfacet
 facet normal 0.814421 -0.580275 0
  outer loop
   vertex 972.727 1019.45 740
   vertex 972.898 1019.69 900
   vertex 972.727 1019.45 900
  endloop
 endfacet
 facet normal 0.805848 -0.592123 0
  outer loop
   vertex 972.727 1019.45 740
   vertex 972.727 1019.45 900
   vertex 972.558 1019.22 740
  endloop
 endfacet
 facet normal 0.805848 -0.592123 0
  outer loop
   vertex 972.558 1019.22 740
   vertex 972.727 1019.45 900
   vertex 972.558 1019.22 900
  endloop
 endfacet
 facet normal 0.833074 -0.553161 0
  outer loop
   vertex 972.558 1019.22 740
   vertex 972.558 1019.22 900
   vertex 972.392 1018.97 740
  endloop
 endfacet
 facet normal 0.833074 -0.553161 0
  outer loop
   vertex 972.392 1018.97 740
   vertex 972.558 1019.22 900
   vertex 972.392 1018.97 900
  endloop
 endfacet
 facet normal 0.824042 -0.566529 0
  outer loop
   vertex 972.392 1018.97 740
   vertex 972.392 1018.97 900
   vertex 972.227 1018.73 740
  endloop
 endfacet
 facet normal 0.824042 -0.566529 0
  outer loop
   vertex 972.227 1018.73 740
   vertex 972.392 1018.97 900
   vertex 972.227 1018.73 900
  endloop
 endfacet
 facet normal 0.828849 -0.559473 0
  outer loop
   vertex 972.227 1018.73 740
   vertex 972.227 1018.73 900
   vertex 972.065 1018.49 740
  endloop
 endfacet
 facet normal 0.828849 -0.559473 0
  outer loop
   vertex 972.065 1018.49 740
   vertex 972.227 1018.73 900
   vertex 972.065 1018.49 900
  endloop
 endfacet
 facet normal 0.840741 -0.541437 0
  outer loop
   vertex 972.065 1018.49 740
   vertex 972.065 1018.49 900
   vertex 971.904 1018.24 740
  endloop
 endfacet
 facet normal 0.840741 -0.541437 0
  outer loop
   vertex 971.904 1018.24 740
   vertex 972.065 1018.49 900
   vertex 971.904 1018.24 900
  endloop
 endfacet
 facet normal 0.835249 -0.549872 0
  outer loop
   vertex 971.904 1018.24 740
   vertex 971.904 1018.24 900
   vertex 971.746 1018 740
  endloop
 endfacet
 facet normal 0.835249 -0.549872 0
  outer loop
   vertex 971.746 1018 740
   vertex 971.904 1018.24 900
   vertex 971.746 1018 900
  endloop
 endfacet
 facet normal 0.848379 -0.529389 0
  outer loop
   vertex 971.746 1018 740
   vertex 971.746 1018 900
   vertex 971.59 1017.75 740
  endloop
 endfacet
 facet normal 0.848379 -0.529389 0
  outer loop
   vertex 971.59 1017.75 740
   vertex 971.746 1018 900
   vertex 971.59 1017.75 900
  endloop
 endfacet
 facet normal 0.852944 -0.522002 0
  outer loop
   vertex 971.59 1017.75 740
   vertex 971.59 1017.75 900
   vertex 971.437 1017.5 740
  endloop
 endfacet
 facet normal 0.852944 -0.522002 0
  outer loop
   vertex 971.437 1017.5 740
   vertex 971.59 1017.75 900
   vertex 971.437 1017.5 900
  endloop
 endfacet
 facet normal 0.854462 -0.519513 0
  outer loop
   vertex 971.437 1017.5 740
   vertex 971.437 1017.5 900
   vertex 971.285 1017.25 740
  endloop
 endfacet
 facet normal 0.854462 -0.519513 0
  outer loop
   vertex 971.285 1017.25 740
   vertex 971.437 1017.5 900
   vertex 971.285 1017.25 900
  endloop
 endfacet
 facet normal 0.857493 -0.514496 0
  outer loop
   vertex 971.285 1017.25 740
   vertex 971.285 1017.25 900
   vertex 971.135 1017 740
  endloop
 endfacet
 facet normal 0.857493 -0.514496 0
  outer loop
   vertex 971.135 1017 740
   vertex 971.285 1017.25 900
   vertex 971.135 1017 900
  endloop
 endfacet
 facet normal 0.862023 -0.506869 0
  outer loop
   vertex 971.135 1017 740
   vertex 971.135 1017 900
   vertex 970.988 1016.75 740
  endloop
 endfacet
 facet normal 0.862023 -0.506869 0
  outer loop
   vertex 970.988 1016.75 740
   vertex 971.135 1017 900
   vertex 970.988 1016.75 900
  endloop
 endfacet
 facet normal 0.865031 -0.501718 0
  outer loop
   vertex 970.988 1016.75 740
   vertex 970.988 1016.75 900
   vertex 970.843 1016.5 740
  endloop
 endfacet
 facet normal 0.865031 -0.501718 0
  outer loop
   vertex 970.843 1016.5 740
   vertex 970.988 1016.75 900
   vertex 970.843 1016.5 900
  endloop
 endfacet
 facet normal 0.876216 -0.481919 0
  outer loop
   vertex 970.843 1016.5 740
   vertex 970.843 1016.5 900
   vertex 970.7 1016.24 740
  endloop
 endfacet
 facet normal 0.876216 -0.481919 0
  outer loop
   vertex 970.7 1016.24 740
   vertex 970.843 1016.5 900
   vertex 970.7 1016.24 900
  endloop
 endfacet
 facet normal 0.880471 -0.4741 0
  outer loop
   vertex 970.7 1016.24 740
   vertex 970.7 1016.24 900
   vertex 970.56 1015.98 740
  endloop
 endfacet
 facet normal 0.880471 -0.4741 0
  outer loop
   vertex 970.56 1015.98 740
   vertex 970.7 1016.24 900
   vertex 970.56 1015.98 900
  endloop
 endfacet
 facet normal 0.873992 -0.48594 0
  outer loop
   vertex 970.56 1015.98 740
   vertex 970.56 1015.98 900
   vertex 970.421 1015.73 740
  endloop
 endfacet
 facet normal 0.873992 -0.48594 0
  outer loop
   vertex 970.421 1015.73 740
   vertex 970.56 1015.98 900
   vertex 970.421 1015.73 900
  endloop
 endfacet
 facet normal 0.886098 -0.463498 0
  outer loop
   vertex 970.421 1015.73 740
   vertex 970.421 1015.73 900
   vertex 970.285 1015.47 740
  endloop
 endfacet
 facet normal 0.886098 -0.463498 0
  outer loop
   vertex 970.285 1015.47 740
   vertex 970.421 1015.73 900
   vertex 970.285 1015.47 900
  endloop
 endfacet
 facet normal 0.88889 -0.45812 0
  outer loop
   vertex 970.285 1015.47 740
   vertex 970.285 1015.47 900
   vertex 970.151 1015.21 740
  endloop
 endfacet
 facet normal 0.88889 -0.45812 0
  outer loop
   vertex 970.151 1015.21 740
   vertex 970.285 1015.47 900
   vertex 970.151 1015.21 900
  endloop
 endfacet
 facet normal 0.893049 -0.449959 0
  outer loop
   vertex 970.151 1015.21 740
   vertex 970.151 1015.21 900
   vertex 970.02 1014.95 740
  endloop
 endfacet
 facet normal 0.893049 -0.449959 0
  outer loop
   vertex 970.02 1014.95 740
   vertex 970.151 1015.21 900
   vertex 970.02 1014.95 900
  endloop
 endfacet
 facet normal 0.901002 -0.433816 0
  outer loop
   vertex 970.02 1014.95 740
   vertex 970.02 1014.95 900
   vertex 969.89 1014.68 740
  endloop
 endfacet
 facet normal 0.901002 -0.433816 0
  outer loop
   vertex 969.89 1014.68 740
   vertex 970.02 1014.95 900
   vertex 969.89 1014.68 900
  endloop
 endfacet
 facet normal 0.898536 -0.4389 0
  outer loop
   vertex 969.89 1014.68 740
   vertex 969.89 1014.68 900
   vertex 969.763 1014.42 740
  endloop
 endfacet
 facet normal 0.898536 -0.4389 0
  outer loop
   vertex 969.763 1014.42 740
   vertex 969.89 1014.68 900
   vertex 969.763 1014.42 900
  endloop
 endfacet
 facet normal 0.902604 -0.430473 0
  outer loop
   vertex 969.763 1014.42 740
   vertex 969.763 1014.42 900
   vertex 969.639 1014.16 740
  endloop
 endfacet
 facet normal 0.902604 -0.430473 0
  outer loop
   vertex 969.639 1014.16 740
   vertex 969.763 1014.42 900
   vertex 969.639 1014.16 900
  endloop
 endfacet
 facet normal 0.91002 -0.414565 0
  outer loop
   vertex 969.639 1014.16 740
   vertex 969.639 1014.16 900
   vertex 969.516 1013.89 740
  endloop
 endfacet
 facet normal 0.91002 -0.414565 0
  outer loop
   vertex 969.516 1013.89 740
   vertex 969.639 1014.16 900
   vertex 969.516 1013.89 900
  endloop
 endfacet
 facet normal 0.907959 -0.419058 0
  outer loop
   vertex 969.516 1013.89 740
   vertex 969.516 1013.89 900
   vertex 969.396 1013.63 740
  endloop
 endfacet
 facet normal 0.907959 -0.419058 0
  outer loop
   vertex 969.396 1013.63 740
   vertex 969.516 1013.89 900
   vertex 969.396 1013.63 900
  endloop
 endfacet
 facet normal 0.917556 -0.397607 0
  outer loop
   vertex 969.396 1013.63 740
   vertex 969.396 1013.63 900
   vertex 969.279 1013.36 740
  endloop
 endfacet
 facet normal 0.917556 -0.397607 0
  outer loop
   vertex 969.279 1013.36 740
   vertex 969.396 1013.63 900
   vertex 969.279 1013.36 900
  endloop
 endfacet
 facet normal 0.918793 -0.394741 0
  outer loop
   vertex 969.279 1013.36 740
   vertex 969.279 1013.36 900
   vertex 969.163 1013.09 740
  endloop
 endfacet
 facet normal 0.918793 -0.394741 0
  outer loop
   vertex 969.163 1013.09 740
   vertex 969.279 1013.36 900
   vertex 969.163 1013.09 900
  endloop
 endfacet
 facet normal 0.922469 -0.38607 0
  outer loop
   vertex 969.163 1013.09 740
   vertex 969.163 1013.09 900
   vertex 969.05 1012.82 740
  endloop
 endfacet
 facet normal 0.922469 -0.38607 0
  outer loop
   vertex 969.05 1012.82 740
   vertex 969.163 1013.09 900
   vertex 969.05 1012.82 900
  endloop
 endfacet
 facet normal 0.924891 -0.380233 0
  outer loop
   vertex 969.05 1012.82 740
   vertex 969.05 1012.82 900
   vertex 968.939 1012.55 740
  endloop
 endfacet
 facet normal 0.924891 -0.380233 0
  outer loop
   vertex 968.939 1012.55 740
   vertex 969.05 1012.82 900
   vertex 968.939 1012.55 900
  endloop
 endfacet
 facet normal 0.928477 -0.371391 0
  outer loop
   vertex 968.939 1012.55 740
   vertex 968.939 1012.55 900
   vertex 968.831 1012.28 740
  endloop
 endfacet
 facet normal 0.928477 -0.371391 0
  outer loop
   vertex 968.831 1012.28 740
   vertex 968.939 1012.55 900
   vertex 968.831 1012.28 900
  endloop
 endfacet
 facet normal 0.930835 -0.365439 0
  outer loop
   vertex 968.831 1012.28 740
   vertex 968.831 1012.28 900
   vertex 968.725 1012.01 740
  endloop
 endfacet
 facet normal 0.930835 -0.365439 0
  outer loop
   vertex 968.725 1012.01 740
   vertex 968.831 1012.28 900
   vertex 968.725 1012.01 900
  endloop
 endfacet
 facet normal 0.938515 -0.345239 0
  outer loop
   vertex 968.725 1012.01 740
   vertex 968.725 1012.01 900
   vertex 968.622 1011.73 740
  endloop
 endfacet
 facet normal 0.938515 -0.345239 0
  outer loop
   vertex 968.622 1011.73 740
   vertex 968.725 1012.01 900
   vertex 968.622 1011.73 900
  endloop
 endfacet
 facet normal 0.935472 -0.353401 0
  outer loop
   vertex 968.622 1011.73 740
   vertex 968.622 1011.73 900
   vertex 968.52 1011.46 740
  endloop
 endfacet
 facet normal 0.935472 -0.353401 0
  outer loop
   vertex 968.52 1011.46 740
   vertex 968.622 1011.73 900
   vertex 968.52 1011.46 900
  endloop
 endfacet
 facet normal 0.943858 -0.33035 0
  outer loop
   vertex 968.52 1011.46 740
   vertex 968.52 1011.46 900
   vertex 968.422 1011.18 740
  endloop
 endfacet
 facet normal 0.943858 -0.33035 0
  outer loop
   vertex 968.422 1011.18 740
   vertex 968.52 1011.46 900
   vertex 968.422 1011.18 900
  endloop
 endfacet
 facet normal 0.941109 -0.338102 0
  outer loop
   vertex 968.422 1011.18 740
   vertex 968.422 1011.18 900
   vertex 968.325 1010.91 740
  endloop
 endfacet
 facet normal 0.941109 -0.338102 0
  outer loop
   vertex 968.325 1010.91 740
   vertex 968.422 1011.18 900
   vertex 968.325 1010.91 900
  endloop
 endfacet
 facet normal 0.948004 -0.318258 0
  outer loop
   vertex 968.325 1010.91 740
   vertex 968.325 1010.91 900
   vertex 968.231 1010.63 740
  endloop
 endfacet
 facet normal 0.948004 -0.318258 0
  outer loop
   vertex 968.231 1010.63 740
   vertex 968.325 1010.91 900
   vertex 968.231 1010.63 900
  endloop
 endfacet
 facet normal 0.951034 -0.309086 0
  outer loop
   vertex 968.231 1010.63 740
   vertex 968.231 1010.63 900
   vertex 968.14 1010.35 740
  endloop
 endfacet
 facet normal 0.951034 -0.309086 0
  outer loop
   vertex 968.14 1010.35 740
   vertex 968.231 1010.63 900
   vertex 968.14 1010.35 900
  endloop
 endfacet
 facet normal 0.952029 -0.306009 0
  outer loop
   vertex 968.14 1010.35 740
   vertex 968.14 1010.35 900
   vertex 968.05 1010.07 740
  endloop
 endfacet
 facet normal 0.952029 -0.306009 0
  outer loop
   vertex 968.05 1010.07 740
   vertex 968.14 1010.35 900
   vertex 968.05 1010.07 900
  endloop
 endfacet
 facet normal 0.955927 -0.293606 0
  outer loop
   vertex 968.05 1010.07 740
   vertex 968.05 1010.07 900
   vertex 967.964 1009.79 740
  endloop
 endfacet
 facet normal 0.955927 -0.293606 0
  outer loop
   vertex 967.964 1009.79 740
   vertex 968.05 1010.07 900
   vertex 967.964 1009.79 900
  endloop
 endfacet
 facet normal 0.954857 -0.297067 0
  outer loop
   vertex 967.964 1009.79 740
   vertex 967.964 1009.79 900
   vertex 967.88 1009.52 740
  endloop
 endfacet
 facet normal 0.954857 -0.297067 0
  outer loop
   vertex 967.88 1009.52 740
   vertex 967.964 1009.79 900
   vertex 967.88 1009.52 900
  endloop
 endfacet
 facet normal 0.962272 -0.272091 0
  outer loop
   vertex 967.88 1009.52 740
   vertex 967.88 1009.52 900
   vertex 967.798 1009.23 740
  endloop
 endfacet
 facet normal 0.962272 -0.272091 0
  outer loop
   vertex 967.798 1009.23 740
   vertex 967.88 1009.52 900
   vertex 967.798 1009.23 900
  endloop
 endfacet
 facet normal 0.961524 -0.274721 0
  outer loop
   vertex 967.798 1009.23 740
   vertex 967.798 1009.23 900
   vertex 967.718 1008.95 740
  endloop
 endfacet
 facet normal 0.961524 -0.274721 0
  outer loop
   vertex 967.718 1008.95 740
   vertex 967.798 1009.23 900
   vertex 967.718 1008.95 900
  endloop
 endfacet
 facet normal 0.964205 -0.265156 0
  outer loop
   vertex 967.718 1008.95 740
   vertex 967.718 1008.95 900
   vertex 967.641 1008.67 740
  endloop
 endfacet
 facet normal 0.964205 -0.265156 0
  outer loop
   vertex 967.641 1008.67 740
   vertex 967.718 1008.95 900
   vertex 967.641 1008.67 900
  endloop
 endfacet
 facet normal 0.966806 -0.255513 0
  outer loop
   vertex 967.641 1008.67 740
   vertex 967.641 1008.67 900
   vertex 967.567 1008.39 740
  endloop
 endfacet
 facet normal 0.966806 -0.255513 0
  outer loop
   vertex 967.567 1008.39 740
   vertex 967.641 1008.67 900
   vertex 967.567 1008.39 900
  endloop
 endfacet
 facet normal 0.970535 -0.24096 0
  outer loop
   vertex 967.567 1008.39 740
   vertex 967.567 1008.39 900
   vertex 967.495 1008.1 740
  endloop
 endfacet
 facet normal 0.970535 -0.24096 0
  outer loop
   vertex 967.495 1008.1 740
   vertex 967.567 1008.39 900
   vertex 967.495 1008.1 900
  endloop
 endfacet
 facet normal 0.970953 -0.239271 0
  outer loop
   vertex 967.495 1008.1 740
   vertex 967.495 1008.1 900
   vertex 967.426 1007.82 740
  endloop
 endfacet
 facet normal 0.970953 -0.239271 0
  outer loop
   vertex 967.426 1007.82 740
   vertex 967.495 1008.1 900
   vertex 967.426 1007.82 900
  endloop
 endfacet
 facet normal 0.972545 -0.232716 0
  outer loop
   vertex 967.426 1007.82 740
   vertex 967.426 1007.82 900
   vertex 967.359 1007.54 740
  endloop
 endfacet
 facet normal 0.972545 -0.232716 0
  outer loop
   vertex 967.359 1007.54 740
   vertex 967.426 1007.82 900
   vertex 967.359 1007.54 900
  endloop
 endfacet
 facet normal 0.97579 -0.218711 0
  outer loop
   vertex 967.359 1007.54 740
   vertex 967.359 1007.54 900
   vertex 967.294 1007.25 740
  endloop
 endfacet
 facet normal 0.97579 -0.218711 0
  outer loop
   vertex 967.294 1007.25 740
   vertex 967.359 1007.54 900
   vertex 967.294 1007.25 900
  endloop
 endfacet
 facet normal 0.976351 -0.216192 0
  outer loop
   vertex 967.294 1007.25 740
   vertex 967.294 1007.25 900
   vertex 967.232 1006.97 740
  endloop
 endfacet
 facet normal 0.976351 -0.216192 0
  outer loop
   vertex 967.232 1006.97 740
   vertex 967.294 1007.25 900
   vertex 967.232 1006.97 900
  endloop
 endfacet
 facet normal 0.97926 -0.202606 0
  outer loop
   vertex 967.232 1006.97 740
   vertex 967.232 1006.97 900
   vertex 967.172 1006.68 740
  endloop
 endfacet
 facet normal 0.97926 -0.202606 0
  outer loop
   vertex 967.172 1006.68 740
   vertex 967.232 1006.97 900
   vertex 967.172 1006.68 900
  endloop
 endfacet
 facet normal 0.981226 -0.192862 0
  outer loop
   vertex 967.172 1006.68 740
   vertex 967.172 1006.68 900
   vertex 967.115 1006.39 740
  endloop
 endfacet
 facet normal 0.981226 -0.192862 0
  outer loop
   vertex 967.115 1006.39 740
   vertex 967.172 1006.68 900
   vertex 967.115 1006.39 900
  endloop
 endfacet
 facet normal 0.983102 -0.18306 0
  outer loop
   vertex 967.115 1006.39 740
   vertex 967.115 1006.39 900
   vertex 967.061 1006.1 740
  endloop
 endfacet
 facet normal 0.983102 -0.18306 0
  outer loop
   vertex 967.061 1006.1 740
   vertex 967.115 1006.39 900
   vertex 967.061 1006.1 900
  endloop
 endfacet
 facet normal 0.983189 -0.182592 0
  outer loop
   vertex 967.061 1006.1 740
   vertex 967.061 1006.1 900
   vertex 967.009 1005.82 740
  endloop
 endfacet
 facet normal 0.983189 -0.182592 0
  outer loop
   vertex 967.009 1005.82 740
   vertex 967.061 1006.1 900
   vertex 967.009 1005.82 900
  endloop
 endfacet
 facet normal 0.98546 -0.169907 0
  outer loop
   vertex 967.009 1005.82 740
   vertex 967.009 1005.82 900
   vertex 966.959 1005.53 740
  endloop
 endfacet
 facet normal 0.98546 -0.169907 0
  outer loop
   vertex 966.959 1005.53 740
   vertex 967.009 1005.82 900
   vertex 966.959 1005.53 900
  endloop
 endfacet
 facet normal 0.98712 -0.159982 0
  outer loop
   vertex 966.959 1005.53 740
   vertex 966.959 1005.53 900
   vertex 966.912 1005.24 740
  endloop
 endfacet
 facet normal 0.98712 -0.159982 0
  outer loop
   vertex 966.912 1005.24 740
   vertex 966.959 1005.53 900
   vertex 966.912 1005.24 900
  endloop
 endfacet
 facet normal 0.988685 -0.150007 0
  outer loop
   vertex 966.912 1005.24 740
   vertex 966.912 1005.24 900
   vertex 966.868 1004.95 740
  endloop
 endfacet
 facet normal 0.988685 -0.150007 0
  outer loop
   vertex 966.868 1004.95 740
   vertex 966.912 1005.24 900
   vertex 966.868 1004.95 900
  endloop
 endfacet
 facet normal 0.989675 -0.143332 0
  outer loop
   vertex 966.868 1004.95 740
   vertex 966.868 1004.95 900
   vertex 966.826 1004.66 740
  endloop
 endfacet
 facet normal 0.989675 -0.143332 0
  outer loop
   vertex 966.826 1004.66 740
   vertex 966.868 1004.95 900
   vertex 966.826 1004.66 900
  endloop
 endfacet
 facet normal 0.991078 -0.133283 0
  outer loop
   vertex 966.826 1004.66 740
   vertex 966.826 1004.66 900
   vertex 966.787 1004.37 740
  endloop
 endfacet
 facet normal 0.991078 -0.133283 0
  outer loop
   vertex 966.787 1004.37 740
   vertex 966.826 1004.66 900
   vertex 966.787 1004.37 900
  endloop
 endfacet
 facet normal 0.991959 -0.12656 0
  outer loop
   vertex 966.787 1004.37 740
   vertex 966.787 1004.37 900
   vertex 966.75 1004.08 740
  endloop
 endfacet
 facet normal 0.991959 -0.12656 0
  outer loop
   vertex 966.75 1004.08 740
   vertex 966.787 1004.37 900
   vertex 966.75 1004.08 900
  endloop
 endfacet
 facet normal 0.992796 -0.11982 0
  outer loop
   vertex 966.75 1004.08 740
   vertex 966.75 1004.08 900
   vertex 966.715 1003.79 740
  endloop
 endfacet
 facet normal 0.992796 -0.11982 0
  outer loop
   vertex 966.715 1003.79 740
   vertex 966.75 1004.08 900
   vertex 966.715 1003.79 900
  endloop
 endfacet
 facet normal 0.993967 -0.109679 0
  outer loop
   vertex 966.715 1003.79 740
   vertex 966.715 1003.79 900
   vertex 966.683 1003.5 740
  endloop
 endfacet
 facet normal 0.993967 -0.109679 0
  outer loop
   vertex 966.683 1003.5 740
   vertex 966.715 1003.79 900
   vertex 966.683 1003.5 900
  endloop
 endfacet
 facet normal 0.995037 -0.0995037 0
  outer loop
   vertex 966.683 1003.5 740
   vertex 966.683 1003.5 900
   vertex 966.654 1003.21 740
  endloop
 endfacet
 facet normal 0.995037 -0.0995037 0
  outer loop
   vertex 966.654 1003.21 740
   vertex 966.683 1003.5 900
   vertex 966.654 1003.21 900
  endloop
 endfacet
 facet normal 0.996005 -0.089297 0
  outer loop
   vertex 966.654 1003.21 740
   vertex 966.654 1003.21 900
   vertex 966.628 1002.92 740
  endloop
 endfacet
 facet normal 0.996005 -0.089297 0
  outer loop
   vertex 966.628 1002.92 740
   vertex 966.654 1003.21 900
   vertex 966.628 1002.92 900
  endloop
 endfacet
 facet normal 0.996305 -0.0858883 0
  outer loop
   vertex 966.628 1002.92 740
   vertex 966.628 1002.92 900
   vertex 966.603 1002.63 740
  endloop
 endfacet
 facet normal 0.996305 -0.0858883 0
  outer loop
   vertex 966.603 1002.63 740
   vertex 966.628 1002.92 900
   vertex 966.603 1002.63 900
  endloop
 endfacet
 facet normal 0.997388 -0.0722247 0
  outer loop
   vertex 966.603 1002.63 740
   vertex 966.603 1002.63 900
   vertex 966.582 1002.34 740
  endloop
 endfacet
 facet normal 0.997388 -0.0722247 0
  outer loop
   vertex 966.582 1002.34 740
   vertex 966.603 1002.63 900
   vertex 966.582 1002.34 900
  endloop
 endfacet
 facet normal 0.997785 -0.066519 0
  outer loop
   vertex 966.582 1002.34 740
   vertex 966.582 1002.34 900
   vertex 966.562 1002.04 740
  endloop
 endfacet
 facet normal 0.997785 -0.066519 0
  outer loop
   vertex 966.562 1002.04 740
   vertex 966.582 1002.34 900
   vertex 966.562 1002.04 900
  endloop
 endfacet
 facet normal 0.998481 -0.0550886 0
  outer loop
   vertex 966.562 1002.04 740
   vertex 966.562 1002.04 900
   vertex 966.546 1001.75 740
  endloop
 endfacet
 facet normal 0.998481 -0.0550886 0
  outer loop
   vertex 966.546 1001.75 740
   vertex 966.562 1002.04 900
   vertex 966.546 1001.75 900
  endloop
 endfacet
 facet normal 0.998837 -0.0482197 0
  outer loop
   vertex 966.546 1001.75 740
   vertex 966.546 1001.75 900
   vertex 966.532 1001.46 740
  endloop
 endfacet
 facet normal 0.998837 -0.0482197 0
  outer loop
   vertex 966.532 1001.46 740
   vertex 966.546 1001.75 900
   vertex 966.532 1001.46 900
  endloop
 endfacet
 facet normal 0.999145 -0.0413439 0
  outer loop
   vertex 966.532 1001.46 740
   vertex 966.532 1001.46 900
   vertex 966.52 1001.17 740
  endloop
 endfacet
 facet normal 0.999145 -0.0413439 0
  outer loop
   vertex 966.52 1001.17 740
   vertex 966.532 1001.46 900
   vertex 966.52 1001.17 900
  endloop
 endfacet
 facet normal 0.999519 -0.0310195 0
  outer loop
   vertex 966.52 1001.17 740
   vertex 966.52 1001.17 900
   vertex 966.511 1000.88 740
  endloop
 endfacet
 facet normal 0.999519 -0.0310195 0
  outer loop
   vertex 966.511 1000.88 740
   vertex 966.52 1001.17 900
   vertex 966.511 1000.88 900
  endloop
 endfacet
 facet normal 0.999786 -0.0206852 0
  outer loop
   vertex 966.511 1000.88 740
   vertex 966.511 1000.88 900
   vertex 966.505 1000.59 740
  endloop
 endfacet
 facet normal 0.999786 -0.0206852 0
  outer loop
   vertex 966.505 1000.59 740
   vertex 966.511 1000.88 900
   vertex 966.505 1000.59 900
  endloop
 endfacet
 facet normal 0.999911 -0.0133321 0
  outer loop
   vertex 966.505 1000.59 740
   vertex 966.505 1000.59 900
   vertex 966.501 1000.29 740
  endloop
 endfacet
 facet normal 0.999911 -0.0133321 0
  outer loop
   vertex 966.501 1000.29 740
   vertex 966.505 1000.59 900
   vertex 966.501 1000.29 900
  endloop
 endfacet
 facet normal 0.999994 -0.00344826 0
  outer loop
   vertex 966.501 1000.29 740
   vertex 966.501 1000.29 900
   vertex 966.5 1000 740
  endloop
 endfacet
 facet normal 0.999994 -0.00344826 0
  outer loop
   vertex 966.5 1000 740
   vertex 966.501 1000.29 900
   vertex 966.5 1000 900
  endloop
 endfacet
 facet normal 0 0 1
  outer loop
   vertex 966.505 1000.59 740
   vertex 966.501 1000.29 740
   vertex 1000 1000 740
  endloop
 endfacet
 facet normal 0 0 1
  outer loop
   vertex 1000 1000 740
   vertex 966.501 1000.29 740
   vertex 966.5 1000 740
  endloop
 endfacet
 facet normal 0 0 1
  outer loop
   vertex 1000 1000 740
   vertex 966.5 1000 740
   vertex 966.501 999.708 740
  endloop
 endfacet
 facet normal 0 0 1
  outer loop
   vertex 966.532 1001.46 740
   vertex 966.52 1001.17 740
   vertex 1000 1000 740
  endloop
 endfacet
 facet normal 0 0 1
  outer loop
   vertex 1000 1000 740
   vertex 966.52 1001.17 740
   vertex 966.511 1000.88 740
  endloop
 endfacet
 facet normal 0 0 1
  outer loop
   vertex 1000 1000 740
   vertex 966.511 1000.88 740
   vertex 966.505 1000.59 740
  endloop
 endfacet
 facet normal 0 0 1
  outer loop
   vertex 966.582 1002.34 740
   vertex 966.562 1002.04 740
   vertex 1000 1000 740
  endloop
 endfacet
 facet normal 0 0 1
  outer loop
   vertex 1000 1000 740
   vertex 966.562 1002.04 740
   vertex 966.546 1001.75 740
  endloop
 endfacet
 facet normal 0 0 1
  outer loop
   vertex 1000 1000 740
   vertex 966.546 1001.75 740
   vertex 966.532 1001.46 740
  endloop
 endfacet
 facet normal 0 0 1
  outer loop
   vertex 966.654 1003.21 740
   vertex 966.628 1002.92 740
   vertex 1000 1000 740
  endloop
 endfacet
 facet normal 0 0 1
  outer loop
   vertex 1000 1000 740
   vertex 966.628 1002.92 740
   vertex 966.603 1002.63 740
  endloop
 endfacet
 facet normal 0 0 1
  outer loop
   vertex 1000 1000 740
   vertex 966.603 1002.63 740
   vertex 966.582 1002.34 740
  endloop
 endfacet
 facet normal 0 0 1
  outer loop
   vertex 966.75 1004.08 740
   vertex 966.715 1003.79 740
   vertex 1000 1000 740
  endloop
 endfacet
 facet normal 0 0 1
  outer loop
   vertex 1000 1000 740
   vertex 966.715 1003.79 740
   vertex 966.683 1003.5 740
  endloop
 endfacet
 facet normal 0 0 1
  outer loop
   vertex 1000 1000 740
   vertex 966.683 1003.5 740
   vertex 966.654 1003.21 740
  endloop
 endfacet
 facet normal 0 0 1
  outer loop
   vertex 966.868 1004.95 740
   vertex 966.826 1004.66 740
   vertex 1000 1000 740
  endloop
 endfacet
 facet normal 0 0 1
  outer loop
   vertex 1000 1000 740
   vertex 966.826 1004.66 740
   vertex 966.787 1004.37 740
  endloop
 endfacet
 facet normal 0 0 1
  outer loop
   vertex 1000 1000 740
   vertex 966.787 1004.37 740
   vertex 966.75 1004.08 740
  endloop
 endfacet
 facet normal 0 0 1
  outer loop
   vertex 967.009 1005.82 740
   vertex 966.959 1005.53 740
   vertex 1000 1000 740
  endloop
 endfacet
 facet normal 0 0 1
  outer loop
   vertex 1000 1000 740
   vertex 966.959 1005.53 740
   vertex 966.912 1005.24 740
  endloop
 endfacet
 facet normal 0 0 1
  outer loop
   vertex 1000 1000 740
   vertex 966.912 1005.24 740
   vertex 966.868 1004.95 740
  endloop
 endfacet
 facet normal 0 0 1
  outer loop
   vertex 967.172 1006.68 740
   vertex 967.115 1006.39 740
   vertex 1000 1000 740
  endloop
 endfacet
 facet normal 0 0 1
  outer loop
   vertex 1000 1000 740
   vertex 967.115 1006.39 740
   vertex 967.061 1006.1 740
  endloop
 endfacet
 facet normal 0 0 1
  outer loop
   vertex 1000 1000 740
   vertex 967.061 1006.1 740
   vertex 967.009 1005.82 740
  endloop
 endfacet
 facet normal 0 0 1
  outer loop
   vertex 967.359 1007.54 740
   vertex 967.294 1007.25 740
   vertex 1000 1000 740
  endloop
 endfacet
 facet normal 0 0 1
  outer loop
   vertex 1000 1000 740
   vertex 967.294 1007.25 740
   vertex 967.232 1006.97 740
  endloop
 endfacet
 facet normal 0 0 1
  outer loop
   vertex 1000 1000 740
   vertex 967.232 1006.97 740
   vertex 967.172 1006.68 740
  endloop
 endfacet
 facet normal 0 0 1
  outer loop
   vertex 967.567 1008.39 740
   vertex 967.495 1008.1 740
   vertex 1000 1000 740
  endloop
 endfacet
 facet normal 0 0 1
  outer loop
   vertex 1000 1000 740
   vertex 967.495 1008.1 740
   vertex 967.426 1007.82 740
  endloop
 endfacet
 facet normal 0 0 1
  outer loop
   vertex 1000 1000 740
   vertex 967.426 1007.82 740
   vertex 967.359 1007.54 740
  endloop
 endfacet
 facet normal 0 0 1
  outer loop
   vertex 967.798 1009.23 740
   vertex 967.718 1008.95 740
   vertex 1000 1000 740
  endloop
 endfacet
 facet normal 0 0 1
  outer loop
   vertex 1000 1000 740
   vertex 967.718 1008.95 740
   vertex 967.641 1008.67 740
  endloop
 endfacet
 facet normal 0 0 1
  outer loop
   vertex 1000 1000 740
   vertex 967.641 1008.67 740
   vertex 967.567 1008.39 740
  endloop
 endfacet
 facet normal 0 0 1
  outer loop
   vertex 968.05 1010.07 740
   vertex 967.964 1009.79 740
   vertex 1000 1000 740
  endloop
 endfacet
 facet normal 0 0 1
  outer loop
   vertex 1000 1000 740
   vertex 967.964 1009.79 740
   vertex 967.88 1009.52 740
  endloop
 endfacet
 facet normal 0 0 1
  outer loop
   vertex 1000 1000 740
   vertex 967.88 1009.52 740
   vertex 967.798 1009.23 740
  endloop
 endfacet
 facet normal 0 0 1
  outer loop
   vertex 968.325 1010.91 740
   vertex 968.231 1010.63 740
   vertex 1000 1000 740
  endloop
 endfacet
 facet normal 0 0 1
  outer loop
   vertex 1000 1000 740
   vertex 968.231 1010.63 740
   vertex 968.14 1010.35 740
  endloop
 endfacet
 facet normal 0 0 1
  outer loop
   vertex 1000 1000 740
   vertex 968.14 1010.35 740
   vertex 968.05 1010.07 740
  endloop
 endfacet
 facet normal 0 0 1
  outer loop
   vertex 968.622 1011.73 740
   vertex 968.52 1011.46 740
   vertex 1000 1000 740
  endloop
 endfacet
 facet normal 0 0 1
  outer loop
   vertex 1000 1000 740
   vertex 968.52 1011.46 740
   vertex 968.422 1011.18 740
  endloop
 endfacet
 facet normal 0 0 1
  outer loop
   vertex 1000 1000 740
   vertex 968.422 1011.18 740
   vertex 968.325 1010.91 740
  endloop
 endfacet
 facet normal 0 0 1
  outer loop
   vertex 968.939 1012.55 740
   vertex 968.831 1012.28 740
   vertex 1000 1000 740
  endloop
 endfacet
 facet normal 0 0 1
  outer loop
   vertex 1000 1000 740
   vertex 968.831 1012.28 740
   vertex 968.725 1012.01 740
  endloop
 endfacet
 facet normal 0 0 1
  outer loop
   vertex 1000 1000 740
   vertex 968.725 1012.01 740
   vertex 968.622 1011.73 740
  endloop
 endfacet
 facet normal 0 0 1
  outer loop
   vertex 969.279 1013.36 740
   vertex 969.163 1013.09 740
   vertex 1000 1000 740
  endloop
 endfacet
 facet normal 0 0 1
  outer loop
   vertex 1000 1000 740
   vertex 969.163 1013.09 740
   vertex 969.05 1012.82 740
  endloop
 endfacet
 facet normal 0 0 1
  outer loop
   vertex 1000 1000 740
   vertex 969.05 1012.82 740
   vertex 968.939 1012.55 740
  endloop
 endfacet
 facet normal 0 0 1
  outer loop
   vertex 969.639 1014.16 740
   vertex 969.516 1013.89 740
   vertex 1000 1000 740
  endloop
 endfacet
 facet normal 0 0 1
  outer loop
   vertex 1000 1000 740
   vertex 969.516 1013.89 740
   vertex 969.396 1013.63 740
  endloop
 endfacet
 facet normal 0 0 1
  outer loop
   vertex 1000 1000 740
   vertex 969.396 1013.63 740
   vertex 969.279 1013.36 740
  endloop
 endfacet
 facet normal 0 0 1
  outer loop
   vertex 970.02 1014.95 740
   vertex 969.89 1014.68 740
   vertex 1000 1000 740
  endloop
 endfacet
 facet normal 0 0 1
  outer loop
   vertex 1000 1000 740
   vertex 969.89 1014.68 740
   vertex 969.763 1014.42 740
  endloop
 endfacet
 facet normal 0 0 1
  outer loop
   vertex 1000 1000 740
   vertex 969.763 1014.42 740
   vertex 969.639 1014.16 740
  endloop
 endfacet
 facet normal 0 0 1
  outer loop
   vertex 970.421 1015.73 740
   vertex 970.285 1015.47 740
   vertex 1000 1000 740
  endloop
 endfacet
 facet normal 0 0 1
  outer loop
   vertex 1000 1000 740
   vertex 970.285 1015.47 740
   vertex 970.151 1015.21 740
  endloop
 endfacet
 facet normal 0 0 1
  outer loop
   vertex 1000 1000 740
   vertex 970.151 1015.21 740
   vertex 970.02 1014.95 740
  endloop
 endfacet
 facet normal 0 0 1
  outer loop
   vertex 970.843 1016.5 740
   vertex 970.7 1016.24 740
   vertex 1000 1000 740
  endloop
 endfacet
 facet normal 0 0 1
  outer loop
   vertex 1000 1000 740
   vertex 970.7 1016.24 740
   vertex 970.56 1015.98 740
  endloop
 endfacet
 facet normal 0 0 1
  outer loop
   vertex 1000 1000 740
   vertex 970.56 1015.98 740
   vertex 970.421 1015.73 740
  endloop
 endfacet
 facet normal 0 0 1
  outer loop
   vertex 971.285 1017.25 740
   vertex 971.135 1017 740
   vertex 1000 1000 740
  endloop
 endfacet
 facet normal 0 0 1
  outer loop
   vertex 1000 1000 740
   vertex 971.135 1017 740
   vertex 970.988 1016.75 740
  endloop
 endfacet
 facet normal 0 0 1
  outer loop
   vertex 1000 1000 740
   vertex 970.988 1016.75 740
   vertex 970.843 1016.5 740
  endloop
 endfacet
 facet normal 0 0 1
  outer loop
   vertex 971.746 1018 740
   vertex 971.59 1017.75 740
   vertex 1000 1000 740
  endloop
 endfacet
 facet normal 0 0 1
  outer loop
   vertex 1000 1000 740
   vertex 971.59 1017.75 740
   vertex 971.437 1017.5 740
  endloop
 endfacet
 facet normal 0 0 1
  outer loop
   vertex 1000 1000 740
   vertex 971.437 1017.5 740
   vertex 971.285 1017.25 740
  endloop
 endfacet
 facet normal 0 0 1
  outer loop
   vertex 972.227 1018.73 740
   vertex 972.065 1018.49 740
   vertex 1000 1000 740
  endloop
 endfacet
 facet normal 0 0 1
  outer loop
   vertex 1000 1000 740
   vertex 972.065 1018.49 740
   vertex 971.904 1018.24 740
  endloop
 endfacet
 facet normal 0 0 1
  outer loop
   vertex 1000 1000 740
   vertex 971.904 1018.24 740
   vertex 971.746 1018 740
  endloop
 endfacet
 facet normal 0 0 1
  outer loop
   vertex 972.727 1019.45 740
   vertex 972.558 1019.22 740
   vertex 1000 1000 740
  endloop
 endfacet
 facet normal 0 0 1
  outer loop
   vertex 1000 1000 740
   vertex 972.558 1019.22 740
   vertex 972.392 1018.97 740
  endloop
 endfacet
 facet normal 0 0 1
  outer loop
   vertex 1000 1000 740
   vertex 972.392 1018.97 740
   vertex 972.227 1018.73 740
  endloop
 endfacet
 facet normal 0 0 1
  outer loop
   vertex 973.246 1020.16 740
   vertex 973.071 1019.93 740
   vertex 1000 1000 740
  endloop
 endfacet
 facet normal 0 0 1
  outer loop
   vertex 1000 1000 740
   vertex 973.071 1019.93 740
   vertex 972.898 1019.69 740
  endloop
 endfacet
 facet normal 0 0 1
  outer loop
   vertex 1000 1000 740
   vertex 972.898 1019.69 740
   vertex 972.727 1019.45 740
  endloop
 endfacet
 facet normal 0 0 1
  outer loop
   vertex 973.783 1020.85 740
   vertex 973.602 1020.62 740
   vertex 1000 1000 740
  endloop
 endfacet
 facet normal 0 0 1
  outer loop
   vertex 1000 1000 740
   vertex 973.602 1020.62 740
   vertex 973.423 1020.39 740
  endloop
 endfacet
 facet normal 0 0 1
  outer loop
   vertex 1000 1000 740
   vertex 973.423 1020.39 740
   vertex 973.246 1020.16 740
  endloop
 endfacet
 facet normal 0 0 1
  outer loop
   vertex 974.338 1021.53 740
   vertex 974.151 1021.31 740
   vertex 1000 1000 740
  endloop
 endfacet
 facet normal 0 0 1
  outer loop
   vertex 1000 1000 740
   vertex 974.151 1021.31 740
   vertex 973.966 1021.08 740
  endloop
 endfacet
 facet normal 0 0 1
  outer loop
   vertex 1000 1000 740
   vertex 973.966 1021.08 740
   vertex 973.783 1020.85 740
  endloop
 endfacet
 facet normal 0 0 1
  outer loop
   vertex 974.91 1022.2 740
   vertex 974.717 1021.98 740
   vertex 1000 1000 740
  endloop
 endfacet
 facet normal 0 0 1
  outer loop
   vertex 1000 1000 740
   vertex 974.717 1021.98 740
   vertex 974.526 1021.76 740
  endloop
 endfacet
 facet normal 0 0 1
  outer loop
   vertex 1000 1000 740
   vertex 974.526 1021.76 740
   vertex 974.338 1021.53 740
  endloop
 endfacet
 facet normal 0 0 1
  outer loop
   vertex 975.5 1022.85 740
   vertex 975.301 1022.63 740
   vertex 1000 1000 740
  endloop
 endfacet
 facet normal 0 0 1
  outer loop
   vertex 1000 1000 740
   vertex 975.301 1022.63 740
   vertex 975.105 1022.42 740
  endloop
 endfacet
 facet normal 0 0 1
  outer loop
   vertex 1000 1000 740
   vertex 975.105 1022.42 740
   vertex 974.91 1022.2 740
  endloop
 endfacet
 facet normal 0 0 1
  outer loop
   vertex 976.106 1023.48 740
   vertex 975.902 1023.27 740
   vertex 1000 1000 740
  endloop
 endfacet
 facet normal 0 0 1
  outer loop
   vertex 1000 1000 740
   vertex 975.902 1023.27 740
   vertex 975.7 1023.06 740
  endloop
 endfacet
 facet normal 0 0 1
  outer loop
   vertex 1000 1000 740
   vertex 975.7 1023.06 740
   vertex 975.5 1022.85 740
  endloop
 endfacet
 facet normal 0 0 1
  outer loop
   vertex 976.729 1024.1 740
   vertex 976.519 1023.89 740
   vertex 1000 1000 740
  endloop
 endfacet
 facet normal 0 0 1
  outer loop
   vertex 1000 1000 740
   vertex 976.519 1023.89 740
   vertex 976.312 1023.69 740
  endloop
 endfacet
 facet normal 0 0 1
  outer loop
   vertex 1000 1000 740
   vertex 976.312 1023.69 740
   vertex 976.106 1023.48 740
  endloop
 endfacet
 facet normal 0 0 1
  outer loop
   vertex 977.368 1024.7 740
   vertex 977.153 1024.5 740
   vertex 1000 1000 740
  endloop
 endfacet
 facet normal 0 0 1
  outer loop
   vertex 1000 1000 740
   vertex 977.153 1024.5 740
   vertex 976.94 1024.3 740
  endloop
 endfacet
 facet normal 0 0 1
  outer loop
   vertex 1000 1000 740
   vertex 976.94 1024.3 740
   vertex 976.729 1024.1 740
  endloop
 endfacet
 facet normal 0 0 1
  outer loop
   vertex 978.022 1025.28 740
   vertex 977.802 1025.09 740
   vertex 1000 1000 740
  endloop
 endfacet
 facet normal 0 0 1
  outer loop
   vertex 1000 1000 740
   vertex 977.802 1025.09 740
   vertex 977.584 1024.9 740
  endloop
 endfacet
 facet normal 0 0 1
  outer loop
   vertex 1000 1000 740
   vertex 977.584 1024.9 740
   vertex 977.368 1024.7 740
  endloop
 endfacet
 facet normal 0 0 1
  outer loop
   vertex 978.691 1025.85 740
   vertex 978.467 1025.66 740
   vertex 1000 1000 740
  endloop
 endfacet
 facet normal 0 0 1
  outer loop
   vertex 1000 1000 740
   vertex 978.467 1025.66 740
   vertex 978.244 1025.47 740
  endloop
 endfacet
 facet normal 0 0 1
  outer loop
   vertex 1000 1000 740
   vertex 978.244 1025.47 740
   vertex 978.022 1025.28 740
  endloop
 endfacet
 facet normal 0 0 1
  outer loop
   vertex 979.375 1026.4 740
   vertex 979.146 1026.22 740
   vertex 1000 1000 740
  endloop
 endfacet
 facet normal 0 0 1
  outer loop
   vertex 1000 1000 740
   vertex 979.146 1026.22 740
   vertex 978.918 1026.03 740
  endloop
 endfacet
 facet normal 0 0 1
  outer loop
   vertex 1000 1000 740
   vertex 978.918 1026.03 740
   vertex 978.691 1025.85 740
  endloop
 endfacet
 facet normal 0 0 1
  outer loop
   vertex 980.073 1026.93 740
   vertex 979.839 1026.75 740
   vertex 1000 1000 740
  endloop
 endfacet
 facet normal 0 0 1
  outer loop
   vertex 1000 1000 740
   vertex 979.839 1026.75 740
   vertex 979.607 1026.58 740
  endloop
 endfacet
 facet normal 0 0 1
  outer loop
   vertex 1000 1000 740
   vertex 979.607 1026.58 740
   vertex 979.375 1026.4 740
  endloop
 endfacet
 facet normal 0 0 1
  outer loop
   vertex 980.785 1027.44 740
   vertex 980.547 1027.27 740
   vertex 1000 1000 740
  endloop
 endfacet
 facet normal 0 0 1
  outer loop
   vertex 1000 1000 740
   vertex 980.547 1027.27 740
   vertex 980.309 1027.1 740
  endloop
 endfacet
 facet normal 0 0 1
  outer loop
   vertex 1000 1000 740
   vertex 980.309 1027.1 740
   vertex 980.073 1026.93 740
  endloop
 endfacet
 facet normal 0 0 1
  outer loop
   vertex 981.51 1027.94 740
   vertex 981.267 1027.77 740
   vertex 1000 1000 740
  endloop
 endfacet
 facet normal 0 0 1
  outer loop
   vertex 1000 1000 740
   vertex 981.267 1027.77 740
   vertex 981.025 1027.61 740
  endloop
 endfacet
 facet normal 0 0 1
  outer loop
   vertex 1000 1000 740
   vertex 981.025 1027.61 740
   vertex 980.785 1027.44 740
  endloop
 endfacet
 facet normal 0 0 1
  outer loop
   vertex 982.248 1028.41 740
   vertex 982 1028.25 740
   vertex 1000 1000 740
  endloop
 endfacet
 facet normal 0 0 1
  outer loop
   vertex 1000 1000 740
   vertex 982 1028.25 740
   vertex 981.755 1028.09 740
  endloop
 endfacet
 facet normal 0 0 1
  outer loop
   vertex 1000 1000 740
   vertex 981.755 1028.09 740
   vertex 981.51 1027.94 740
  endloop
 endfacet
 facet normal 0 0 1
  outer loop
   vertex 982.997 1028.86 740
   vertex 982.746 1028.71 740
   vertex 1000 1000 740
  endloop
 endfacet
 facet normal 0 0 1
  outer loop
   vertex 1000 1000 740
   vertex 982.746 1028.71 740
   vertex 982.496 1028.56 740
  endloop
 endfacet
 facet normal 0 0 1
  outer loop
   vertex 1000 1000 740
   vertex 982.496 1028.56 740
   vertex 982.248 1028.41 740
  endloop
 endfacet
 facet normal 0 0 1
  outer loop
   vertex 983.759 1029.3 740
   vertex 983.504 1029.16 740
   vertex 1000 1000 740
  endloop
 endfacet
 facet normal 0 0 1
  outer loop
   vertex 1000 1000 740
   vertex 983.504 1029.16 740
   vertex 983.25 1029.01 740
  endloop
 endfacet
 facet normal 0 0 1
  outer loop
   vertex 1000 1000 740
   vertex 983.25 1029.01 740
   vertex 982.997 1028.86 740
  endloop
 endfacet
 facet normal 0 0 1
  outer loop
   vertex 984.531 1029.71 740
   vertex 984.273 1029.58 740
   vertex 1000 1000 740
  endloop
 endfacet
 facet normal 0 0 1
  outer loop
   vertex 1000 1000 740
   vertex 984.273 1029.58 740
   vertex 984.015 1029.44 740
  endloop
 endfacet
 facet normal 0 0 1
  outer loop
   vertex 1000 1000 740
   vertex 984.015 1029.44 740
   vertex 983.759 1029.3 740
  endloop
 endfacet
 facet normal 0 0 1
  outer loop
   vertex 985.315 1030.11 740
   vertex 985.052 1029.98 740
   vertex 1000 1000 740
  endloop
 endfacet
 facet normal 0 0 1
  outer loop
   vertex 1000 1000 740
   vertex 985.052 1029.98 740
   vertex 984.791 1029.85 740
  endloop
 endfacet
 facet normal 0 0 1
  outer loop
   vertex 1000 1000 740
   vertex 984.791 1029.85 740
   vertex 984.531 1029.71 740
  endloop
 endfacet
 facet normal 0 0 1
  outer loop
   vertex 986.108 1030.48 740
   vertex 985.842 1030.36 740
   vertex 1000 1000 740
  endloop
 endfacet
 facet normal 0 0 1
  outer loop
   vertex 1000 1000 740
   vertex 985.842 1030.36 740
   vertex 985.578 1030.24 740
  endloop
 endfacet
 facet normal 0 0 1
  outer loop
   vertex 1000 1000 740
   vertex 985.578 1030.24 740
   vertex 985.315 1030.11 740
  endloop
 endfacet
 facet normal 0 0 1
  outer loop
   vertex 986.911 1030.84 740
   vertex 986.642 1030.72 740
   vertex 1000 1000 740
  endloop
 endfacet
 facet normal 0 0 1
  outer loop
   vertex 1000 1000 740
   vertex 986.642 1030.72 740
   vertex 986.374 1030.6 740
  endloop
 endfacet
 facet normal 0 0 1
  outer loop
   vertex 1000 1000 740
   vertex 986.374 1030.6 740
   vertex 986.108 1030.48 740
  endloop
 endfacet
 facet normal 0 0 1
  outer loop
   vertex 987.722 1031.17 740
   vertex 987.451 1031.06 740
   vertex 1000 1000 740
  endloop
 endfacet
 facet normal 0 0 1
  outer loop
   vertex 1000 1000 740
   vertex 987.451 1031.06 740
   vertex 987.18 1030.95 740
  endloop
 endfacet
 facet normal 0 0 1
  outer loop
   vertex 1000 1000 740
   vertex 987.18 1030.95 740
   vertex 986.911 1030.84 740
  endloop
 endfacet
 facet normal 0 0 1
  outer loop
   vertex 988.542 1031.48 740
   vertex 988.268 1031.38 740
   vertex 1000 1000 740
  endloop
 endfacet
 facet normal 0 0 1
  outer loop
   vertex 1000 1000 740
   vertex 988.268 1031.38 740
   vertex 987.995 1031.28 740
  endloop
 endfacet
 facet normal 0 0 1
  outer loop
   vertex 1000 1000 740
   vertex 987.995 1031.28 740
   vertex 987.722 1031.17 740
  endloop
 endfacet
 facet normal 0 0 1
  outer loop
   vertex 989.37 1031.77 740
   vertex 989.094 1031.68 740
   vertex 1000 1000 740
  endloop
 endfacet
 facet normal 0 0 1
  outer loop
   vertex 1000 1000 740
   vertex 989.094 1031.68 740
   vertex 988.818 1031.58 740
  endloop
 endfacet
 facet normal 0 0 1
  outer loop
   vertex 1000 1000 740
   vertex 988.818 1031.58 740
   vertex 988.542 1031.48 740
  endloop
 endfacet
 facet normal 0 0 1
  outer loop
   vertex 990.206 1032.04 740
   vertex 989.926 1031.95 740
   vertex 1000 1000 740
  endloop
 endfacet
 facet normal 0 0 1
  outer loop
   vertex 1000 1000 740
   vertex 989.926 1031.95 740
   vertex 989.648 1031.86 740
  endloop
 endfacet
 facet normal 0 0 1
  outer loop
   vertex 1000 1000 740
   vertex 989.648 1031.86 740
   vertex 989.37 1031.77 740
  endloop
 endfacet
 facet normal 0 0 1
  outer loop
   vertex 991.047 1032.28 740
   vertex 990.766 1032.2 740
   vertex 1000 1000 740
  endloop
 endfacet
 facet normal 0 0 1
  outer loop
   vertex 1000 1000 740
   vertex 990.766 1032.2 740
   vertex 990.485 1032.12 740
  endloop
 endfacet
 facet normal 0 0 1
  outer loop
   vertex 1000 1000 740
   vertex 990.485 1032.12 740
   vertex 990.206 1032.04 740
  endloop
 endfacet
 facet normal 0 0 1
  outer loop
   vertex 991.896 1032.51 740
   vertex 991.612 1032.43 740
   vertex 1000 1000 740
  endloop
 endfacet
 facet normal 0 0 1
  outer loop
   vertex 1000 1000 740
   vertex 991.612 1032.43 740
   vertex 991.33 1032.36 740
  endloop
 endfacet
 facet normal 0 0 1
  outer loop
   vertex 1000 1000 740
   vertex 991.33 1032.36 740
   vertex 991.047 1032.28 740
  endloop
 endfacet
 facet normal 0 0 1
  outer loop
   vertex 992.749 1032.71 740
   vertex 992.464 1032.64 740
   vertex 1000 1000 740
  endloop
 endfacet
 facet normal 0 0 1
  outer loop
   vertex 1000 1000 740
   vertex 992.464 1032.64 740
   vertex 992.18 1032.57 740
  endloop
 endfacet
 facet normal 0 0 1
  outer loop
   vertex 1000 1000 740
   vertex 992.18 1032.57 740
   vertex 991.896 1032.51 740
  endloop
 endfacet
 facet normal 0 0 1
  outer loop
   vertex 993.608 1032.89 740
   vertex 993.321 1032.83 740
   vertex 1000 1000 740
  endloop
 endfacet
 facet normal 0 0 1
  outer loop
   vertex 1000 1000 740
   vertex 993.321 1032.83 740
   vertex 993.035 1032.77 740
  endloop
 endfacet
 facet normal 0 0 1
  outer loop
   vertex 1000 1000 740
   vertex 993.035 1032.77 740
   vertex 992.749 1032.71 740
  endloop
 endfacet
 facet normal 0 0 1
  outer loop
   vertex 994.471 1033.04 740
   vertex 994.183 1032.99 740
   vertex 1000 1000 740
  endloop
 endfacet
 facet normal 0 0 1
  outer loop
   vertex 1000 1000 740
   vertex 994.183 1032.99 740
   vertex 993.895 1032.94 740
  endloop
 endfacet
 facet normal 0 0 1
  outer loop
   vertex 1000 1000 740
   vertex 993.895 1032.94 740
   vertex 993.608 1032.89 740
  endloop
 endfacet
 facet normal 0 0 1
  outer loop
   vertex 995.338 1033.17 740
   vertex 995.048 1033.13 740
   vertex 1000 1000 740
  endloop
 endfacet
 facet normal 0 0 1
  outer loop
   vertex 1000 1000 740
   vertex 995.048 1033.13 740
   vertex 994.759 1033.09 740
  endloop
 endfacet
 facet normal 0 0 1
  outer loop
   vertex 1000 1000 740
   vertex 994.759 1033.09 740
   vertex 994.471 1033.04 740
  endloop
 endfacet
 facet normal 0 0 1
  outer loop
   vertex 996.208 1033.29 740
   vertex 995.917 1033.25 740
   vertex 1000 1000 740
  endloop
 endfacet
 facet normal 0 0 1
  outer loop
   vertex 1000 1000 740
   vertex 995.917 1033.25 740
   vertex 995.627 1033.21 740
  endloop
 endfacet
 facet normal 0 0 1
  outer loop
   vertex 1000 1000 740
   vertex 995.627 1033.21 740
   vertex 995.338 1033.17 740
  endloop
 endfacet
 facet normal 0 0 1
  outer loop
   vertex 997.08 1033.37 740
   vertex 996.789 1033.35 740
   vertex 1000 1000 740
  endloop
 endfacet
 facet normal 0 0 1
  outer loop
   vertex 1000 1000 740
   vertex 996.789 1033.35 740
   vertex 996.498 1033.32 740
  endloop
 endfacet
 facet normal 0 0 1
  outer loop
   vertex 1000 1000 740
   vertex 996.498 1033.32 740
   vertex 996.208 1033.29 740
  endloop
 endfacet
 facet normal 0 0 1
  outer loop
   vertex 997.955 1033.44 740
   vertex 997.663 1033.42 740
   vertex 1000 1000 740
  endloop
 endfacet
 facet normal 0 0 1
  outer loop
   vertex 1000 1000 740
   vertex 997.663 1033.42 740
   vertex 997.372 1033.4 740
  endloop
 endfacet
 facet normal 0 0 1
  outer loop
   vertex 1000 1000 740
   vertex 997.372 1033.4 740
   vertex 997.08 1033.37 740
  endloop
 endfacet
 facet normal 0 0 1
  outer loop
   vertex 998.831 1033.48 740
   vertex 998.539 1033.47 740
   vertex 1000 1000 740
  endloop
 endfacet
 facet normal 0 0 1
  outer loop
   vertex 1000 1000 740
   vertex 998.539 1033.47 740
   vertex 998.247 1033.45 740
  endloop
 endfacet
 facet normal 0 0 1
  outer loop
   vertex 1000 1000 740
   vertex 998.247 1033.45 740
   vertex 997.955 1033.44 740
  endloop
 endfacet
 facet normal 0 0 1
  outer loop
   vertex 999.708 1033.5 740
   vertex 999.415 1033.49 740
   vertex 1000 1000 740
  endloop
 endfacet
 facet normal 0 0 1
  outer loop
   vertex 1000 1000 740
   vertex 999.415 1033.49 740
   vertex 999.123 1033.49 740
  endloop
 endfacet
 facet normal 0 0 1
  outer loop
   vertex 1000 1000 740
   vertex 999.123 1033.49 740
   vertex 998.831 1033.48 740
  endloop
 endfacet
 facet normal 0 0 1
  outer loop
   vertex 1000.59 1033.49 740
   vertex 1000.29 1033.5 740
   vertex 1000 1000 740
  endloop
 endfacet
 facet normal 0 0 1
  outer loop
   vertex 1000 1000 740
   vertex 1000.29 1033.5 740
   vertex 1000 1033.5 740
  endloop
 endfacet
 facet normal 0 -0 1
  outer loop
   vertex 1000 1000 740
   vertex 1000 1033.5 740
   vertex 999.708 1033.5 740
  endloop
 endfacet
 facet normal 0 0 1
  outer loop
   vertex 1001.46 1033.47 740
   vertex 1001.17 1033.48 740
   vertex 1000 1000 740
  endloop
 endfacet
 facet normal 0 0 1
  outer loop
   vertex 1000 1000 740
   vertex 1001.17 1033.48 740
   vertex 1000.88 1033.49 740
  endloop
 endfacet
 facet normal 0 0 1
  outer loop
   vertex 1000 1000 740
   vertex 1000.88 1033.49 740
   vertex 1000.59 1033.49 740
  endloop
 endfacet
 facet normal 0 0 1
  outer loop
   vertex 1002.34 1033.42 740
   vertex 1002.04 1033.44 740
   vertex 1000 1000 740
  endloop
 endfacet
 facet normal 0 0 1
  outer loop
   vertex 1000 1000 740
   vertex 1002.04 1033.44 740
   vertex 1001.75 1033.45 740
  endloop
 endfacet
 facet normal 0 0 1
  outer loop
   vertex 1000 1000 740
   vertex 1001.75 1033.45 740
   vertex 1001.46 1033.47 740
  endloop
 endfacet
 facet normal 0 0 1
  outer loop
   vertex 1003.21 1033.35 740
   vertex 1002.92 1033.37 740
   vertex 1000 1000 740
  endloop
 endfacet
 facet normal 0 0 1
  outer loop
   vertex 1000 1000 740
   vertex 1002.92 1033.37 740
   vertex 1002.63 1033.4 740
  endloop
 endfacet
 facet normal 0 0 1
  outer loop
   vertex 1000 1000 740
   vertex 1002.63 1033.4 740
   vertex 1002.34 1033.42 740
  endloop
 endfacet
 facet normal 0 0 1
  outer loop
   vertex 1004.08 1033.25 740
   vertex 1003.79 1033.29 740
   vertex 1000 1000 740
  endloop
 endfacet
 facet normal 0 0 1
  outer loop
   vertex 1000 1000 740
   vertex 1003.79 1033.29 740
   vertex 1003.5 1033.32 740
  endloop
 endfacet
 facet normal 0 0 1
  outer loop
   vertex 1000 1000 740
   vertex 1003.5 1033.32 740
   vertex 1003.21 1033.35 740
  endloop
 endfacet
 facet normal 0 0 1
  outer loop
   vertex 1004.95 1033.13 740
   vertex 1004.66 1033.17 740
   vertex 1000 1000 740
  endloop
 endfacet
 facet normal 0 0 1
  outer loop
   vertex 1000 1000 740
   vertex 1004.66 1033.17 740
   vertex 1004.37 1033.21 740
  endloop
 endfacet
 facet normal 0 0 1
  outer loop
   vertex 1000 1000 740
   vertex 1004.37 1033.21 740
   vertex 1004.08 1033.25 740
  endloop
 endfacet
 facet normal 0 0 1
  outer loop
   vertex 1005.82 1032.99 740
   vertex 1005.53 1033.04 740
   vertex 1000 1000 740
  endloop
 endfacet
 facet normal 0 0 1
  outer loop
   vertex 1000 1000 740
   vertex 1005.53 1033.04 740
   vertex 1005.24 1033.09 740
  endloop
 endfacet
 facet normal 0 0 1
  outer loop
   vertex 1000 1000 740
   vertex 1005.24 1033.09 740
   vertex 1004.95 1033.13 740
  endloop
 endfacet
 facet normal 0 0 1
  outer loop
   vertex 1006.68 1032.83 740
   vertex 1006.39 1032.89 740
   vertex 1000 1000 740
  endloop
 endfacet
 facet normal 0 0 1
  outer loop
   vertex 1000 1000 740
   vertex 1006.39 1032.89 740
   vertex 1006.1 1032.94 740
  endloop
 endfacet
 facet normal 0 0 1
  outer loop
   vertex 1000 1000 740
   vertex 1006.1 1032.94 740
   vertex 1005.82 1032.99 740
  endloop
 endfacet
 facet normal 0 0 1
  outer loop
   vertex 1007.54 1032.64 740
   vertex 1007.25 1032.71 740
   vertex 1000 1000 740
  endloop
 endfacet
 facet normal 0 0 1
  outer loop
   vertex 1000 1000 740
   vertex 1007.25 1032.71 740
   vertex 1006.97 1032.77 740
  endloop
 endfacet
 facet normal 0 0 1
  outer loop
   vertex 1000 1000 740
   vertex 1006.97 1032.77 740
   vertex 1006.68 1032.83 740
  endloop
 endfacet
 facet normal 0 0 1
  outer loop
   vertex 1008.39 1032.43 740
   vertex 1008.1 1032.51 740
   vertex 1000 1000 740
  endloop
 endfacet
 facet normal 0 0 1
  outer loop
   vertex 1000 1000 740
   vertex 1008.1 1032.51 740
   vertex 1007.82 1032.57 740
  endloop
 endfacet
 facet normal 0 0 1
  outer loop
   vertex 1000 1000 740
   vertex 1007.82 1032.57 740
   vertex 1007.54 1032.64 740
  endloop
 endfacet
 facet normal 0 0 1
  outer loop
   vertex 1009.23 1032.2 740
   vertex 1008.95 1032.28 740
   vertex 1000 1000 740
  endloop
 endfacet
 facet normal 0 0 1
  outer loop
   vertex 1000 1000 740
   vertex 1008.95 1032.28 740
   vertex 1008.67 1032.36 740
  endloop
 endfacet
 facet normal 0 0 1
  outer loop
   vertex 1000 1000 740
   vertex 1008.67 1032.36 740
   vertex 1008.39 1032.43 740
  endloop
 endfacet
 facet normal 0 0 1
  outer loop
   vertex 1010.07 1031.95 740
   vertex 1009.79 1032.04 740
   vertex 1000 1000 740
  endloop
 endfacet
 facet normal 0 0 1
  outer loop
   vertex 1000 1000 740
   vertex 1009.79 1032.04 740
   vertex 1009.52 1032.12 740
  endloop
 endfacet
 facet normal 0 0 1
  outer loop
   vertex 1000 1000 740
   vertex 1009.52 1032.12 740
   vertex 1009.23 1032.2 740
  endloop
 endfacet
 facet normal 0 0 1
  outer loop
   vertex 1010.91 1031.68 740
   vertex 1010.63 1031.77 740
   vertex 1000 1000 740
  endloop
 endfacet
 facet normal 0 0 1
  outer loop
   vertex 1000 1000 740
   vertex 1010.63 1031.77 740
   vertex 1010.35 1031.86 740
  endloop
 endfacet
 facet normal 0 0 1
  outer loop
   vertex 1000 1000 740
   vertex 1010.35 1031.86 740
   vertex 1010.07 1031.95 740
  endloop
 endfacet
 facet normal 0 0 1
  outer loop
   vertex 1011.73 1031.38 740
   vertex 1011.46 1031.48 740
   vertex 1000 1000 740
  endloop
 endfacet
 facet normal 0 0 1
  outer loop
   vertex 1000 1000 740
   vertex 1011.46 1031.48 740
   vertex 1011.18 1031.58 740
  endloop
 endfacet
 facet normal 0 0 1
  outer loop
   vertex 1000 1000 740
   vertex 1011.18 1031.58 740
   vertex 1010.91 1031.68 740
  endloop
 endfacet
 facet normal 0 0 1
  outer loop
   vertex 1012.55 1031.06 740
   vertex 1012.28 1031.17 740
   vertex 1000 1000 740
  endloop
 endfacet
 facet normal 0 0 1
  outer loop
   vertex 1000 1000 740
   vertex 1012.28 1031.17 740
   vertex 1012.01 1031.28 740
  endloop
 endfacet
 facet normal 0 0 1
  outer loop
   vertex 1000 1000 740
   vertex 1012.01 1031.28 740
   vertex 1011.73 1031.38 740
  endloop
 endfacet
 facet normal 0 0 1
  outer loop
   vertex 1013.36 1030.72 740
   vertex 1013.09 1030.84 740
   vertex 1000 1000 740
  endloop
 endfacet
 facet normal 0 0 1
  outer loop
   vertex 1000 1000 740
   vertex 1013.09 1030.84 740
   vertex 1012.82 1030.95 740
  endloop
 endfacet
 facet normal 0 0 1
  outer loop
   vertex 1000 1000 740
   vertex 1012.82 1030.95 740
   vertex 1012.55 1031.06 740
  endloop
 endfacet
 facet normal 0 0 1
  outer loop
   vertex 1014.16 1030.36 740
   vertex 1013.89 1030.48 740
   vertex 1000 1000 740
  endloop
 endfacet
 facet normal 0 0 1
  outer loop
   vertex 1000 1000 740
   vertex 1013.89 1030.48 740
   vertex 1013.63 1030.6 740
  endloop
 endfacet
 facet normal 0 0 1
  outer loop
   vertex 1000 1000 740
   vertex 1013.63 1030.6 740
   vertex 1013.36 1030.72 740
  endloop
 endfacet
 facet normal 0 0 1
  outer loop
   vertex 1014.95 1029.98 740
   vertex 1014.68 1030.11 740
   vertex 1000 1000 740
  endloop
 endfacet
 facet normal 0 0 1
  outer loop
   vertex 1000 1000 740
   vertex 1014.68 1030.11 740
   vertex 1014.42 1030.24 740
  endloop
 endfacet
 facet normal 0 0 1
  outer loop
   vertex 1000 1000 740
   vertex 1014.42 1030.24 740
   vertex 1014.16 1030.36 740
  endloop
 endfacet
 facet normal 0 0 1
  outer loop
   vertex 1015.73 1029.58 740
   vertex 1015.47 1029.71 740
   vertex 1000 1000 740
  endloop
 endfacet
 facet normal 0 0 1
  outer loop
   vertex 1000 1000 740
   vertex 1015.47 1029.71 740
   vertex 1015.21 1029.85 740
  endloop
 endfacet
 facet normal 0 0 1
  outer loop
   vertex 1000 1000 740
   vertex 1015.21 1029.85 740
   vertex 1014.95 1029.98 740
  endloop
 endfacet
 facet normal 0 0 1
  outer loop
   vertex 1016.5 1029.16 740
   vertex 1016.24 1029.3 740
   vertex 1000 1000 740
  endloop
 endfacet
 facet normal 0 0 1
  outer loop
   vertex 1000 1000 740
   vertex 1016.24 1029.3 740
   vertex 1015.98 1029.44 740
  endloop
 endfacet
 facet normal 0 0 1
  outer loop
   vertex 1000 1000 740
   vertex 1015.98 1029.44 740
   vertex 1015.73 1029.58 740
  endloop
 endfacet
 facet normal 0 0 1
  outer loop
   vertex 1017.25 1028.71 740
   vertex 1017 1028.86 740
   vertex 1000 1000 740
  endloop
 endfacet
 facet normal 0 0 1
  outer loop
   vertex 1000 1000 740
   vertex 1017 1028.86 740
   vertex 1016.75 1029.01 740
  endloop
 endfacet
 facet normal 0 0 1
  outer loop
   vertex 1000 1000 740
   vertex 1016.75 1029.01 740
   vertex 1016.5 1029.16 740
  endloop
 endfacet
 facet normal 0 0 1
  outer loop
   vertex 1018 1028.25 740
   vertex 1017.75 1028.41 740
   vertex 1000 1000 740
  endloop
 endfacet
 facet normal 0 0 1
  outer loop
   vertex 1000 1000 740
   vertex 1017.75 1028.41 740
   vertex 1017.5 1028.56 740
  endloop
 endfacet
 facet normal 0 0 1
  outer loop
   vertex 1000 1000 740
   vertex 1017.5 1028.56 740
   vertex 1017.25 1028.71 740
  endloop
 endfacet
 facet normal 0 0 1
  outer loop
   vertex 1018.73 1027.77 740
   vertex 1018.49 1027.94 740
   vertex 1000 1000 740
  endloop
 endfacet
 facet normal 0 0 1
  outer loop
   vertex 1000 1000 740
   vertex 1018.49 1027.94 740
   vertex 1018.24 1028.09 740
  endloop
 endfacet
 facet normal 0 0 1
  outer loop
   vertex 1000 1000 740
   vertex 1018.24 1028.09 740
   vertex 1018 1028.25 740
  endloop
 endfacet
 facet normal 0 0 1
  outer loop
   vertex 1019.45 1027.27 740
   vertex 1019.22 1027.44 740
   vertex 1000 1000 740
  endloop
 endfacet
 facet normal 0 0 1
  outer loop
   vertex 1000 1000 740
   vertex 1019.22 1027.44 740
   vertex 1018.97 1027.61 740
  endloop
 endfacet
 facet normal 0 0 1
  outer loop
   vertex 1000 1000 740
   vertex 1018.97 1027.61 740
   vertex 1018.73 1027.77 740
  endloop
 endfacet
 facet normal 0 0 1
  outer loop
   vertex 1020.16 1026.75 740
   vertex 1019.93 1026.93 740
   vertex 1000 1000 740
  endloop
 endfacet
 facet normal 0 0 1
  outer loop
   vertex 1000 1000 740
   vertex 1019.93 1026.93 740
   vertex 1019.69 1027.1 740
  endloop
 endfacet
 facet normal 0 0 1
  outer loop
   vertex 1000 1000 740
   vertex 1019.69 1027.1 740
   vertex 1019.45 1027.27 740
  endloop
 endfacet
 facet normal 0 0 1
  outer loop
   vertex 1020.85 1026.22 740
   vertex 1020.62 1026.4 740
   vertex 1000 1000 740
  endloop
 endfacet
 facet normal 0 0 1
  outer loop
   vertex 1000 1000 740
   vertex 1020.62 1026.4 740
   vertex 1020.39 1026.58 740
  endloop
 endfacet
 facet normal 0 0 1
  outer loop
   vertex 1000 1000 740
   vertex 1020.39 1026.58 740
   vertex 1020.16 1026.75 740
  endloop
 endfacet
 facet normal 0 0 1
  outer loop
   vertex 1021.53 1025.66 740
   vertex 1021.31 1025.85 740
   vertex 1000 1000 740
  endloop
 endfacet
 facet normal 0 0 1
  outer loop
   vertex 1000 1000 740
   vertex 1021.31 1025.85 740
   vertex 1021.08 1026.03 740
  endloop
 endfacet
 facet normal 0 0 1
  outer loop
   vertex 1000 1000 740
   vertex 1021.08 1026.03 740
   vertex 1020.85 1026.22 740
  endloop
 endfacet
 facet normal 0 0 1
  outer loop
   vertex 1022.2 1025.09 740
   vertex 1021.98 1025.28 740
   vertex 1000 1000 740
  endloop
 endfacet
 facet normal 0 0 1
  outer loop
   vertex 1000 1000 740
   vertex 1021.98 1025.28 740
   vertex 1021.76 1025.47 740
  endloop
 endfacet
 facet normal 0 0 1
  outer loop
   vertex 1000 1000 740
   vertex 1021.76 1025.47 740
   vertex 1021.53 1025.66 740
  endloop
 endfacet
 facet normal 0 0 1
  outer loop
   vertex 1022.85 1024.5 740
   vertex 1022.63 1024.7 740
   vertex 1000 1000 740
  endloop
 endfacet
 facet normal 0 0 1
  outer loop
   vertex 1000 1000 740
   vertex 1022.63 1024.7 740
   vertex 1022.42 1024.9 740
  endloop
 endfacet
 facet normal 0 0 1
  outer loop
   vertex 1000 1000 740
   vertex 1022.42 1024.9 740
   vertex 1022.2 1025.09 740
  endloop
 endfacet
 facet normal 0 0 1
  outer loop
   vertex 1023.48 1023.89 740
   vertex 1023.27 1024.1 740
   vertex 1000 1000 740
  endloop
 endfacet
 facet normal 0 0 1
  outer loop
   vertex 1000 1000 740
   vertex 1023.27 1024.1 740
   vertex 1023.06 1024.3 740
  endloop
 endfacet
 facet normal 0 0 1
  outer loop
   vertex 1000 1000 740
   vertex 1023.06 1024.3 740
   vertex 1022.85 1024.5 740
  endloop
 endfacet
 facet normal 0 0 1
  outer loop
   vertex 1024.1 1023.27 740
   vertex 1023.89 1023.48 740
   vertex 1000 1000 740
  endloop
 endfacet
 facet normal 0 0 1
  outer loop
   vertex 1000 1000 740
   vertex 1023.89 1023.48 740
   vertex 1023.69 1023.69 740
  endloop
 endfacet
 facet normal 0 0 1
  outer loop
   vertex 1000 1000 740
   vertex 1023.69 1023.69 740
   vertex 1023.48 1023.89 740
  endloop
 endfacet
 facet normal 0 0 1
  outer loop
   vertex 1024.7 1022.63 740
   vertex 1024.5 1022.85 740
   vertex 1000 1000 740
  endloop
 endfacet
 facet normal 0 0 1
  outer loop
   vertex 1000 1000 740
   vertex 1024.5 1022.85 740
   vertex 1024.3 1023.06 740
  endloop
 endfacet
 facet normal 0 0 1
  outer loop
   vertex 1000 1000 740
   vertex 1024.3 1023.06 740
   vertex 1024.1 1023.27 740
  endloop
 endfacet
 facet normal 0 0 1
  outer loop
   vertex 1025.28 1021.98 740
   vertex 1025.09 1022.2 740
   vertex 1000 1000 740
  endloop
 endfacet
 facet normal 0 0 1
  outer loop
   vertex 1000 1000 740
   vertex 1025.09 1022.2 740
   vertex 1024.9 1022.42 740
  endloop
 endfacet
 facet normal 0 0 1
  outer loop
   vertex 1000 1000 740
   vertex 1024.9 1022.42 740
   vertex 1024.7 1022.63 740
  endloop
 endfacet
 facet normal 0 0 1
  outer loop
   vertex 1025.85 1021.31 740
   vertex 1025.66 1021.53 740
   vertex 1000 1000 740
  endloop
 endfacet
 facet normal 0 0 1
  outer loop
   vertex 1000 1000 740
   vertex 1025.66 1021.53 740
   vertex 1025.47 1021.76 740
  endloop
 endfacet
 facet normal 0 0 1
  outer loop
   vertex 1000 1000 740
   vertex 1025.47 1021.76 740
   vertex 1025.28 1021.98 740
  endloop
 endfacet
 facet normal 0 0 1
  outer loop
   vertex 1026.4 1020.62 740
   vertex 1026.22 1020.85 740
   vertex 1000 1000 740
  endloop
 endfacet
 facet normal 0 0 1
  outer loop
   vertex 1000 1000 740
   vertex 1026.22 1020.85 740
   vertex 1026.03 1021.08 740
  endloop
 endfacet
 facet normal 0 0 1
  outer loop
   vertex 1000 1000 740
   vertex 1026.03 1021.08 740
   vertex 1025.85 1021.31 740
  endloop
 endfacet
 facet normal 0 0 1
  outer loop
   vertex 1026.93 1019.93 740
   vertex 1026.75 1020.16 740
   vertex 1000 1000 740
  endloop
 endfacet
 facet normal 0 0 1
  outer loop
   vertex 1000 1000 740
   vertex 1026.75 1020.16 740
   vertex 1026.58 1020.39 740
  endloop
 endfacet
 facet normal 0 0 1
  outer loop
   vertex 1000 1000 740
   vertex 1026.58 1020.39 740
   vertex 1026.4 1020.62 740
  endloop
 endfacet
 facet normal 0 0 1
  outer loop
   vertex 1027.44 1019.22 740
   vertex 1027.27 1019.45 740
   vertex 1000 1000 740
  endloop
 endfacet
 facet normal 0 0 1
  outer loop
   vertex 1000 1000 740
   vertex 1027.27 1019.45 740
   vertex 1027.1 1019.69 740
  endloop
 endfacet
 facet normal 0 0 1
  outer loop
   vertex 1000 1000 740
   vertex 1027.1 1019.69 740
   vertex 1026.93 1019.93 740
  endloop
 endfacet
 facet normal 0 0 1
  outer loop
   vertex 1027.94 1018.49 740
   vertex 1027.77 1018.73 740
   vertex 1000 1000 740
  endloop
 endfacet
 facet normal 0 0 1
  outer loop
   vertex 1000 1000 740
   vertex 1027.77 1018.73 740
   vertex 1027.61 1018.97 740
  endloop
 endfacet
 facet normal 0 0 1
  outer loop
   vertex 1000 1000 740
   vertex 1027.61 1018.97 740
   vertex 1027.44 1019.22 740
  endloop
 endfacet
 facet normal 0 0 1
  outer loop
   vertex 1028.41 1017.75 740
   vertex 1028.25 1018 740
   vertex 1000 1000 740
  endloop
 endfacet
 facet normal 0 0 1
  outer loop
   vertex 1000 1000 740
   vertex 1028.25 1018 740
   vertex 1028.09 1018.24 740
  endloop
 endfacet
 facet normal 0 0 1
  outer loop
   vertex 1000 1000 740
   vertex 1028.09 1018.24 740
   vertex 1027.94 1018.49 740
  endloop
 endfacet
 facet normal 0 0 1
  outer loop
   vertex 1028.86 1017 740
   vertex 1028.71 1017.25 740
   vertex 1000 1000 740
  endloop
 endfacet
 facet normal 0 0 1
  outer loop
   vertex 1000 1000 740
   vertex 1028.71 1017.25 740
   vertex 1028.56 1017.5 740
  endloop
 endfacet
 facet normal 0 0 1
  outer loop
   vertex 1000 1000 740
   vertex 1028.56 1017.5 740
   vertex 1028.41 1017.75 740
  endloop
 endfacet
 facet normal 0 0 1
  outer loop
   vertex 1029.3 1016.24 740
   vertex 1029.16 1016.5 740
   vertex 1000 1000 740
  endloop
 endfacet
 facet normal 0 0 1
  outer loop
   vertex 1000 1000 740
   vertex 1029.16 1016.5 740
   vertex 1029.01 1016.75 740
  endloop
 endfacet
 facet normal 0 0 1
  outer loop
   vertex 1000 1000 740
   vertex 1029.01 1016.75 740
   vertex 1028.86 1017 740
  endloop
 endfacet
 facet normal 0 0 1
  outer loop
   vertex 1029.71 1015.47 740
   vertex 1029.58 1015.73 740
   vertex 1000 1000 740
  endloop
 endfacet
 facet normal 0 0 1
  outer loop
   vertex 1000 1000 740
   vertex 1029.58 1015.73 740
   vertex 1029.44 1015.98 740
  endloop
 endfacet
 facet normal 0 0 1
  outer loop
   vertex 1000 1000 740
   vertex 1029.44 1015.98 740
   vertex 1029.3 1016.24 740
  endloop
 endfacet
 facet normal 0 0 1
  outer loop
   vertex 1030.11 1014.68 740
   vertex 1029.98 1014.95 740
   vertex 1000 1000 740
  endloop
 endfacet
 facet normal 0 0 1
  outer loop
   vertex 1000 1000 740
   vertex 1029.98 1014.95 740
   vertex 1029.85 1015.21 740
  endloop
 endfacet
 facet normal 0 0 1
  outer loop
   vertex 1000 1000 740
   vertex 1029.85 1015.21 740
   vertex 1029.71 1015.47 740
  endloop
 endfacet
 facet normal 0 0 1
  outer loop
   vertex 1030.48 1013.89 740
   vertex 1030.36 1014.16 740
   vertex 1000 1000 740
  endloop
 endfacet
 facet normal 0 0 1
  outer loop
   vertex 1000 1000 740
   vertex 1030.36 1014.16 740
   vertex 1030.24 1014.42 740
  endloop
 endfacet
 facet normal 0 0 1
  outer loop
   vertex 1000 1000 740
   vertex 1030.24 1014.42 740
   vertex 1030.11 1014.68 740
  endloop
 endfacet
 facet normal 0 0 1
  outer loop
   vertex 1030.84 1013.09 740
   vertex 1030.72 1013.36 740
   vertex 1000 1000 740
  endloop
 endfacet
 facet normal 0 0 1
  outer loop
   vertex 1000 1000 740
   vertex 1030.72 1013.36 740
   vertex 1030.6 1013.63 740
  endloop
 endfacet
 facet normal 0 0 1
  outer loop
   vertex 1000 1000 740
   vertex 1030.6 1013.63 740
   vertex 1030.48 1013.89 740
  endloop
 endfacet
 facet normal 0 0 1
  outer loop
   vertex 1031.17 1012.28 740
   vertex 1031.06 1012.55 740
   vertex 1000 1000 740
  endloop
 endfacet
 facet normal 0 0 1
  outer loop
   vertex 1000 1000 740
   vertex 1031.06 1012.55 740
   vertex 1030.95 1012.82 740
  endloop
 endfacet
 facet normal 0 0 1
  outer loop
   vertex 1000 1000 740
   vertex 1030.95 1012.82 740
   vertex 1030.84 1013.09 740
  endloop
 endfacet
 facet normal 0 0 1
  outer loop
   vertex 1031.48 1011.46 740
   vertex 1031.38 1011.73 740
   vertex 1000 1000 740
  endloop
 endfacet
 facet normal 0 0 1
  outer loop
   vertex 1000 1000 740
   vertex 1031.38 1011.73 740
   vertex 1031.28 1012.01 740
  endloop
 endfacet
 facet normal 0 0 1
  outer loop
   vertex 1000 1000 740
   vertex 1031.28 1012.01 740
   vertex 1031.17 1012.28 740
  endloop
 endfacet
 facet normal 0 0 1
  outer loop
   vertex 1031.77 1010.63 740
   vertex 1031.68 1010.91 740
   vertex 1000 1000 740
  endloop
 endfacet
 facet normal 0 0 1
  outer loop
   vertex 1000 1000 740
   vertex 1031.68 1010.91 740
   vertex 1031.58 1011.18 740
  endloop
 endfacet
 facet normal 0 0 1
  outer loop
   vertex 1000 1000 740
   vertex 1031.58 1011.18 740
   vertex 1031.48 1011.46 740
  endloop
 endfacet
 facet normal 0 0 1
  outer loop
   vertex 1032.04 1009.79 740
   vertex 1031.95 1010.07 740
   vertex 1000 1000 740
  endloop
 endfacet
 facet normal 0 0 1
  outer loop
   vertex 1000 1000 740
   vertex 1031.95 1010.07 740
   vertex 1031.86 1010.35 740
  endloop
 endfacet
 facet normal 0 0 1
  outer loop
   vertex 1000 1000 740
   vertex 1031.86 1010.35 740
   vertex 1031.77 1010.63 740
  endloop
 endfacet
 facet normal 0 0 1
  outer loop
   vertex 1032.28 1008.95 740
   vertex 1032.2 1009.23 740
   vertex 1000 1000 740
  endloop
 endfacet
 facet normal 0 0 1
  outer loop
   vertex 1000 1000 740
   vertex 1032.2 1009.23 740
   vertex 1032.12 1009.52 740
  endloop
 endfacet
 facet normal 0 0 1
  outer loop
   vertex 1000 1000 740
   vertex 1032.12 1009.52 740
   vertex 1032.04 1009.79 740
  endloop
 endfacet
 facet normal 0 0 1
  outer loop
   vertex 1032.51 1008.1 740
   vertex 1032.43 1008.39 740
   vertex 1000 1000 740
  endloop
 endfacet
 facet normal 0 0 1
  outer loop
   vertex 1000 1000 740
   vertex 1032.43 1008.39 740
   vertex 1032.36 1008.67 740
  endloop
 endfacet
 facet normal 0 0 1
  outer loop
   vertex 1000 1000 740
   vertex 1032.36 1008.67 740
   vertex 1032.28 1008.95 740
  endloop
 endfacet
 facet normal 0 0 1
  outer loop
   vertex 1032.71 1007.25 740
   vertex 1032.64 1007.54 740
   vertex 1000 1000 740
  endloop
 endfacet
 facet normal 0 0 1
  outer loop
   vertex 1000 1000 740
   vertex 1032.64 1007.54 740
   vertex 1032.57 1007.82 740
  endloop
 endfacet
 facet normal 0 0 1
  outer loop
   vertex 1000 1000 740
   vertex 1032.57 1007.82 740
   vertex 1032.51 1008.1 740
  endloop
 endfacet
 facet normal 0 0 1
  outer loop
   vertex 1032.89 1006.39 740
   vertex 1032.83 1006.68 740
   vertex 1000 1000 740
  endloop
 endfacet
 facet normal 0 0 1
  outer loop
   vertex 1000 1000 740
   vertex 1032.83 1006.68 740
   vertex 1032.77 1006.97 740
  endloop
 endfacet
 facet normal 0 0 1
  outer loop
   vertex 1000 1000 740
   vertex 1032.77 1006.97 740
   vertex 1032.71 1007.25 740
  endloop
 endfacet
 facet normal 0 0 1
  outer loop
   vertex 1033.04 1005.53 740
   vertex 1032.99 1005.82 740
   vertex 1000 1000 740
  endloop
 endfacet
 facet normal 0 0 1
  outer loop
   vertex 1000 1000 740
   vertex 1032.99 1005.82 740
   vertex 1032.94 1006.1 740
  endloop
 endfacet
 facet normal 0 0 1
  outer loop
   vertex 1000 1000 740
   vertex 1032.94 1006.1 740
   vertex 1032.89 1006.39 740
  endloop
 endfacet
 facet normal 0 0 1
  outer loop
   vertex 1033.17 1004.66 740
   vertex 1033.13 1004.95 740
   vertex 1000 1000 740
  endloop
 endfacet
 facet normal 0 0 1
  outer loop
   vertex 1000 1000 740
   vertex 1033.13 1004.95 740
   vertex 1033.09 1005.24 740
  endloop
 endfacet
 facet normal 0 0 1
  outer loop
   vertex 1000 1000 740
   vertex 1033.09 1005.24 740
   vertex 1033.04 1005.53 740
  endloop
 endfacet
 facet normal 0 0 1
  outer loop
   vertex 1033.29 1003.79 740
   vertex 1033.25 1004.08 740
   vertex 1000 1000 740
  endloop
 endfacet
 facet normal 0 0 1
  outer loop
   vertex 1000 1000 740
   vertex 1033.25 1004.08 740
   vertex 1033.21 1004.37 740
  endloop
 endfacet
 facet normal 0 0 1
  outer loop
   vertex 1000 1000 740
   vertex 1033.21 1004.37 740
   vertex 1033.17 1004.66 740
  endloop
 endfacet
 facet normal 0 0 1
  outer loop
   vertex 1033.37 1002.92 740
   vertex 1033.35 1003.21 740
   vertex 1000 1000 740
  endloop
 endfacet
 facet normal 0 0 1
  outer loop
   vertex 1000 1000 740
   vertex 1033.35 1003.21 740
   vertex 1033.32 1003.5 740
  endloop
 endfacet
 facet normal 0 0 1
  outer loop
   vertex 1000 1000 740
   vertex 1033.32 1003.5 740
   vertex 1033.29 1003.79 740
  endloop
 endfacet
 facet normal 0 0 1
  outer loop
   vertex 1033.44 1002.04 740
   vertex 1033.42 1002.34 740
   vertex 1000 1000 740
  endloop
 endfacet
 facet normal 0 0 1
  outer loop
   vertex 1000 1000 740
   vertex 1033.42 1002.34 740
   vertex 1033.4 1002.63 740
  endloop
 endfacet
 facet normal 0 0 1
  outer loop
   vertex 1000 1000 740
   vertex 1033.4 1002.63 740
   vertex 1033.37 1002.92 740
  endloop
 endfacet
 facet normal 0 0 1
  outer loop
   vertex 1033.48 1001.17 740
   vertex 1033.47 1001.46 740
   vertex 1000 1000 740
  endloop
 endfacet
 facet normal 0 0 1
  outer loop
   vertex 1000 1000 740
   vertex 1033.47 1001.46 740
   vertex 1033.45 1001.75 740
  endloop
 endfacet
 facet normal 0 0 1
  outer loop
   vertex 1000 1000 740
   vertex 1033.45 1001.75 740
   vertex 1033.44 1002.04 740
  endloop
 endfacet
 facet normal 0 0 1
  outer loop
   vertex 1033.5 1000.29 740
   vertex 1033.49 1000.59 740
   vertex 1000 1000 740
  endloop
 endfacet
 facet normal 0 0 1
  outer loop
   vertex 1000 1000 740
   vertex 1033.49 1000.59 740
   vertex 1033.49 1000.88 740
  endloop
 endfacet
 facet normal 0 0 1
  outer loop
   vertex 1000 1000 740
   vertex 1033.49 1000.88 740
   vertex 1033.48 1001.17 740
  endloop
 endfacet
 facet normal 0 -0 1
  outer loop
   vertex 1033.49 999.415 740
   vertex 1033.5 999.708 740
   vertex 1000 1000 740
  endloop
 endfacet
 facet normal -0 0 1
  outer loop
   vertex 1000 1000 740
   vertex 1033.5 999.708 740
   vertex 1033.5 1000 740
  endloop
 endfacet
 facet normal 0 0 1
  outer loop
   vertex 1000 1000 740
   vertex 1033.5 1000 740
   vertex 1033.5 1000.29 740
  endloop
 endfacet
 facet normal 0 -0 1
  outer loop
   vertex 1033.47 998.539 740
   vertex 1033.48 998.831 740
   vertex 1000 1000 740
  endloop
 endfacet
 facet normal 0 0 1
  outer loop
   vertex 1000 1000 740
   vertex 1033.48 998.831 740
   vertex 1033.49 999.123 740
  endloop
 endfacet
 facet normal 0 0 1
  outer loop
   vertex 1000 1000 740
   vertex 1033.49 999.123 740
   vertex 1033.49 999.415 740
  endloop
 endfacet
 facet normal 0 -0 1
  outer loop
   vertex 1033.42 997.663 740
   vertex 1033.44 997.955 740
   vertex 1000 1000 740
  endloop
 endfacet
 facet normal 0 0 1
  outer loop
   vertex 1000 1000 740
   vertex 1033.44 997.955 740
   vertex 1033.45 998.247 740
  endloop
 endfacet
 facet normal 0 0 1
  outer loop
   vertex 1000 1000 740
   vertex 1033.45 998.247 740
   vertex 1033.47 998.539 740
  endloop
 endfacet
 facet normal 0 -0 1
  outer loop
   vertex 1033.35 996.789 740
   vertex 1033.37 997.08 740
   vertex 1000 1000 740
  endloop
 endfacet
 facet normal 0 0 1
  outer loop
   vertex 1000 1000 740
   vertex 1033.37 997.08 740
   vertex 1033.4 997.372 740
  endloop
 endfacet
 facet normal 0 0 1
  outer loop
   vertex 1000 1000 740
   vertex 1033.4 997.372 740
   vertex 1033.42 997.663 740
  endloop
 endfacet
 facet normal 0 -0 1
  outer loop
   vertex 1033.25 995.917 740
   vertex 1033.29 996.208 740
   vertex 1000 1000 740
  endloop
 endfacet
 facet normal 0 0 1
  outer loop
   vertex 1000 1000 740
   vertex 1033.29 996.208 740
   vertex 1033.32 996.498 740
  endloop
 endfacet
 facet normal 0 0 1
  outer loop
   vertex 1000 1000 740
   vertex 1033.32 996.498 740
   vertex 1033.35 996.789 740
  endloop
 endfacet
 facet normal 0 -0 1
  outer loop
   vertex 1033.13 995.048 740
   vertex 1033.17 995.338 740
   vertex 1000 1000 740
  endloop
 endfacet
 facet normal 0 0 1
  outer loop
   vertex 1000 1000 740
   vertex 1033.17 995.338 740
   vertex 1033.21 995.627 740
  endloop
 endfacet
 facet normal 0 0 1
  outer loop
   vertex 1000 1000 740
   vertex 1033.21 995.627 740
   vertex 1033.25 995.917 740
  endloop
 endfacet
 facet normal 0 -0 1
  outer loop
   vertex 1032.99 994.183 740
   vertex 1033.04 994.471 740
   vertex 1000 1000 740
  endloop
 endfacet
 facet normal 0 0 1
  outer loop
   vertex 1000 1000 740
   vertex 1033.04 994.471 740
   vertex 1033.09 994.759 740
  endloop
 endfacet
 facet normal 0 0 1
  outer loop
   vertex 1000 1000 740
   vertex 1033.09 994.759 740
   vertex 1033.13 995.048 740
  endloop
 endfacet
 facet normal 0 -0 1
  outer loop
   vertex 1032.83 993.321 740
   vertex 1032.89 993.608 740
   vertex 1000 1000 740
  endloop
 endfacet
 facet normal 0 0 1
  outer loop
   vertex 1000 1000 740
   vertex 1032.89 993.608 740
   vertex 1032.94 993.895 740
  endloop
 endfacet
 facet normal 0 0 1
  outer loop
   vertex 1000 1000 740
   vertex 1032.94 993.895 740
   vertex 1032.99 994.183 740
  endloop
 endfacet
 facet normal 0 -0 1
  outer loop
   vertex 1032.64 992.464 740
   vertex 1032.71 992.749 740
   vertex 1000 1000 740
  endloop
 endfacet
 facet normal 0 0 1
  outer loop
   vertex 1000 1000 740
   vertex 1032.71 992.749 740
   vertex 1032.77 993.035 740
  endloop
 endfacet
 facet normal 0 0 1
  outer loop
   vertex 1000 1000 740
   vertex 1032.77 993.035 740
   vertex 1032.83 993.321 740
  endloop
 endfacet
 facet normal 0 -0 1
  outer loop
   vertex 1032.43 991.612 740
   vertex 1032.51 991.896 740
   vertex 1000 1000 740
  endloop
 endfacet
 facet normal 0 0 1
  outer loop
   vertex 1000 1000 740
   vertex 1032.51 991.896 740
   vertex 1032.57 992.18 740
  endloop
 endfacet
 facet normal 0 0 1
  outer loop
   vertex 1000 1000 740
   vertex 1032.57 992.18 740
   vertex 1032.64 992.464 740
  endloop
 endfacet
 facet normal 0 -0 1
  outer loop
   vertex 1032.2 990.766 740
   vertex 1032.28 991.047 740
   vertex 1000 1000 740
  endloop
 endfacet
 facet normal 0 0 1
  outer loop
   vertex 1000 1000 740
   vertex 1032.28 991.047 740
   vertex 1032.36 991.33 740
  endloop
 endfacet
 facet normal 0 0 1
  outer loop
   vertex 1000 1000 740
   vertex 1032.36 991.33 740
   vertex 1032.43 991.612 740
  endloop
 endfacet
 facet normal 0 -0 1
  outer loop
   vertex 1031.95 989.926 740
   vertex 1032.04 990.206 740
   vertex 1000 1000 740
  endloop
 endfacet
 facet normal 0 0 1
  outer loop
   vertex 1000 1000 740
   vertex 1032.04 990.206 740
   vertex 1032.12 990.485 740
  endloop
 endfacet
 facet normal 0 0 1
  outer loop
   vertex 1000 1000 740
   vertex 1032.12 990.485 740
   vertex 1032.2 990.766 740
  endloop
 endfacet
 facet normal 0 -0 1
  outer loop
   vertex 1031.68 989.094 740
   vertex 1031.77 989.37 740
   vertex 1000 1000 740
  endloop
 endfacet
 facet normal 0 0 1
  outer loop
   vertex 1000 1000 740
   vertex 1031.77 989.37 740
   vertex 1031.86 989.648 740
  endloop
 endfacet
 facet normal 0 0 1
  outer loop
   vertex 1000 1000 740
   vertex 1031.86 989.648 740
   vertex 1031.95 989.926 740
  endloop
 endfacet
 facet normal 0 -0 1
  outer loop
   vertex 1031.38 988.268 740
   vertex 1031.48 988.542 740
   vertex 1000 1000 740
  endloop
 endfacet
 facet normal 0 0 1
  outer loop
   vertex 1000 1000 740
   vertex 1031.48 988.542 740
   vertex 1031.58 988.818 740
  endloop
 endfacet
 facet normal 0 0 1
  outer loop
   vertex 1000 1000 740
   vertex 1031.58 988.818 740
   vertex 1031.68 989.094 740
  endloop
 endfacet
 facet normal 0 -0 1
  outer loop
   vertex 1031.06 987.451 740
   vertex 1031.17 987.722 740
   vertex 1000 1000 740
  endloop
 endfacet
 facet normal 0 0 1
  outer loop
   vertex 1000 1000 740
   vertex 1031.17 987.722 740
   vertex 1031.28 987.995 740
  endloop
 endfacet
 facet normal 0 0 1
  outer loop
   vertex 1000 1000 740
   vertex 1031.28 987.995 740
   vertex 1031.38 988.268 740
  endloop
 endfacet
 facet normal 0 -0 1
  outer loop
   vertex 1030.72 986.642 740
   vertex 1030.84 986.911 740
   vertex 1000 1000 740
  endloop
 endfacet
 facet normal 0 0 1
  outer loop
   vertex 1000 1000 740
   vertex 1030.84 986.911 740
   vertex 1030.95 987.18 740
  endloop
 endfacet
 facet normal 0 0 1
  outer loop
   vertex 1000 1000 740
   vertex 1030.95 987.18 740
   vertex 1031.06 987.451 740
  endloop
 endfacet
 facet normal 0 -0 1
  outer loop
   vertex 1030.36 985.842 740
   vertex 1030.48 986.108 740
   vertex 1000 1000 740
  endloop
 endfacet
 facet normal 0 0 1
  outer loop
   vertex 1000 1000 740
   vertex 1030.48 986.108 740
   vertex 1030.6 986.374 740
  endloop
 endfacet
 facet normal 0 0 1
  outer loop
   vertex 1000 1000 740
   vertex 1030.6 986.374 740
   vertex 1030.72 986.642 740
  endloop
 endfacet
 facet normal 0 -0 1
  outer loop
   vertex 1029.98 985.052 740
   vertex 1030.11 985.315 740
   vertex 1000 1000 740
  endloop
 endfacet
 facet normal 0 0 1
  outer loop
   vertex 1000 1000 740
   vertex 1030.11 985.315 740
   vertex 1030.24 985.578 740
  endloop
 endfacet
 facet normal 0 0 1
  outer loop
   vertex 1000 1000 740
   vertex 1030.24 985.578 740
   vertex 1030.36 985.842 740
  endloop
 endfacet
 facet normal 0 -0 1
  outer loop
   vertex 1029.58 984.273 740
   vertex 1029.71 984.531 740
   vertex 1000 1000 740
  endloop
 endfacet
 facet normal 0 0 1
  outer loop
   vertex 1000 1000 740
   vertex 1029.71 984.531 740
   vertex 1029.85 984.791 740
  endloop
 endfacet
 facet normal 0 0 1
  outer loop
   vertex 1000 1000 740
   vertex 1029.85 984.791 740
   vertex 1029.98 985.052 740
  endloop
 endfacet
 facet normal 0 -0 1
  outer loop
   vertex 1029.16 983.504 740
   vertex 1029.3 983.759 740
   vertex 1000 1000 740
  endloop
 endfacet
 facet normal 0 0 1
  outer loop
   vertex 1000 1000 740
   vertex 1029.3 983.759 740
   vertex 1029.44 984.015 740
  endloop
 endfacet
 facet normal 0 0 1
  outer loop
   vertex 1000 1000 740
   vertex 1029.44 984.015 740
   vertex 1029.58 984.273 740
  endloop
 endfacet
 facet normal 0 -0 1
  outer loop
   vertex 1028.71 982.746 740
   vertex 1028.86 982.997 740
   vertex 1000 1000 740
  endloop
 endfacet
 facet normal 0 0 1
  outer loop
   vertex 1000 1000 740
   vertex 1028.86 982.997 740
   vertex 1029.01 983.25 740
  endloop
 endfacet
 facet normal 0 0 1
  outer loop
   vertex 1000 1000 740
   vertex 1029.01 983.25 740
   vertex 1029.16 983.504 740
  endloop
 endfacet
 facet normal 0 -0 1
  outer loop
   vertex 1028.25 982 740
   vertex 1028.41 982.248 740
   vertex 1000 1000 740
  endloop
 endfacet
 facet normal 0 0 1
  outer loop
   vertex 1000 1000 740
   vertex 1028.41 982.248 740
   vertex 1028.56 982.496 740
  endloop
 endfacet
 facet normal 0 0 1
  outer loop
   vertex 1000 1000 740
   vertex 1028.56 982.496 740
   vertex 1028.71 982.746 740
  endloop
 endfacet
 facet normal 0 -0 1
  outer loop
   vertex 1027.77 981.267 740
   vertex 1027.94 981.51 740
   vertex 1000 1000 740
  endloop
 endfacet
 facet normal 0 0 1
  outer loop
   vertex 1000 1000 740
   vertex 1027.94 981.51 740
   vertex 1028.09 981.755 740
  endloop
 endfacet
 facet normal 0 0 1
  outer loop
   vertex 1000 1000 740
   vertex 1028.09 981.755 740
   vertex 1028.25 982 740
  endloop
 endfacet
 facet normal 0 -0 1
  outer loop
   vertex 1027.27 980.547 740
   vertex 1027.44 980.785 740
   vertex 1000 1000 740
  endloop
 endfacet
 facet normal 0 0 1
  outer loop
   vertex 1000 1000 740
   vertex 1027.44 980.785 740
   vertex 1027.61 981.025 740
  endloop
 endfacet
 facet normal 0 0 1
  outer loop
   vertex 1000 1000 740
   vertex 1027.61 981.025 740
   vertex 1027.77 981.267 740
  endloop
 endfacet
 facet normal 0 -0 1
  outer loop
   vertex 1026.75 979.839 740
   vertex 1026.93 980.073 740
   vertex 1000 1000 740
  endloop
 endfacet
 facet normal 0 0 1
  outer loop
   vertex 1000 1000 740
   vertex 1026.93 980.073 740
   vertex 1027.1 980.309 740
  endloop
 endfacet
 facet normal 0 0 1
  outer loop
   vertex 1000 1000 740
   vertex 1027.1 980.309 740
   vertex 1027.27 980.547 740
  endloop
 endfacet
 facet normal 0 -0 1
  outer loop
   vertex 1026.22 979.146 740
   vertex 1026.4 979.375 740
   vertex 1000 1000 740
  endloop
 endfacet
 facet normal 0 0 1
  outer loop
   vertex 1000 1000 740
   vertex 1026.4 979.375 740
   vertex 1026.58 979.607 740
  endloop
 endfacet
 facet normal 0 0 1
  outer loop
   vertex 1000 1000 740
   vertex 1026.58 979.607 740
   vertex 1026.75 979.839 740
  endloop
 endfacet
 facet normal 0 -0 1
  outer loop
   vertex 1025.66 978.467 740
   vertex 1025.85 978.691 740
   vertex 1000 1000 740
  endloop
 endfacet
 facet normal 0 0 1
  outer loop
   vertex 1000 1000 740
   vertex 1025.85 978.691 740
   vertex 1026.03 978.918 740
  endloop
 endfacet
 facet normal 0 0 1
  outer loop
   vertex 1000 1000 740
   vertex 1026.03 978.918 740
   vertex 1026.22 979.146 740
  endloop
 endfacet
 facet normal 0 -0 1
  outer loop
   vertex 1025.09 977.802 740
   vertex 1025.28 978.022 740
   vertex 1000 1000 740
  endloop
 endfacet
 facet normal 0 0 1
  outer loop
   vertex 1000 1000 740
   vertex 1025.28 978.022 740
   vertex 1025.47 978.244 740
  endloop
 endfacet
 facet normal 0 0 1
  outer loop
   vertex 1000 1000 740
   vertex 1025.47 978.244 740
   vertex 1025.66 978.467 740
  endloop
 endfacet
 facet normal 0 -0 1
  outer loop
   vertex 1024.5 977.153 740
   vertex 1024.7 977.368 740
   vertex 1000 1000 740
  endloop
 endfacet
 facet normal 0 0 1
  outer loop
   vertex 1000 1000 740
   vertex 1024.7 977.368 740
   vertex 1024.9 977.584 740
  endloop
 endfacet
 facet normal 0 0 1
  outer loop
   vertex 1000 1000 740
   vertex 1024.9 977.584 740
   vertex 1025.09 977.802 740
  endloop
 endfacet
 facet normal 0 -0 1
  outer loop
   vertex 1023.89 976.519 740
   vertex 1024.1 976.729 740
   vertex 1000 1000 740
  endloop
 endfacet
 facet normal 0 0 1
  outer loop
   vertex 1000 1000 740
   vertex 1024.1 976.729 740
   vertex 1024.3 976.94 740
  endloop
 endfacet
 facet normal 0 0 1
  outer loop
   vertex 1000 1000 740
   vertex 1024.3 976.94 740
   vertex 1024.5 977.153 740
  endloop
 endfacet
 facet normal 0 -0 1
  outer loop
   vertex 1023.27 975.902 740
   vertex 1023.48 976.106 740
   vertex 1000 1000 740
  endloop
 endfacet
 facet normal 0 0 1
  outer loop
   vertex 1000 1000 740
   vertex 1023.48 976.106 740
   vertex 1023.69 976.312 740
  endloop
 endfacet
 facet normal 0 0 1
  outer loop
   vertex 1000 1000 740
   vertex 1023.69 976.312 740
   vertex 1023.89 976.519 740
  endloop
 endfacet
 facet normal 0 -0 1
  outer loop
   vertex 1022.63 975.301 740
   vertex 1022.85 975.5 740
   vertex 1000 1000 740
  endloop
 endfacet
 facet normal 0 0 1
  outer loop
   vertex 1000 1000 740
   vertex 1022.85 975.5 740
   vertex 1023.06 975.7 740
  endloop
 endfacet
 facet normal 0 0 1
  outer loop
   vertex 1000 1000 740
   vertex 1023.06 975.7 740
   vertex 1023.27 975.902 740
  endloop
 endfacet
 facet normal 0 -0 1
  outer loop
   vertex 1021.98 974.717 740
   vertex 1022.2 974.91 740
   vertex 1000 1000 740
  endloop
 endfacet
 facet normal 0 0 1
  outer loop
   vertex 1000 1000 740
   vertex 1022.2 974.91 740
   vertex 1022.42 975.105 740
  endloop
 endfacet
 facet normal 0 0 1
  outer loop
   vertex 1000 1000 740
   vertex 1022.42 975.105 740
   vertex 1022.63 975.301 740
  endloop
 endfacet
 facet normal 0 -0 1
  outer loop
   vertex 1021.31 974.151 740
   vertex 1021.53 974.338 740
   vertex 1000 1000 740
  endloop
 endfacet
 facet normal 0 0 1
  outer loop
   vertex 1000 1000 740
   vertex 1021.53 974.338 740
   vertex 1021.76 974.526 740
  endloop
 endfacet
 facet normal 0 0 1
  outer loop
   vertex 1000 1000 740
   vertex 1021.76 974.526 740
   vertex 1021.98 974.717 740
  endloop
 endfacet
 facet normal 0 -0 1
  outer loop
   vertex 1020.62 973.602 740
   vertex 1020.85 973.783 740
   vertex 1000 1000 740
  endloop
 endfacet
 facet normal 0 0 1
  outer loop
   vertex 1000 1000 740
   vertex 1020.85 973.783 740
   vertex 1021.08 973.966 740
  endloop
 endfacet
 facet normal 0 0 1
  outer loop
   vertex 1000 1000 740
   vertex 1021.08 973.966 740
   vertex 1021.31 974.151 740
  endloop
 endfacet
 facet normal 0 -0 1
  outer loop
   vertex 1019.93 973.071 740
   vertex 1020.16 973.246 740
   vertex 1000 1000 740
  endloop
 endfacet
 facet normal 0 0 1
  outer loop
   vertex 1000 1000 740
   vertex 1020.16 973.246 740
   vertex 1020.39 973.423 740
  endloop
 endfacet
 facet normal 0 0 1
  outer loop
   vertex 1000 1000 740
   vertex 1020.39 973.423 740
   vertex 1020.62 973.602 740
  endloop
 endfacet
 facet normal 0 -0 1
  outer loop
   vertex 1019.22 972.558 740
   vertex 1019.45 972.727 740
   vertex 1000 1000 740
  endloop
 endfacet
 facet normal 0 0 1
  outer loop
   vertex 1000 1000 740
   vertex 1019.45 972.727 740
   vertex 1019.69 972.898 740
  endloop
 endfacet
 facet normal 0 0 1
  outer loop
   vertex 1000 1000 740
   vertex 1019.69 972.898 740
   vertex 1019.93 973.071 740
  endloop
 endfacet
 facet normal 0 -0 1
  outer loop
   vertex 1018.49 972.065 740
   vertex 1018.73 972.227 740
   vertex 1000 1000 740
  endloop
 endfacet
 facet normal 0 0 1
  outer loop
   vertex 1000 1000 740
   vertex 1018.73 972.227 740
   vertex 1018.97 972.392 740
  endloop
 endfacet
 facet normal 0 0 1
  outer loop
   vertex 1000 1000 740
   vertex 1018.97 972.392 740
   vertex 1019.22 972.558 740
  endloop
 endfacet
 facet normal 0 -0 1
  outer loop
   vertex 1017.75 971.59 740
   vertex 1018 971.746 740
   vertex 1000 1000 740
  endloop
 endfacet
 facet normal 0 0 1
  outer loop
   vertex 1000 1000 740
   vertex 1018 971.746 740
   vertex 1018.24 971.904 740
  endloop
 endfacet
 facet normal 0 0 1
  outer loop
   vertex 1000 1000 740
   vertex 1018.24 971.904 740
   vertex 1018.49 972.065 740
  endloop
 endfacet
 facet normal 0 -0 1
  outer loop
   vertex 1017 971.135 740
   vertex 1017.25 971.285 740
   vertex 1000 1000 740
  endloop
 endfacet
 facet normal 0 0 1
  outer loop
   vertex 1000 1000 740
   vertex 1017.25 971.285 740
   vertex 1017.5 971.437 740
  endloop
 endfacet
 facet normal 0 0 1
  outer loop
   vertex 1000 1000 740
   vertex 1017.5 971.437 740
   vertex 1017.75 971.59 740
  endloop
 endfacet
 facet normal 0 -0 1
  outer loop
   vertex 1016.24 970.7 740
   vertex 1016.5 970.843 740
   vertex 1000 1000 740
  endloop
 endfacet
 facet normal 0 0 1
  outer loop
   vertex 1000 1000 740
   vertex 1016.5 970.843 740
   vertex 1016.75 970.988 740
  endloop
 endfacet
 facet normal 0 0 1
  outer loop
   vertex 1000 1000 740
   vertex 1016.75 970.988 740
   vertex 1017 971.135 740
  endloop
 endfacet
 facet normal 0 -0 1
  outer loop
   vertex 1015.47 970.285 740
   vertex 1015.73 970.421 740
   vertex 1000 1000 740
  endloop
 endfacet
 facet normal 0 0 1
  outer loop
   vertex 1000 1000 740
   vertex 1015.73 970.421 740
   vertex 1015.98 970.56 740
  endloop
 endfacet
 facet normal 0 0 1
  outer loop
   vertex 1000 1000 740
   vertex 1015.98 970.56 740
   vertex 1016.24 970.7 740
  endloop
 endfacet
 facet normal 0 -0 1
  outer loop
   vertex 1014.68 969.89 740
   vertex 1014.95 970.02 740
   vertex 1000 1000 740
  endloop
 endfacet
 facet normal 0 0 1
  outer loop
   vertex 1000 1000 740
   vertex 1014.95 970.02 740
   vertex 1015.21 970.151 740
  endloop
 endfacet
 facet normal 0 0 1
  outer loop
   vertex 1000 1000 740
   vertex 1015.21 970.151 740
   vertex 1015.47 970.285 740
  endloop
 endfacet
 facet normal 0 -0 1
  outer loop
   vertex 1013.89 969.516 740
   vertex 1014.16 969.639 740
   vertex 1000 1000 740
  endloop
 endfacet
 facet normal 0 0 1
  outer loop
   vertex 1000 1000 740
   vertex 1014.16 969.639 740
   vertex 1014.42 969.763 740
  endloop
 endfacet
 facet normal 0 0 1
  outer loop
   vertex 1000 1000 740
   vertex 1014.42 969.763 740
   vertex 1014.68 969.89 740
  endloop
 endfacet
 facet normal 0 -0 1
  outer loop
   vertex 1013.09 969.163 740
   vertex 1013.36 969.279 740
   vertex 1000 1000 740
  endloop
 endfacet
 facet normal 0 0 1
  outer loop
   vertex 1000 1000 740
   vertex 1013.36 969.279 740
   vertex 1013.63 969.396 740
  endloop
 endfacet
 facet normal 0 0 1
  outer loop
   vertex 1000 1000 740
   vertex 1013.63 969.396 740
   vertex 1013.89 969.516 740
  endloop
 endfacet
 facet normal 0 -0 1
  outer loop
   vertex 1012.28 968.831 740
   vertex 1012.55 968.939 740
   vertex 1000 1000 740
  endloop
 endfacet
 facet normal 0 0 1
  outer loop
   vertex 1000 1000 740
   vertex 1012.55 968.939 740
   vertex 1012.82 969.05 740
  endloop
 endfacet
 facet normal 0 0 1
  outer loop
   vertex 1000 1000 740
   vertex 1012.82 969.05 740
   vertex 1013.09 969.163 740
  endloop
 endfacet
 facet normal 0 -0 1
  outer loop
   vertex 1011.46 968.52 740
   vertex 1011.73 968.622 740
   vertex 1000 1000 740
  endloop
 endfacet
 facet normal 0 0 1
  outer loop
   vertex 1000 1000 740
   vertex 1011.73 968.622 740
   vertex 1012.01 968.725 740
  endloop
 endfacet
 facet normal 0 0 1
  outer loop
   vertex 1000 1000 740
   vertex 1012.01 968.725 740
   vertex 1012.28 968.831 740
  endloop
 endfacet
 facet normal 0 -0 1
  outer loop
   vertex 1010.63 968.231 740
   vertex 1010.91 968.325 740
   vertex 1000 1000 740
  endloop
 endfacet
 facet normal 0 0 1
  outer loop
   vertex 1000 1000 740
   vertex 1010.91 968.325 740
   vertex 1011.18 968.422 740
  endloop
 endfacet
 facet normal 0 0 1
  outer loop
   vertex 1000 1000 740
   vertex 1011.18 968.422 740
   vertex 1011.46 968.52 740
  endloop
 endfacet
 facet normal 0 -0 1
  outer loop
   vertex 1009.79 967.964 740
   vertex 1010.07 968.05 740
   vertex 1000 1000 740
  endloop
 endfacet
 facet normal 0 0 1
  outer loop
   vertex 1000 1000 740
   vertex 1010.07 968.05 740
   vertex 1010.35 968.14 740
  endloop
 endfacet
 facet normal 0 0 1
  outer loop
   vertex 1000 1000 740
   vertex 1010.35 968.14 740
   vertex 1010.63 968.231 740
  endloop
 endfacet
 facet normal 0 -0 1
  outer loop
   vertex 1008.95 967.718 740
   vertex 1009.23 967.798 740
   vertex 1000 1000 740
  endloop
 endfacet
 facet normal 0 0 1
  outer loop
   vertex 1000 1000 740
   vertex 1009.23 967.798 740
   vertex 1009.52 967.88 740
  endloop
 endfacet
 facet normal 0 0 1
  outer loop
   vertex 1000 1000 740
   vertex 1009.52 967.88 740
   vertex 1009.79 967.964 740
  endloop
 endfacet
 facet normal 0 -0 1
  outer loop
   vertex 1008.1 967.495 740
   vertex 1008.39 967.567 740
   vertex 1000 1000 740
  endloop
 endfacet
 facet normal 0 0 1
  outer loop
   vertex 1000 1000 740
   vertex 1008.39 967.567 740
   vertex 1008.67 967.641 740
  endloop
 endfacet
 facet normal 0 0 1
  outer loop
   vertex 1000 1000 740
   vertex 1008.67 967.641 740
   vertex 1008.95 967.718 740
  endloop
 endfacet
 facet normal 0 -0 1
  outer loop
   vertex 1007.25 967.294 740
   vertex 1007.54 967.359 740
   vertex 1000 1000 740
  endloop
 endfacet
 facet normal 0 0 1
  outer loop
   vertex 1000 1000 740
   vertex 1007.54 967.359 740
   vertex 1007.82 967.426 740
  endloop
 endfacet
 facet normal 0 0 1
  outer loop
   vertex 1000 1000 740
   vertex 1007.82 967.426 740
   vertex 1008.1 967.495 740
  endloop
 endfacet
 facet normal 0 -0 1
  outer loop
   vertex 1006.39 967.115 740
   vertex 1006.68 967.172 740
   vertex 1000 1000 740
  endloop
 endfacet
 facet normal 0 0 1
  outer loop
   vertex 1000 1000 740
   vertex 1006.68 967.172 740
   vertex 1006.97 967.232 740
  endloop
 endfacet
 facet normal 0 0 1
  outer loop
   vertex 1000 1000 740
   vertex 1006.97 967.232 740
   vertex 1007.25 967.294 740
  endloop
 endfacet
 facet normal 0 -0 1
  outer loop
   vertex 1005.53 966.959 740
   vertex 1005.82 967.009 740
   vertex 1000 1000 740
  endloop
 endfacet
 facet normal 0 0 1
  outer loop
   vertex 1000 1000 740
   vertex 1005.82 967.009 740
   vertex 1006.1 967.061 740
  endloop
 endfacet
 facet normal 0 0 1
  outer loop
   vertex 1000 1000 740
   vertex 1006.1 967.061 740
   vertex 1006.39 967.115 740
  endloop
 endfacet
 facet normal 0 -0 1
  outer loop
   vertex 1004.66 966.826 740
   vertex 1004.95 966.868 740
   vertex 1000 1000 740
  endloop
 endfacet
 facet normal 0 0 1
  outer loop
   vertex 1000 1000 740
   vertex 1004.95 966.868 740
   vertex 1005.24 966.912 740
  endloop
 endfacet
 facet normal 0 0 1
  outer loop
   vertex 1000 1000 740
   vertex 1005.24 966.912 740
   vertex 1005.53 966.959 740
  endloop
 endfacet
 facet normal 0 -0 1
  outer loop
   vertex 1003.79 966.715 740
   vertex 1004.08 966.75 740
   vertex 1000 1000 740
  endloop
 endfacet
 facet normal 0 0 1
  outer loop
   vertex 1000 1000 740
   vertex 1004.08 966.75 740
   vertex 1004.37 966.787 740
  endloop
 endfacet
 facet normal 0 0 1
  outer loop
   vertex 1000 1000 740
   vertex 1004.37 966.787 740
   vertex 1004.66 966.826 740
  endloop
 endfacet
 facet normal 0 -0 1
  outer loop
   vertex 1002.92 966.628 740
   vertex 1003.21 966.654 740
   vertex 1000 1000 740
  endloop
 endfacet
 facet normal 0 0 1
  outer loop
   vertex 1000 1000 740
   vertex 1003.21 966.654 740
   vertex 1003.5 966.683 740
  endloop
 endfacet
 facet normal 0 0 1
  outer loop
   vertex 1000 1000 740
   vertex 1003.5 966.683 740
   vertex 1003.79 966.715 740
  endloop
 endfacet
 facet normal 0 -0 1
  outer loop
   vertex 1002.04 966.562 740
   vertex 1002.34 966.582 740
   vertex 1000 1000 740
  endloop
 endfacet
 facet normal 0 0 1
  outer loop
   vertex 1000 1000 740
   vertex 1002.34 966.582 740
   vertex 1002.63 966.603 740
  endloop
 endfacet
 facet normal 0 0 1
  outer loop
   vertex 1000 1000 740
   vertex 1002.63 966.603 740
   vertex 1002.92 966.628 740
  endloop
 endfacet
 facet normal 0 -0 1
  outer loop
   vertex 1001.17 966.52 740
   vertex 1001.46 966.532 740
   vertex 1000 1000 740
  endloop
 endfacet
 facet normal 0 0 1
  outer loop
   vertex 1000 1000 740
   vertex 1001.46 966.532 740
   vertex 1001.75 966.546 740
  endloop
 endfacet
 facet normal 0 0 1
  outer loop
   vertex 1000 1000 740
   vertex 1001.75 966.546 740
   vertex 1002.04 966.562 740
  endloop
 endfacet
 facet normal 0 -0 1
  outer loop
   vertex 1000.29 966.501 740
   vertex 1000.59 966.505 740
   vertex 1000 1000 740
  endloop
 endfacet
 facet normal 0 0 1
  outer loop
   vertex 1000 1000 740
   vertex 1000.59 966.505 740
   vertex 1000.88 966.511 740
  endloop
 endfacet
 facet normal 0 0 1
  outer loop
   vertex 1000 1000 740
   vertex 1000.88 966.511 740
   vertex 1001.17 966.52 740
  endloop
 endfacet
 facet normal -0 0 1
  outer loop
   vertex 999.415 966.505 740
   vertex 999.708 966.501 740
   vertex 1000 1000 740
  endloop
 endfacet
 facet normal 0 0 1
  outer loop
   vertex 1000 1000 740
   vertex 999.708 966.501 740
   vertex 1000 966.5 740
  endloop
 endfacet
 facet normal 0 0 1
  outer loop
   vertex 1000 1000 740
   vertex 1000 966.5 740
   vertex 1000.29 966.501 740
  endloop
 endfacet
 facet normal -0 0 1
  outer loop
   vertex 998.539 966.532 740
   vertex 998.831 966.52 740
   vertex 1000 1000 740
  endloop
 endfacet
 facet normal 0 0 1
  outer loop
   vertex 1000 1000 740
   vertex 998.831 966.52 740
   vertex 999.123 966.511 740
  endloop
 endfacet
 facet normal 0 0 1
  outer loop
   vertex 1000 1000 740
   vertex 999.123 966.511 740
   vertex 999.415 966.505 740
  endloop
 endfacet
 facet normal -0 0 1
  outer loop
   vertex 997.663 966.582 740
   vertex 997.955 966.562 740
   vertex 1000 1000 740
  endloop
 endfacet
 facet normal 0 0 1
  outer loop
   vertex 1000 1000 740
   vertex 997.955 966.562 740
   vertex 998.247 966.546 740
  endloop
 endfacet
 facet normal 0 0 1
  outer loop
   vertex 1000 1000 740
   vertex 998.247 966.546 740
   vertex 998.539 966.532 740
  endloop
 endfacet
 facet normal -0 0 1
  outer loop
   vertex 996.789 966.654 740
   vertex 997.08 966.628 740
   vertex 1000 1000 740
  endloop
 endfacet
 facet normal 0 0 1
  outer loop
   vertex 1000 1000 740
   vertex 997.08 966.628 740
   vertex 997.372 966.603 740
  endloop
 endfacet
 facet normal 0 0 1
  outer loop
   vertex 1000 1000 740
   vertex 997.372 966.603 740
   vertex 997.663 966.582 740
  endloop
 endfacet
 facet normal -0 0 1
  outer loop
   vertex 995.917 966.75 740
   vertex 996.208 966.715 740
   vertex 1000 1000 740
  endloop
 endfacet
 facet normal 0 0 1
  outer loop
   vertex 1000 1000 740
   vertex 996.208 966.715 740
   vertex 996.498 966.683 740
  endloop
 endfacet
 facet normal 0 0 1
  outer loop
   vertex 1000 1000 740
   vertex 996.498 966.683 740
   vertex 996.789 966.654 740
  endloop
 endfacet
 facet normal -0 0 1
  outer loop
   vertex 995.048 966.868 740
   vertex 995.338 966.826 740
   vertex 1000 1000 740
  endloop
 endfacet
 facet normal 0 0 1
  outer loop
   vertex 1000 1000 740
   vertex 995.338 966.826 740
   vertex 995.627 966.787 740
  endloop
 endfacet
 facet normal 0 0 1
  outer loop
   vertex 1000 1000 740
   vertex 995.627 966.787 740
   vertex 995.917 966.75 740
  endloop
 endfacet
 facet normal -0 0 1
  outer loop
   vertex 994.183 967.009 740
   vertex 994.471 966.959 740
   vertex 1000 1000 740
  endloop
 endfacet
 facet normal 0 0 1
  outer loop
   vertex 1000 1000 740
   vertex 994.471 966.959 740
   vertex 994.759 966.912 740
  endloop
 endfacet
 facet normal 0 0 1
  outer loop
   vertex 1000 1000 740
   vertex 994.759 966.912 740
   vertex 995.048 966.868 740
  endloop
 endfacet
 facet normal -0 0 1
  outer loop
   vertex 993.321 967.172 740
   vertex 993.608 967.115 740
   vertex 1000 1000 740
  endloop
 endfacet
 facet normal 0 0 1
  outer loop
   vertex 1000 1000 740
   vertex 993.608 967.115 740
   vertex 993.895 967.061 740
  endloop
 endfacet
 facet normal 0 0 1
  outer loop
   vertex 1000 1000 740
   vertex 993.895 967.061 740
   vertex 994.183 967.009 740
  endloop
 endfacet
 facet normal -0 0 1
  outer loop
   vertex 992.464 967.359 740
   vertex 992.749 967.294 740
   vertex 1000 1000 740
  endloop
 endfacet
 facet normal 0 0 1
  outer loop
   vertex 1000 1000 740
   vertex 992.749 967.294 740
   vertex 993.035 967.232 740
  endloop
 endfacet
 facet normal 0 0 1
  outer loop
   vertex 1000 1000 740
   vertex 993.035 967.232 740
   vertex 993.321 967.172 740
  endloop
 endfacet
 facet normal -0 0 1
  outer loop
   vertex 991.612 967.567 740
   vertex 991.896 967.495 740
   vertex 1000 1000 740
  endloop
 endfacet
 facet normal 0 0 1
  outer loop
   vertex 1000 1000 740
   vertex 991.896 967.495 740
   vertex 992.18 967.426 740
  endloop
 endfacet
 facet normal 0 0 1
  outer loop
   vertex 1000 1000 740
   vertex 992.18 967.426 740
   vertex 992.464 967.359 740
  endloop
 endfacet
 facet normal -0 0 1
  outer loop
   vertex 990.766 967.798 740
   vertex 991.047 967.718 740
   vertex 1000 1000 740
  endloop
 endfacet
 facet normal 0 0 1
  outer loop
   vertex 1000 1000 740
   vertex 991.047 967.718 740
   vertex 991.33 967.641 740
  endloop
 endfacet
 facet normal 0 0 1
  outer loop
   vertex 1000 1000 740
   vertex 991.33 967.641 740
   vertex 991.612 967.567 740
  endloop
 endfacet
 facet normal -0 0 1
  outer loop
   vertex 989.926 968.05 740
   vertex 990.206 967.964 740
   vertex 1000 1000 740
  endloop
 endfacet
 facet normal 0 0 1
  outer loop
   vertex 1000 1000 740
   vertex 990.206 967.964 740
   vertex 990.485 967.88 740
  endloop
 endfacet
 facet normal 0 0 1
  outer loop
   vertex 1000 1000 740
   vertex 990.485 967.88 740
   vertex 990.766 967.798 740
  endloop
 endfacet
 facet normal -0 0 1
  outer loop
   vertex 989.094 968.325 740
   vertex 989.37 968.231 740
   vertex 1000 1000 740
  endloop
 endfacet
 facet normal 0 0 1
  outer loop
   vertex 1000 1000 740
   vertex 989.37 968.231 740
   vertex 989.648 968.14 740
  endloop
 endfacet
 facet normal 0 0 1
  outer loop
   vertex 1000 1000 740
   vertex 989.648 968.14 740
   vertex 989.926 968.05 740
  endloop
 endfacet
 facet normal -0 0 1
  outer loop
   vertex 988.268 968.622 740
   vertex 988.542 968.52 740
   vertex 1000 1000 740
  endloop
 endfacet
 facet normal 0 0 1
  outer loop
   vertex 1000 1000 740
   vertex 988.542 968.52 740
   vertex 988.818 968.422 740
  endloop
 endfacet
 facet normal 0 0 1
  outer loop
   vertex 1000 1000 740
   vertex 988.818 968.422 740
   vertex 989.094 968.325 740
  endloop
 endfacet
 facet normal -0 0 1
  outer loop
   vertex 987.451 968.939 740
   vertex 987.722 968.831 740
   vertex 1000 1000 740
  endloop
 endfacet
 facet normal 0 0 1
  outer loop
   vertex 1000 1000 740
   vertex 987.722 968.831 740
   vertex 987.995 968.725 740
  endloop
 endfacet
 facet normal 0 0 1
  outer loop
   vertex 1000 1000 740
   vertex 987.995 968.725 740
   vertex 988.268 968.622 740
  endloop
 endfacet
 facet normal -0 0 1
  outer loop
   vertex 986.642 969.279 740
   vertex 986.911 969.163 740
   vertex 1000 1000 740
  endloop
 endfacet
 facet normal 0 0 1
  outer loop
   vertex 1000 1000 740
   vertex 986.911 969.163 740
   vertex 987.18 969.05 740
  endloop
 endfacet
 facet normal 0 0 1
  outer loop
   vertex 1000 1000 740
   vertex 987.18 969.05 740
   vertex 987.451 968.939 740
  endloop
 endfacet
 facet normal -0 0 1
  outer loop
   vertex 985.842 969.639 740
   vertex 986.108 969.516 740
   vertex 1000 1000 740
  endloop
 endfacet
 facet normal 0 0 1
  outer loop
   vertex 1000 1000 740
   vertex 986.108 969.516 740
   vertex 986.374 969.396 740
  endloop
 endfacet
 facet normal 0 0 1
  outer loop
   vertex 1000 1000 740
   vertex 986.374 969.396 740
   vertex 986.642 969.279 740
  endloop
 endfacet
 facet normal -0 0 1
  outer loop
   vertex 985.052 970.02 740
   vertex 985.315 969.89 740
   vertex 1000 1000 740
  endloop
 endfacet
 facet normal 0 0 1
  outer loop
   vertex 1000 1000 740
   vertex 985.315 969.89 740
   vertex 985.578 969.763 740
  endloop
 endfacet
 facet normal 0 0 1
  outer loop
   vertex 1000 1000 740
   vertex 985.578 969.763 740
   vertex 985.842 969.639 740
  endloop
 endfacet
 facet normal -0 0 1
  outer loop
   vertex 984.273 970.421 740
   vertex 984.531 970.285 740
   vertex 1000 1000 740
  endloop
 endfacet
 facet normal 0 0 1
  outer loop
   vertex 1000 1000 740
   vertex 984.531 970.285 740
   vertex 984.791 970.151 740
  endloop
 endfacet
 facet normal 0 0 1
  outer loop
   vertex 1000 1000 740
   vertex 984.791 970.151 740
   vertex 985.052 970.02 740
  endloop
 endfacet
 facet normal -0 0 1
  outer loop
   vertex 983.504 970.843 740
   vertex 983.759 970.7 740
   vertex 1000 1000 740
  endloop
 endfacet
 facet normal 0 0 1
  outer loop
   vertex 1000 1000 740
   vertex 983.759 970.7 740
   vertex 984.015 970.56 740
  endloop
 endfacet
 facet normal 0 0 1
  outer loop
   vertex 1000 1000 740
   vertex 984.015 970.56 740
   vertex 984.273 970.421 740
  endloop
 endfacet
 facet normal -0 0 1
  outer loop
   vertex 982.746 971.285 740
   vertex 982.997 971.135 740
   vertex 1000 1000 740
  endloop
 endfacet
 facet normal 0 0 1
  outer loop
   vertex 1000 1000 740
   vertex 982.997 971.135 740
   vertex 983.25 970.988 740
  endloop
 endfacet
 facet normal 0 0 1
  outer loop
   vertex 1000 1000 740
   vertex 983.25 970.988 740
   vertex 983.504 970.843 740
  endloop
 endfacet
 facet normal -0 0 1
  outer loop
   vertex 982 971.746 740
   vertex 982.248 971.59 740
   vertex 1000 1000 740
  endloop
 endfacet
 facet normal 0 0 1
  outer loop
   vertex 1000 1000 740
   vertex 982.248 971.59 740
   vertex 982.496 971.437 740
  endloop
 endfacet
 facet normal 0 0 1
  outer loop
   vertex 1000 1000 740
   vertex 982.496 971.437 740
   vertex 982.746 971.285 740
  endloop
 endfacet
 facet normal -0 0 1
  outer loop
   vertex 981.267 972.227 740
   vertex 981.51 972.065 740
   vertex 1000 1000 740
  endloop
 endfacet
 facet normal 0 0 1
  outer loop
   vertex 1000 1000 740
   vertex 981.51 972.065 740
   vertex 981.755 971.904 740
  endloop
 endfacet
 facet normal 0 0 1
  outer loop
   vertex 1000 1000 740
   vertex 981.755 971.904 740
   vertex 982 971.746 740
  endloop
 endfacet
 facet normal -0 0 1
  outer loop
   vertex 980.547 972.727 740
   vertex 980.785 972.558 740
   vertex 1000 1000 740
  endloop
 endfacet
 facet normal 0 0 1
  outer loop
   vertex 1000 1000 740
   vertex 980.785 972.558 740
   vertex 981.025 972.392 740
  endloop
 endfacet
 facet normal 0 0 1
  outer loop
   vertex 1000 1000 740
   vertex 981.025 972.392 740
   vertex 981.267 972.227 740
  endloop
 endfacet
 facet normal -0 0 1
  outer loop
   vertex 979.839 973.246 740
   vertex 980.073 973.071 740
   vertex 1000 1000 740
  endloop
 endfacet
 facet normal 0 0 1
  outer loop
   vertex 1000 1000 740
   vertex 980.073 973.071 740
   vertex 980.309 972.898 740
  endloop
 endfacet
 facet normal 0 0 1
  outer loop
   vertex 1000 1000 740
   vertex 980.309 972.898 740
   vertex 980.547 972.727 740
  endloop
 endfacet
 facet normal -0 0 1
  outer loop
   vertex 979.146 973.783 740
   vertex 979.375 973.602 740
   vertex 1000 1000 740
  endloop
 endfacet
 facet normal 0 0 1
  outer loop
   vertex 1000 1000 740
   vertex 979.375 973.602 740
   vertex 979.607 973.423 740
  endloop
 endfacet
 facet normal 0 0 1
  outer loop
   vertex 1000 1000 740
   vertex 979.607 973.423 740
   vertex 979.839 973.246 740
  endloop
 endfacet
 facet normal -0 0 1
  outer loop
   vertex 978.467 974.338 740
   vertex 978.691 974.151 740
   vertex 1000 1000 740
  endloop
 endfacet
 facet normal 0 0 1
  outer loop
   vertex 1000 1000 740
   vertex 978.691 974.151 740
   vertex 978.918 973.966 740
  endloop
 endfacet
 facet normal 0 0 1
  outer loop
   vertex 1000 1000 740
   vertex 978.918 973.966 740
   vertex 979.146 973.783 740
  endloop
 endfacet
 facet normal -0 0 1
  outer loop
   vertex 977.802 974.91 740
   vertex 978.022 974.717 740
   vertex 1000 1000 740
  endloop
 endfacet
 facet normal 0 0 1
  outer loop
   vertex 1000 1000 740
   vertex 978.022 974.717 740
   vertex 978.244 974.526 740
  endloop
 endfacet
 facet normal 0 0 1
  outer loop
   vertex 1000 1000 740
   vertex 978.244 974.526 740
   vertex 978.467 974.338 740
  endloop
 endfacet
 facet normal -0 0 1
  outer loop
   vertex 977.153 975.5 740
   vertex 977.368 975.301 740
   vertex 1000 1000 740
  endloop
 endfacet
 facet normal 0 0 1
  outer loop
   vertex 1000 1000 740
   vertex 977.368 975.301 740
   vertex 977.584 975.105 740
  endloop
 endfacet
 facet normal 0 0 1
  outer loop
   vertex 1000 1000 740
   vertex 977.584 975.105 740
   vertex 977.802 974.91 740
  endloop
 endfacet
 facet normal -0 0 1
  outer loop
   vertex 976.519 976.106 740
   vertex 976.729 975.902 740
   vertex 1000 1000 740
  endloop
 endfacet
 facet normal 0 0 1
  outer loop
   vertex 1000 1000 740
   vertex 976.729 975.902 740
   vertex 976.94 975.7 740
  endloop
 endfacet
 facet normal 0 0 1
  outer loop
   vertex 1000 1000 740
   vertex 976.94 975.7 740
   vertex 977.153 975.5 740
  endloop
 endfacet
 facet normal -0 0 1
  outer loop
   vertex 975.902 976.729 740
   vertex 976.106 976.519 740
   vertex 1000 1000 740
  endloop
 endfacet
 facet normal 0 0 1
  outer loop
   vertex 1000 1000 740
   vertex 976.106 976.519 740
   vertex 976.312 976.312 740
  endloop
 endfacet
 facet normal 0 0 1
  outer loop
   vertex 1000 1000 740
   vertex 976.312 976.312 740
   vertex 976.519 976.106 740
  endloop
 endfacet
 facet normal -0 0 1
  outer loop
   vertex 975.301 977.368 740
   vertex 975.5 977.153 740
   vertex 1000 1000 740
  endloop
 endfacet
 facet normal 0 0 1
  outer loop
   vertex 1000 1000 740
   vertex 975.5 977.153 740
   vertex 975.7 976.94 740
  endloop
 endfacet
 facet normal 0 0 1
  outer loop
   vertex 1000 1000 740
   vertex 975.7 976.94 740
   vertex 975.902 976.729 740
  endloop
 endfacet
 facet normal -0 0 1
  outer loop
   vertex 974.717 978.022 740
   vertex 974.91 977.802 740
   vertex 1000 1000 740
  endloop
 endfacet
 facet normal 0 0 1
  outer loop
   vertex 1000 1000 740
   vertex 974.91 977.802 740
   vertex 975.105 977.584 740
  endloop
 endfacet
 facet normal 0 0 1
  outer loop
   vertex 1000 1000 740
   vertex 975.105 977.584 740
   vertex 975.301 977.368 740
  endloop
 endfacet
 facet normal -0 0 1
  outer loop
   vertex 974.151 978.691 740
   vertex 974.338 978.467 740
   vertex 1000 1000 740
  endloop
 endfacet
 facet normal 0 0 1
  outer loop
   vertex 1000 1000 740
   vertex 974.338 978.467 740
   vertex 974.526 978.244 740
  endloop
 endfacet
 facet normal 0 0 1
  outer loop
   vertex 1000 1000 740
   vertex 974.526 978.244 740
   vertex 974.717 978.022 740
  endloop
 endfacet
 facet normal -0 0 1
  outer loop
   vertex 973.602 979.375 740
   vertex 973.783 979.146 740
   vertex 1000 1000 740
  endloop
 endfacet
 facet normal 0 0 1
  outer loop
   vertex 1000 1000 740
   vertex 973.783 979.146 740
   vertex 973.966 978.918 740
  endloop
 endfacet
 facet normal 0 0 1
  outer loop
   vertex 1000 1000 740
   vertex 973.966 978.918 740
   vertex 974.151 978.691 740
  endloop
 endfacet
 facet normal -0 0 1
  outer loop
   vertex 973.071 980.073 740
   vertex 973.246 979.839 740
   vertex 1000 1000 740
  endloop
 endfacet
 facet normal 0 0 1
  outer loop
   vertex 1000 1000 740
   vertex 973.246 979.839 740
   vertex 973.423 979.607 740
  endloop
 endfacet
 facet normal 0 0 1
  outer loop
   vertex 1000 1000 740
   vertex 973.423 979.607 740
   vertex 973.602 979.375 740
  endloop
 endfacet
 facet normal -0 0 1
  outer loop
   vertex 972.558 980.785 740
   vertex 972.727 980.547 740
   vertex 1000 1000 740
  endloop
 endfacet
 facet normal 0 0 1
  outer loop
   vertex 1000 1000 740
   vertex 972.727 980.547 740
   vertex 972.898 980.309 740
  endloop
 endfacet
 facet normal 0 0 1
  outer loop
   vertex 1000 1000 740
   vertex 972.898 980.309 740
   vertex 973.071 980.073 740
  endloop
 endfacet
 facet normal -0 0 1
  outer loop
   vertex 972.065 981.51 740
   vertex 972.227 981.267 740
   vertex 1000 1000 740
  endloop
 endfacet
 facet normal 0 0 1
  outer loop
   vertex 1000 1000 740
   vertex 972.227 981.267 740
   vertex 972.392 981.025 740
  endloop
 endfacet
 facet normal 0 0 1
  outer loop
   vertex 1000 1000 740
   vertex 972.392 981.025 740
   vertex 972.558 980.785 740
  endloop
 endfacet
 facet normal -0 0 1
  outer loop
   vertex 971.59 982.248 740
   vertex 971.746 982 740
   vertex 1000 1000 740
  endloop
 endfacet
 facet normal 0 0 1
  outer loop
   vertex 1000 1000 740
   vertex 971.746 982 740
   vertex 971.904 981.755 740
  endloop
 endfacet
 facet normal 0 0 1
  outer loop
   vertex 1000 1000 740
   vertex 971.904 981.755 740
   vertex 972.065 981.51 740
  endloop
 endfacet
 facet normal -0 0 1
  outer loop
   vertex 971.135 982.997 740
   vertex 971.285 982.746 740
   vertex 1000 1000 740
  endloop
 endfacet
 facet normal 0 0 1
  outer loop
   vertex 1000 1000 740
   vertex 971.285 982.746 740
   vertex 971.437 982.496 740
  endloop
 endfacet
 facet normal 0 0 1
  outer loop
   vertex 1000 1000 740
   vertex 971.437 982.496 740
   vertex 971.59 982.248 740
  endloop
 endfacet
 facet normal -0 0 1
  outer loop
   vertex 970.7 983.759 740
   vertex 970.843 983.504 740
   vertex 1000 1000 740
  endloop
 endfacet
 facet normal 0 0 1
  outer loop
   vertex 1000 1000 740
   vertex 970.843 983.504 740
   vertex 970.988 983.25 740
  endloop
 endfacet
 facet normal 0 0 1
  outer loop
   vertex 1000 1000 740
   vertex 970.988 983.25 740
   vertex 971.135 982.997 740
  endloop
 endfacet
 facet normal -0 0 1
  outer loop
   vertex 970.285 984.531 740
   vertex 970.421 984.273 740
   vertex 1000 1000 740
  endloop
 endfacet
 facet normal 0 0 1
  outer loop
   vertex 1000 1000 740
   vertex 970.421 984.273 740
   vertex 970.56 984.015 740
  endloop
 endfacet
 facet normal 0 0 1
  outer loop
   vertex 1000 1000 740
   vertex 970.56 984.015 740
   vertex 970.7 983.759 740
  endloop
 endfacet
 facet normal -0 0 1
  outer loop
   vertex 969.89 985.315 740
   vertex 970.02 985.052 740
   vertex 1000 1000 740
  endloop
 endfacet
 facet normal 0 0 1
  outer loop
   vertex 1000 1000 740
   vertex 970.02 985.052 740
   vertex 970.151 984.791 740
  endloop
 endfacet
 facet normal 0 0 1
  outer loop
   vertex 1000 1000 740
   vertex 970.151 984.791 740
   vertex 970.285 984.531 740
  endloop
 endfacet
 facet normal -0 0 1
  outer loop
   vertex 969.516 986.108 740
   vertex 969.639 985.842 740
   vertex 1000 1000 740
  endloop
 endfacet
 facet normal 0 0 1
  outer loop
   vertex 1000 1000 740
   vertex 969.639 985.842 740
   vertex 969.763 985.578 740
  endloop
 endfacet
 facet normal 0 0 1
  outer loop
   vertex 1000 1000 740
   vertex 969.763 985.578 740
   vertex 969.89 985.315 740
  endloop
 endfacet
 facet normal -0 0 1
  outer loop
   vertex 969.163 986.911 740
   vertex 969.279 986.642 740
   vertex 1000 1000 740
  endloop
 endfacet
 facet normal 0 0 1
  outer loop
   vertex 1000 1000 740
   vertex 969.279 986.642 740
   vertex 969.396 986.374 740
  endloop
 endfacet
 facet normal 0 0 1
  outer loop
   vertex 1000 1000 740
   vertex 969.396 986.374 740
   vertex 969.516 986.108 740
  endloop
 endfacet
 facet normal -0 0 1
  outer loop
   vertex 968.831 987.722 740
   vertex 968.939 987.451 740
   vertex 1000 1000 740
  endloop
 endfacet
 facet normal 0 0 1
  outer loop
   vertex 1000 1000 740
   vertex 968.939 987.451 740
   vertex 969.05 987.18 740
  endloop
 endfacet
 facet normal 0 0 1
  outer loop
   vertex 1000 1000 740
   vertex 969.05 987.18 740
   vertex 969.163 986.911 740
  endloop
 endfacet
 facet normal -0 0 1
  outer loop
   vertex 968.52 988.542 740
   vertex 968.622 988.268 740
   vertex 1000 1000 740
  endloop
 endfacet
 facet normal 0 0 1
  outer loop
   vertex 1000 1000 740
   vertex 968.622 988.268 740
   vertex 968.725 987.995 740
  endloop
 endfacet
 facet normal 0 0 1
  outer loop
   vertex 1000 1000 740
   vertex 968.725 987.995 740
   vertex 968.831 987.722 740
  endloop
 endfacet
 facet normal -0 0 1
  outer loop
   vertex 968.231 989.37 740
   vertex 968.325 989.094 740
   vertex 1000 1000 740
  endloop
 endfacet
 facet normal 0 0 1
  outer loop
   vertex 1000 1000 740
   vertex 968.325 989.094 740
   vertex 968.422 988.818 740
  endloop
 endfacet
 facet normal 0 0 1
  outer loop
   vertex 1000 1000 740
   vertex 968.422 988.818 740
   vertex 968.52 988.542 740
  endloop
 endfacet
 facet normal -0 0 1
  outer loop
   vertex 967.964 990.206 740
   vertex 968.05 989.926 740
   vertex 1000 1000 740
  endloop
 endfacet
 facet normal 0 0 1
  outer loop
   vertex 1000 1000 740
   vertex 968.05 989.926 740
   vertex 968.14 989.648 740
  endloop
 endfacet
 facet normal 0 0 1
  outer loop
   vertex 1000 1000 740
   vertex 968.14 989.648 740
   vertex 968.231 989.37 740
  endloop
 endfacet
 facet normal -0 0 1
  outer loop
   vertex 967.718 991.047 740
   vertex 967.798 990.766 740
   vertex 1000 1000 740
  endloop
 endfacet
 facet normal 0 0 1
  outer loop
   vertex 1000 1000 740
   vertex 967.798 990.766 740
   vertex 967.88 990.485 740
  endloop
 endfacet
 facet normal 0 0 1
  outer loop
   vertex 1000 1000 740
   vertex 967.88 990.485 740
   vertex 967.964 990.206 740
  endloop
 endfacet
 facet normal -0 0 1
  outer loop
   vertex 967.495 991.896 740
   vertex 967.567 991.612 740
   vertex 1000 1000 740
  endloop
 endfacet
 facet normal 0 0 1
  outer loop
   vertex 1000 1000 740
   vertex 967.567 991.612 740
   vertex 967.641 991.33 740
  endloop
 endfacet
 facet normal 0 0 1
  outer loop
   vertex 1000 1000 740
   vertex 967.641 991.33 740
   vertex 967.718 991.047 740
  endloop
 endfacet
 facet normal -0 0 1
  outer loop
   vertex 967.294 992.749 740
   vertex 967.359 992.464 740
   vertex 1000 1000 740
  endloop
 endfacet
 facet normal 0 0 1
  outer loop
   vertex 1000 1000 740
   vertex 967.359 992.464 740
   vertex 967.426 992.18 740
  endloop
 endfacet
 facet normal 0 0 1
  outer loop
   vertex 1000 1000 740
   vertex 967.426 992.18 740
   vertex 967.495 991.896 740
  endloop
 endfacet
 facet normal -0 0 1
  outer loop
   vertex 967.115 993.608 740
   vertex 967.172 993.321 740
   vertex 1000 1000 740
  endloop
 endfacet
 facet normal 0 0 1
  outer loop
   vertex 1000 1000 740
   vertex 967.172 993.321 740
   vertex 967.232 993.035 740
  endloop
 endfacet
 facet normal 0 0 1
  outer loop
   vertex 1000 1000 740
   vertex 967.232 993.035 740
   vertex 967.294 992.749 740
  endloop
 endfacet
 facet normal -0 0 1
  outer loop
   vertex 966.959 994.471 740
   vertex 967.009 994.183 740
   vertex 1000 1000 740
  endloop
 endfacet
 facet normal 0 0 1
  outer loop
   vertex 1000 1000 740
   vertex 967.009 994.183 740
   vertex 967.061 993.895 740
  endloop
 endfacet
 facet normal 0 0 1
  outer loop
   vertex 1000 1000 740
   vertex 967.061 993.895 740
   vertex 967.115 993.608 740
  endloop
 endfacet
 facet normal -0 0 1
  outer loop
   vertex 966.826 995.338 740
   vertex 966.868 995.048 740
   vertex 1000 1000 740
  endloop
 endfacet
 facet normal 0 0 1
  outer loop
   vertex 1000 1000 740
   vertex 966.868 995.048 740
   vertex 966.912 994.759 740
  endloop
 endfacet
 facet normal 0 0 1
  outer loop
   vertex 1000 1000 740
   vertex 966.912 994.759 740
   vertex 966.959 994.471 740
  endloop
 endfacet
 facet normal -0 0 1
  outer loop
   vertex 966.715 996.208 740
   vertex 966.75 995.917 740
   vertex 1000 1000 740
  endloop
 endfacet
 facet normal 0 0 1
  outer loop
   vertex 1000 1000 740
   vertex 966.75 995.917 740
   vertex 966.787 995.627 740
  endloop
 endfacet
 facet normal 0 0 1
  outer loop
   vertex 1000 1000 740
   vertex 966.787 995.627 740
   vertex 966.826 995.338 740
  endloop
 endfacet
 facet normal -0 0 1
  outer loop
   vertex 966.628 997.08 740
   vertex 966.654 996.789 740
   vertex 1000 1000 740
  endloop
 endfacet
 facet normal 0 0 1
  outer loop
   vertex 1000 1000 740
   vertex 966.654 996.789 740
   vertex 966.683 996.498 740
  endloop
 endfacet
 facet normal 0 0 1
  outer loop
   vertex 1000 1000 740
   vertex 966.683 996.498 740
   vertex 966.715 996.208 740
  endloop
 endfacet
 facet normal -0 0 1
  outer loop
   vertex 966.562 997.955 740
   vertex 966.582 997.663 740
   vertex 1000 1000 740
  endloop
 endfacet
 facet normal 0 0 1
  outer loop
   vertex 1000 1000 740
   vertex 966.582 997.663 740
   vertex 966.603 997.372 740
  endloop
 endfacet
 facet normal 0 0 1
  outer loop
   vertex 1000 1000 740
   vertex 966.603 997.372 740
   vertex 966.628 997.08 740
  endloop
 endfacet
 facet normal -0 0 1
  outer loop
   vertex 966.52 998.831 740
   vertex 966.532 998.539 740
   vertex 1000 1000 740
  endloop
 endfacet
 facet normal 0 0 1
  outer loop
   vertex 1000 1000 740
   vertex 966.532 998.539 740
   vertex 966.546 998.247 740
  endloop
 endfacet
 facet normal 0 0 1
  outer loop
   vertex 1000 1000 740
   vertex 966.546 998.247 740
   vertex 966.562 997.955 740
  endloop
 endfacet
 facet normal -0 0 1
  outer loop
   vertex 966.501 999.708 740
   vertex 966.505 999.415 740
   vertex 1000 1000 740
  endloop
 endfacet
 facet normal 0 0 1
  outer loop
   vertex 1000 1000 740
   vertex 966.505 999.415 740
   vertex 966.511 999.123 740
  endloop
 endfacet
 facet normal 0 0 1
  outer loop
   vertex 1000 1000 740
   vertex 966.511 999.123 740
   vertex 966.52 998.831 740
  endloop
 endfacet
endsolid A_buet_konveks_gap1000
