solid A_buet_konveks_gap1000_0
   facet normal -2.376844e-01 -9.713424e-01 0.000000e+00
      outer loop
         vertex 7.580781e+02 2.970427e+01 1.000000e+03
         vertex 7.665546e+02 2.763009e+01 0.000000e+00
         vertex 7.665546e+02 2.763009e+01 1.000000e+03
      endloop
   endfacet
   facet normal -2.292015e-01 -9.733790e-01 -0.000000e+00
      outer loop
         vertex 7.665546e+02 2.763009e+01 1.000000e+03
         vertex 7.665546e+02 2.763009e+01 0.000000e+00
         vertex 7.750489e+02 2.562994e+01 0.000000e+00
      endloop
   endfacet
   facet normal -2.292015e-01 -9.733790e-01 0.000000e+00
      outer loop
         vertex 7.665546e+02 2.763009e+01 1.000000e+03
         vertex 7.750489e+02 2.562994e+01 0.000000e+00
         vertex 7.750489e+02 2.562994e+01 1.000000e+03
      endloop
   endfacet
   facet normal -2.206978e-01 -9.753422e-01 -0.000000e+00
      outer loop
         vertex 7.750489e+02 2.562994e+01 1.000000e+03
         vertex 7.750489e+02 2.562994e+01 0.000000e+00
         vertex 7.835604e+02 2.370399e+01 0.000000e+00
      endloop
   endfacet
   facet normal -2.206978e-01 -9.753422e-01 0.000000e+00
      outer loop
         vertex 7.750489e+02 2.562994e+01 1.000000e+03
         vertex 7.835604e+02 2.370399e+01 0.000000e+00
         vertex 7.835604e+02 2.370399e+01 1.000000e+03
      endloop
   endfacet
   facet normal -2.121801e-01 -9.772306e-01 -0.000000e+00
      outer loop
         vertex 7.835604e+02 2.370399e+01 1.000000e+03
         vertex 7.835604e+02 2.370399e+01 0.000000e+00
         vertex 7.920883e+02 2.185237e+01 0.000000e+00
      endloop
   endfacet
   facet normal -2.121801e-01 -9.772306e-01 0.000000e+00
      outer loop
         vertex 7.835604e+02 2.370399e+01 1.000000e+03
         vertex 7.920883e+02 2.185237e+01 0.000000e+00
         vertex 7.920883e+02 2.185237e+01 1.000000e+03
      endloop
   endfacet
   facet normal -2.036364e-01 -9.790466e-01 -0.000000e+00
      outer loop
         vertex 7.920883e+02 2.185237e+01 1.000000e+03
         vertex 7.920883e+02 2.185237e+01 0.000000e+00
         vertex 8.006321e+02 2.007532e+01 0.000000e+00
      endloop
   endfacet
   facet normal -2.036364e-01 -9.790466e-01 0.000000e+00
      outer loop
         vertex 7.920883e+02 2.185237e+01 1.000000e+03
         vertex 8.006321e+02 2.007532e+01 0.000000e+00
         vertex 8.006321e+02 2.007532e+01 1.000000e+03
      endloop
   endfacet
   facet normal -1.950912e-01 -9.807851e-01 -0.000000e+00
      outer loop
         vertex 8.006321e+02 2.007532e+01 1.000000e+03
         vertex 8.006321e+02 2.007532e+01 0.000000e+00
         vertex 8.091910e+02 1.837283e+01 0.000000e+00
      endloop
   endfacet
   facet normal -1.950912e-01 -9.807851e-01 0.000000e+00
      outer loop
         vertex 8.006321e+02 2.007532e+01 1.000000e+03
         vertex 8.091910e+02 1.837283e+01 0.000000e+00
         vertex 8.091910e+02 1.837283e+01 1.000000e+03
      endloop
   endfacet
   facet normal -1.865261e-01 -9.824500e-01 -0.000000e+00
      outer loop
         vertex 8.091910e+02 1.837283e+01 1.000000e+03
         vertex 8.091910e+02 1.837283e+01 0.000000e+00
         vertex 8.177645e+02 1.674509e+01 0.000000e+00
      endloop
   endfacet
   facet normal -1.865261e-01 -9.824500e-01 0.000000e+00
      outer loop
         vertex 8.091910e+02 1.837283e+01 1.000000e+03
         vertex 8.177645e+02 1.674509e+01 0.000000e+00
         vertex 8.177645e+02 1.674509e+01 1.000000e+03
      endloop
   endfacet
   facet normal -1.779408e-01 -9.840412e-01 -0.000000e+00
      outer loop
         vertex 8.177645e+02 1.674509e+01 1.000000e+03
         vertex 8.177645e+02 1.674509e+01 0.000000e+00
         vertex 8.263518e+02 1.519227e+01 0.000000e+00
      endloop
   endfacet
   facet normal -1.779408e-01 -9.840412e-01 0.000000e+00
      outer loop
         vertex 8.177645e+02 1.674509e+01 1.000000e+03
         vertex 8.263518e+02 1.519227e+01 0.000000e+00
         vertex 8.263518e+02 1.519227e+01 1.000000e+03
      endloop
   endfacet
   facet normal -1.693548e-01 -9.855551e-01 -0.000000e+00
      outer loop
         vertex 8.263518e+02 1.519227e+01 1.000000e+03
         vertex 8.263518e+02 1.519227e+01 0.000000e+00
         vertex 8.349524e+02 1.371437e+01 0.000000e+00
      endloop
   endfacet
   facet normal -1.693548e-01 -9.855551e-01 0.000000e+00
      outer loop
         vertex 8.263518e+02 1.519227e+01 1.000000e+03
         vertex 8.349524e+02 1.371437e+01 0.000000e+00
         vertex 8.349524e+02 1.371437e+01 1.000000e+03
      endloop
   endfacet
   facet normal -1.607422e-01 -9.869964e-01 -0.000000e+00
      outer loop
         vertex 8.349524e+02 1.371437e+01 1.000000e+03
         vertex 8.349524e+02 1.371437e+01 0.000000e+00
         vertex 8.435655e+02 1.231164e+01 0.000000e+00
      endloop
   endfacet
   facet normal -1.607422e-01 -9.869964e-01 0.000000e+00
      outer loop
         vertex 8.349524e+02 1.371437e+01 1.000000e+03
         vertex 8.435655e+02 1.231164e+01 0.000000e+00
         vertex 8.435655e+02 1.231164e+01 1.000000e+03
      endloop
   endfacet
   facet normal -1.521226e-01 -9.883616e-01 -0.000000e+00
      outer loop
         vertex 8.435655e+02 1.231164e+01 1.000000e+03
         vertex 8.435655e+02 1.231164e+01 0.000000e+00
         vertex 8.521906e+02 1.098412e+01 0.000000e+00
      endloop
   endfacet
   facet normal -1.521226e-01 -9.883616e-01 0.000000e+00
      outer loop
         vertex 8.435655e+02 1.231164e+01 1.000000e+03
         vertex 8.521906e+02 1.098412e+01 0.000000e+00
         vertex 8.521906e+02 1.098412e+01 1.000000e+03
      endloop
   endfacet
   facet normal -1.434891e-01 -9.896519e-01 -0.000000e+00
      outer loop
         vertex 8.521906e+02 1.098412e+01 1.000000e+03
         vertex 8.521906e+02 1.098412e+01 0.000000e+00
         vertex 8.608269e+02 9.731948e+00 0.000000e+00
      endloop
   endfacet
   facet normal -1.434891e-01 -9.896519e-01 0.000000e+00
      outer loop
         vertex 8.521906e+02 1.098412e+01 1.000000e+03
         vertex 8.608269e+02 9.731948e+00 0.000000e+00
         vertex 8.608269e+02 9.731948e+00 1.000000e+03
      endloop
   endfacet
   facet normal -1.348554e-01 -9.908653e-01 -0.000000e+00
      outer loop
         vertex 8.608269e+02 9.731948e+00 1.000000e+03
         vertex 8.608269e+02 9.731948e+00 0.000000e+00
         vertex 8.694738e+02 8.555114e+00 0.000000e+00
      endloop
   endfacet
   facet normal -1.348554e-01 -9.908653e-01 0.000000e+00
      outer loop
         vertex 8.608269e+02 9.731948e+00 1.000000e+03
         vertex 8.694738e+02 8.555114e+00 0.000000e+00
         vertex 8.694738e+02 8.555114e+00 1.000000e+03
      endloop
   endfacet
   facet normal -1.261951e-01 -9.920054e-01 -0.000000e+00
      outer loop
         vertex 8.694738e+02 8.555114e+00 1.000000e+03
         vertex 8.694738e+02 8.555114e+00 0.000000e+00
         vertex 8.781307e+02 7.453859e+00 0.000000e+00
      endloop
   endfacet
   facet normal -1.261951e-01 -9.920054e-01 0.000000e+00
      outer loop
         vertex 8.694738e+02 8.555114e+00 1.000000e+03
         vertex 8.781307e+02 7.453859e+00 0.000000e+00
         vertex 8.781307e+02 7.453859e+00 1.000000e+03
      endloop
   endfacet
   facet normal -1.175411e-01 -9.930680e-01 -0.000000e+00
      outer loop
         vertex 8.781307e+02 7.453859e+00 1.000000e+03
         vertex 8.781307e+02 7.453859e+00 0.000000e+00
         vertex 8.867968e+02 6.428123e+00 0.000000e+00
      endloop
   endfacet
   facet normal -1.175411e-01 -9.930680e-01 0.000000e+00
      outer loop
         vertex 8.781307e+02 7.453859e+00 1.000000e+03
         vertex 8.867968e+02 6.428123e+00 0.000000e+00
         vertex 8.867968e+02 6.428123e+00 1.000000e+03
      endloop
   endfacet
   facet normal -1.088668e-01 -9.940564e-01 -0.000000e+00
      outer loop
         vertex 8.867968e+02 6.428123e+00 1.000000e+03
         vertex 8.867968e+02 6.428123e+00 0.000000e+00
         vertex 8.954715e+02 5.478084e+00 0.000000e+00
      endloop
   endfacet
   facet normal -1.088668e-01 -9.940564e-01 0.000000e+00
      outer loop
         vertex 8.867968e+02 6.428123e+00 1.000000e+03
         vertex 8.954715e+02 5.478084e+00 0.000000e+00
         vertex 8.954715e+02 5.478084e+00 1.000000e+03
      endloop
   endfacet
   facet normal -1.001855e-01 -9.949688e-01 -0.000000e+00
      outer loop
         vertex 8.954715e+02 5.478084e+00 1.000000e+03
         vertex 8.954715e+02 5.478084e+00 0.000000e+00
         vertex 9.041542e+02 4.603803e+00 0.000000e+00
      endloop
   endfacet
   facet normal -1.001855e-01 -9.949688e-01 0.000000e+00
      outer loop
         vertex 8.954715e+02 5.478084e+00 1.000000e+03
         vertex 9.041542e+02 4.603803e+00 0.000000e+00
         vertex 9.041542e+02 4.603803e+00 1.000000e+03
      endloop
   endfacet
   facet normal -9.150434e-02 -9.958047e-01 -0.000000e+00
      outer loop
         vertex 9.041542e+02 4.603803e+00 1.000000e+03
         vertex 9.041542e+02 4.603803e+00 0.000000e+00
         vertex 9.128443e+02 3.805280e+00 0.000000e+00
      endloop
   endfacet
   facet normal -9.150434e-02 -9.958047e-01 0.000000e+00
      outer loop
         vertex 9.041542e+02 4.603803e+00 1.000000e+03
         vertex 9.128443e+02 3.805280e+00 0.000000e+00
         vertex 9.128443e+02 3.805280e+00 1.000000e+03
      endloop
   endfacet
   facet normal -8.280270e-02 -9.965660e-01 -0.000000e+00
      outer loop
         vertex 9.128443e+02 3.805280e+00 1.000000e+03
         vertex 9.128443e+02 3.805280e+00 0.000000e+00
         vertex 9.215409e+02 3.082693e+00 0.000000e+00
      endloop
   endfacet
   facet normal -8.280270e-02 -9.965660e-01 0.000000e+00
      outer loop
         vertex 9.128443e+02 3.805280e+00 1.000000e+03
         vertex 9.215409e+02 3.082693e+00 0.000000e+00
         vertex 9.215409e+02 3.082693e+00 1.000000e+03
      endloop
   endfacet
   facet normal -7.411453e-02 -9.972497e-01 -0.000000e+00
      outer loop
         vertex 9.215409e+02 3.082693e+00 1.000000e+03
         vertex 9.215409e+02 3.082693e+00 0.000000e+00
         vertex 9.302435e+02 2.435923e+00 0.000000e+00
      endloop
   endfacet
   facet normal -7.411453e-02 -9.972497e-01 0.000000e+00
      outer loop
         vertex 9.215409e+02 3.082693e+00 1.000000e+03
         vertex 9.302435e+02 2.435923e+00 0.000000e+00
         vertex 9.302435e+02 2.435923e+00 1.000000e+03
      endloop
   endfacet
   facet normal -6.539932e-02 -9.978592e-01 -0.000000e+00
      outer loop
         vertex 9.302435e+02 2.435923e+00 1.000000e+03
         vertex 9.302435e+02 2.435923e+00 0.000000e+00
         vertex 9.389515e+02 1.865208e+00 0.000000e+00
      endloop
   endfacet
   facet normal -6.539932e-02 -9.978592e-01 0.000000e+00
      outer loop
         vertex 9.302435e+02 2.435923e+00 1.000000e+03
         vertex 9.389515e+02 1.865208e+00 0.000000e+00
         vertex 9.389515e+02 1.865208e+00 1.000000e+03
      endloop
   endfacet
   facet normal -5.669074e-02 -9.983918e-01 -0.000000e+00
      outer loop
         vertex 9.389515e+02 1.865208e+00 1.000000e+03
         vertex 9.389515e+02 1.865208e+00 0.000000e+00
         vertex 9.476640e+02 1.370490e+00 0.000000e+00
      endloop
   endfacet
   facet normal -5.669074e-02 -9.983918e-01 0.000000e+00
      outer loop
         vertex 9.389515e+02 1.865208e+00 1.000000e+03
         vertex 9.476640e+02 1.370490e+00 0.000000e+00
         vertex 9.476640e+02 1.370490e+00 1.000000e+03
      endloop
   endfacet
   facet normal -4.798222e-02 -9.988482e-01 -0.000000e+00
      outer loop
         vertex 9.476640e+02 1.370490e+00 1.000000e+03
         vertex 9.476640e+02 1.370490e+00 0.000000e+00
         vertex 9.563806e+02 9.517670e-01 0.000000e+00
      endloop
   endfacet
   facet normal -4.798222e-02 -9.988482e-01 0.000000e+00
      outer loop
         vertex 9.476640e+02 1.370490e+00 1.000000e+03
         vertex 9.563806e+02 9.517670e-01 0.000000e+00
         vertex 9.563806e+02 9.517670e-01 1.000000e+03
      endloop
   endfacet
   facet normal -3.926005e-02 -9.992290e-01 -0.000000e+00
      outer loop
         vertex 9.563806e+02 9.517670e-01 1.000000e+03
         vertex 9.563806e+02 9.517670e-01 0.000000e+00
         vertex 9.651005e+02 6.091595e-01 0.000000e+00
      endloop
   endfacet
   facet normal -3.926005e-02 -9.992290e-01 0.000000e+00
      outer loop
         vertex 9.563806e+02 9.517670e-01 1.000000e+03
         vertex 9.651005e+02 6.091595e-01 0.000000e+00
         vertex 9.651005e+02 6.091595e-01 1.000000e+03
      endloop
   endfacet
   facet normal -3.053788e-02 -9.995336e-01 -0.000000e+00
      outer loop
         vertex 9.651005e+02 6.091595e-01 1.000000e+03
         vertex 9.651005e+02 6.091595e-01 0.000000e+00
         vertex 9.738231e+02 3.426671e-01 0.000000e+00
      endloop
   endfacet
   facet normal -3.053788e-02 -9.995336e-01 0.000000e+00
      outer loop
         vertex 9.651005e+02 6.091595e-01 1.000000e+03
         vertex 9.738231e+02 3.426671e-01 0.000000e+00
         vertex 9.738231e+02 3.426671e-01 1.000000e+03
      endloop
   endfacet
   facet normal -2.181569e-02 -9.997620e-01 -0.000000e+00
      outer loop
         vertex 9.738231e+02 3.426671e-01 1.000000e+03
         vertex 9.738231e+02 3.426671e-01 0.000000e+00
         vertex 9.825476e+02 1.522899e-01 0.000000e+00
      endloop
   endfacet
   facet normal -2.181569e-02 -9.997620e-01 0.000000e+00
      outer loop
         vertex 9.738231e+02 3.426671e-01 1.000000e+03
         vertex 9.825476e+02 1.522899e-01 0.000000e+00
         vertex 9.825476e+02 1.522899e-01 1.000000e+03
      endloop
   endfacet
   facet normal -1.308669e-02 -9.999144e-01 -0.000000e+00
      outer loop
         vertex 9.825476e+02 1.522899e-01 1.000000e+03
         vertex 9.825476e+02 1.522899e-01 0.000000e+00
         vertex 9.912735e+02 3.808737e-02 0.000000e+00
      endloop
   endfacet
   facet normal -1.308669e-02 -9.999144e-01 0.000000e+00
      outer loop
         vertex 9.825476e+02 1.522899e-01 1.000000e+03
         vertex 9.912735e+02 3.808737e-02 0.000000e+00
         vertex 9.912735e+02 3.808737e-02 1.000000e+03
      endloop
   endfacet
   facet normal -4.364505e-03 -9.999905e-01 -0.000000e+00
      outer loop
         vertex 9.912735e+02 3.808737e-02 1.000000e+03
         vertex 9.912735e+02 3.808737e-02 0.000000e+00
         vertex 1.000000e+03 0.000000e+00 0.000000e+00
      endloop
   endfacet
   facet normal -4.364505e-03 -9.999905e-01 0.000000e+00
      outer loop
         vertex 9.912735e+02 3.808737e-02 1.000000e+03
         vertex 1.000000e+03 0.000000e+00 0.000000e+00
         vertex 1.000000e+03 0.000000e+00 1.000000e+03
      endloop
   endfacet
   facet normal 4.364505e-03 -9.999905e-01 0.000000e+00
      outer loop
         vertex 1.000000e+03 0.000000e+00 1.000000e+03
         vertex 1.000000e+03 0.000000e+00 0.000000e+00
         vertex 1.008727e+03 3.808737e-02 0.000000e+00
      endloop
   endfacet
   facet normal 4.364505e-03 -9.999905e-01 0.000000e+00
      outer loop
         vertex 1.000000e+03 0.000000e+00 1.000000e+03
         vertex 1.008727e+03 3.808737e-02 0.000000e+00
         vertex 1.008727e+03 3.808737e-02 1.000000e+03
      endloop
   endfacet
   facet normal 1.308669e-02 -9.999144e-01 0.000000e+00
      outer loop
         vertex 1.008727e+03 3.808737e-02 1.000000e+03
         vertex 1.008727e+03 3.808737e-02 0.000000e+00
         vertex 1.017452e+03 1.522899e-01 0.000000e+00
      endloop
   endfacet
   facet normal 1.308669e-02 -9.999144e-01 0.000000e+00
      outer loop
         vertex 1.008727e+03 3.808737e-02 1.000000e+03
         vertex 1.017452e+03 1.522899e-01 0.000000e+00
         vertex 1.017452e+03 1.522899e-01 1.000000e+03
      endloop
   endfacet
   facet normal 2.181569e-02 -9.997620e-01 0.000000e+00
      outer loop
         vertex 1.017452e+03 1.522899e-01 1.000000e+03
         vertex 1.017452e+03 1.522899e-01 0.000000e+00
         vertex 1.026177e+03 3.426671e-01 0.000000e+00
      endloop
   endfacet
   facet normal 2.181569e-02 -9.997620e-01 0.000000e+00
      outer loop
         vertex 1.017452e+03 1.522899e-01 1.000000e+03
         vertex 1.026177e+03 3.426671e-01 0.000000e+00
         vertex 1.026177e+03 3.426671e-01 1.000000e+03
      endloop
   endfacet
   facet normal 3.053788e-02 -9.995336e-01 0.000000e+00
      outer loop
         vertex 1.026177e+03 3.426671e-01 1.000000e+03
         vertex 1.026177e+03 3.426671e-01 0.000000e+00
         vertex 1.034899e+03 6.091595e-01 0.000000e+00
      endloop
   endfacet
   facet normal 3.053788e-02 -9.995336e-01 0.000000e+00
      outer loop
         vertex 1.026177e+03 3.426671e-01 1.000000e+03
         vertex 1.034899e+03 6.091595e-01 0.000000e+00
         vertex 1.034899e+03 6.091595e-01 1.000000e+03
      endloop
   endfacet
   facet normal 3.926005e-02 -9.992290e-01 0.000000e+00
      outer loop
         vertex 1.034899e+03 6.091595e-01 1.000000e+03
         vertex 1.034899e+03 6.091595e-01 0.000000e+00
         vertex 1.043619e+03 9.517670e-01 0.000000e+00
      endloop
   endfacet
   facet normal 3.926005e-02 -9.992290e-01 0.000000e+00
      outer loop
         vertex 1.034899e+03 6.091595e-01 1.000000e+03
         vertex 1.043619e+03 9.517670e-01 0.000000e+00
         vertex 1.043619e+03 9.517670e-01 1.000000e+03
      endloop
   endfacet
   facet normal 4.798222e-02 -9.988482e-01 0.000000e+00
      outer loop
         vertex 1.043619e+03 9.517670e-01 1.000000e+03
         vertex 1.043619e+03 9.517670e-01 0.000000e+00
         vertex 1.052336e+03 1.370490e+00 0.000000e+00
      endloop
   endfacet
   facet normal 4.798222e-02 -9.988482e-01 0.000000e+00
      outer loop
         vertex 1.043619e+03 9.517670e-01 1.000000e+03
         vertex 1.052336e+03 1.370490e+00 0.000000e+00
         vertex 1.052336e+03 1.370490e+00 1.000000e+03
      endloop
   endfacet
   facet normal 5.669074e-02 -9.983918e-01 0.000000e+00
      outer loop
         vertex 1.052336e+03 1.370490e+00 1.000000e+03
         vertex 1.052336e+03 1.370490e+00 0.000000e+00
         vertex 1.061049e+03 1.865208e+00 0.000000e+00
      endloop
   endfacet
   facet normal 5.669074e-02 -9.983918e-01 0.000000e+00
      outer loop
         vertex 1.052336e+03 1.370490e+00 1.000000e+03
         vertex 1.061049e+03 1.865208e+00 0.000000e+00
         vertex 1.061049e+03 1.865208e+00 1.000000e+03
      endloop
   endfacet
   facet normal 6.539932e-02 -9.978592e-01 0.000000e+00
      outer loop
         vertex 1.061049e+03 1.865208e+00 1.000000e+03
         vertex 1.061049e+03 1.865208e+00 0.000000e+00
         vertex 1.069756e+03 2.435923e+00 0.000000e+00
      endloop
   endfacet
   facet normal 6.539932e-02 -9.978592e-01 0.000000e+00
      outer loop
         vertex 1.061049e+03 1.865208e+00 1.000000e+03
         vertex 1.069756e+03 2.435923e+00 0.000000e+00
         vertex 1.069756e+03 2.435923e+00 1.000000e+03
      endloop
   endfacet
   facet normal 7.411453e-02 -9.972497e-01 0.000000e+00
      outer loop
         vertex 1.069756e+03 2.435923e+00 1.000000e+03
         vertex 1.069756e+03 2.435923e+00 0.000000e+00
         vertex 1.078459e+03 3.082693e+00 0.000000e+00
      endloop
   endfacet
   facet normal 7.411453e-02 -9.972497e-01 0.000000e+00
      outer loop
         vertex 1.069756e+03 2.435923e+00 1.000000e+03
         vertex 1.078459e+03 3.082693e+00 0.000000e+00
         vertex 1.078459e+03 3.082693e+00 1.000000e+03
      endloop
   endfacet
   facet normal 8.280270e-02 -9.965660e-01 0.000000e+00
      outer loop
         vertex 1.078459e+03 3.082693e+00 1.000000e+03
         vertex 1.078459e+03 3.082693e+00 0.000000e+00
         vertex 1.087156e+03 3.805280e+00 0.000000e+00
      endloop
   endfacet
   facet normal 8.280270e-02 -9.965660e-01 0.000000e+00
      outer loop
         vertex 1.078459e+03 3.082693e+00 1.000000e+03
         vertex 1.087156e+03 3.805280e+00 0.000000e+00
         vertex 1.087156e+03 3.805280e+00 1.000000e+03
      endloop
   endfacet
   facet normal 9.150434e-02 -9.958047e-01 0.000000e+00
      outer loop
         vertex 1.087156e+03 3.805280e+00 1.000000e+03
         vertex 1.087156e+03 3.805280e+00 0.000000e+00
         vertex 1.095846e+03 4.603803e+00 0.000000e+00
      endloop
   endfacet
   facet normal 9.150434e-02 -9.958047e-01 0.000000e+00
      outer loop
         vertex 1.087156e+03 3.805280e+00 1.000000e+03
         vertex 1.095846e+03 4.603803e+00 0.000000e+00
         vertex 1.095846e+03 4.603803e+00 1.000000e+03
      endloop
   endfacet
   facet normal 1.001855e-01 -9.949688e-01 0.000000e+00
      outer loop
         vertex 1.095846e+03 4.603803e+00 1.000000e+03
         vertex 1.095846e+03 4.603803e+00 0.000000e+00
         vertex 1.104528e+03 5.478084e+00 0.000000e+00
      endloop
   endfacet
   facet normal 1.001855e-01 -9.949688e-01 0.000000e+00
      outer loop
         vertex 1.095846e+03 4.603803e+00 1.000000e+03
         vertex 1.104528e+03 5.478084e+00 0.000000e+00
         vertex 1.104528e+03 5.478084e+00 1.000000e+03
      endloop
   endfacet
   facet normal 1.088668e-01 -9.940564e-01 0.000000e+00
      outer loop
         vertex 1.104528e+03 5.478084e+00 1.000000e+03
         vertex 1.104528e+03 5.478084e+00 0.000000e+00
         vertex 1.113203e+03 6.428123e+00 0.000000e+00
      endloop
   endfacet
   facet normal 1.088668e-01 -9.940564e-01 0.000000e+00
      outer loop
         vertex 1.104528e+03 5.478084e+00 1.000000e+03
         vertex 1.113203e+03 6.428123e+00 0.000000e+00
         vertex 1.113203e+03 6.428123e+00 1.000000e+03
      endloop
   endfacet
   facet normal 1.175411e-01 -9.930680e-01 0.000000e+00
      outer loop
         vertex 1.113203e+03 6.428123e+00 1.000000e+03
         vertex 1.113203e+03 6.428123e+00 0.000000e+00
         vertex 1.121869e+03 7.453859e+00 0.000000e+00
      endloop
   endfacet
   facet normal 1.175411e-01 -9.930680e-01 0.000000e+00
      outer loop
         vertex 1.113203e+03 6.428123e+00 1.000000e+03
         vertex 1.121869e+03 7.453859e+00 0.000000e+00
         vertex 1.121869e+03 7.453859e+00 1.000000e+03
      endloop
   endfacet
   facet normal 1.261951e-01 -9.920054e-01 0.000000e+00
      outer loop
         vertex 1.121869e+03 7.453859e+00 1.000000e+03
         vertex 1.121869e+03 7.453859e+00 0.000000e+00
         vertex 1.130526e+03 8.555114e+00 0.000000e+00
      endloop
   endfacet
   facet normal 1.261951e-01 -9.920054e-01 0.000000e+00
      outer loop
         vertex 1.121869e+03 7.453859e+00 1.000000e+03
         vertex 1.130526e+03 8.555114e+00 0.000000e+00
         vertex 1.130526e+03 8.555114e+00 1.000000e+03
      endloop
   endfacet
   facet normal 1.348554e-01 -9.908653e-01 0.000000e+00
      outer loop
         vertex 1.130526e+03 8.555114e+00 1.000000e+03
         vertex 1.130526e+03 8.555114e+00 0.000000e+00
         vertex 1.139173e+03 9.731948e+00 0.000000e+00
      endloop
   endfacet
   facet normal 1.348554e-01 -9.908653e-01 0.000000e+00
      outer loop
         vertex 1.130526e+03 8.555114e+00 1.000000e+03
         vertex 1.139173e+03 9.731948e+00 0.000000e+00
         vertex 1.139173e+03 9.731948e+00 1.000000e+03
      endloop
   endfacet
   facet normal 1.434891e-01 -9.896519e-01 0.000000e+00
      outer loop
         vertex 1.139173e+03 9.731948e+00 1.000000e+03
         vertex 1.139173e+03 9.731948e+00 0.000000e+00
         vertex 1.147809e+03 1.098412e+01 0.000000e+00
      endloop
   endfacet
   facet normal 1.434891e-01 -9.896519e-01 0.000000e+00
      outer loop
         vertex 1.139173e+03 9.731948e+00 1.000000e+03
         vertex 1.147809e+03 1.098412e+01 0.000000e+00
         vertex 1.147809e+03 1.098412e+01 1.000000e+03
      endloop
   endfacet
   facet normal 1.521226e-01 -9.883616e-01 0.000000e+00
      outer loop
         vertex 1.147809e+03 1.098412e+01 1.000000e+03
         vertex 1.147809e+03 1.098412e+01 0.000000e+00
         vertex 1.156434e+03 1.231164e+01 0.000000e+00
      endloop
   endfacet
   facet normal 1.521226e-01 -9.883616e-01 0.000000e+00
      outer loop
         vertex 1.147809e+03 1.098412e+01 1.000000e+03
         vertex 1.156434e+03 1.231164e+01 0.000000e+00
         vertex 1.156434e+03 1.231164e+01 1.000000e+03
      endloop
   endfacet
   facet normal 1.607422e-01 -9.869964e-01 0.000000e+00
      outer loop
         vertex 1.156434e+03 1.231164e+01 1.000000e+03
         vertex 1.156434e+03 1.231164e+01 0.000000e+00
         vertex 1.165048e+03 1.371437e+01 0.000000e+00
      endloop
   endfacet
   facet normal 1.607422e-01 -9.869964e-01 0.000000e+00
      outer loop
         vertex 1.156434e+03 1.231164e+01 1.000000e+03
         vertex 1.165048e+03 1.371437e+01 0.000000e+00
         vertex 1.165048e+03 1.371437e+01 1.000000e+03
      endloop
   endfacet
   facet normal 1.693548e-01 -9.855551e-01 0.000000e+00
      outer loop
         vertex 1.165048e+03 1.371437e+01 1.000000e+03
         vertex 1.165048e+03 1.371437e+01 0.000000e+00
         vertex 1.173648e+03 1.519227e+01 0.000000e+00
      endloop
   endfacet
   facet normal 1.693548e-01 -9.855551e-01 0.000000e+00
      outer loop
         vertex 1.165048e+03 1.371437e+01 1.000000e+03
         vertex 1.173648e+03 1.519227e+01 0.000000e+00
         vertex 1.173648e+03 1.519227e+01 1.000000e+03
      endloop
   endfacet
   facet normal 1.779408e-01 -9.840412e-01 0.000000e+00
      outer loop
         vertex 1.173648e+03 1.519227e+01 1.000000e+03
         vertex 1.173648e+03 1.519227e+01 0.000000e+00
         vertex 1.182236e+03 1.674509e+01 0.000000e+00
      endloop
   endfacet
   facet normal 1.779408e-01 -9.840412e-01 0.000000e+00
      outer loop
         vertex 1.173648e+03 1.519227e+01 1.000000e+03
         vertex 1.182236e+03 1.674509e+01 0.000000e+00
         vertex 1.182236e+03 1.674509e+01 1.000000e+03
      endloop
   endfacet
   facet normal 1.865261e-01 -9.824500e-01 0.000000e+00
      outer loop
         vertex 1.182236e+03 1.674509e+01 1.000000e+03
         vertex 1.182236e+03 1.674509e+01 0.000000e+00
         vertex 1.190809e+03 1.837283e+01 0.000000e+00
      endloop
   endfacet
   facet normal 1.865261e-01 -9.824500e-01 0.000000e+00
      outer loop
         vertex 1.182236e+03 1.674509e+01 1.000000e+03
         vertex 1.190809e+03 1.837283e+01 0.000000e+00
         vertex 1.190809e+03 1.837283e+01 1.000000e+03
      endloop
   endfacet
   facet normal 1.950912e-01 -9.807851e-01 0.000000e+00
      outer loop
         vertex 1.190809e+03 1.837283e+01 1.000000e+03
         vertex 1.190809e+03 1.837283e+01 0.000000e+00
         vertex 1.199368e+03 2.007532e+01 0.000000e+00
      endloop
   endfacet
   facet normal 1.950912e-01 -9.807851e-01 0.000000e+00
      outer loop
         vertex 1.190809e+03 1.837283e+01 1.000000e+03
         vertex 1.199368e+03 2.007532e+01 0.000000e+00
         vertex 1.199368e+03 2.007532e+01 1.000000e+03
      endloop
   endfacet
   facet normal 2.036364e-01 -9.790466e-01 0.000000e+00
      outer loop
         vertex 1.199368e+03 2.007532e+01 1.000000e+03
         vertex 1.199368e+03 2.007532e+01 0.000000e+00
         vertex 1.207912e+03 2.185237e+01 0.000000e+00
      endloop
   endfacet
   facet normal 2.036364e-01 -9.790466e-01 0.000000e+00
      outer loop
         vertex 1.199368e+03 2.007532e+01 1.000000e+03
         vertex 1.207912e+03 2.185237e+01 0.000000e+00
         vertex 1.207912e+03 2.185237e+01 1.000000e+03
      endloop
   endfacet
   facet normal 2.121801e-01 -9.772306e-01 0.000000e+00
      outer loop
         vertex 1.207912e+03 2.185237e+01 1.000000e+03
         vertex 1.207912e+03 2.185237e+01 0.000000e+00
         vertex 1.216440e+03 2.370399e+01 0.000000e+00
      endloop
   endfacet
   facet normal 2.121801e-01 -9.772306e-01 0.000000e+00
      outer loop
         vertex 1.207912e+03 2.185237e+01 1.000000e+03
         vertex 1.216440e+03 2.370399e+01 0.000000e+00
         vertex 1.216440e+03 2.370399e+01 1.000000e+03
      endloop
   endfacet
   facet normal 2.206978e-01 -9.753422e-01 0.000000e+00
      outer loop
         vertex 1.216440e+03 2.370399e+01 1.000000e+03
         vertex 1.216440e+03 2.370399e+01 0.000000e+00
         vertex 1.224951e+03 2.562994e+01 0.000000e+00
      endloop
   endfacet
   facet normal 2.206978e-01 -9.753422e-01 0.000000e+00
      outer loop
         vertex 1.216440e+03 2.370399e+01 1.000000e+03
         vertex 1.224951e+03 2.562994e+01 0.000000e+00
         vertex 1.224951e+03 2.562994e+01 1.000000e+03
      endloop
   endfacet
   facet normal 2.292015e-01 -9.733790e-01 0.000000e+00
      outer loop
         vertex 1.224951e+03 2.562994e+01 1.000000e+03
         vertex 1.224951e+03 2.562994e+01 0.000000e+00
         vertex 1.233445e+03 2.763009e+01 0.000000e+00
      endloop
   endfacet
   facet normal 2.292015e-01 -9.733790e-01 0.000000e+00
      outer loop
         vertex 1.224951e+03 2.562994e+01 1.000000e+03
         vertex 1.233445e+03 2.763009e+01 0.000000e+00
         vertex 1.233445e+03 2.763009e+01 1.000000e+03
      endloop
   endfacet
   facet normal 2.376844e-01 -9.713424e-01 0.000000e+00
      outer loop
         vertex 1.233445e+03 2.763009e+01 1.000000e+03
         vertex 1.233445e+03 2.763009e+01 0.000000e+00
         vertex 1.241922e+03 2.970427e+01 0.000000e+00
      endloop
   endfacet
   facet normal 2.376844e-01 -9.713424e-01 0.000000e+00
      outer loop
         vertex 1.233445e+03 2.763009e+01 1.000000e+03
         vertex 1.241922e+03 2.970427e+01 0.000000e+00
         vertex 1.241922e+03 2.970427e+01 1.000000e+03
      endloop
   endfacet
   facet normal 2.461539e-01 -9.692307e-01 0.000000e+00
      outer loop
         vertex 1.241922e+03 2.970427e+01 1.000000e+03
         vertex 1.241922e+03 2.970427e+01 0.000000e+00
         vertex 1.250380e+03 3.185236e+01 0.000000e+00
      endloop
   endfacet
   facet normal 2.461539e-01 -9.692307e-01 0.000000e+00
      outer loop
         vertex 1.241922e+03 2.970427e+01 1.000000e+03
         vertex 1.250380e+03 3.185236e+01 0.000000e+00
         vertex 1.250380e+03 3.185236e+01 1.000000e+03
      endloop
   endfacet
   facet normal 2.546031e-01 -9.670456e-01 0.000000e+00
      outer loop
         vertex 1.250380e+03 3.185236e+01 1.000000e+03
         vertex 1.250380e+03 3.185236e+01 0.000000e+00
         vertex 1.258819e+03 3.407419e+01 0.000000e+00
      endloop
   endfacet
   facet normal 2.546031e-01 -9.670456e-01 0.000000e+00
      outer loop
         vertex 1.250380e+03 3.185236e+01 1.000000e+03
         vertex 1.258819e+03 3.407419e+01 0.000000e+00
         vertex 1.258819e+03 3.407419e+01 1.000000e+03
      endloop
   endfacet
   facet normal 2.630313e-01 -9.647873e-01 0.000000e+00
      outer loop
         vertex 1.258819e+03 3.407419e+01 1.000000e+03
         vertex 1.258819e+03 3.407419e+01 0.000000e+00
         vertex 1.267238e+03 3.636956e+01 0.000000e+00
      endloop
   endfacet
   facet normal 2.630313e-01 -9.647873e-01 0.000000e+00
      outer loop
         vertex 1.258819e+03 3.407419e+01 1.000000e+03
         vertex 1.267238e+03 3.636956e+01 0.000000e+00
         vertex 1.267238e+03 3.636956e+01 1.000000e+03
      endloop
   endfacet
   facet normal 2.714395e-01 -9.624555e-01 0.000000e+00
      outer loop
         vertex 1.267238e+03 3.636956e+01 1.000000e+03
         vertex 1.267238e+03 3.636956e+01 0.000000e+00
         vertex 1.275637e+03 3.873831e+01 0.000000e+00
      endloop
   endfacet
   facet normal 2.714395e-01 -9.624555e-01 0.000000e+00
      outer loop
         vertex 1.267238e+03 3.636956e+01 1.000000e+03
         vertex 1.275637e+03 3.873831e+01 0.000000e+00
         vertex 1.275637e+03 3.873831e+01 1.000000e+03
      endloop
   endfacet
   facet normal 2.798268e-01 -9.600505e-01 0.000000e+00
      outer loop
         vertex 1.275637e+03 3.873831e+01 1.000000e+03
         vertex 1.275637e+03 3.873831e+01 0.000000e+00
         vertex 1.284015e+03 4.118025e+01 0.000000e+00
      endloop
   endfacet
   facet normal 2.798268e-01 -9.600505e-01 0.000000e+00
      outer loop
         vertex 1.275637e+03 3.873831e+01 1.000000e+03
         vertex 1.284015e+03 4.118025e+01 0.000000e+00
         vertex 1.284015e+03 4.118025e+01 1.000000e+03
      endloop
   endfacet
   facet normal 2.882012e-01 -9.575699e-01 0.000000e+00
      outer loop
         vertex 1.284015e+03 4.118025e+01 1.000000e+03
         vertex 1.284015e+03 4.118025e+01 0.000000e+00
         vertex 1.292372e+03 4.369527e+01 0.000000e+00
      endloop
   endfacet
   facet normal 2.882012e-01 -9.575699e-01 0.000000e+00
      outer loop
         vertex 1.284015e+03 4.118025e+01 1.000000e+03
         vertex 1.292372e+03 4.369527e+01 0.000000e+00
         vertex 1.292372e+03 4.369527e+01 1.000000e+03
      endloop
   endfacet
   facet normal 2.965404e-01 -9.550203e-01 0.000000e+00
      outer loop
         vertex 1.292372e+03 4.369527e+01 1.000000e+03
         vertex 1.292372e+03 4.369527e+01 0.000000e+00
         vertex 1.300706e+03 4.628307e+01 0.000000e+00
      endloop
   endfacet
   facet normal 2.965404e-01 -9.550203e-01 0.000000e+00
      outer loop
         vertex 1.292372e+03 4.369527e+01 1.000000e+03
         vertex 1.300706e+03 4.628307e+01 0.000000e+00
         vertex 1.300706e+03 4.628307e+01 1.000000e+03
      endloop
   endfacet
   facet normal 3.048595e-01 -9.523973e-01 0.000000e+00
      outer loop
         vertex 1.300706e+03 4.628307e+01 1.000000e+03
         vertex 1.300706e+03 4.628307e+01 0.000000e+00
         vertex 1.309017e+03 4.894346e+01 0.000000e+00
      endloop
   endfacet
   facet normal 3.048595e-01 -9.523973e-01 0.000000e+00
      outer loop
         vertex 1.300706e+03 4.628307e+01 1.000000e+03
         vertex 1.309017e+03 4.894346e+01 0.000000e+00
         vertex 1.309017e+03 4.894346e+01 1.000000e+03
      endloop
   endfacet
   facet normal 3.131648e-01 -9.496988e-01 0.000000e+00
      outer loop
         vertex 1.309017e+03 4.894346e+01 1.000000e+03
         vertex 1.309017e+03 4.894346e+01 0.000000e+00
         vertex 1.317305e+03 5.167633e+01 0.000000e+00
      endloop
   endfacet
   facet normal 3.131648e-01 -9.496988e-01 0.000000e+00
      outer loop
         vertex 1.309017e+03 4.894346e+01 1.000000e+03
         vertex 1.317305e+03 5.167633e+01 0.000000e+00
         vertex 1.317305e+03 5.167633e+01 1.000000e+03
      endloop
   endfacet
   facet normal 3.214430e-01 -9.469289e-01 0.000000e+00
      outer loop
         vertex 1.317305e+03 5.167633e+01 1.000000e+03
         vertex 1.317305e+03 5.167633e+01 0.000000e+00
         vertex 1.325568e+03 5.448145e+01 0.000000e+00
      endloop
   endfacet
   facet normal 3.214430e-01 -9.469289e-01 0.000000e+00
      outer loop
         vertex 1.317305e+03 5.167633e+01 1.000000e+03
         vertex 1.325568e+03 5.448145e+01 0.000000e+00
         vertex 1.325568e+03 5.448145e+01 1.000000e+03
      endloop
   endfacet
   facet normal 3.296879e-01 -9.440900e-01 0.000000e+00
      outer loop
         vertex 1.325568e+03 5.448145e+01 1.000000e+03
         vertex 1.325568e+03 5.448145e+01 0.000000e+00
         vertex 1.333807e+03 5.735850e+01 0.000000e+00
      endloop
   endfacet
   facet normal 3.296879e-01 -9.440900e-01 0.000000e+00
      outer loop
         vertex 1.325568e+03 5.448145e+01 1.000000e+03
         vertex 1.333807e+03 5.735850e+01 0.000000e+00
         vertex 1.333807e+03 5.735850e+01 1.000000e+03
      endloop
   endfacet
   facet normal 3.379178e-01 -9.411756e-01 0.000000e+00
      outer loop
         vertex 1.333807e+03 5.735850e+01 1.000000e+03
         vertex 1.333807e+03 5.735850e+01 0.000000e+00
         vertex 1.342020e+03 6.030738e+01 0.000000e+00
      endloop
   endfacet
   facet normal 3.379178e-01 -9.411756e-01 0.000000e+00
      outer loop
         vertex 1.333807e+03 5.735850e+01 1.000000e+03
         vertex 1.342020e+03 6.030738e+01 0.000000e+00
         vertex 1.342020e+03 6.030738e+01 1.000000e+03
      endloop
   endfacet
   facet normal 3.461146e-01 -9.381922e-01 0.000000e+00
      outer loop
         vertex 1.342020e+03 6.030738e+01 1.000000e+03
         vertex 1.342020e+03 6.030738e+01 0.000000e+00
         vertex 1.350207e+03 6.332779e+01 0.000000e+00
      endloop
   endfacet
   facet normal 3.461146e-01 -9.381922e-01 0.000000e+00
      outer loop
         vertex 1.342020e+03 6.030738e+01 1.000000e+03
         vertex 1.350207e+03 6.332779e+01 0.000000e+00
         vertex 1.350207e+03 6.332779e+01 1.000000e+03
      endloop
   endfacet
   facet normal 3.542963e-01 -9.351332e-01 0.000000e+00
      outer loop
         vertex 1.350207e+03 6.332779e+01 1.000000e+03
         vertex 1.350207e+03 6.332779e+01 0.000000e+00
         vertex 1.358368e+03 6.641960e+01 0.000000e+00
      endloop
   endfacet
   facet normal 3.542963e-01 -9.351332e-01 0.000000e+00
      outer loop
         vertex 1.350207e+03 6.332779e+01 1.000000e+03
         vertex 1.358368e+03 6.641960e+01 0.000000e+00
         vertex 1.358368e+03 6.641960e+01 1.000000e+03
      endloop
   endfacet
   facet normal 3.624329e-01 -9.320099e-01 0.000000e+00
      outer loop
         vertex 1.358368e+03 6.641960e+01 1.000000e+03
         vertex 1.358368e+03 6.641960e+01 0.000000e+00
         vertex 1.366501e+03 6.958240e+01 0.000000e+00
      endloop
   endfacet
   facet normal 3.624329e-01 -9.320099e-01 0.000000e+00
      outer loop
         vertex 1.358368e+03 6.641960e+01 1.000000e+03
         vertex 1.366501e+03 6.958240e+01 0.000000e+00
         vertex 1.366501e+03 6.958240e+01 1.000000e+03
      endloop
   endfacet
   facet normal 3.705591e-01 -9.288089e-01 0.000000e+00
      outer loop
         vertex 1.366501e+03 6.958240e+01 1.000000e+03
         vertex 1.366501e+03 6.958240e+01 0.000000e+00
         vertex 1.374607e+03 7.281613e+01 0.000000e+00
      endloop
   endfacet
   facet normal 3.705591e-01 -9.288089e-01 0.000000e+00
      outer loop
         vertex 1.366501e+03 6.958240e+01 1.000000e+03
         vertex 1.374607e+03 7.281613e+01 0.000000e+00
         vertex 1.374607e+03 7.281613e+01 1.000000e+03
      endloop
   endfacet
   facet normal 3.786523e-01 -9.255390e-01 0.000000e+00
      outer loop
         vertex 1.374607e+03 7.281613e+01 1.000000e+03
         vertex 1.374607e+03 7.281613e+01 0.000000e+00
         vertex 1.382683e+03 7.612050e+01 0.000000e+00
      endloop
   endfacet
   facet normal 3.786523e-01 -9.255390e-01 0.000000e+00
      outer loop
         vertex 1.374607e+03 7.281613e+01 1.000000e+03
         vertex 1.382683e+03 7.612050e+01 0.000000e+00
         vertex 1.382683e+03 7.612050e+01 1.000000e+03
      endloop
   endfacet
   facet normal 3.867066e-01 -9.222028e-01 0.000000e+00
      outer loop
         vertex 1.382683e+03 7.612050e+01 1.000000e+03
         vertex 1.382683e+03 7.612050e+01 0.000000e+00
         vertex 1.390731e+03 7.949513e+01 0.000000e+00
      endloop
   endfacet
   facet normal 3.867066e-01 -9.222028e-01 0.000000e+00
      outer loop
         vertex 1.382683e+03 7.612050e+01 1.000000e+03
         vertex 1.390731e+03 7.949513e+01 0.000000e+00
         vertex 1.390731e+03 7.949513e+01 1.000000e+03
      endloop
   endfacet
   facet normal 3.947443e-01 -9.187910e-01 0.000000e+00
      outer loop
         vertex 1.390731e+03 7.949513e+01 1.000000e+03
         vertex 1.390731e+03 7.949513e+01 0.000000e+00
         vertex 1.398749e+03 8.293992e+01 0.000000e+00
      endloop
   endfacet
   facet normal 3.947443e-01 -9.187910e-01 0.000000e+00
      outer loop
         vertex 1.390731e+03 7.949513e+01 1.000000e+03
         vertex 1.398749e+03 8.293992e+01 0.000000e+00
         vertex 1.398749e+03 8.293992e+01 1.000000e+03
      endloop
   endfacet
   facet normal 4.027503e-01 -9.153099e-01 0.000000e+00
      outer loop
         vertex 1.398749e+03 8.293992e+01 1.000000e+03
         vertex 1.398749e+03 8.293992e+01 0.000000e+00
         vertex 1.406737e+03 8.645457e+01 0.000000e+00
      endloop
   endfacet
   facet normal 4.027503e-01 -9.153099e-01 0.000000e+00
      outer loop
         vertex 1.398749e+03 8.293992e+01 1.000000e+03
         vertex 1.406737e+03 8.645457e+01 0.000000e+00
         vertex 1.406737e+03 8.645457e+01 1.000000e+03
      endloop
   endfacet
   facet normal 4.107152e-01 -9.117637e-01 0.000000e+00
      outer loop
         vertex 1.406737e+03 8.645457e+01 1.000000e+03
         vertex 1.406737e+03 8.645457e+01 0.000000e+00
         vertex 1.414693e+03 9.003872e+01 0.000000e+00
      endloop
   endfacet
   facet normal 4.107152e-01 -9.117637e-01 0.000000e+00
      outer loop
         vertex 1.406737e+03 8.645457e+01 1.000000e+03
         vertex 1.414693e+03 9.003872e+01 0.000000e+00
         vertex 1.414693e+03 9.003872e+01 1.000000e+03
      endloop
   endfacet
   facet normal 4.186575e-01 -9.081442e-01 0.000000e+00
      outer loop
         vertex 1.414693e+03 9.003872e+01 1.000000e+03
         vertex 1.414693e+03 9.003872e+01 0.000000e+00
         vertex 1.422618e+03 9.369218e+01 0.000000e+00
      endloop
   endfacet
   facet normal 4.186575e-01 -9.081442e-01 0.000000e+00
      outer loop
         vertex 1.414693e+03 9.003872e+01 1.000000e+03
         vertex 1.422618e+03 9.369218e+01 0.000000e+00
         vertex 1.422618e+03 9.369218e+01 1.000000e+03
      endloop
   endfacet
   facet normal 4.265738e-01 -9.044527e-01 0.000000e+00
      outer loop
         vertex 1.422618e+03 9.369218e+01 1.000000e+03
         vertex 1.422618e+03 9.369218e+01 0.000000e+00
         vertex 1.430511e+03 9.741473e+01 0.000000e+00
      endloop
   endfacet
   facet normal 4.265738e-01 -9.044527e-01 0.000000e+00
      outer loop
         vertex 1.422618e+03 9.369218e+01 1.000000e+03
         vertex 1.430511e+03 9.741473e+01 0.000000e+00
         vertex 1.430511e+03 9.741473e+01 1.000000e+03
      endloop
   endfacet
   facet normal 4.344423e-01 -9.006997e-01 0.000000e+00
      outer loop
         vertex 1.430511e+03 9.741473e+01 1.000000e+03
         vertex 1.430511e+03 9.741473e+01 0.000000e+00
         vertex 1.438371e+03 1.012059e+02 0.000000e+00
      endloop
   endfacet
   facet normal 4.344423e-01 -9.006997e-01 0.000000e+00
      outer loop
         vertex 1.430511e+03 9.741473e+01 1.000000e+03
         vertex 1.438371e+03 1.012059e+02 0.000000e+00
         vertex 1.438371e+03 1.012059e+02 1.000000e+03
      endloop
   endfacet
   facet normal 4.422905e-01 -8.968719e-01 0.000000e+00
      outer loop
         vertex 1.438371e+03 1.012059e+02 1.000000e+03
         vertex 1.438371e+03 1.012059e+02 0.000000e+00
         vertex 1.446198e+03 1.050656e+02 0.000000e+00
      endloop
   endfacet
   facet normal -9.772306e-01 -2.121801e-01 0.000000e+00
      outer loop
         vertex 2.185237e+01 7.920883e+02 1.000000e+03
         vertex 2.370399e+01 7.835604e+02 0.000000e+00
         vertex 2.370399e+01 7.835604e+02 1.000000e+03
      endloop
   endfacet
   facet normal -9.753422e-01 -2.206978e-01 -0.000000e+00
      outer loop
         vertex 2.370399e+01 7.835604e+02 1.000000e+03
         vertex 2.370399e+01 7.835604e+02 0.000000e+00
         vertex 2.562994e+01 7.750489e+02 0.000000e+00
      endloop
   endfacet
   facet normal -9.753422e-01 -2.206978e-01 0.000000e+00
      outer loop
         vertex 2.370399e+01 7.835604e+02 1.000000e+03
         vertex 2.562994e+01 7.750489e+02 0.000000e+00
         vertex 2.562994e+01 7.750489e+02 1.000000e+03
      endloop
   endfacet
   facet normal -9.733790e-01 -2.292015e-01 -0.000000e+00
      outer loop
         vertex 2.562994e+01 7.750489e+02 1.000000e+03
         vertex 2.562994e+01 7.750489e+02 0.000000e+00
         vertex 2.763009e+01 7.665546e+02 0.000000e+00
      endloop
   endfacet
   facet normal -9.733790e-01 -2.292015e-01 0.000000e+00
      outer loop
         vertex 2.562994e+01 7.750489e+02 1.000000e+03
         vertex 2.763009e+01 7.665546e+02 0.000000e+00
         vertex 2.763009e+01 7.665546e+02 1.000000e+03
      endloop
   endfacet
   facet normal -9.713424e-01 -2.376844e-01 -0.000000e+00
      outer loop
         vertex 2.763009e+01 7.665546e+02 1.000000e+03
         vertex 2.763009e+01 7.665546e+02 0.000000e+00
         vertex 2.970427e+01 7.580781e+02 0.000000e+00
      endloop
   endfacet
   facet normal -9.713424e-01 -2.376844e-01 0.000000e+00
      outer loop
         vertex 2.763009e+01 7.665546e+02 1.000000e+03
         vertex 2.970427e+01 7.580781e+02 0.000000e+00
         vertex 2.970427e+01 7.580781e+02 1.000000e+03
      endloop
   endfacet
   facet normal -9.692307e-01 -2.461539e-01 -0.000000e+00
      outer loop
         vertex 2.970427e+01 7.580781e+02 1.000000e+03
         vertex 2.970427e+01 7.580781e+02 0.000000e+00
         vertex 3.185236e+01 7.496200e+02 0.000000e+00
      endloop
   endfacet
   facet normal -9.692307e-01 -2.461539e-01 0.000000e+00
      outer loop
         vertex 2.970427e+01 7.580781e+02 1.000000e+03
         vertex 3.185236e+01 7.496200e+02 0.000000e+00
         vertex 3.185236e+01 7.496200e+02 1.000000e+03
      endloop
   endfacet
   facet normal -9.670456e-01 -2.546031e-01 -0.000000e+00
      outer loop
         vertex 3.185236e+01 7.496200e+02 1.000000e+03
         vertex 3.185236e+01 7.496200e+02 0.000000e+00
         vertex 3.407419e+01 7.411810e+02 0.000000e+00
      endloop
   endfacet
   facet normal -9.670456e-01 -2.546031e-01 0.000000e+00
      outer loop
         vertex 3.185236e+01 7.496200e+02 1.000000e+03
         vertex 3.407419e+01 7.411810e+02 0.000000e+00
         vertex 3.407419e+01 7.411810e+02 1.000000e+03
      endloop
   endfacet
   facet normal -9.647873e-01 -2.630313e-01 -0.000000e+00
      outer loop
         vertex 3.407419e+01 7.411810e+02 1.000000e+03
         vertex 3.407419e+01 7.411810e+02 0.000000e+00
         vertex 3.636956e+01 7.327616e+02 0.000000e+00
      endloop
   endfacet
   facet normal -9.647873e-01 -2.630313e-01 0.000000e+00
      outer loop
         vertex 3.407419e+01 7.411810e+02 1.000000e+03
         vertex 3.636956e+01 7.327616e+02 0.000000e+00
         vertex 3.636956e+01 7.327616e+02 1.000000e+03
      endloop
   endfacet
   facet normal -9.624555e-01 -2.714395e-01 -0.000000e+00
      outer loop
         vertex 3.636956e+01 7.327616e+02 1.000000e+03
         vertex 3.636956e+01 7.327616e+02 0.000000e+00
         vertex 3.873831e+01 7.243626e+02 0.000000e+00
      endloop
   endfacet
   facet normal -9.624555e-01 -2.714395e-01 0.000000e+00
      outer loop
         vertex 3.636956e+01 7.327616e+02 1.000000e+03
         vertex 3.873831e+01 7.243626e+02 0.000000e+00
         vertex 3.873831e+01 7.243626e+02 1.000000e+03
      endloop
   endfacet
   facet normal -9.600505e-01 -2.798268e-01 -0.000000e+00
      outer loop
         vertex 3.873831e+01 7.243626e+02 1.000000e+03
         vertex 3.873831e+01 7.243626e+02 0.000000e+00
         vertex 4.118025e+01 7.159846e+02 0.000000e+00
      endloop
   endfacet
   facet normal -9.600505e-01 -2.798268e-01 0.000000e+00
      outer loop
         vertex 3.873831e+01 7.243626e+02 1.000000e+03
         vertex 4.118025e+01 7.159846e+02 0.000000e+00
         vertex 4.118025e+01 7.159846e+02 1.000000e+03
      endloop
   endfacet
   facet normal -9.575699e-01 -2.882012e-01 -0.000000e+00
      outer loop
         vertex 4.118025e+01 7.159846e+02 1.000000e+03
         vertex 4.118025e+01 7.159846e+02 0.000000e+00
         vertex 4.369527e+01 7.076283e+02 0.000000e+00
      endloop
   endfacet
   facet normal -9.575699e-01 -2.882012e-01 0.000000e+00
      outer loop
         vertex 4.118025e+01 7.159846e+02 1.000000e+03
         vertex 4.369527e+01 7.076283e+02 0.000000e+00
         vertex 4.369527e+01 7.076283e+02 1.000000e+03
      endloop
   endfacet
   facet normal -9.550203e-01 -2.965404e-01 -0.000000e+00
      outer loop
         vertex 4.369527e+01 7.076283e+02 1.000000e+03
         vertex 4.369527e+01 7.076283e+02 0.000000e+00
         vertex 4.628307e+01 6.992942e+02 0.000000e+00
      endloop
   endfacet
   facet normal -9.550203e-01 -2.965404e-01 0.000000e+00
      outer loop
         vertex 4.369527e+01 7.076283e+02 1.000000e+03
         vertex 4.628307e+01 6.992942e+02 0.000000e+00
         vertex 4.628307e+01 6.992942e+02 1.000000e+03
      endloop
   endfacet
   facet normal -9.523973e-01 -3.048595e-01 -0.000000e+00
      outer loop
         vertex 4.628307e+01 6.992942e+02 1.000000e+03
         vertex 4.628307e+01 6.992942e+02 0.000000e+00
         vertex 4.894346e+01 6.909830e+02 0.000000e+00
      endloop
   endfacet
   facet normal -9.523973e-01 -3.048595e-01 0.000000e+00
      outer loop
         vertex 4.628307e+01 6.992942e+02 1.000000e+03
         vertex 4.894346e+01 6.909830e+02 0.000000e+00
         vertex 4.894346e+01 6.909830e+02 1.000000e+03
      endloop
   endfacet
   facet normal -9.496988e-01 -3.131648e-01 -0.000000e+00
      outer loop
         vertex 4.894346e+01 6.909830e+02 1.000000e+03
         vertex 4.894346e+01 6.909830e+02 0.000000e+00
         vertex 5.167633e+01 6.826953e+02 0.000000e+00
      endloop
   endfacet
   facet normal -9.496988e-01 -3.131648e-01 0.000000e+00
      outer loop
         vertex 4.894346e+01 6.909830e+02 1.000000e+03
         vertex 5.167633e+01 6.826953e+02 0.000000e+00
         vertex 5.167633e+01 6.826953e+02 1.000000e+03
      endloop
   endfacet
   facet normal -9.469289e-01 -3.214430e-01 -0.000000e+00
      outer loop
         vertex 5.167633e+01 6.826953e+02 1.000000e+03
         vertex 5.167633e+01 6.826953e+02 0.000000e+00
         vertex 5.448145e+01 6.744318e+02 0.000000e+00
      endloop
   endfacet
   facet normal -9.469289e-01 -3.214430e-01 0.000000e+00
      outer loop
         vertex 5.167633e+01 6.826953e+02 1.000000e+03
         vertex 5.448145e+01 6.744318e+02 0.000000e+00
         vertex 5.448145e+01 6.744318e+02 1.000000e+03
      endloop
   endfacet
   facet normal -9.440900e-01 -3.296879e-01 -0.000000e+00
      outer loop
         vertex 5.448145e+01 6.744318e+02 1.000000e+03
         vertex 5.448145e+01 6.744318e+02 0.000000e+00
         vertex 5.735850e+01 6.661931e+02 0.000000e+00
      endloop
   endfacet
   facet normal -9.440900e-01 -3.296879e-01 0.000000e+00
      outer loop
         vertex 5.448145e+01 6.744318e+02 1.000000e+03
         vertex 5.735850e+01 6.661931e+02 0.000000e+00
         vertex 5.735850e+01 6.661931e+02 1.000000e+03
      endloop
   endfacet
   facet normal -9.411756e-01 -3.379178e-01 -0.000000e+00
      outer loop
         vertex 5.735850e+01 6.661931e+02 1.000000e+03
         vertex 5.735850e+01 6.661931e+02 0.000000e+00
         vertex 6.030738e+01 6.579798e+02 0.000000e+00
      endloop
   endfacet
   facet normal -9.411756e-01 -3.379178e-01 0.000000e+00
      outer loop
         vertex 5.735850e+01 6.661931e+02 1.000000e+03
         vertex 6.030738e+01 6.579798e+02 0.000000e+00
         vertex 6.030738e+01 6.579798e+02 1.000000e+03
      endloop
   endfacet
   facet normal -9.381922e-01 -3.461146e-01 -0.000000e+00
      outer loop
         vertex 6.030738e+01 6.579798e+02 1.000000e+03
         vertex 6.030738e+01 6.579798e+02 0.000000e+00
         vertex 6.332779e+01 6.497926e+02 0.000000e+00
      endloop
   endfacet
   facet normal -9.381922e-01 -3.461146e-01 0.000000e+00
      outer loop
         vertex 6.030738e+01 6.579798e+02 1.000000e+03
         vertex 6.332779e+01 6.497926e+02 0.000000e+00
         vertex 6.332779e+01 6.497926e+02 1.000000e+03
      endloop
   endfacet
   facet normal -9.351332e-01 -3.542963e-01 -0.000000e+00
      outer loop
         vertex 6.332779e+01 6.497926e+02 1.000000e+03
         vertex 6.332779e+01 6.497926e+02 0.000000e+00
         vertex 6.641960e+01 6.416321e+02 0.000000e+00
      endloop
   endfacet
   facet normal -9.351332e-01 -3.542963e-01 0.000000e+00
      outer loop
         vertex 6.332779e+01 6.497926e+02 1.000000e+03
         vertex 6.641960e+01 6.416321e+02 0.000000e+00
         vertex 6.641960e+01 6.416321e+02 1.000000e+03
      endloop
   endfacet
   facet normal -9.320099e-01 -3.624329e-01 -0.000000e+00
      outer loop
         vertex 6.641960e+01 6.416321e+02 1.000000e+03
         vertex 6.641960e+01 6.416321e+02 0.000000e+00
         vertex 6.958240e+01 6.334988e+02 0.000000e+00
      endloop
   endfacet
   facet normal -9.320099e-01 -3.624329e-01 0.000000e+00
      outer loop
         vertex 6.641960e+01 6.416321e+02 1.000000e+03
         vertex 6.958240e+01 6.334988e+02 0.000000e+00
         vertex 6.958240e+01 6.334988e+02 1.000000e+03
      endloop
   endfacet
   facet normal -9.288089e-01 -3.705591e-01 -0.000000e+00
      outer loop
         vertex 6.958240e+01 6.334988e+02 1.000000e+03
         vertex 6.958240e+01 6.334988e+02 0.000000e+00
         vertex 7.281613e+01 6.253934e+02 0.000000e+00
      endloop
   endfacet
   facet normal -9.288089e-01 -3.705591e-01 0.000000e+00
      outer loop
         vertex 6.958240e+01 6.334988e+02 1.000000e+03
         vertex 7.281613e+01 6.253934e+02 0.000000e+00
         vertex 7.281613e+01 6.253934e+02 1.000000e+03
      endloop
   endfacet
   facet normal -9.255390e-01 -3.786523e-01 -0.000000e+00
      outer loop
         vertex 7.281613e+01 6.253934e+02 1.000000e+03
         vertex 7.281613e+01 6.253934e+02 0.000000e+00
         vertex 7.612050e+01 6.173166e+02 0.000000e+00
      endloop
   endfacet
   facet normal -9.255390e-01 -3.786523e-01 0.000000e+00
      outer loop
         vertex 7.281613e+01 6.253934e+02 1.000000e+03
         vertex 7.612050e+01 6.173166e+02 0.000000e+00
         vertex 7.612050e+01 6.173166e+02 1.000000e+03
      endloop
   endfacet
   facet normal -9.222028e-01 -3.867066e-01 -0.000000e+00
      outer loop
         vertex 7.612050e+01 6.173166e+02 1.000000e+03
         vertex 7.612050e+01 6.173166e+02 0.000000e+00
         vertex 7.949513e+01 6.092689e+02 0.000000e+00
      endloop
   endfacet
   facet normal -9.222028e-01 -3.867066e-01 0.000000e+00
      outer loop
         vertex 7.612050e+01 6.173166e+02 1.000000e+03
         vertex 7.949513e+01 6.092689e+02 0.000000e+00
         vertex 7.949513e+01 6.092689e+02 1.000000e+03
      endloop
   endfacet
   facet normal -9.187910e-01 -3.947443e-01 -0.000000e+00
      outer loop
         vertex 7.949513e+01 6.092689e+02 1.000000e+03
         vertex 7.949513e+01 6.092689e+02 0.000000e+00
         vertex 8.293992e+01 6.012509e+02 0.000000e+00
      endloop
   endfacet
   facet normal -9.187910e-01 -3.947443e-01 0.000000e+00
      outer loop
         vertex 7.949513e+01 6.092689e+02 1.000000e+03
         vertex 8.293992e+01 6.012509e+02 0.000000e+00
         vertex 8.293992e+01 6.012509e+02 1.000000e+03
      endloop
   endfacet
   facet normal -9.153099e-01 -4.027503e-01 -0.000000e+00
      outer loop
         vertex 8.293992e+01 6.012509e+02 1.000000e+03
         vertex 8.293992e+01 6.012509e+02 0.000000e+00
         vertex 8.645457e+01 5.932634e+02 0.000000e+00
      endloop
   endfacet
   facet normal -9.153099e-01 -4.027503e-01 0.000000e+00
      outer loop
         vertex 8.293992e+01 6.012509e+02 1.000000e+03
         vertex 8.645457e+01 5.932634e+02 0.000000e+00
         vertex 8.645457e+01 5.932634e+02 1.000000e+03
      endloop
   endfacet
   facet normal -9.117637e-01 -4.107152e-01 -0.000000e+00
      outer loop
         vertex 8.645457e+01 5.932634e+02 1.000000e+03
         vertex 8.645457e+01 5.932634e+02 0.000000e+00
         vertex 9.003872e+01 5.853068e+02 0.000000e+00
      endloop
   endfacet
   facet normal -9.117637e-01 -4.107152e-01 0.000000e+00
      outer loop
         vertex 8.645457e+01 5.932634e+02 1.000000e+03
         vertex 9.003872e+01 5.853068e+02 0.000000e+00
         vertex 9.003872e+01 5.853068e+02 1.000000e+03
      endloop
   endfacet
   facet normal -9.081442e-01 -4.186575e-01 -0.000000e+00
      outer loop
         vertex 9.003872e+01 5.853068e+02 1.000000e+03
         vertex 9.003872e+01 5.853068e+02 0.000000e+00
         vertex 9.369218e+01 5.773817e+02 0.000000e+00
      endloop
   endfacet
   facet normal -9.081442e-01 -4.186575e-01 0.000000e+00
      outer loop
         vertex 9.003872e+01 5.853068e+02 1.000000e+03
         vertex 9.369218e+01 5.773817e+02 0.000000e+00
         vertex 9.369218e+01 5.773817e+02 1.000000e+03
      endloop
   endfacet
   facet normal -9.044527e-01 -4.265738e-01 -0.000000e+00
      outer loop
         vertex 9.369218e+01 5.773817e+02 1.000000e+03
         vertex 9.369218e+01 5.773817e+02 0.000000e+00
         vertex 9.741473e+01 5.694889e+02 0.000000e+00
      endloop
   endfacet
   facet normal -9.044527e-01 -4.265738e-01 0.000000e+00
      outer loop
         vertex 9.369218e+01 5.773817e+02 1.000000e+03
         vertex 9.741473e+01 5.694889e+02 0.000000e+00
         vertex 9.741473e+01 5.694889e+02 1.000000e+03
      endloop
   endfacet
   facet normal -9.006997e-01 -4.344423e-01 -0.000000e+00
      outer loop
         vertex 9.741473e+01 5.694889e+02 1.000000e+03
         vertex 9.741473e+01 5.694889e+02 0.000000e+00
         vertex 1.012059e+02 5.616288e+02 0.000000e+00
      endloop
   endfacet
   facet normal -9.006997e-01 -4.344423e-01 0.000000e+00
      outer loop
         vertex 9.741473e+01 5.694889e+02 1.000000e+03
         vertex 1.012059e+02 5.616288e+02 0.000000e+00
         vertex 1.012059e+02 5.616288e+02 1.000000e+03
      endloop
   endfacet
   facet normal -8.968719e-01 -4.422905e-01 -0.000000e+00
      outer loop
         vertex 1.012059e+02 5.616288e+02 1.000000e+03
         vertex 1.012059e+02 5.616288e+02 0.000000e+00
         vertex 1.050656e+02 5.538022e+02 0.000000e+00
      endloop
   endfacet
   facet normal -8.968719e-01 -4.422905e-01 0.000000e+00
      outer loop
         vertex 1.012059e+02 5.616288e+02 1.000000e+03
         vertex 1.050656e+02 5.538022e+02 0.000000e+00
         vertex 1.050656e+02 5.538022e+02 1.000000e+03
      endloop
   endfacet
   facet normal -8.929793e-01 -4.500977e-01 -0.000000e+00
      outer loop
         vertex 1.050656e+02 5.538022e+02 1.000000e+03
         vertex 1.050656e+02 5.538022e+02 0.000000e+00
         vertex 1.089935e+02 5.460095e+02 0.000000e+00
      endloop
   endfacet
   facet normal -8.929793e-01 -4.500977e-01 0.000000e+00
      outer loop
         vertex 1.050656e+02 5.538022e+02 1.000000e+03
         vertex 1.089935e+02 5.460095e+02 0.000000e+00
         vertex 1.089935e+02 5.460095e+02 1.000000e+03
      endloop
   endfacet
   facet normal -8.890159e-01 -4.578764e-01 -0.000000e+00
      outer loop
         vertex 1.089935e+02 5.460095e+02 1.000000e+03
         vertex 1.089935e+02 5.460095e+02 0.000000e+00
         vertex 1.129892e+02 5.382514e+02 0.000000e+00
      endloop
   endfacet
   facet normal -8.890159e-01 -4.578764e-01 0.000000e+00
      outer loop
         vertex 1.089935e+02 5.460095e+02 1.000000e+03
         vertex 1.129892e+02 5.382514e+02 0.000000e+00
         vertex 1.129892e+02 5.382514e+02 1.000000e+03
      endloop
   endfacet
   facet normal -8.849878e-01 -4.656141e-01 -0.000000e+00
      outer loop
         vertex 1.129892e+02 5.382514e+02 1.000000e+03
         vertex 1.129892e+02 5.382514e+02 0.000000e+00
         vertex 1.170524e+02 5.305284e+02 0.000000e+00
      endloop
   endfacet
   facet normal -8.849878e-01 -4.656141e-01 0.000000e+00
      outer loop
         vertex 1.129892e+02 5.382514e+02 1.000000e+03
         vertex 1.170524e+02 5.305284e+02 0.000000e+00
         vertex 1.170524e+02 5.305284e+02 1.000000e+03
      endloop
   endfacet
   facet normal -8.808931e-01 -4.733154e-01 -0.000000e+00
      outer loop
         vertex 1.170524e+02 5.305284e+02 1.000000e+03
         vertex 1.170524e+02 5.305284e+02 0.000000e+00
         vertex 1.211829e+02 5.228412e+02 0.000000e+00
      endloop
   endfacet
   facet normal -8.808931e-01 -4.733154e-01 0.000000e+00
      outer loop
         vertex 1.170524e+02 5.305284e+02 1.000000e+03
         vertex 1.211829e+02 5.228412e+02 0.000000e+00
         vertex 1.211829e+02 5.228412e+02 1.000000e+03
      endloop
   endfacet
   facet normal -8.767259e-01 -4.809903e-01 -0.000000e+00
      outer loop
         vertex 1.211829e+02 5.228412e+02 1.000000e+03
         vertex 1.211829e+02 5.228412e+02 0.000000e+00
         vertex 1.253803e+02 5.151904e+02 0.000000e+00
      endloop
   endfacet
   facet normal -8.767259e-01 -4.809903e-01 0.000000e+00
      outer loop
         vertex 1.211829e+02 5.228412e+02 1.000000e+03
         vertex 1.253803e+02 5.151904e+02 0.000000e+00
         vertex 1.253803e+02 5.151904e+02 1.000000e+03
      endloop
   endfacet
   facet normal -8.724972e-01 -4.886192e-01 -0.000000e+00
      outer loop
         vertex 1.253803e+02 5.151904e+02 1.000000e+03
         vertex 1.253803e+02 5.151904e+02 0.000000e+00
         vertex 1.296443e+02 5.075764e+02 0.000000e+00
      endloop
   endfacet
   facet normal -8.724972e-01 -4.886192e-01 0.000000e+00
      outer loop
         vertex 1.253803e+02 5.151904e+02 1.000000e+03
         vertex 1.296443e+02 5.075764e+02 0.000000e+00
         vertex 1.296443e+02 5.075764e+02 1.000000e+03
      endloop
   endfacet
   facet normal -8.681965e-01 -4.962206e-01 -0.000000e+00
      outer loop
         vertex 1.296443e+02 5.075764e+02 1.000000e+03
         vertex 1.296443e+02 5.075764e+02 0.000000e+00
         vertex 1.339746e+02 5.000000e+02 0.000000e+00
      endloop
   endfacet
   facet normal -8.681965e-01 -4.962206e-01 0.000000e+00
      outer loop
         vertex 1.296443e+02 5.075764e+02 1.000000e+03
         vertex 1.339746e+02 5.000000e+02 0.000000e+00
         vertex 1.339746e+02 5.000000e+02 1.000000e+03
      endloop
   endfacet
   facet normal -8.638381e-01 -5.037695e-01 -0.000000e+00
      outer loop
         vertex 1.339746e+02 5.000000e+02 1.000000e+03
         vertex 1.339746e+02 5.000000e+02 0.000000e+00
         vertex 1.383708e+02 4.924616e+02 0.000000e+00
      endloop
   endfacet
   facet normal -8.638381e-01 -5.037695e-01 0.000000e+00
      outer loop
         vertex 1.339746e+02 5.000000e+02 1.000000e+03
         vertex 1.383708e+02 4.924616e+02 0.000000e+00
         vertex 1.383708e+02 4.924616e+02 1.000000e+03
      endloop
   endfacet
   facet normal -8.594047e-01 -5.112960e-01 -0.000000e+00
      outer loop
         vertex 1.383708e+02 4.924616e+02 1.000000e+03
         vertex 1.383708e+02 4.924616e+02 0.000000e+00
         vertex 1.428327e+02 4.849619e+02 0.000000e+00
      endloop
   endfacet
   facet normal -8.594047e-01 -5.112960e-01 0.000000e+00
      outer loop
         vertex 1.383708e+02 4.924616e+02 1.000000e+03
         vertex 1.428327e+02 4.849619e+02 0.000000e+00
         vertex 1.428327e+02 4.849619e+02 1.000000e+03
      endloop
   endfacet
   facet normal -8.549106e-01 -5.187753e-01 -0.000000e+00
      outer loop
         vertex 1.428327e+02 4.849619e+02 1.000000e+03
         vertex 1.428327e+02 4.849619e+02 0.000000e+00
         vertex 1.473598e+02 4.775015e+02 0.000000e+00
      endloop
   endfacet
   facet normal -8.549106e-01 -5.187753e-01 0.000000e+00
      outer loop
         vertex 1.428327e+02 4.849619e+02 1.000000e+03
         vertex 1.473598e+02 4.775015e+02 0.000000e+00
         vertex 1.473598e+02 4.775015e+02 1.000000e+03
      endloop
   endfacet
   facet normal -8.503532e-01 -5.262123e-01 -0.000000e+00
      outer loop
         vertex 1.473598e+02 4.775015e+02 1.000000e+03
         vertex 1.473598e+02 4.775015e+02 0.000000e+00
         vertex 1.519519e+02 4.700807e+02 0.000000e+00
      endloop
   endfacet
   facet normal -8.503532e-01 -5.262123e-01 0.000000e+00
      outer loop
         vertex 1.473598e+02 4.775015e+02 1.000000e+03
         vertex 1.519519e+02 4.700807e+02 0.000000e+00
         vertex 1.519519e+02 4.700807e+02 1.000000e+03
      endloop
   endfacet
   facet normal -8.457274e-01 -5.336152e-01 -0.000000e+00
      outer loop
         vertex 1.519519e+02 4.700807e+02 1.000000e+03
         vertex 1.519519e+02 4.700807e+02 0.000000e+00
         vertex 1.566086e+02 4.627004e+02 0.000000e+00
      endloop
   endfacet
   facet normal -8.457274e-01 -5.336152e-01 0.000000e+00
      outer loop
         vertex 1.519519e+02 4.700807e+02 1.000000e+03
         vertex 1.566086e+02 4.627004e+02 0.000000e+00
         vertex 1.566086e+02 4.627004e+02 1.000000e+03
      endloop
   endfacet
   facet normal -8.410393e-01 -5.409740e-01 -0.000000e+00
      outer loop
         vertex 1.566086e+02 4.627004e+02 1.000000e+03
         vertex 1.566086e+02 4.627004e+02 0.000000e+00
         vertex 1.613294e+02 4.553609e+02 0.000000e+00
      endloop
   endfacet
   facet normal -8.410393e-01 -5.409740e-01 0.000000e+00
      outer loop
         vertex 1.566086e+02 4.627004e+02 1.000000e+03
         vertex 1.613294e+02 4.553609e+02 0.000000e+00
         vertex 1.613294e+02 4.553609e+02 1.000000e+03
      endloop
   endfacet
   facet normal -8.362878e-01 -5.482907e-01 -0.000000e+00
      outer loop
         vertex 1.613294e+02 4.553609e+02 1.000000e+03
         vertex 1.613294e+02 4.553609e+02 0.000000e+00
         vertex 1.661142e+02 4.480630e+02 0.000000e+00
      endloop
   endfacet
   facet normal -8.362878e-01 -5.482907e-01 0.000000e+00
      outer loop
         vertex 1.613294e+02 4.553609e+02 1.000000e+03
         vertex 1.661142e+02 4.480630e+02 0.000000e+00
         vertex 1.661142e+02 4.480630e+02 1.000000e+03
      endloop
   endfacet
   facet normal -8.314666e-01 -5.555747e-01 -0.000000e+00
      outer loop
         vertex 1.661142e+02 4.480630e+02 1.000000e+03
         vertex 1.661142e+02 4.480630e+02 0.000000e+00
         vertex 1.709625e+02 4.408071e+02 0.000000e+00
      endloop
   endfacet
   facet normal -8.314666e-01 -5.555747e-01 0.000000e+00
      outer loop
         vertex 1.661142e+02 4.480630e+02 1.000000e+03
         vertex 1.709625e+02 4.408071e+02 0.000000e+00
         vertex 1.709625e+02 4.408071e+02 1.000000e+03
      endloop
   endfacet
   facet normal -8.265916e-01 -5.628022e-01 -0.000000e+00
      outer loop
         vertex 1.709625e+02 4.408071e+02 1.000000e+03
         vertex 1.709625e+02 4.408071e+02 0.000000e+00
         vertex 1.758738e+02 4.335938e+02 0.000000e+00
      endloop
   endfacet
   facet normal -8.265916e-01 -5.628022e-01 0.000000e+00
      outer loop
         vertex 1.709625e+02 4.408071e+02 1.000000e+03
         vertex 1.758738e+02 4.335938e+02 0.000000e+00
         vertex 1.758738e+02 4.335938e+02 1.000000e+03
      endloop
   endfacet
   facet normal -8.216479e-01 -5.699954e-01 -0.000000e+00
      outer loop
         vertex 1.758738e+02 4.335938e+02 1.000000e+03
         vertex 1.758738e+02 4.335938e+02 0.000000e+00
         vertex 1.808479e+02 4.264235e+02 0.000000e+00
      endloop
   endfacet
   facet normal -8.216479e-01 -5.699954e-01 0.000000e+00
      outer loop
         vertex 1.758738e+02 4.335938e+02 1.000000e+03
         vertex 1.808479e+02 4.264235e+02 0.000000e+00
         vertex 1.808479e+02 4.264235e+02 1.000000e+03
      endloop
   endfacet
   facet normal -8.166408e-01 -5.771462e-01 -0.000000e+00
      outer loop
         vertex 1.808479e+02 4.264235e+02 1.000000e+03
         vertex 1.808479e+02 4.264235e+02 0.000000e+00
         vertex 1.858845e+02 4.192970e+02 0.000000e+00
      endloop
   endfacet
   facet normal -8.166408e-01 -5.771462e-01 0.000000e+00
      outer loop
         vertex 1.808479e+02 4.264235e+02 1.000000e+03
         vertex 1.858845e+02 4.192970e+02 0.000000e+00
         vertex 1.858845e+02 4.192970e+02 1.000000e+03
      endloop
   endfacet
   facet normal -8.115736e-01 -5.842502e-01 -0.000000e+00
      outer loop
         vertex 1.858845e+02 4.192970e+02 1.000000e+03
         vertex 1.858845e+02 4.192970e+02 0.000000e+00
         vertex 1.909830e+02 4.122148e+02 0.000000e+00
      endloop
   endfacet
   facet normal -8.115736e-01 -5.842502e-01 0.000000e+00
      outer loop
         vertex 1.858845e+02 4.192970e+02 1.000000e+03
         vertex 1.909830e+02 4.122148e+02 0.000000e+00
         vertex 1.909830e+02 4.122148e+02 1.000000e+03
      endloop
   endfacet
   facet normal -8.064430e-01 -5.913118e-01 -0.000000e+00
      outer loop
         vertex 1.909830e+02 4.122148e+02 1.000000e+03
         vertex 1.909830e+02 4.122148e+02 0.000000e+00
         vertex 1.961432e+02 4.051772e+02 0.000000e+00
      endloop
   endfacet
   facet normal -8.064430e-01 -5.913118e-01 0.000000e+00
      outer loop
         vertex 1.909830e+02 4.122148e+02 1.000000e+03
         vertex 1.961432e+02 4.051772e+02 0.000000e+00
         vertex 1.961432e+02 4.051772e+02 1.000000e+03
      endloop
   endfacet
   facet normal -8.012547e-01 -5.983234e-01 -0.000000e+00
      outer loop
         vertex 1.961432e+02 4.051772e+02 1.000000e+03
         vertex 1.961432e+02 4.051772e+02 0.000000e+00
         vertex 2.013645e+02 3.981850e+02 0.000000e+00
      endloop
   endfacet
   facet normal -8.012547e-01 -5.983234e-01 0.000000e+00
      outer loop
         vertex 1.961432e+02 4.051772e+02 1.000000e+03
         vertex 2.013645e+02 3.981850e+02 0.000000e+00
         vertex 2.013645e+02 3.981850e+02 1.000000e+03
      endloop
   endfacet
   facet normal -7.960015e-01 -6.052947e-01 -0.000000e+00
      outer loop
         vertex 2.013645e+02 3.981850e+02 1.000000e+03
         vertex 2.013645e+02 3.981850e+02 0.000000e+00
         vertex 2.066467e+02 3.912386e+02 0.000000e+00
      endloop
   endfacet
   facet normal -7.960015e-01 -6.052947e-01 0.000000e+00
      outer loop
         vertex 2.013645e+02 3.981850e+02 1.000000e+03
         vertex 2.066467e+02 3.912386e+02 0.000000e+00
         vertex 2.066467e+02 3.912386e+02 1.000000e+03
      endloop
   endfacet
   facet normal -7.906931e-01 -6.122127e-01 -0.000000e+00
      outer loop
         vertex 2.066467e+02 3.912386e+02 1.000000e+03
         vertex 2.066467e+02 3.912386e+02 0.000000e+00
         vertex 2.119892e+02 3.843385e+02 0.000000e+00
      endloop
   endfacet
   facet normal -7.906931e-01 -6.122127e-01 0.000000e+00
      outer loop
         vertex 2.066467e+02 3.912386e+02 1.000000e+03
         vertex 2.119892e+02 3.843385e+02 0.000000e+00
         vertex 2.119892e+02 3.843385e+02 1.000000e+03
      endloop
   endfacet
   facet normal -7.853155e-01 -6.190958e-01 -0.000000e+00
      outer loop
         vertex 2.119892e+02 3.843385e+02 1.000000e+03
         vertex 2.119892e+02 3.843385e+02 0.000000e+00
         vertex 2.173918e+02 3.774853e+02 0.000000e+00
      endloop
   endfacet
   facet normal -7.853155e-01 -6.190958e-01 0.000000e+00
      outer loop
         vertex 2.119892e+02 3.843385e+02 1.000000e+03
         vertex 2.173918e+02 3.774853e+02 0.000000e+00
         vertex 2.173918e+02 3.774853e+02 1.000000e+03
      endloop
   endfacet
   facet normal -7.798843e-01 -6.259237e-01 -0.000000e+00
      outer loop
         vertex 2.173918e+02 3.774853e+02 1.000000e+03
         vertex 2.173918e+02 3.774853e+02 0.000000e+00
         vertex 2.228540e+02 3.706796e+02 0.000000e+00
      endloop
   endfacet
   facet normal -7.798843e-01 -6.259237e-01 0.000000e+00
      outer loop
         vertex 2.173918e+02 3.774853e+02 1.000000e+03
         vertex 2.228540e+02 3.706796e+02 0.000000e+00
         vertex 2.228540e+02 3.706796e+02 1.000000e+03
      endloop
   endfacet
   facet normal -7.743917e-01 -6.327065e-01 -0.000000e+00
      outer loop
         vertex 2.228540e+02 3.706796e+02 1.000000e+03
         vertex 2.228540e+02 3.706796e+02 0.000000e+00
         vertex 2.283754e+02 3.639218e+02 0.000000e+00
      endloop
   endfacet
   facet normal -7.743917e-01 -6.327065e-01 0.000000e+00
      outer loop
         vertex 2.228540e+02 3.706796e+02 1.000000e+03
         vertex 2.283754e+02 3.639218e+02 0.000000e+00
         vertex 2.283754e+02 3.639218e+02 1.000000e+03
      endloop
   endfacet
   facet normal -7.688429e-01 -6.394377e-01 -0.000000e+00
      outer loop
         vertex 2.283754e+02 3.639218e+02 1.000000e+03
         vertex 2.283754e+02 3.639218e+02 0.000000e+00
         vertex 2.339556e+02 3.572124e+02 0.000000e+00
      endloop
   endfacet
   facet normal -7.688429e-01 -6.394377e-01 0.000000e+00
      outer loop
         vertex 2.283754e+02 3.639218e+02 1.000000e+03
         vertex 2.339556e+02 3.572124e+02 0.000000e+00
         vertex 2.339556e+02 3.572124e+02 1.000000e+03
      endloop
   endfacet
   facet normal -7.632306e-01 -6.461262e-01 -0.000000e+00
      outer loop
         vertex 2.339556e+02 3.572124e+02 1.000000e+03
         vertex 2.339556e+02 3.572124e+02 0.000000e+00
         vertex 2.395940e+02 3.505520e+02 0.000000e+00
      endloop
   endfacet
   facet normal -7.632306e-01 -6.461262e-01 0.000000e+00
      outer loop
         vertex 2.339556e+02 3.572124e+02 1.000000e+03
         vertex 2.395940e+02 3.505520e+02 0.000000e+00
         vertex 2.395940e+02 3.505520e+02 1.000000e+03
      endloop
   endfacet
   facet normal -7.575671e-01 -6.527573e-01 -0.000000e+00
      outer loop
         vertex 2.395940e+02 3.505520e+02 1.000000e+03
         vertex 2.395940e+02 3.505520e+02 0.000000e+00
         vertex 2.452904e+02 3.439410e+02 0.000000e+00
      endloop
   endfacet
   facet normal -7.575671e-01 -6.527573e-01 0.000000e+00
      outer loop
         vertex 2.395940e+02 3.505520e+02 1.000000e+03
         vertex 2.452904e+02 3.439410e+02 0.000000e+00
         vertex 2.452904e+02 3.439410e+02 1.000000e+03
      endloop
   endfacet
   facet normal -7.518400e-01 -6.593456e-01 -0.000000e+00
      outer loop
         vertex 2.452904e+02 3.439410e+02 1.000000e+03
         vertex 2.452904e+02 3.439410e+02 0.000000e+00
         vertex 2.510443e+02 3.373799e+02 0.000000e+00
      endloop
   endfacet
   facet normal -7.518400e-01 -6.593456e-01 0.000000e+00
      outer loop
         vertex 2.452904e+02 3.439410e+02 1.000000e+03
         vertex 2.510443e+02 3.373799e+02 0.000000e+00
         vertex 2.510443e+02 3.373799e+02 1.000000e+03
      endloop
   endfacet
   facet normal -7.460561e-01 -6.658831e-01 -0.000000e+00
      outer loop
         vertex 2.510443e+02 3.373799e+02 1.000000e+03
         vertex 2.510443e+02 3.373799e+02 0.000000e+00
         vertex 2.568552e+02 3.308694e+02 0.000000e+00
      endloop
   endfacet
   facet normal -7.460561e-01 -6.658831e-01 0.000000e+00
      outer loop
         vertex 2.510443e+02 3.373799e+02 1.000000e+03
         vertex 2.568552e+02 3.308694e+02 0.000000e+00
         vertex 2.568552e+02 3.308694e+02 1.000000e+03
      endloop
   endfacet
   facet normal -7.402182e-01 -6.723668e-01 -0.000000e+00
      outer loop
         vertex 2.568552e+02 3.308694e+02 1.000000e+03
         vertex 2.568552e+02 3.308694e+02 0.000000e+00
         vertex 2.627227e+02 3.244098e+02 0.000000e+00
      endloop
   endfacet
   facet normal -7.402182e-01 -6.723668e-01 0.000000e+00
      outer loop
         vertex 2.568552e+02 3.308694e+02 1.000000e+03
         vertex 2.627227e+02 3.244098e+02 0.000000e+00
         vertex 2.627227e+02 3.244098e+02 1.000000e+03
      endloop
   endfacet
   facet normal -7.343230e-01 -6.788002e-01 -0.000000e+00
      outer loop
         vertex 2.627227e+02 3.244098e+02 1.000000e+03
         vertex 2.627227e+02 3.244098e+02 0.000000e+00
         vertex 2.686463e+02 3.180016e+02 0.000000e+00
      endloop
   endfacet
   facet normal -7.343230e-01 -6.788002e-01 0.000000e+00
      outer loop
         vertex 2.627227e+02 3.244098e+02 1.000000e+03
         vertex 2.686463e+02 3.180016e+02 0.000000e+00
         vertex 2.686463e+02 3.180016e+02 1.000000e+03
      endloop
   endfacet
   facet normal -7.283708e-01 -6.851832e-01 -0.000000e+00
      outer loop
         vertex 2.686463e+02 3.180016e+02 1.000000e+03
         vertex 2.686463e+02 3.180016e+02 0.000000e+00
         vertex 2.746256e+02 3.116454e+02 0.000000e+00
      endloop
   endfacet
   facet normal -7.283708e-01 -6.851832e-01 0.000000e+00
      outer loop
         vertex 2.686463e+02 3.180016e+02 1.000000e+03
         vertex 2.746256e+02 3.116454e+02 0.000000e+00
         vertex 2.746256e+02 3.116454e+02 1.000000e+03
      endloop
   endfacet
   facet normal -7.223644e-01 -6.915126e-01 -0.000000e+00
      outer loop
         vertex 2.746256e+02 3.116454e+02 1.000000e+03
         vertex 2.746256e+02 3.116454e+02 0.000000e+00
         vertex 2.806602e+02 3.053416e+02 0.000000e+00
      endloop
   endfacet
   facet normal -7.223644e-01 -6.915126e-01 0.000000e+00
      outer loop
         vertex 2.746256e+02 3.116454e+02 1.000000e+03
         vertex 2.806602e+02 3.053416e+02 0.000000e+00
         vertex 2.806602e+02 3.053416e+02 1.000000e+03
      endloop
   endfacet
   facet normal -7.163012e-01 -6.977912e-01 -0.000000e+00
      outer loop
         vertex 2.806602e+02 3.053416e+02 1.000000e+03
         vertex 2.806602e+02 3.053416e+02 0.000000e+00
         vertex 2.867495e+02 2.990907e+02 0.000000e+00
      endloop
   endfacet
   facet normal -7.163012e-01 -6.977912e-01 0.000000e+00
      outer loop
         vertex 2.806602e+02 3.053416e+02 1.000000e+03
         vertex 2.867495e+02 2.990907e+02 0.000000e+00
         vertex 2.867495e+02 2.990907e+02 1.000000e+03
      endloop
   endfacet
   facet normal -7.101839e-01 -7.040162e-01 -0.000000e+00
      outer loop
         vertex 2.867495e+02 2.990907e+02 1.000000e+03
         vertex 2.867495e+02 2.990907e+02 0.000000e+00
         vertex 2.928932e+02 2.928932e+02 0.000000e+00
      endloop
   endfacet
   facet normal -7.101839e-01 -7.040162e-01 0.000000e+00
      outer loop
         vertex 2.867495e+02 2.990907e+02 1.000000e+03
         vertex 2.928932e+02 2.928932e+02 0.000000e+00
         vertex 2.928932e+02 2.928932e+02 1.000000e+03
      endloop
   endfacet
   facet normal -7.040162e-01 -7.101839e-01 -0.000000e+00
      outer loop
         vertex 2.928932e+02 2.928932e+02 1.000000e+03
         vertex 2.928932e+02 2.928932e+02 0.000000e+00
         vertex 2.990907e+02 2.867495e+02 0.000000e+00
      endloop
   endfacet
   facet normal -7.040162e-01 -7.101839e-01 0.000000e+00
      outer loop
         vertex 2.928932e+02 2.928932e+02 1.000000e+03
         vertex 2.990907e+02 2.867495e+02 0.000000e+00
         vertex 2.990907e+02 2.867495e+02 1.000000e+03
      endloop
   endfacet
   facet normal -6.977912e-01 -7.163012e-01 -0.000000e+00
      outer loop
         vertex 2.990907e+02 2.867495e+02 1.000000e+03
         vertex 2.990907e+02 2.867495e+02 0.000000e+00
         vertex 3.053416e+02 2.806602e+02 0.000000e+00
      endloop
   endfacet
   facet normal -6.977912e-01 -7.163012e-01 0.000000e+00
      outer loop
         vertex 2.990907e+02 2.867495e+02 1.000000e+03
         vertex 3.053416e+02 2.806602e+02 0.000000e+00
         vertex 3.053416e+02 2.806602e+02 1.000000e+03
      endloop
   endfacet
   facet normal -6.915126e-01 -7.223644e-01 -0.000000e+00
      outer loop
         vertex 3.053416e+02 2.806602e+02 1.000000e+03
         vertex 3.053416e+02 2.806602e+02 0.000000e+00
         vertex 3.116454e+02 2.746256e+02 0.000000e+00
      endloop
   endfacet
   facet normal -6.915126e-01 -7.223644e-01 0.000000e+00
      outer loop
         vertex 3.053416e+02 2.806602e+02 1.000000e+03
         vertex 3.116454e+02 2.746256e+02 0.000000e+00
         vertex 3.116454e+02 2.746256e+02 1.000000e+03
      endloop
   endfacet
   facet normal -6.851832e-01 -7.283708e-01 -0.000000e+00
      outer loop
         vertex 3.116454e+02 2.746256e+02 1.000000e+03
         vertex 3.116454e+02 2.746256e+02 0.000000e+00
         vertex 3.180016e+02 2.686463e+02 0.000000e+00
      endloop
   endfacet
   facet normal -6.851832e-01 -7.283708e-01 0.000000e+00
      outer loop
         vertex 3.116454e+02 2.746256e+02 1.000000e+03
         vertex 3.180016e+02 2.686463e+02 0.000000e+00
         vertex 3.180016e+02 2.686463e+02 1.000000e+03
      endloop
   endfacet
   facet normal -6.788002e-01 -7.343230e-01 -0.000000e+00
      outer loop
         vertex 3.180016e+02 2.686463e+02 1.000000e+03
         vertex 3.180016e+02 2.686463e+02 0.000000e+00
         vertex 3.244098e+02 2.627227e+02 0.000000e+00
      endloop
   endfacet
   facet normal -6.788002e-01 -7.343230e-01 0.000000e+00
      outer loop
         vertex 3.180016e+02 2.686463e+02 1.000000e+03
         vertex 3.244098e+02 2.627227e+02 0.000000e+00
         vertex 3.244098e+02 2.627227e+02 1.000000e+03
      endloop
   endfacet
   facet normal -6.723668e-01 -7.402182e-01 -0.000000e+00
      outer loop
         vertex 3.244098e+02 2.627227e+02 1.000000e+03
         vertex 3.244098e+02 2.627227e+02 0.000000e+00
         vertex 3.308694e+02 2.568552e+02 0.000000e+00
      endloop
   endfacet
   facet normal -6.723668e-01 -7.402182e-01 0.000000e+00
      outer loop
         vertex 3.244098e+02 2.627227e+02 1.000000e+03
         vertex 3.308694e+02 2.568552e+02 0.000000e+00
         vertex 3.308694e+02 2.568552e+02 1.000000e+03
      endloop
   endfacet
   facet normal -6.658831e-01 -7.460561e-01 -0.000000e+00
      outer loop
         vertex 3.308694e+02 2.568552e+02 1.000000e+03
         vertex 3.308694e+02 2.568552e+02 0.000000e+00
         vertex 3.373799e+02 2.510443e+02 0.000000e+00
      endloop
   endfacet
   facet normal -6.658831e-01 -7.460561e-01 0.000000e+00
      outer loop
         vertex 3.308694e+02 2.568552e+02 1.000000e+03
         vertex 3.373799e+02 2.510443e+02 0.000000e+00
         vertex 3.373799e+02 2.510443e+02 1.000000e+03
      endloop
   endfacet
   facet normal -6.593456e-01 -7.518400e-01 -0.000000e+00
      outer loop
         vertex 3.373799e+02 2.510443e+02 1.000000e+03
         vertex 3.373799e+02 2.510443e+02 0.000000e+00
         vertex 3.439410e+02 2.452904e+02 0.000000e+00
      endloop
   endfacet
   facet normal -6.593456e-01 -7.518400e-01 0.000000e+00
      outer loop
         vertex 3.373799e+02 2.510443e+02 1.000000e+03
         vertex 3.439410e+02 2.452904e+02 0.000000e+00
         vertex 3.439410e+02 2.452904e+02 1.000000e+03
      endloop
   endfacet
   facet normal -6.527573e-01 -7.575671e-01 -0.000000e+00
      outer loop
         vertex 3.439410e+02 2.452904e+02 1.000000e+03
         vertex 3.439410e+02 2.452904e+02 0.000000e+00
         vertex 3.505520e+02 2.395940e+02 0.000000e+00
      endloop
   endfacet
   facet normal -6.527573e-01 -7.575671e-01 0.000000e+00
      outer loop
         vertex 3.439410e+02 2.452904e+02 1.000000e+03
         vertex 3.505520e+02 2.395940e+02 0.000000e+00
         vertex 3.505520e+02 2.395940e+02 1.000000e+03
      endloop
   endfacet
   facet normal -6.461262e-01 -7.632306e-01 -0.000000e+00
      outer loop
         vertex 3.505520e+02 2.395940e+02 1.000000e+03
         vertex 3.505520e+02 2.395940e+02 0.000000e+00
         vertex 3.572124e+02 2.339556e+02 0.000000e+00
      endloop
   endfacet
   facet normal -6.461262e-01 -7.632306e-01 0.000000e+00
      outer loop
         vertex 3.505520e+02 2.395940e+02 1.000000e+03
         vertex 3.572124e+02 2.339556e+02 0.000000e+00
         vertex 3.572124e+02 2.339556e+02 1.000000e+03
      endloop
   endfacet
   facet normal -6.394377e-01 -7.688429e-01 -0.000000e+00
      outer loop
         vertex 3.572124e+02 2.339556e+02 1.000000e+03
         vertex 3.572124e+02 2.339556e+02 0.000000e+00
         vertex 3.639218e+02 2.283754e+02 0.000000e+00
      endloop
   endfacet
   facet normal -6.394377e-01 -7.688429e-01 0.000000e+00
      outer loop
         vertex 3.572124e+02 2.339556e+02 1.000000e+03
         vertex 3.639218e+02 2.283754e+02 0.000000e+00
         vertex 3.639218e+02 2.283754e+02 1.000000e+03
      endloop
   endfacet
   facet normal -6.327065e-01 -7.743917e-01 -0.000000e+00
      outer loop
         vertex 3.639218e+02 2.283754e+02 1.000000e+03
         vertex 3.639218e+02 2.283754e+02 0.000000e+00
         vertex 3.706796e+02 2.228540e+02 0.000000e+00
      endloop
   endfacet
   facet normal -6.327065e-01 -7.743917e-01 0.000000e+00
      outer loop
         vertex 3.639218e+02 2.283754e+02 1.000000e+03
         vertex 3.706796e+02 2.228540e+02 0.000000e+00
         vertex 3.706796e+02 2.228540e+02 1.000000e+03
      endloop
   endfacet
   facet normal -6.259237e-01 -7.798843e-01 -0.000000e+00
      outer loop
         vertex 3.706796e+02 2.228540e+02 1.000000e+03
         vertex 3.706796e+02 2.228540e+02 0.000000e+00
         vertex 3.774853e+02 2.173918e+02 0.000000e+00
      endloop
   endfacet
   facet normal -6.259237e-01 -7.798843e-01 0.000000e+00
      outer loop
         vertex 3.706796e+02 2.228540e+02 1.000000e+03
         vertex 3.774853e+02 2.173918e+02 0.000000e+00
         vertex 3.774853e+02 2.173918e+02 1.000000e+03
      endloop
   endfacet
   facet normal -6.190958e-01 -7.853155e-01 -0.000000e+00
      outer loop
         vertex 3.774853e+02 2.173918e+02 1.000000e+03
         vertex 3.774853e+02 2.173918e+02 0.000000e+00
         vertex 3.843385e+02 2.119892e+02 0.000000e+00
      endloop
   endfacet
   facet normal -6.190958e-01 -7.853155e-01 0.000000e+00
      outer loop
         vertex 3.774853e+02 2.173918e+02 1.000000e+03
         vertex 3.843385e+02 2.119892e+02 0.000000e+00
         vertex 3.843385e+02 2.119892e+02 1.000000e+03
      endloop
   endfacet
   facet normal -6.122127e-01 -7.906931e-01 -0.000000e+00
      outer loop
         vertex 3.843385e+02 2.119892e+02 1.000000e+03
         vertex 3.843385e+02 2.119892e+02 0.000000e+00
         vertex 3.912386e+02 2.066467e+02 0.000000e+00
      endloop
   endfacet
   facet normal -6.122127e-01 -7.906931e-01 0.000000e+00
      outer loop
         vertex 3.843385e+02 2.119892e+02 1.000000e+03
         vertex 3.912386e+02 2.066467e+02 0.000000e+00
         vertex 3.912386e+02 2.066467e+02 1.000000e+03
      endloop
   endfacet
   facet normal -6.052947e-01 -7.960015e-01 -0.000000e+00
      outer loop
         vertex 3.912386e+02 2.066467e+02 1.000000e+03
         vertex 3.912386e+02 2.066467e+02 0.000000e+00
         vertex 3.981850e+02 2.013645e+02 0.000000e+00
      endloop
   endfacet
   facet normal -6.052947e-01 -7.960015e-01 0.000000e+00
      outer loop
         vertex 3.912386e+02 2.066467e+02 1.000000e+03
         vertex 3.981850e+02 2.013645e+02 0.000000e+00
         vertex 3.981850e+02 2.013645e+02 1.000000e+03
      endloop
   endfacet
   facet normal -5.983234e-01 -8.012547e-01 -0.000000e+00
      outer loop
         vertex 3.981850e+02 2.013645e+02 1.000000e+03
         vertex 3.981850e+02 2.013645e+02 0.000000e+00
         vertex 4.051772e+02 1.961432e+02 0.000000e+00
      endloop
   endfacet
   facet normal -5.983234e-01 -8.012547e-01 0.000000e+00
      outer loop
         vertex 3.981850e+02 2.013645e+02 1.000000e+03
         vertex 4.051772e+02 1.961432e+02 0.000000e+00
         vertex 4.051772e+02 1.961432e+02 1.000000e+03
      endloop
   endfacet
   facet normal -5.913118e-01 -8.064430e-01 -0.000000e+00
      outer loop
         vertex 4.051772e+02 1.961432e+02 1.000000e+03
         vertex 4.051772e+02 1.961432e+02 0.000000e+00
         vertex 4.122148e+02 1.909830e+02 0.000000e+00
      endloop
   endfacet
   facet normal -5.913118e-01 -8.064430e-01 0.000000e+00
      outer loop
         vertex 4.051772e+02 1.961432e+02 1.000000e+03
         vertex 4.122148e+02 1.909830e+02 0.000000e+00
         vertex 4.122148e+02 1.909830e+02 1.000000e+03
      endloop
   endfacet
   facet normal -5.842502e-01 -8.115736e-01 -0.000000e+00
      outer loop
         vertex 4.122148e+02 1.909830e+02 1.000000e+03
         vertex 4.122148e+02 1.909830e+02 0.000000e+00
         vertex 4.192970e+02 1.858845e+02 0.000000e+00
      endloop
   endfacet
   facet normal -5.842502e-01 -8.115736e-01 0.000000e+00
      outer loop
         vertex 4.122148e+02 1.909830e+02 1.000000e+03
         vertex 4.192970e+02 1.858845e+02 0.000000e+00
         vertex 4.192970e+02 1.858845e+02 1.000000e+03
      endloop
   endfacet
   facet normal -5.771462e-01 -8.166408e-01 -0.000000e+00
      outer loop
         vertex 4.192970e+02 1.858845e+02 1.000000e+03
         vertex 4.192970e+02 1.858845e+02 0.000000e+00
         vertex 4.264235e+02 1.808479e+02 0.000000e+00
      endloop
   endfacet
   facet normal -5.771462e-01 -8.166408e-01 0.000000e+00
      outer loop
         vertex 4.192970e+02 1.858845e+02 1.000000e+03
         vertex 4.264235e+02 1.808479e+02 0.000000e+00
         vertex 4.264235e+02 1.808479e+02 1.000000e+03
      endloop
   endfacet
   facet normal -5.699954e-01 -8.216479e-01 -0.000000e+00
      outer loop
         vertex 4.264235e+02 1.808479e+02 1.000000e+03
         vertex 4.264235e+02 1.808479e+02 0.000000e+00
         vertex 4.335938e+02 1.758738e+02 0.000000e+00
      endloop
   endfacet
   facet normal -5.699954e-01 -8.216479e-01 0.000000e+00
      outer loop
         vertex 4.264235e+02 1.808479e+02 1.000000e+03
         vertex 4.335938e+02 1.758738e+02 0.000000e+00
         vertex 4.335938e+02 1.758738e+02 1.000000e+03
      endloop
   endfacet
   facet normal -5.628022e-01 -8.265916e-01 -0.000000e+00
      outer loop
         vertex 4.335938e+02 1.758738e+02 1.000000e+03
         vertex 4.335938e+02 1.758738e+02 0.000000e+00
         vertex 4.408071e+02 1.709625e+02 0.000000e+00
      endloop
   endfacet
   facet normal -5.628022e-01 -8.265916e-01 0.000000e+00
      outer loop
         vertex 4.335938e+02 1.758738e+02 1.000000e+03
         vertex 4.408071e+02 1.709625e+02 0.000000e+00
         vertex 4.408071e+02 1.709625e+02 1.000000e+03
      endloop
   endfacet
   facet normal -5.555747e-01 -8.314666e-01 -0.000000e+00
      outer loop
         vertex 4.408071e+02 1.709625e+02 1.000000e+03
         vertex 4.408071e+02 1.709625e+02 0.000000e+00
         vertex 4.480630e+02 1.661142e+02 0.000000e+00
      endloop
   endfacet
   facet normal -5.555747e-01 -8.314666e-01 0.000000e+00
      outer loop
         vertex 4.408071e+02 1.709625e+02 1.000000e+03
         vertex 4.480630e+02 1.661142e+02 0.000000e+00
         vertex 4.480630e+02 1.661142e+02 1.000000e+03
      endloop
   endfacet
   facet normal -5.482907e-01 -8.362878e-01 -0.000000e+00
      outer loop
         vertex 4.480630e+02 1.661142e+02 1.000000e+03
         vertex 4.480630e+02 1.661142e+02 0.000000e+00
         vertex 4.553609e+02 1.613294e+02 0.000000e+00
      endloop
   endfacet
   facet normal -5.482907e-01 -8.362878e-01 0.000000e+00
      outer loop
         vertex 4.480630e+02 1.661142e+02 1.000000e+03
         vertex 4.553609e+02 1.613294e+02 0.000000e+00
         vertex 4.553609e+02 1.613294e+02 1.000000e+03
      endloop
   endfacet
   facet normal -5.409740e-01 -8.410393e-01 -0.000000e+00
      outer loop
         vertex 4.553609e+02 1.613294e+02 1.000000e+03
         vertex 4.553609e+02 1.613294e+02 0.000000e+00
         vertex 4.627004e+02 1.566086e+02 0.000000e+00
      endloop
   endfacet
   facet normal -5.409740e-01 -8.410393e-01 0.000000e+00
      outer loop
         vertex 4.553609e+02 1.613294e+02 1.000000e+03
         vertex 4.627004e+02 1.566086e+02 0.000000e+00
         vertex 4.627004e+02 1.566086e+02 1.000000e+03
      endloop
   endfacet
   facet normal -5.336152e-01 -8.457274e-01 -0.000000e+00
      outer loop
         vertex 4.627004e+02 1.566086e+02 1.000000e+03
         vertex 4.627004e+02 1.566086e+02 0.000000e+00
         vertex 4.700807e+02 1.519519e+02 0.000000e+00
      endloop
   endfacet
   facet normal -5.336152e-01 -8.457274e-01 0.000000e+00
      outer loop
         vertex 4.627004e+02 1.566086e+02 1.000000e+03
         vertex 4.700807e+02 1.519519e+02 0.000000e+00
         vertex 4.700807e+02 1.519519e+02 1.000000e+03
      endloop
   endfacet
   facet normal -5.262123e-01 -8.503532e-01 -0.000000e+00
      outer loop
         vertex 4.700807e+02 1.519519e+02 1.000000e+03
         vertex 4.700807e+02 1.519519e+02 0.000000e+00
         vertex 4.775015e+02 1.473598e+02 0.000000e+00
      endloop
   endfacet
   facet normal -5.262123e-01 -8.503532e-01 0.000000e+00
      outer loop
         vertex 4.700807e+02 1.519519e+02 1.000000e+03
         vertex 4.775015e+02 1.473598e+02 0.000000e+00
         vertex 4.775015e+02 1.473598e+02 1.000000e+03
      endloop
   endfacet
   facet normal -5.187753e-01 -8.549106e-01 -0.000000e+00
      outer loop
         vertex 4.775015e+02 1.473598e+02 1.000000e+03
         vertex 4.775015e+02 1.473598e+02 0.000000e+00
         vertex 4.849619e+02 1.428327e+02 0.000000e+00
      endloop
   endfacet
   facet normal -5.187753e-01 -8.549106e-01 0.000000e+00
      outer loop
         vertex 4.775015e+02 1.473598e+02 1.000000e+03
         vertex 4.849619e+02 1.428327e+02 0.000000e+00
         vertex 4.849619e+02 1.428327e+02 1.000000e+03
      endloop
   endfacet
   facet normal -5.112960e-01 -8.594047e-01 -0.000000e+00
      outer loop
         vertex 4.849619e+02 1.428327e+02 1.000000e+03
         vertex 4.849619e+02 1.428327e+02 0.000000e+00
         vertex 4.924616e+02 1.383708e+02 0.000000e+00
      endloop
   endfacet
   facet normal -5.112960e-01 -8.594047e-01 0.000000e+00
      outer loop
         vertex 4.849619e+02 1.428327e+02 1.000000e+03
         vertex 4.924616e+02 1.383708e+02 0.000000e+00
         vertex 4.924616e+02 1.383708e+02 1.000000e+03
      endloop
   endfacet
   facet normal -5.037695e-01 -8.638381e-01 -0.000000e+00
      outer loop
         vertex 4.924616e+02 1.383708e+02 1.000000e+03
         vertex 4.924616e+02 1.383708e+02 0.000000e+00
         vertex 5.000000e+02 1.339746e+02 0.000000e+00
      endloop
   endfacet
   facet normal -5.037695e-01 -8.638381e-01 0.000000e+00
      outer loop
         vertex 4.924616e+02 1.383708e+02 1.000000e+03
         vertex 5.000000e+02 1.339746e+02 0.000000e+00
         vertex 5.000000e+02 1.339746e+02 1.000000e+03
      endloop
   endfacet
   facet normal -4.962206e-01 -8.681965e-01 -0.000000e+00
      outer loop
         vertex 5.000000e+02 1.339746e+02 1.000000e+03
         vertex 5.000000e+02 1.339746e+02 0.000000e+00
         vertex 5.075764e+02 1.296443e+02 0.000000e+00
      endloop
   endfacet
   facet normal -4.962206e-01 -8.681965e-01 0.000000e+00
      outer loop
         vertex 5.000000e+02 1.339746e+02 1.000000e+03
         vertex 5.075764e+02 1.296443e+02 0.000000e+00
         vertex 5.075764e+02 1.296443e+02 1.000000e+03
      endloop
   endfacet
   facet normal -4.886192e-01 -8.724972e-01 -0.000000e+00
      outer loop
         vertex 5.075764e+02 1.296443e+02 1.000000e+03
         vertex 5.075764e+02 1.296443e+02 0.000000e+00
         vertex 5.151904e+02 1.253803e+02 0.000000e+00
      endloop
   endfacet
   facet normal -4.886192e-01 -8.724972e-01 0.000000e+00
      outer loop
         vertex 5.075764e+02 1.296443e+02 1.000000e+03
         vertex 5.151904e+02 1.253803e+02 0.000000e+00
         vertex 5.151904e+02 1.253803e+02 1.000000e+03
      endloop
   endfacet
   facet normal -4.809903e-01 -8.767259e-01 -0.000000e+00
      outer loop
         vertex 5.151904e+02 1.253803e+02 1.000000e+03
         vertex 5.151904e+02 1.253803e+02 0.000000e+00
         vertex 5.228412e+02 1.211829e+02 0.000000e+00
      endloop
   endfacet
   facet normal -4.809903e-01 -8.767259e-01 0.000000e+00
      outer loop
         vertex 5.151904e+02 1.253803e+02 1.000000e+03
         vertex 5.228412e+02 1.211829e+02 0.000000e+00
         vertex 5.228412e+02 1.211829e+02 1.000000e+03
      endloop
   endfacet
   facet normal -4.733154e-01 -8.808931e-01 -0.000000e+00
      outer loop
         vertex 5.228412e+02 1.211829e+02 1.000000e+03
         vertex 5.228412e+02 1.211829e+02 0.000000e+00
         vertex 5.305284e+02 1.170524e+02 0.000000e+00
      endloop
   endfacet
   facet normal -4.733154e-01 -8.808931e-01 0.000000e+00
      outer loop
         vertex 5.228412e+02 1.211829e+02 1.000000e+03
         vertex 5.305284e+02 1.170524e+02 0.000000e+00
         vertex 5.305284e+02 1.170524e+02 1.000000e+03
      endloop
   endfacet
   facet normal -4.656141e-01 -8.849878e-01 -0.000000e+00
      outer loop
         vertex 5.305284e+02 1.170524e+02 1.000000e+03
         vertex 5.305284e+02 1.170524e+02 0.000000e+00
         vertex 5.382514e+02 1.129892e+02 0.000000e+00
      endloop
   endfacet
   facet normal -4.656141e-01 -8.849878e-01 0.000000e+00
      outer loop
         vertex 5.305284e+02 1.170524e+02 1.000000e+03
         vertex 5.382514e+02 1.129892e+02 0.000000e+00
         vertex 5.382514e+02 1.129892e+02 1.000000e+03
      endloop
   endfacet
   facet normal -4.578764e-01 -8.890159e-01 -0.000000e+00
      outer loop
         vertex 5.382514e+02 1.129892e+02 1.000000e+03
         vertex 5.382514e+02 1.129892e+02 0.000000e+00
         vertex 5.460095e+02 1.089935e+02 0.000000e+00
      endloop
   endfacet
   facet normal -4.578764e-01 -8.890159e-01 0.000000e+00
      outer loop
         vertex 5.382514e+02 1.129892e+02 1.000000e+03
         vertex 5.460095e+02 1.089935e+02 0.000000e+00
         vertex 5.460095e+02 1.089935e+02 1.000000e+03
      endloop
   endfacet
   facet normal -4.500977e-01 -8.929793e-01 -0.000000e+00
      outer loop
         vertex 5.460095e+02 1.089935e+02 1.000000e+03
         vertex 5.460095e+02 1.089935e+02 0.000000e+00
         vertex 5.538022e+02 1.050656e+02 0.000000e+00
      endloop
   endfacet
   facet normal -4.500977e-01 -8.929793e-01 0.000000e+00
      outer loop
         vertex 5.460095e+02 1.089935e+02 1.000000e+03
         vertex 5.538022e+02 1.050656e+02 0.000000e+00
         vertex 5.538022e+02 1.050656e+02 1.000000e+03
      endloop
   endfacet
   facet normal -4.422905e-01 -8.968719e-01 -0.000000e+00
      outer loop
         vertex 5.538022e+02 1.050656e+02 1.000000e+03
         vertex 5.538022e+02 1.050656e+02 0.000000e+00
         vertex 5.616288e+02 1.012059e+02 0.000000e+00
      endloop
   endfacet
   facet normal -4.422905e-01 -8.968719e-01 0.000000e+00
      outer loop
         vertex 5.538022e+02 1.050656e+02 1.000000e+03
         vertex 5.616288e+02 1.012059e+02 0.000000e+00
         vertex 5.616288e+02 1.012059e+02 1.000000e+03
      endloop
   endfacet
   facet normal -4.344423e-01 -9.006997e-01 -0.000000e+00
      outer loop
         vertex 5.616288e+02 1.012059e+02 1.000000e+03
         vertex 5.616288e+02 1.012059e+02 0.000000e+00
         vertex 5.694889e+02 9.741473e+01 0.000000e+00
      endloop
   endfacet
   facet normal -4.344423e-01 -9.006997e-01 0.000000e+00
      outer loop
         vertex 5.616288e+02 1.012059e+02 1.000000e+03
         vertex 5.694889e+02 9.741473e+01 0.000000e+00
         vertex 5.694889e+02 9.741473e+01 1.000000e+03
      endloop
   endfacet
   facet normal -4.265738e-01 -9.044527e-01 -0.000000e+00
      outer loop
         vertex 5.694889e+02 9.741473e+01 1.000000e+03
         vertex 5.694889e+02 9.741473e+01 0.000000e+00
         vertex 5.773817e+02 9.369218e+01 0.000000e+00
      endloop
   endfacet
   facet normal -4.265738e-01 -9.044527e-01 0.000000e+00
      outer loop
         vertex 5.694889e+02 9.741473e+01 1.000000e+03
         vertex 5.773817e+02 9.369218e+01 0.000000e+00
         vertex 5.773817e+02 9.369218e+01 1.000000e+03
      endloop
   endfacet
   facet normal -4.186575e-01 -9.081442e-01 -0.000000e+00
      outer loop
         vertex 5.773817e+02 9.369218e+01 1.000000e+03
         vertex 5.773817e+02 9.369218e+01 0.000000e+00
         vertex 5.853068e+02 9.003872e+01 0.000000e+00
      endloop
   endfacet
   facet normal -4.186575e-01 -9.081442e-01 0.000000e+00
      outer loop
         vertex 5.773817e+02 9.369218e+01 1.000000e+03
         vertex 5.853068e+02 9.003872e+01 0.000000e+00
         vertex 5.853068e+02 9.003872e+01 1.000000e+03
      endloop
   endfacet
   facet normal -4.107152e-01 -9.117637e-01 -0.000000e+00
      outer loop
         vertex 5.853068e+02 9.003872e+01 1.000000e+03
         vertex 5.853068e+02 9.003872e+01 0.000000e+00
         vertex 5.932634e+02 8.645457e+01 0.000000e+00
      endloop
   endfacet
   facet normal -4.107152e-01 -9.117637e-01 0.000000e+00
      outer loop
         vertex 5.853068e+02 9.003872e+01 1.000000e+03
         vertex 5.932634e+02 8.645457e+01 0.000000e+00
         vertex 5.932634e+02 8.645457e+01 1.000000e+03
      endloop
   endfacet
   facet normal -4.027503e-01 -9.153099e-01 -0.000000e+00
      outer loop
         vertex 5.932634e+02 8.645457e+01 1.000000e+03
         vertex 5.932634e+02 8.645457e+01 0.000000e+00
         vertex 6.012509e+02 8.293992e+01 0.000000e+00
      endloop
   endfacet
   facet normal -4.027503e-01 -9.153099e-01 0.000000e+00
      outer loop
         vertex 5.932634e+02 8.645457e+01 1.000000e+03
         vertex 6.012509e+02 8.293992e+01 0.000000e+00
         vertex 6.012509e+02 8.293992e+01 1.000000e+03
      endloop
   endfacet
   facet normal -3.947443e-01 -9.187910e-01 -0.000000e+00
      outer loop
         vertex 6.012509e+02 8.293992e+01 1.000000e+03
         vertex 6.012509e+02 8.293992e+01 0.000000e+00
         vertex 6.092689e+02 7.949513e+01 0.000000e+00
      endloop
   endfacet
   facet normal -3.947443e-01 -9.187910e-01 0.000000e+00
      outer loop
         vertex 6.012509e+02 8.293992e+01 1.000000e+03
         vertex 6.092689e+02 7.949513e+01 0.000000e+00
         vertex 6.092689e+02 7.949513e+01 1.000000e+03
      endloop
   endfacet
   facet normal -3.867066e-01 -9.222028e-01 -0.000000e+00
      outer loop
         vertex 6.092689e+02 7.949513e+01 1.000000e+03
         vertex 6.092689e+02 7.949513e+01 0.000000e+00
         vertex 6.173166e+02 7.612050e+01 0.000000e+00
      endloop
   endfacet
   facet normal -3.867066e-01 -9.222028e-01 0.000000e+00
      outer loop
         vertex 6.092689e+02 7.949513e+01 1.000000e+03
         vertex 6.173166e+02 7.612050e+01 0.000000e+00
         vertex 6.173166e+02 7.612050e+01 1.000000e+03
      endloop
   endfacet
   facet normal -3.786523e-01 -9.255390e-01 -0.000000e+00
      outer loop
         vertex 6.173166e+02 7.612050e+01 1.000000e+03
         vertex 6.173166e+02 7.612050e+01 0.000000e+00
         vertex 6.253934e+02 7.281613e+01 0.000000e+00
      endloop
   endfacet
   facet normal -3.786523e-01 -9.255390e-01 0.000000e+00
      outer loop
         vertex 6.173166e+02 7.612050e+01 1.000000e+03
         vertex 6.253934e+02 7.281613e+01 0.000000e+00
         vertex 6.253934e+02 7.281613e+01 1.000000e+03
      endloop
   endfacet
   facet normal -3.705591e-01 -9.288089e-01 -0.000000e+00
      outer loop
         vertex 6.253934e+02 7.281613e+01 1.000000e+03
         vertex 6.253934e+02 7.281613e+01 0.000000e+00
         vertex 6.334988e+02 6.958240e+01 0.000000e+00
      endloop
   endfacet
   facet normal -3.705591e-01 -9.288089e-01 0.000000e+00
      outer loop
         vertex 6.253934e+02 7.281613e+01 1.000000e+03
         vertex 6.334988e+02 6.958240e+01 0.000000e+00
         vertex 6.334988e+02 6.958240e+01 1.000000e+03
      endloop
   endfacet
   facet normal -3.624329e-01 -9.320099e-01 -0.000000e+00
      outer loop
         vertex 6.334988e+02 6.958240e+01 1.000000e+03
         vertex 6.334988e+02 6.958240e+01 0.000000e+00
         vertex 6.416321e+02 6.641960e+01 0.000000e+00
      endloop
   endfacet
   facet normal -3.624329e-01 -9.320099e-01 0.000000e+00
      outer loop
         vertex 6.334988e+02 6.958240e+01 1.000000e+03
         vertex 6.416321e+02 6.641960e+01 0.000000e+00
         vertex 6.416321e+02 6.641960e+01 1.000000e+03
      endloop
   endfacet
   facet normal -3.542963e-01 -9.351332e-01 -0.000000e+00
      outer loop
         vertex 6.416321e+02 6.641960e+01 1.000000e+03
         vertex 6.416321e+02 6.641960e+01 0.000000e+00
         vertex 6.497926e+02 6.332779e+01 0.000000e+00
      endloop
   endfacet
   facet normal -3.542963e-01 -9.351332e-01 0.000000e+00
      outer loop
         vertex 6.416321e+02 6.641960e+01 1.000000e+03
         vertex 6.497926e+02 6.332779e+01 0.000000e+00
         vertex 6.497926e+02 6.332779e+01 1.000000e+03
      endloop
   endfacet
   facet normal -3.461146e-01 -9.381922e-01 -0.000000e+00
      outer loop
         vertex 6.497926e+02 6.332779e+01 1.000000e+03
         vertex 6.497926e+02 6.332779e+01 0.000000e+00
         vertex 6.579798e+02 6.030738e+01 0.000000e+00
      endloop
   endfacet
   facet normal -3.461146e-01 -9.381922e-01 0.000000e+00
      outer loop
         vertex 6.497926e+02 6.332779e+01 1.000000e+03
         vertex 6.579798e+02 6.030738e+01 0.000000e+00
         vertex 6.579798e+02 6.030738e+01 1.000000e+03
      endloop
   endfacet
   facet normal -3.379178e-01 -9.411756e-01 -0.000000e+00
      outer loop
         vertex 6.579798e+02 6.030738e+01 1.000000e+03
         vertex 6.579798e+02 6.030738e+01 0.000000e+00
         vertex 6.661931e+02 5.735850e+01 0.000000e+00
      endloop
   endfacet
   facet normal -3.379178e-01 -9.411756e-01 0.000000e+00
      outer loop
         vertex 6.579798e+02 6.030738e+01 1.000000e+03
         vertex 6.661931e+02 5.735850e+01 0.000000e+00
         vertex 6.661931e+02 5.735850e+01 1.000000e+03
      endloop
   endfacet
   facet normal -3.296879e-01 -9.440900e-01 -0.000000e+00
      outer loop
         vertex 6.661931e+02 5.735850e+01 1.000000e+03
         vertex 6.661931e+02 5.735850e+01 0.000000e+00
         vertex 6.744318e+02 5.448145e+01 0.000000e+00
      endloop
   endfacet
   facet normal -3.296879e-01 -9.440900e-01 0.000000e+00
      outer loop
         vertex 6.661931e+02 5.735850e+01 1.000000e+03
         vertex 6.744318e+02 5.448145e+01 0.000000e+00
         vertex 6.744318e+02 5.448145e+01 1.000000e+03
      endloop
   endfacet
   facet normal -3.214430e-01 -9.469289e-01 -0.000000e+00
      outer loop
         vertex 6.744318e+02 5.448145e+01 1.000000e+03
         vertex 6.744318e+02 5.448145e+01 0.000000e+00
         vertex 6.826953e+02 5.167633e+01 0.000000e+00
      endloop
   endfacet
   facet normal -3.214430e-01 -9.469289e-01 0.000000e+00
      outer loop
         vertex 6.744318e+02 5.448145e+01 1.000000e+03
         vertex 6.826953e+02 5.167633e+01 0.000000e+00
         vertex 6.826953e+02 5.167633e+01 1.000000e+03
      endloop
   endfacet
   facet normal -3.131648e-01 -9.496988e-01 -0.000000e+00
      outer loop
         vertex 6.826953e+02 5.167633e+01 1.000000e+03
         vertex 6.826953e+02 5.167633e+01 0.000000e+00
         vertex 6.909830e+02 4.894346e+01 0.000000e+00
      endloop
   endfacet
   facet normal -3.131648e-01 -9.496988e-01 0.000000e+00
      outer loop
         vertex 6.826953e+02 5.167633e+01 1.000000e+03
         vertex 6.909830e+02 4.894346e+01 0.000000e+00
         vertex 6.909830e+02 4.894346e+01 1.000000e+03
      endloop
   endfacet
   facet normal -3.048595e-01 -9.523973e-01 -0.000000e+00
      outer loop
         vertex 6.909830e+02 4.894346e+01 1.000000e+03
         vertex 6.909830e+02 4.894346e+01 0.000000e+00
         vertex 6.992942e+02 4.628307e+01 0.000000e+00
      endloop
   endfacet
   facet normal -3.048595e-01 -9.523973e-01 0.000000e+00
      outer loop
         vertex 6.909830e+02 4.894346e+01 1.000000e+03
         vertex 6.992942e+02 4.628307e+01 0.000000e+00
         vertex 6.992942e+02 4.628307e+01 1.000000e+03
      endloop
   endfacet
   facet normal -2.965404e-01 -9.550203e-01 -0.000000e+00
      outer loop
         vertex 6.992942e+02 4.628307e+01 1.000000e+03
         vertex 6.992942e+02 4.628307e+01 0.000000e+00
         vertex 7.076283e+02 4.369527e+01 0.000000e+00
      endloop
   endfacet
   facet normal -2.965404e-01 -9.550203e-01 0.000000e+00
      outer loop
         vertex 6.992942e+02 4.628307e+01 1.000000e+03
         vertex 7.076283e+02 4.369527e+01 0.000000e+00
         vertex 7.076283e+02 4.369527e+01 1.000000e+03
      endloop
   endfacet
   facet normal -2.882012e-01 -9.575699e-01 -0.000000e+00
      outer loop
         vertex 7.076283e+02 4.369527e+01 1.000000e+03
         vertex 7.076283e+02 4.369527e+01 0.000000e+00
         vertex 7.159846e+02 4.118025e+01 0.000000e+00
      endloop
   endfacet
   facet normal -2.882012e-01 -9.575699e-01 0.000000e+00
      outer loop
         vertex 7.076283e+02 4.369527e+01 1.000000e+03
         vertex 7.159846e+02 4.118025e+01 0.000000e+00
         vertex 7.159846e+02 4.118025e+01 1.000000e+03
      endloop
   endfacet
   facet normal -2.798268e-01 -9.600505e-01 -0.000000e+00
      outer loop
         vertex 7.159846e+02 4.118025e+01 1.000000e+03
         vertex 7.159846e+02 4.118025e+01 0.000000e+00
         vertex 7.243626e+02 3.873831e+01 0.000000e+00
      endloop
   endfacet
   facet normal -2.798268e-01 -9.600505e-01 0.000000e+00
      outer loop
         vertex 7.159846e+02 4.118025e+01 1.000000e+03
         vertex 7.243626e+02 3.873831e+01 0.000000e+00
         vertex 7.243626e+02 3.873831e+01 1.000000e+03
      endloop
   endfacet
   facet normal -2.714395e-01 -9.624555e-01 -0.000000e+00
      outer loop
         vertex 7.243626e+02 3.873831e+01 1.000000e+03
         vertex 7.243626e+02 3.873831e+01 0.000000e+00
         vertex 7.327616e+02 3.636956e+01 0.000000e+00
      endloop
   endfacet
   facet normal -2.714395e-01 -9.624555e-01 0.000000e+00
      outer loop
         vertex 7.243626e+02 3.873831e+01 1.000000e+03
         vertex 7.327616e+02 3.636956e+01 0.000000e+00
         vertex 7.327616e+02 3.636956e+01 1.000000e+03
      endloop
   endfacet
   facet normal -2.630313e-01 -9.647873e-01 -0.000000e+00
      outer loop
         vertex 7.327616e+02 3.636956e+01 1.000000e+03
         vertex 7.327616e+02 3.636956e+01 0.000000e+00
         vertex 7.411810e+02 3.407419e+01 0.000000e+00
      endloop
   endfacet
   facet normal -2.630313e-01 -9.647873e-01 0.000000e+00
      outer loop
         vertex 7.327616e+02 3.636956e+01 1.000000e+03
         vertex 7.411810e+02 3.407419e+01 0.000000e+00
         vertex 7.411810e+02 3.407419e+01 1.000000e+03
      endloop
   endfacet
   facet normal -2.546031e-01 -9.670456e-01 -0.000000e+00
      outer loop
         vertex 7.411810e+02 3.407419e+01 1.000000e+03
         vertex 7.411810e+02 3.407419e+01 0.000000e+00
         vertex 7.496200e+02 3.185236e+01 0.000000e+00
      endloop
   endfacet
   facet normal -2.546031e-01 -9.670456e-01 0.000000e+00
      outer loop
         vertex 7.411810e+02 3.407419e+01 1.000000e+03
         vertex 7.496200e+02 3.185236e+01 0.000000e+00
         vertex 7.496200e+02 3.185236e+01 1.000000e+03
      endloop
   endfacet
   facet normal -2.461539e-01 -9.692307e-01 -0.000000e+00
      outer loop
         vertex 7.496200e+02 3.185236e+01 1.000000e+03
         vertex 7.496200e+02 3.185236e+01 0.000000e+00
         vertex 7.580781e+02 2.970427e+01 0.000000e+00
      endloop
   endfacet
   facet normal -2.461539e-01 -9.692307e-01 0.000000e+00
      outer loop
         vertex 7.496200e+02 3.185236e+01 1.000000e+03
         vertex 7.580781e+02 2.970427e+01 0.000000e+00
         vertex 7.580781e+02 2.970427e+01 1.000000e+03
      endloop
   endfacet
   facet normal -2.376844e-01 -9.713424e-01 -0.000000e+00
      outer loop
         vertex 7.580781e+02 2.970427e+01 1.000000e+03
         vertex 7.580781e+02 2.970427e+01 0.000000e+00
         vertex 7.665546e+02 2.763009e+01 0.000000e+00
      endloop
   endfacet
   facet normal -6.190958e-01 7.853155e-01 0.000000e+00
      outer loop
         vertex 3.843385e+02 1.788011e+03 1.000000e+03
         vertex 3.774853e+02 1.782608e+03 0.000000e+00
         vertex 3.774853e+02 1.782608e+03 1.000000e+03
      endloop
   endfacet
   facet normal -6.259237e-01 7.798843e-01 0.000000e+00
      outer loop
         vertex 3.774853e+02 1.782608e+03 1.000000e+03
         vertex 3.774853e+02 1.782608e+03 0.000000e+00
         vertex 3.706796e+02 1.777146e+03 0.000000e+00
      endloop
   endfacet
   facet normal -6.259237e-01 7.798843e-01 0.000000e+00
      outer loop
         vertex 3.774853e+02 1.782608e+03 1.000000e+03
         vertex 3.706796e+02 1.777146e+03 0.000000e+00
         vertex 3.706796e+02 1.777146e+03 1.000000e+03
      endloop
   endfacet
   facet normal -6.327065e-01 7.743917e-01 0.000000e+00
      outer loop
         vertex 3.706796e+02 1.777146e+03 1.000000e+03
         vertex 3.706796e+02 1.777146e+03 0.000000e+00
         vertex 3.639218e+02 1.771625e+03 0.000000e+00
      endloop
   endfacet
   facet normal -6.327065e-01 7.743917e-01 0.000000e+00
      outer loop
         vertex 3.706796e+02 1.777146e+03 1.000000e+03
         vertex 3.639218e+02 1.771625e+03 0.000000e+00
         vertex 3.639218e+02 1.771625e+03 1.000000e+03
      endloop
   endfacet
   facet normal -6.394377e-01 7.688429e-01 0.000000e+00
      outer loop
         vertex 3.639218e+02 1.771625e+03 1.000000e+03
         vertex 3.639218e+02 1.771625e+03 0.000000e+00
         vertex 3.572124e+02 1.766044e+03 0.000000e+00
      endloop
   endfacet
   facet normal -6.394377e-01 7.688429e-01 0.000000e+00
      outer loop
         vertex 3.639218e+02 1.771625e+03 1.000000e+03
         vertex 3.572124e+02 1.766044e+03 0.000000e+00
         vertex 3.572124e+02 1.766044e+03 1.000000e+03
      endloop
   endfacet
   facet normal -6.461262e-01 7.632306e-01 0.000000e+00
      outer loop
         vertex 3.572124e+02 1.766044e+03 1.000000e+03
         vertex 3.572124e+02 1.766044e+03 0.000000e+00
         vertex 3.505520e+02 1.760406e+03 0.000000e+00
      endloop
   endfacet
   facet normal -6.461262e-01 7.632306e-01 0.000000e+00
      outer loop
         vertex 3.572124e+02 1.766044e+03 1.000000e+03
         vertex 3.505520e+02 1.760406e+03 0.000000e+00
         vertex 3.505520e+02 1.760406e+03 1.000000e+03
      endloop
   endfacet
   facet normal -6.527573e-01 7.575671e-01 0.000000e+00
      outer loop
         vertex 3.505520e+02 1.760406e+03 1.000000e+03
         vertex 3.505520e+02 1.760406e+03 0.000000e+00
         vertex 3.439410e+02 1.754710e+03 0.000000e+00
      endloop
   endfacet
   facet normal -6.527573e-01 7.575671e-01 0.000000e+00
      outer loop
         vertex 3.505520e+02 1.760406e+03 1.000000e+03
         vertex 3.439410e+02 1.754710e+03 0.000000e+00
         vertex 3.439410e+02 1.754710e+03 1.000000e+03
      endloop
   endfacet
   facet normal -6.593456e-01 7.518400e-01 0.000000e+00
      outer loop
         vertex 3.439410e+02 1.754710e+03 1.000000e+03
         vertex 3.439410e+02 1.754710e+03 0.000000e+00
         vertex 3.373799e+02 1.748956e+03 0.000000e+00
      endloop
   endfacet
   facet normal -6.593456e-01 7.518400e-01 0.000000e+00
      outer loop
         vertex 3.439410e+02 1.754710e+03 1.000000e+03
         vertex 3.373799e+02 1.748956e+03 0.000000e+00
         vertex 3.373799e+02 1.748956e+03 1.000000e+03
      endloop
   endfacet
   facet normal -6.658831e-01 7.460561e-01 0.000000e+00
      outer loop
         vertex 3.373799e+02 1.748956e+03 1.000000e+03
         vertex 3.373799e+02 1.748956e+03 0.000000e+00
         vertex 3.308694e+02 1.743145e+03 0.000000e+00
      endloop
   endfacet
   facet normal -6.658831e-01 7.460561e-01 0.000000e+00
      outer loop
         vertex 3.373799e+02 1.748956e+03 1.000000e+03
         vertex 3.308694e+02 1.743145e+03 0.000000e+00
         vertex 3.308694e+02 1.743145e+03 1.000000e+03
      endloop
   endfacet
   facet normal -6.723668e-01 7.402182e-01 0.000000e+00
      outer loop
         vertex 3.308694e+02 1.743145e+03 1.000000e+03
         vertex 3.308694e+02 1.743145e+03 0.000000e+00
         vertex 3.244098e+02 1.737277e+03 0.000000e+00
      endloop
   endfacet
   facet normal -6.723668e-01 7.402182e-01 0.000000e+00
      outer loop
         vertex 3.308694e+02 1.743145e+03 1.000000e+03
         vertex 3.244098e+02 1.737277e+03 0.000000e+00
         vertex 3.244098e+02 1.737277e+03 1.000000e+03
      endloop
   endfacet
   facet normal -6.788002e-01 7.343230e-01 0.000000e+00
      outer loop
         vertex 3.244098e+02 1.737277e+03 1.000000e+03
         vertex 3.244098e+02 1.737277e+03 0.000000e+00
         vertex 3.180016e+02 1.731354e+03 0.000000e+00
      endloop
   endfacet
   facet normal -6.788002e-01 7.343230e-01 0.000000e+00
      outer loop
         vertex 3.244098e+02 1.737277e+03 1.000000e+03
         vertex 3.180016e+02 1.731354e+03 0.000000e+00
         vertex 3.180016e+02 1.731354e+03 1.000000e+03
      endloop
   endfacet
   facet normal -6.851832e-01 7.283708e-01 0.000000e+00
      outer loop
         vertex 3.180016e+02 1.731354e+03 1.000000e+03
         vertex 3.180016e+02 1.731354e+03 0.000000e+00
         vertex 3.116454e+02 1.725374e+03 0.000000e+00
      endloop
   endfacet
   facet normal -6.851832e-01 7.283708e-01 0.000000e+00
      outer loop
         vertex 3.180016e+02 1.731354e+03 1.000000e+03
         vertex 3.116454e+02 1.725374e+03 0.000000e+00
         vertex 3.116454e+02 1.725374e+03 1.000000e+03
      endloop
   endfacet
   facet normal -6.915126e-01 7.223644e-01 0.000000e+00
      outer loop
         vertex 3.116454e+02 1.725374e+03 1.000000e+03
         vertex 3.116454e+02 1.725374e+03 0.000000e+00
         vertex 3.053416e+02 1.719340e+03 0.000000e+00
      endloop
   endfacet
   facet normal -6.915126e-01 7.223644e-01 0.000000e+00
      outer loop
         vertex 3.116454e+02 1.725374e+03 1.000000e+03
         vertex 3.053416e+02 1.719340e+03 0.000000e+00
         vertex 3.053416e+02 1.719340e+03 1.000000e+03
      endloop
   endfacet
   facet normal -6.977912e-01 7.163012e-01 0.000000e+00
      outer loop
         vertex 3.053416e+02 1.719340e+03 1.000000e+03
         vertex 3.053416e+02 1.719340e+03 0.000000e+00
         vertex 2.990907e+02 1.713250e+03 0.000000e+00
      endloop
   endfacet
   facet normal -6.977912e-01 7.163012e-01 0.000000e+00
      outer loop
         vertex 3.053416e+02 1.719340e+03 1.000000e+03
         vertex 2.990907e+02 1.713250e+03 0.000000e+00
         vertex 2.990907e+02 1.713250e+03 1.000000e+03
      endloop
   endfacet
   facet normal -7.040162e-01 7.101839e-01 0.000000e+00
      outer loop
         vertex 2.990907e+02 1.713250e+03 1.000000e+03
         vertex 2.990907e+02 1.713250e+03 0.000000e+00
         vertex 2.928932e+02 1.707107e+03 0.000000e+00
      endloop
   endfacet
   facet normal -7.040162e-01 7.101839e-01 0.000000e+00
      outer loop
         vertex 2.990907e+02 1.713250e+03 1.000000e+03
         vertex 2.928932e+02 1.707107e+03 0.000000e+00
         vertex 2.928932e+02 1.707107e+03 1.000000e+03
      endloop
   endfacet
   facet normal -7.101839e-01 7.040162e-01 0.000000e+00
      outer loop
         vertex 2.928932e+02 1.707107e+03 1.000000e+03
         vertex 2.928932e+02 1.707107e+03 0.000000e+00
         vertex 2.867495e+02 1.700909e+03 0.000000e+00
      endloop
   endfacet
   facet normal -7.101839e-01 7.040162e-01 0.000000e+00
      outer loop
         vertex 2.928932e+02 1.707107e+03 1.000000e+03
         vertex 2.867495e+02 1.700909e+03 0.000000e+00
         vertex 2.867495e+02 1.700909e+03 1.000000e+03
      endloop
   endfacet
   facet normal -7.163012e-01 6.977912e-01 0.000000e+00
      outer loop
         vertex 2.867495e+02 1.700909e+03 1.000000e+03
         vertex 2.867495e+02 1.700909e+03 0.000000e+00
         vertex 2.806602e+02 1.694658e+03 0.000000e+00
      endloop
   endfacet
   facet normal -7.163012e-01 6.977912e-01 0.000000e+00
      outer loop
         vertex 2.867495e+02 1.700909e+03 1.000000e+03
         vertex 2.806602e+02 1.694658e+03 0.000000e+00
         vertex 2.806602e+02 1.694658e+03 1.000000e+03
      endloop
   endfacet
   facet normal -7.223644e-01 6.915126e-01 0.000000e+00
      outer loop
         vertex 2.806602e+02 1.694658e+03 1.000000e+03
         vertex 2.806602e+02 1.694658e+03 0.000000e+00
         vertex 2.746256e+02 1.688355e+03 0.000000e+00
      endloop
   endfacet
   facet normal -7.223644e-01 6.915126e-01 0.000000e+00
      outer loop
         vertex 2.806602e+02 1.694658e+03 1.000000e+03
         vertex 2.746256e+02 1.688355e+03 0.000000e+00
         vertex 2.746256e+02 1.688355e+03 1.000000e+03
      endloop
   endfacet
   facet normal -7.283708e-01 6.851832e-01 0.000000e+00
      outer loop
         vertex 2.746256e+02 1.688355e+03 1.000000e+03
         vertex 2.746256e+02 1.688355e+03 0.000000e+00
         vertex 2.686463e+02 1.681998e+03 0.000000e+00
      endloop
   endfacet
   facet normal -7.283708e-01 6.851832e-01 0.000000e+00
      outer loop
         vertex 2.746256e+02 1.688355e+03 1.000000e+03
         vertex 2.686463e+02 1.681998e+03 0.000000e+00
         vertex 2.686463e+02 1.681998e+03 1.000000e+03
      endloop
   endfacet
   facet normal -7.343230e-01 6.788002e-01 0.000000e+00
      outer loop
         vertex 2.686463e+02 1.681998e+03 1.000000e+03
         vertex 2.686463e+02 1.681998e+03 0.000000e+00
         vertex 2.627227e+02 1.675590e+03 0.000000e+00
      endloop
   endfacet
   facet normal -7.343230e-01 6.788002e-01 0.000000e+00
      outer loop
         vertex 2.686463e+02 1.681998e+03 1.000000e+03
         vertex 2.627227e+02 1.675590e+03 0.000000e+00
         vertex 2.627227e+02 1.675590e+03 1.000000e+03
      endloop
   endfacet
   facet normal -7.402182e-01 6.723668e-01 0.000000e+00
      outer loop
         vertex 2.627227e+02 1.675590e+03 1.000000e+03
         vertex 2.627227e+02 1.675590e+03 0.000000e+00
         vertex 2.568552e+02 1.669131e+03 0.000000e+00
      endloop
   endfacet
   facet normal -7.402182e-01 6.723668e-01 0.000000e+00
      outer loop
         vertex 2.627227e+02 1.675590e+03 1.000000e+03
         vertex 2.568552e+02 1.669131e+03 0.000000e+00
         vertex 2.568552e+02 1.669131e+03 1.000000e+03
      endloop
   endfacet
   facet normal -7.460561e-01 6.658831e-01 0.000000e+00
      outer loop
         vertex 2.568552e+02 1.669131e+03 1.000000e+03
         vertex 2.568552e+02 1.669131e+03 0.000000e+00
         vertex 2.510443e+02 1.662620e+03 0.000000e+00
      endloop
   endfacet
   facet normal -7.460561e-01 6.658831e-01 0.000000e+00
      outer loop
         vertex 2.568552e+02 1.669131e+03 1.000000e+03
         vertex 2.510443e+02 1.662620e+03 0.000000e+00
         vertex 2.510443e+02 1.662620e+03 1.000000e+03
      endloop
   endfacet
   facet normal -7.518400e-01 6.593456e-01 0.000000e+00
      outer loop
         vertex 2.510443e+02 1.662620e+03 1.000000e+03
         vertex 2.510443e+02 1.662620e+03 0.000000e+00
         vertex 2.452904e+02 1.656059e+03 0.000000e+00
      endloop
   endfacet
   facet normal -7.518400e-01 6.593456e-01 0.000000e+00
      outer loop
         vertex 2.510443e+02 1.662620e+03 1.000000e+03
         vertex 2.452904e+02 1.656059e+03 0.000000e+00
         vertex 2.452904e+02 1.656059e+03 1.000000e+03
      endloop
   endfacet
   facet normal -7.575671e-01 6.527573e-01 0.000000e+00
      outer loop
         vertex 2.452904e+02 1.656059e+03 1.000000e+03
         vertex 2.452904e+02 1.656059e+03 0.000000e+00
         vertex 2.395940e+02 1.649448e+03 0.000000e+00
      endloop
   endfacet
   facet normal -7.575671e-01 6.527573e-01 0.000000e+00
      outer loop
         vertex 2.452904e+02 1.656059e+03 1.000000e+03
         vertex 2.395940e+02 1.649448e+03 0.000000e+00
         vertex 2.395940e+02 1.649448e+03 1.000000e+03
      endloop
   endfacet
   facet normal -7.632306e-01 6.461262e-01 0.000000e+00
      outer loop
         vertex 2.395940e+02 1.649448e+03 1.000000e+03
         vertex 2.395940e+02 1.649448e+03 0.000000e+00
         vertex 2.339556e+02 1.642788e+03 0.000000e+00
      endloop
   endfacet
   facet normal -7.632306e-01 6.461262e-01 0.000000e+00
      outer loop
         vertex 2.395940e+02 1.649448e+03 1.000000e+03
         vertex 2.339556e+02 1.642788e+03 0.000000e+00
         vertex 2.339556e+02 1.642788e+03 1.000000e+03
      endloop
   endfacet
   facet normal -7.688429e-01 6.394377e-01 0.000000e+00
      outer loop
         vertex 2.339556e+02 1.642788e+03 1.000000e+03
         vertex 2.339556e+02 1.642788e+03 0.000000e+00
         vertex 2.283754e+02 1.636078e+03 0.000000e+00
      endloop
   endfacet
   facet normal -7.688429e-01 6.394377e-01 0.000000e+00
      outer loop
         vertex 2.339556e+02 1.642788e+03 1.000000e+03
         vertex 2.283754e+02 1.636078e+03 0.000000e+00
         vertex 2.283754e+02 1.636078e+03 1.000000e+03
      endloop
   endfacet
   facet normal -7.743917e-01 6.327065e-01 0.000000e+00
      outer loop
         vertex 2.283754e+02 1.636078e+03 1.000000e+03
         vertex 2.283754e+02 1.636078e+03 0.000000e+00
         vertex 2.228540e+02 1.629320e+03 0.000000e+00
      endloop
   endfacet
   facet normal -7.743917e-01 6.327065e-01 0.000000e+00
      outer loop
         vertex 2.283754e+02 1.636078e+03 1.000000e+03
         vertex 2.228540e+02 1.629320e+03 0.000000e+00
         vertex 2.228540e+02 1.629320e+03 1.000000e+03
      endloop
   endfacet
   facet normal -7.798843e-01 6.259237e-01 0.000000e+00
      outer loop
         vertex 2.228540e+02 1.629320e+03 1.000000e+03
         vertex 2.228540e+02 1.629320e+03 0.000000e+00
         vertex 2.173918e+02 1.622515e+03 0.000000e+00
      endloop
   endfacet
   facet normal -7.798843e-01 6.259237e-01 0.000000e+00
      outer loop
         vertex 2.228540e+02 1.629320e+03 1.000000e+03
         vertex 2.173918e+02 1.622515e+03 0.000000e+00
         vertex 2.173918e+02 1.622515e+03 1.000000e+03
      endloop
   endfacet
   facet normal -7.853155e-01 6.190958e-01 0.000000e+00
      outer loop
         vertex 2.173918e+02 1.622515e+03 1.000000e+03
         vertex 2.173918e+02 1.622515e+03 0.000000e+00
         vertex 2.119892e+02 1.615662e+03 0.000000e+00
      endloop
   endfacet
   facet normal -7.853155e-01 6.190958e-01 0.000000e+00
      outer loop
         vertex 2.173918e+02 1.622515e+03 1.000000e+03
         vertex 2.119892e+02 1.615662e+03 0.000000e+00
         vertex 2.119892e+02 1.615662e+03 1.000000e+03
      endloop
   endfacet
   facet normal -7.906931e-01 6.122127e-01 0.000000e+00
      outer loop
         vertex 2.119892e+02 1.615662e+03 1.000000e+03
         vertex 2.119892e+02 1.615662e+03 0.000000e+00
         vertex 2.066467e+02 1.608761e+03 0.000000e+00
      endloop
   endfacet
   facet normal -7.906931e-01 6.122127e-01 0.000000e+00
      outer loop
         vertex 2.119892e+02 1.615662e+03 1.000000e+03
         vertex 2.066467e+02 1.608761e+03 0.000000e+00
         vertex 2.066467e+02 1.608761e+03 1.000000e+03
      endloop
   endfacet
   facet normal -7.960015e-01 6.052947e-01 0.000000e+00
      outer loop
         vertex 2.066467e+02 1.608761e+03 1.000000e+03
         vertex 2.066467e+02 1.608761e+03 0.000000e+00
         vertex 2.013645e+02 1.601815e+03 0.000000e+00
      endloop
   endfacet
   facet normal -7.960015e-01 6.052947e-01 0.000000e+00
      outer loop
         vertex 2.066467e+02 1.608761e+03 1.000000e+03
         vertex 2.013645e+02 1.601815e+03 0.000000e+00
         vertex 2.013645e+02 1.601815e+03 1.000000e+03
      endloop
   endfacet
   facet normal -8.012547e-01 5.983234e-01 0.000000e+00
      outer loop
         vertex 2.013645e+02 1.601815e+03 1.000000e+03
         vertex 2.013645e+02 1.601815e+03 0.000000e+00
         vertex 1.961432e+02 1.594823e+03 0.000000e+00
      endloop
   endfacet
   facet normal -8.012547e-01 5.983234e-01 0.000000e+00
      outer loop
         vertex 2.013645e+02 1.601815e+03 1.000000e+03
         vertex 1.961432e+02 1.594823e+03 0.000000e+00
         vertex 1.961432e+02 1.594823e+03 1.000000e+03
      endloop
   endfacet
   facet normal -8.064430e-01 5.913118e-01 0.000000e+00
      outer loop
         vertex 1.961432e+02 1.594823e+03 1.000000e+03
         vertex 1.961432e+02 1.594823e+03 0.000000e+00
         vertex 1.909830e+02 1.587785e+03 0.000000e+00
      endloop
   endfacet
   facet normal -8.064430e-01 5.913118e-01 0.000000e+00
      outer loop
         vertex 1.961432e+02 1.594823e+03 1.000000e+03
         vertex 1.909830e+02 1.587785e+03 0.000000e+00
         vertex 1.909830e+02 1.587785e+03 1.000000e+03
      endloop
   endfacet
   facet normal -8.115736e-01 5.842502e-01 0.000000e+00
      outer loop
         vertex 1.909830e+02 1.587785e+03 1.000000e+03
         vertex 1.909830e+02 1.587785e+03 0.000000e+00
         vertex 1.858845e+02 1.580703e+03 0.000000e+00
      endloop
   endfacet
   facet normal -8.115736e-01 5.842502e-01 0.000000e+00
      outer loop
         vertex 1.909830e+02 1.587785e+03 1.000000e+03
         vertex 1.858845e+02 1.580703e+03 0.000000e+00
         vertex 1.858845e+02 1.580703e+03 1.000000e+03
      endloop
   endfacet
   facet normal -8.166408e-01 5.771462e-01 0.000000e+00
      outer loop
         vertex 1.858845e+02 1.580703e+03 1.000000e+03
         vertex 1.858845e+02 1.580703e+03 0.000000e+00
         vertex 1.808479e+02 1.573576e+03 0.000000e+00
      endloop
   endfacet
   facet normal -8.166408e-01 5.771462e-01 0.000000e+00
      outer loop
         vertex 1.858845e+02 1.580703e+03 1.000000e+03
         vertex 1.808479e+02 1.573576e+03 0.000000e+00
         vertex 1.808479e+02 1.573576e+03 1.000000e+03
      endloop
   endfacet
   facet normal -8.216479e-01 5.699954e-01 0.000000e+00
      outer loop
         vertex 1.808479e+02 1.573576e+03 1.000000e+03
         vertex 1.808479e+02 1.573576e+03 0.000000e+00
         vertex 1.758738e+02 1.566406e+03 0.000000e+00
      endloop
   endfacet
   facet normal -8.216479e-01 5.699954e-01 0.000000e+00
      outer loop
         vertex 1.808479e+02 1.573576e+03 1.000000e+03
         vertex 1.758738e+02 1.566406e+03 0.000000e+00
         vertex 1.758738e+02 1.566406e+03 1.000000e+03
      endloop
   endfacet
   facet normal -8.265916e-01 5.628022e-01 0.000000e+00
      outer loop
         vertex 1.758738e+02 1.566406e+03 1.000000e+03
         vertex 1.758738e+02 1.566406e+03 0.000000e+00
         vertex 1.709625e+02 1.559193e+03 0.000000e+00
      endloop
   endfacet
   facet normal -8.265916e-01 5.628022e-01 0.000000e+00
      outer loop
         vertex 1.758738e+02 1.566406e+03 1.000000e+03
         vertex 1.709625e+02 1.559193e+03 0.000000e+00
         vertex 1.709625e+02 1.559193e+03 1.000000e+03
      endloop
   endfacet
   facet normal -8.314666e-01 5.555747e-01 0.000000e+00
      outer loop
         vertex 1.709625e+02 1.559193e+03 1.000000e+03
         vertex 1.709625e+02 1.559193e+03 0.000000e+00
         vertex 1.661142e+02 1.551937e+03 0.000000e+00
      endloop
   endfacet
   facet normal -8.314666e-01 5.555747e-01 0.000000e+00
      outer loop
         vertex 1.709625e+02 1.559193e+03 1.000000e+03
         vertex 1.661142e+02 1.551937e+03 0.000000e+00
         vertex 1.661142e+02 1.551937e+03 1.000000e+03
      endloop
   endfacet
   facet normal -8.362878e-01 5.482907e-01 0.000000e+00
      outer loop
         vertex 1.661142e+02 1.551937e+03 1.000000e+03
         vertex 1.661142e+02 1.551937e+03 0.000000e+00
         vertex 1.613294e+02 1.544639e+03 0.000000e+00
      endloop
   endfacet
   facet normal -8.362878e-01 5.482907e-01 0.000000e+00
      outer loop
         vertex 1.661142e+02 1.551937e+03 1.000000e+03
         vertex 1.613294e+02 1.544639e+03 0.000000e+00
         vertex 1.613294e+02 1.544639e+03 1.000000e+03
      endloop
   endfacet
   facet normal -8.410393e-01 5.409740e-01 0.000000e+00
      outer loop
         vertex 1.613294e+02 1.544639e+03 1.000000e+03
         vertex 1.613294e+02 1.544639e+03 0.000000e+00
         vertex 1.566086e+02 1.537300e+03 0.000000e+00
      endloop
   endfacet
   facet normal -8.410393e-01 5.409740e-01 0.000000e+00
      outer loop
         vertex 1.613294e+02 1.544639e+03 1.000000e+03
         vertex 1.566086e+02 1.537300e+03 0.000000e+00
         vertex 1.566086e+02 1.537300e+03 1.000000e+03
      endloop
   endfacet
   facet normal -8.457274e-01 5.336152e-01 0.000000e+00
      outer loop
         vertex 1.566086e+02 1.537300e+03 1.000000e+03
         vertex 1.566086e+02 1.537300e+03 0.000000e+00
         vertex 1.519519e+02 1.529919e+03 0.000000e+00
      endloop
   endfacet
   facet normal -8.457274e-01 5.336152e-01 0.000000e+00
      outer loop
         vertex 1.566086e+02 1.537300e+03 1.000000e+03
         vertex 1.519519e+02 1.529919e+03 0.000000e+00
         vertex 1.519519e+02 1.529919e+03 1.000000e+03
      endloop
   endfacet
   facet normal -8.503532e-01 5.262123e-01 0.000000e+00
      outer loop
         vertex 1.519519e+02 1.529919e+03 1.000000e+03
         vertex 1.519519e+02 1.529919e+03 0.000000e+00
         vertex 1.473598e+02 1.522499e+03 0.000000e+00
      endloop
   endfacet
   facet normal -8.503532e-01 5.262123e-01 0.000000e+00
      outer loop
         vertex 1.519519e+02 1.529919e+03 1.000000e+03
         vertex 1.473598e+02 1.522499e+03 0.000000e+00
         vertex 1.473598e+02 1.522499e+03 1.000000e+03
      endloop
   endfacet
   facet normal -8.549106e-01 5.187753e-01 0.000000e+00
      outer loop
         vertex 1.473598e+02 1.522499e+03 1.000000e+03
         vertex 1.473598e+02 1.522499e+03 0.000000e+00
         vertex 1.428327e+02 1.515038e+03 0.000000e+00
      endloop
   endfacet
   facet normal -8.549106e-01 5.187753e-01 0.000000e+00
      outer loop
         vertex 1.473598e+02 1.522499e+03 1.000000e+03
         vertex 1.428327e+02 1.515038e+03 0.000000e+00
         vertex 1.428327e+02 1.515038e+03 1.000000e+03
      endloop
   endfacet
   facet normal -8.594047e-01 5.112960e-01 0.000000e+00
      outer loop
         vertex 1.428327e+02 1.515038e+03 1.000000e+03
         vertex 1.428327e+02 1.515038e+03 0.000000e+00
         vertex 1.383708e+02 1.507538e+03 0.000000e+00
      endloop
   endfacet
   facet normal -8.594047e-01 5.112960e-01 0.000000e+00
      outer loop
         vertex 1.428327e+02 1.515038e+03 1.000000e+03
         vertex 1.383708e+02 1.507538e+03 0.000000e+00
         vertex 1.383708e+02 1.507538e+03 1.000000e+03
      endloop
   endfacet
   facet normal -8.638381e-01 5.037695e-01 0.000000e+00
      outer loop
         vertex 1.383708e+02 1.507538e+03 1.000000e+03
         vertex 1.383708e+02 1.507538e+03 0.000000e+00
         vertex 1.339746e+02 1.500000e+03 0.000000e+00
      endloop
   endfacet
   facet normal -8.638381e-01 5.037695e-01 0.000000e+00
      outer loop
         vertex 1.383708e+02 1.507538e+03 1.000000e+03
         vertex 1.339746e+02 1.500000e+03 0.000000e+00
         vertex 1.339746e+02 1.500000e+03 1.000000e+03
      endloop
   endfacet
   facet normal -8.681965e-01 4.962206e-01 0.000000e+00
      outer loop
         vertex 1.339746e+02 1.500000e+03 1.000000e+03
         vertex 1.339746e+02 1.500000e+03 0.000000e+00
         vertex 1.296443e+02 1.492424e+03 0.000000e+00
      endloop
   endfacet
   facet normal -8.681965e-01 4.962206e-01 0.000000e+00
      outer loop
         vertex 1.339746e+02 1.500000e+03 1.000000e+03
         vertex 1.296443e+02 1.492424e+03 0.000000e+00
         vertex 1.296443e+02 1.492424e+03 1.000000e+03
      endloop
   endfacet
   facet normal -8.724972e-01 4.886192e-01 0.000000e+00
      outer loop
         vertex 1.296443e+02 1.492424e+03 1.000000e+03
         vertex 1.296443e+02 1.492424e+03 0.000000e+00
         vertex 1.253803e+02 1.484810e+03 0.000000e+00
      endloop
   endfacet
   facet normal -8.724972e-01 4.886192e-01 0.000000e+00
      outer loop
         vertex 1.296443e+02 1.492424e+03 1.000000e+03
         vertex 1.253803e+02 1.484810e+03 0.000000e+00
         vertex 1.253803e+02 1.484810e+03 1.000000e+03
      endloop
   endfacet
   facet normal -8.767259e-01 4.809903e-01 0.000000e+00
      outer loop
         vertex 1.253803e+02 1.484810e+03 1.000000e+03
         vertex 1.253803e+02 1.484810e+03 0.000000e+00
         vertex 1.211829e+02 1.477159e+03 0.000000e+00
      endloop
   endfacet
   facet normal -8.767259e-01 4.809903e-01 0.000000e+00
      outer loop
         vertex 1.253803e+02 1.484810e+03 1.000000e+03
         vertex 1.211829e+02 1.477159e+03 0.000000e+00
         vertex 1.211829e+02 1.477159e+03 1.000000e+03
      endloop
   endfacet
   facet normal -8.808931e-01 4.733154e-01 0.000000e+00
      outer loop
         vertex 1.211829e+02 1.477159e+03 1.000000e+03
         vertex 1.211829e+02 1.477159e+03 0.000000e+00
         vertex 1.170524e+02 1.469472e+03 0.000000e+00
      endloop
   endfacet
   facet normal -8.808931e-01 4.733154e-01 0.000000e+00
      outer loop
         vertex 1.211829e+02 1.477159e+03 1.000000e+03
         vertex 1.170524e+02 1.469472e+03 0.000000e+00
         vertex 1.170524e+02 1.469472e+03 1.000000e+03
      endloop
   endfacet
   facet normal -8.849878e-01 4.656141e-01 0.000000e+00
      outer loop
         vertex 1.170524e+02 1.469472e+03 1.000000e+03
         vertex 1.170524e+02 1.469472e+03 0.000000e+00
         vertex 1.129892e+02 1.461749e+03 0.000000e+00
      endloop
   endfacet
   facet normal -8.849878e-01 4.656141e-01 0.000000e+00
      outer loop
         vertex 1.170524e+02 1.469472e+03 1.000000e+03
         vertex 1.129892e+02 1.461749e+03 0.000000e+00
         vertex 1.129892e+02 1.461749e+03 1.000000e+03
      endloop
   endfacet
   facet normal -8.890159e-01 4.578764e-01 0.000000e+00
      outer loop
         vertex 1.129892e+02 1.461749e+03 1.000000e+03
         vertex 1.129892e+02 1.461749e+03 0.000000e+00
         vertex 1.089935e+02 1.453990e+03 0.000000e+00
      endloop
   endfacet
   facet normal -8.890159e-01 4.578764e-01 0.000000e+00
      outer loop
         vertex 1.129892e+02 1.461749e+03 1.000000e+03
         vertex 1.089935e+02 1.453990e+03 0.000000e+00
         vertex 1.089935e+02 1.453990e+03 1.000000e+03
      endloop
   endfacet
   facet normal -8.929793e-01 4.500977e-01 0.000000e+00
      outer loop
         vertex 1.089935e+02 1.453990e+03 1.000000e+03
         vertex 1.089935e+02 1.453990e+03 0.000000e+00
         vertex 1.050656e+02 1.446198e+03 0.000000e+00
      endloop
   endfacet
   facet normal -8.929793e-01 4.500977e-01 0.000000e+00
      outer loop
         vertex 1.089935e+02 1.453990e+03 1.000000e+03
         vertex 1.050656e+02 1.446198e+03 0.000000e+00
         vertex 1.050656e+02 1.446198e+03 1.000000e+03
      endloop
   endfacet
   facet normal -8.968719e-01 4.422905e-01 0.000000e+00
      outer loop
         vertex 1.050656e+02 1.446198e+03 1.000000e+03
         vertex 1.050656e+02 1.446198e+03 0.000000e+00
         vertex 1.012059e+02 1.438371e+03 0.000000e+00
      endloop
   endfacet
   facet normal -8.968719e-01 4.422905e-01 0.000000e+00
      outer loop
         vertex 1.050656e+02 1.446198e+03 1.000000e+03
         vertex 1.012059e+02 1.438371e+03 0.000000e+00
         vertex 1.012059e+02 1.438371e+03 1.000000e+03
      endloop
   endfacet
   facet normal -9.006997e-01 4.344423e-01 0.000000e+00
      outer loop
         vertex 1.012059e+02 1.438371e+03 1.000000e+03
         vertex 1.012059e+02 1.438371e+03 0.000000e+00
         vertex 9.741473e+01 1.430511e+03 0.000000e+00
      endloop
   endfacet
   facet normal -9.006997e-01 4.344423e-01 0.000000e+00
      outer loop
         vertex 1.012059e+02 1.438371e+03 1.000000e+03
         vertex 9.741473e+01 1.430511e+03 0.000000e+00
         vertex 9.741473e+01 1.430511e+03 1.000000e+03
      endloop
   endfacet
   facet normal -9.044527e-01 4.265738e-01 0.000000e+00
      outer loop
         vertex 9.741473e+01 1.430511e+03 1.000000e+03
         vertex 9.741473e+01 1.430511e+03 0.000000e+00
         vertex 9.369218e+01 1.422618e+03 0.000000e+00
      endloop
   endfacet
   facet normal -9.044527e-01 4.265738e-01 0.000000e+00
      outer loop
         vertex 9.741473e+01 1.430511e+03 1.000000e+03
         vertex 9.369218e+01 1.422618e+03 0.000000e+00
         vertex 9.369218e+01 1.422618e+03 1.000000e+03
      endloop
   endfacet
   facet normal -9.081442e-01 4.186575e-01 0.000000e+00
      outer loop
         vertex 9.369218e+01 1.422618e+03 1.000000e+03
         vertex 9.369218e+01 1.422618e+03 0.000000e+00
         vertex 9.003872e+01 1.414693e+03 0.000000e+00
      endloop
   endfacet
   facet normal -9.081442e-01 4.186575e-01 0.000000e+00
      outer loop
         vertex 9.369218e+01 1.422618e+03 1.000000e+03
         vertex 9.003872e+01 1.414693e+03 0.000000e+00
         vertex 9.003872e+01 1.414693e+03 1.000000e+03
      endloop
   endfacet
   facet normal -9.117637e-01 4.107152e-01 0.000000e+00
      outer loop
         vertex 9.003872e+01 1.414693e+03 1.000000e+03
         vertex 9.003872e+01 1.414693e+03 0.000000e+00
         vertex 8.645457e+01 1.406737e+03 0.000000e+00
      endloop
   endfacet
   facet normal -9.117637e-01 4.107152e-01 0.000000e+00
      outer loop
         vertex 9.003872e+01 1.414693e+03 1.000000e+03
         vertex 8.645457e+01 1.406737e+03 0.000000e+00
         vertex 8.645457e+01 1.406737e+03 1.000000e+03
      endloop
   endfacet
   facet normal -9.153099e-01 4.027503e-01 0.000000e+00
      outer loop
         vertex 8.645457e+01 1.406737e+03 1.000000e+03
         vertex 8.645457e+01 1.406737e+03 0.000000e+00
         vertex 8.293992e+01 1.398749e+03 0.000000e+00
      endloop
   endfacet
   facet normal -9.153099e-01 4.027503e-01 0.000000e+00
      outer loop
         vertex 8.645457e+01 1.406737e+03 1.000000e+03
         vertex 8.293992e+01 1.398749e+03 0.000000e+00
         vertex 8.293992e+01 1.398749e+03 1.000000e+03
      endloop
   endfacet
   facet normal -9.187910e-01 3.947443e-01 0.000000e+00
      outer loop
         vertex 8.293992e+01 1.398749e+03 1.000000e+03
         vertex 8.293992e+01 1.398749e+03 0.000000e+00
         vertex 7.949513e+01 1.390731e+03 0.000000e+00
      endloop
   endfacet
   facet normal -9.187910e-01 3.947443e-01 0.000000e+00
      outer loop
         vertex 8.293992e+01 1.398749e+03 1.000000e+03
         vertex 7.949513e+01 1.390731e+03 0.000000e+00
         vertex 7.949513e+01 1.390731e+03 1.000000e+03
      endloop
   endfacet
   facet normal -9.222028e-01 3.867066e-01 0.000000e+00
      outer loop
         vertex 7.949513e+01 1.390731e+03 1.000000e+03
         vertex 7.949513e+01 1.390731e+03 0.000000e+00
         vertex 7.612050e+01 1.382683e+03 0.000000e+00
      endloop
   endfacet
   facet normal -9.222028e-01 3.867066e-01 0.000000e+00
      outer loop
         vertex 7.949513e+01 1.390731e+03 1.000000e+03
         vertex 7.612050e+01 1.382683e+03 0.000000e+00
         vertex 7.612050e+01 1.382683e+03 1.000000e+03
      endloop
   endfacet
   facet normal -9.255390e-01 3.786523e-01 0.000000e+00
      outer loop
         vertex 7.612050e+01 1.382683e+03 1.000000e+03
         vertex 7.612050e+01 1.382683e+03 0.000000e+00
         vertex 7.281613e+01 1.374607e+03 0.000000e+00
      endloop
   endfacet
   facet normal -9.255390e-01 3.786523e-01 0.000000e+00
      outer loop
         vertex 7.612050e+01 1.382683e+03 1.000000e+03
         vertex 7.281613e+01 1.374607e+03 0.000000e+00
         vertex 7.281613e+01 1.374607e+03 1.000000e+03
      endloop
   endfacet
   facet normal -9.288089e-01 3.705591e-01 0.000000e+00
      outer loop
         vertex 7.281613e+01 1.374607e+03 1.000000e+03
         vertex 7.281613e+01 1.374607e+03 0.000000e+00
         vertex 6.958240e+01 1.366501e+03 0.000000e+00
      endloop
   endfacet
   facet normal -9.288089e-01 3.705591e-01 0.000000e+00
      outer loop
         vertex 7.281613e+01 1.374607e+03 1.000000e+03
         vertex 6.958240e+01 1.366501e+03 0.000000e+00
         vertex 6.958240e+01 1.366501e+03 1.000000e+03
      endloop
   endfacet
   facet normal -9.320099e-01 3.624329e-01 0.000000e+00
      outer loop
         vertex 6.958240e+01 1.366501e+03 1.000000e+03
         vertex 6.958240e+01 1.366501e+03 0.000000e+00
         vertex 6.641960e+01 1.358368e+03 0.000000e+00
      endloop
   endfacet
   facet normal -9.320099e-01 3.624329e-01 0.000000e+00
      outer loop
         vertex 6.958240e+01 1.366501e+03 1.000000e+03
         vertex 6.641960e+01 1.358368e+03 0.000000e+00
         vertex 6.641960e+01 1.358368e+03 1.000000e+03
      endloop
   endfacet
   facet normal -9.351332e-01 3.542963e-01 0.000000e+00
      outer loop
         vertex 6.641960e+01 1.358368e+03 1.000000e+03
         vertex 6.641960e+01 1.358368e+03 0.000000e+00
         vertex 6.332779e+01 1.350207e+03 0.000000e+00
      endloop
   endfacet
   facet normal -9.351332e-01 3.542963e-01 0.000000e+00
      outer loop
         vertex 6.641960e+01 1.358368e+03 1.000000e+03
         vertex 6.332779e+01 1.350207e+03 0.000000e+00
         vertex 6.332779e+01 1.350207e+03 1.000000e+03
      endloop
   endfacet
   facet normal -9.381922e-01 3.461146e-01 0.000000e+00
      outer loop
         vertex 6.332779e+01 1.350207e+03 1.000000e+03
         vertex 6.332779e+01 1.350207e+03 0.000000e+00
         vertex 6.030738e+01 1.342020e+03 0.000000e+00
      endloop
   endfacet
   facet normal -9.381922e-01 3.461146e-01 0.000000e+00
      outer loop
         vertex 6.332779e+01 1.350207e+03 1.000000e+03
         vertex 6.030738e+01 1.342020e+03 0.000000e+00
         vertex 6.030738e+01 1.342020e+03 1.000000e+03
      endloop
   endfacet
   facet normal -9.411756e-01 3.379178e-01 0.000000e+00
      outer loop
         vertex 6.030738e+01 1.342020e+03 1.000000e+03
         vertex 6.030738e+01 1.342020e+03 0.000000e+00
         vertex 5.735850e+01 1.333807e+03 0.000000e+00
      endloop
   endfacet
   facet normal -9.411756e-01 3.379178e-01 0.000000e+00
      outer loop
         vertex 6.030738e+01 1.342020e+03 1.000000e+03
         vertex 5.735850e+01 1.333807e+03 0.000000e+00
         vertex 5.735850e+01 1.333807e+03 1.000000e+03
      endloop
   endfacet
   facet normal -9.440900e-01 3.296879e-01 0.000000e+00
      outer loop
         vertex 5.735850e+01 1.333807e+03 1.000000e+03
         vertex 5.735850e+01 1.333807e+03 0.000000e+00
         vertex 5.448145e+01 1.325568e+03 0.000000e+00
      endloop
   endfacet
   facet normal -9.440900e-01 3.296879e-01 0.000000e+00
      outer loop
         vertex 5.735850e+01 1.333807e+03 1.000000e+03
         vertex 5.448145e+01 1.325568e+03 0.000000e+00
         vertex 5.448145e+01 1.325568e+03 1.000000e+03
      endloop
   endfacet
   facet normal -9.469289e-01 3.214430e-01 0.000000e+00
      outer loop
         vertex 5.448145e+01 1.325568e+03 1.000000e+03
         vertex 5.448145e+01 1.325568e+03 0.000000e+00
         vertex 5.167633e+01 1.317305e+03 0.000000e+00
      endloop
   endfacet
   facet normal -9.469289e-01 3.214430e-01 0.000000e+00
      outer loop
         vertex 5.448145e+01 1.325568e+03 1.000000e+03
         vertex 5.167633e+01 1.317305e+03 0.000000e+00
         vertex 5.167633e+01 1.317305e+03 1.000000e+03
      endloop
   endfacet
   facet normal -9.496988e-01 3.131648e-01 0.000000e+00
      outer loop
         vertex 5.167633e+01 1.317305e+03 1.000000e+03
         vertex 5.167633e+01 1.317305e+03 0.000000e+00
         vertex 4.894346e+01 1.309017e+03 0.000000e+00
      endloop
   endfacet
   facet normal -9.496988e-01 3.131648e-01 0.000000e+00
      outer loop
         vertex 5.167633e+01 1.317305e+03 1.000000e+03
         vertex 4.894346e+01 1.309017e+03 0.000000e+00
         vertex 4.894346e+01 1.309017e+03 1.000000e+03
      endloop
   endfacet
   facet normal -9.523973e-01 3.048595e-01 0.000000e+00
      outer loop
         vertex 4.894346e+01 1.309017e+03 1.000000e+03
         vertex 4.894346e+01 1.309017e+03 0.000000e+00
         vertex 4.628307e+01 1.300706e+03 0.000000e+00
      endloop
   endfacet
   facet normal -9.523973e-01 3.048595e-01 0.000000e+00
      outer loop
         vertex 4.894346e+01 1.309017e+03 1.000000e+03
         vertex 4.628307e+01 1.300706e+03 0.000000e+00
         vertex 4.628307e+01 1.300706e+03 1.000000e+03
      endloop
   endfacet
   facet normal -9.550203e-01 2.965404e-01 0.000000e+00
      outer loop
         vertex 4.628307e+01 1.300706e+03 1.000000e+03
         vertex 4.628307e+01 1.300706e+03 0.000000e+00
         vertex 4.369527e+01 1.292372e+03 0.000000e+00
      endloop
   endfacet
   facet normal -9.550203e-01 2.965404e-01 0.000000e+00
      outer loop
         vertex 4.628307e+01 1.300706e+03 1.000000e+03
         vertex 4.369527e+01 1.292372e+03 0.000000e+00
         vertex 4.369527e+01 1.292372e+03 1.000000e+03
      endloop
   endfacet
   facet normal -9.575699e-01 2.882012e-01 0.000000e+00
      outer loop
         vertex 4.369527e+01 1.292372e+03 1.000000e+03
         vertex 4.369527e+01 1.292372e+03 0.000000e+00
         vertex 4.118025e+01 1.284015e+03 0.000000e+00
      endloop
   endfacet
   facet normal -9.575699e-01 2.882012e-01 0.000000e+00
      outer loop
         vertex 4.369527e+01 1.292372e+03 1.000000e+03
         vertex 4.118025e+01 1.284015e+03 0.000000e+00
         vertex 4.118025e+01 1.284015e+03 1.000000e+03
      endloop
   endfacet
   facet normal -9.600505e-01 2.798268e-01 0.000000e+00
      outer loop
         vertex 4.118025e+01 1.284015e+03 1.000000e+03
         vertex 4.118025e+01 1.284015e+03 0.000000e+00
         vertex 3.873831e+01 1.275637e+03 0.000000e+00
      endloop
   endfacet
   facet normal -9.600505e-01 2.798268e-01 0.000000e+00
      outer loop
         vertex 4.118025e+01 1.284015e+03 1.000000e+03
         vertex 3.873831e+01 1.275637e+03 0.000000e+00
         vertex 3.873831e+01 1.275637e+03 1.000000e+03
      endloop
   endfacet
   facet normal -9.624555e-01 2.714395e-01 0.000000e+00
      outer loop
         vertex 3.873831e+01 1.275637e+03 1.000000e+03
         vertex 3.873831e+01 1.275637e+03 0.000000e+00
         vertex 3.636956e+01 1.267238e+03 0.000000e+00
      endloop
   endfacet
   facet normal -9.624555e-01 2.714395e-01 0.000000e+00
      outer loop
         vertex 3.873831e+01 1.275637e+03 1.000000e+03
         vertex 3.636956e+01 1.267238e+03 0.000000e+00
         vertex 3.636956e+01 1.267238e+03 1.000000e+03
      endloop
   endfacet
   facet normal -9.647873e-01 2.630313e-01 0.000000e+00
      outer loop
         vertex 3.636956e+01 1.267238e+03 1.000000e+03
         vertex 3.636956e+01 1.267238e+03 0.000000e+00
         vertex 3.407419e+01 1.258819e+03 0.000000e+00
      endloop
   endfacet
   facet normal -9.647873e-01 2.630313e-01 0.000000e+00
      outer loop
         vertex 3.636956e+01 1.267238e+03 1.000000e+03
         vertex 3.407419e+01 1.258819e+03 0.000000e+00
         vertex 3.407419e+01 1.258819e+03 1.000000e+03
      endloop
   endfacet
   facet normal -9.670456e-01 2.546031e-01 0.000000e+00
      outer loop
         vertex 3.407419e+01 1.258819e+03 1.000000e+03
         vertex 3.407419e+01 1.258819e+03 0.000000e+00
         vertex 3.185236e+01 1.250380e+03 0.000000e+00
      endloop
   endfacet
   facet normal -9.670456e-01 2.546031e-01 0.000000e+00
      outer loop
         vertex 3.407419e+01 1.258819e+03 1.000000e+03
         vertex 3.185236e+01 1.250380e+03 0.000000e+00
         vertex 3.185236e+01 1.250380e+03 1.000000e+03
      endloop
   endfacet
   facet normal -9.692307e-01 2.461539e-01 0.000000e+00
      outer loop
         vertex 3.185236e+01 1.250380e+03 1.000000e+03
         vertex 3.185236e+01 1.250380e+03 0.000000e+00
         vertex 2.970427e+01 1.241922e+03 0.000000e+00
      endloop
   endfacet
   facet normal -9.692307e-01 2.461539e-01 0.000000e+00
      outer loop
         vertex 3.185236e+01 1.250380e+03 1.000000e+03
         vertex 2.970427e+01 1.241922e+03 0.000000e+00
         vertex 2.970427e+01 1.241922e+03 1.000000e+03
      endloop
   endfacet
   facet normal -9.713424e-01 2.376844e-01 0.000000e+00
      outer loop
         vertex 2.970427e+01 1.241922e+03 1.000000e+03
         vertex 2.970427e+01 1.241922e+03 0.000000e+00
         vertex 2.763009e+01 1.233445e+03 0.000000e+00
      endloop
   endfacet
   facet normal -9.713424e-01 2.376844e-01 0.000000e+00
      outer loop
         vertex 2.970427e+01 1.241922e+03 1.000000e+03
         vertex 2.763009e+01 1.233445e+03 0.000000e+00
         vertex 2.763009e+01 1.233445e+03 1.000000e+03
      endloop
   endfacet
   facet normal -9.733790e-01 2.292015e-01 0.000000e+00
      outer loop
         vertex 2.763009e+01 1.233445e+03 1.000000e+03
         vertex 2.763009e+01 1.233445e+03 0.000000e+00
         vertex 2.562994e+01 1.224951e+03 0.000000e+00
      endloop
   endfacet
   facet normal -9.733790e-01 2.292015e-01 0.000000e+00
      outer loop
         vertex 2.763009e+01 1.233445e+03 1.000000e+03
         vertex 2.562994e+01 1.224951e+03 0.000000e+00
         vertex 2.562994e+01 1.224951e+03 1.000000e+03
      endloop
   endfacet
   facet normal -9.753422e-01 2.206978e-01 0.000000e+00
      outer loop
         vertex 2.562994e+01 1.224951e+03 1.000000e+03
         vertex 2.562994e+01 1.224951e+03 0.000000e+00
         vertex 2.370399e+01 1.216440e+03 0.000000e+00
      endloop
   endfacet
   facet normal -9.753422e-01 2.206978e-01 0.000000e+00
      outer loop
         vertex 2.562994e+01 1.224951e+03 1.000000e+03
         vertex 2.370399e+01 1.216440e+03 0.000000e+00
         vertex 2.370399e+01 1.216440e+03 1.000000e+03
      endloop
   endfacet
   facet normal -9.772306e-01 2.121801e-01 0.000000e+00
      outer loop
         vertex 2.370399e+01 1.216440e+03 1.000000e+03
         vertex 2.370399e+01 1.216440e+03 0.000000e+00
         vertex 2.185237e+01 1.207912e+03 0.000000e+00
      endloop
   endfacet
   facet normal -9.772306e-01 2.121801e-01 0.000000e+00
      outer loop
         vertex 2.370399e+01 1.216440e+03 1.000000e+03
         vertex 2.185237e+01 1.207912e+03 0.000000e+00
         vertex 2.185237e+01 1.207912e+03 1.000000e+03
      endloop
   endfacet
   facet normal -9.790466e-01 2.036364e-01 0.000000e+00
      outer loop
         vertex 2.185237e+01 1.207912e+03 1.000000e+03
         vertex 2.185237e+01 1.207912e+03 0.000000e+00
         vertex 2.007532e+01 1.199368e+03 0.000000e+00
      endloop
   endfacet
   facet normal -9.790466e-01 2.036364e-01 0.000000e+00
      outer loop
         vertex 2.185237e+01 1.207912e+03 1.000000e+03
         vertex 2.007532e+01 1.199368e+03 0.000000e+00
         vertex 2.007532e+01 1.199368e+03 1.000000e+03
      endloop
   endfacet
   facet normal -9.807851e-01 1.950912e-01 0.000000e+00
      outer loop
         vertex 2.007532e+01 1.199368e+03 1.000000e+03
         vertex 2.007532e+01 1.199368e+03 0.000000e+00
         vertex 1.837283e+01 1.190809e+03 0.000000e+00
      endloop
   endfacet
   facet normal -9.807851e-01 1.950912e-01 0.000000e+00
      outer loop
         vertex 2.007532e+01 1.199368e+03 1.000000e+03
         vertex 1.837283e+01 1.190809e+03 0.000000e+00
         vertex 1.837283e+01 1.190809e+03 1.000000e+03
      endloop
   endfacet
   facet normal -9.824500e-01 1.865261e-01 0.000000e+00
      outer loop
         vertex 1.837283e+01 1.190809e+03 1.000000e+03
         vertex 1.837283e+01 1.190809e+03 0.000000e+00
         vertex 1.674509e+01 1.182236e+03 0.000000e+00
      endloop
   endfacet
   facet normal -9.824500e-01 1.865261e-01 0.000000e+00
      outer loop
         vertex 1.837283e+01 1.190809e+03 1.000000e+03
         vertex 1.674509e+01 1.182236e+03 0.000000e+00
         vertex 1.674509e+01 1.182236e+03 1.000000e+03
      endloop
   endfacet
   facet normal -9.840412e-01 1.779408e-01 0.000000e+00
      outer loop
         vertex 1.674509e+01 1.182236e+03 1.000000e+03
         vertex 1.674509e+01 1.182236e+03 0.000000e+00
         vertex 1.519227e+01 1.173648e+03 0.000000e+00
      endloop
   endfacet
   facet normal -9.840412e-01 1.779408e-01 0.000000e+00
      outer loop
         vertex 1.674509e+01 1.182236e+03 1.000000e+03
         vertex 1.519227e+01 1.173648e+03 0.000000e+00
         vertex 1.519227e+01 1.173648e+03 1.000000e+03
      endloop
   endfacet
   facet normal -9.855551e-01 1.693548e-01 0.000000e+00
      outer loop
         vertex 1.519227e+01 1.173648e+03 1.000000e+03
         vertex 1.519227e+01 1.173648e+03 0.000000e+00
         vertex 1.371437e+01 1.165048e+03 0.000000e+00
      endloop
   endfacet
   facet normal -9.855551e-01 1.693548e-01 0.000000e+00
      outer loop
         vertex 1.519227e+01 1.173648e+03 1.000000e+03
         vertex 1.371437e+01 1.165048e+03 0.000000e+00
         vertex 1.371437e+01 1.165048e+03 1.000000e+03
      endloop
   endfacet
   facet normal -9.869964e-01 1.607422e-01 0.000000e+00
      outer loop
         vertex 1.371437e+01 1.165048e+03 1.000000e+03
         vertex 1.371437e+01 1.165048e+03 0.000000e+00
         vertex 1.231164e+01 1.156434e+03 0.000000e+00
      endloop
   endfacet
   facet normal -9.869964e-01 1.607422e-01 0.000000e+00
      outer loop
         vertex 1.371437e+01 1.165048e+03 1.000000e+03
         vertex 1.231164e+01 1.156434e+03 0.000000e+00
         vertex 1.231164e+01 1.156434e+03 1.000000e+03
      endloop
   endfacet
   facet normal -9.883616e-01 1.521226e-01 0.000000e+00
      outer loop
         vertex 1.231164e+01 1.156434e+03 1.000000e+03
         vertex 1.231164e+01 1.156434e+03 0.000000e+00
         vertex 1.098412e+01 1.147809e+03 0.000000e+00
      endloop
   endfacet
   facet normal -9.883616e-01 1.521226e-01 0.000000e+00
      outer loop
         vertex 1.231164e+01 1.156434e+03 1.000000e+03
         vertex 1.098412e+01 1.147809e+03 0.000000e+00
         vertex 1.098412e+01 1.147809e+03 1.000000e+03
      endloop
   endfacet
   facet normal -9.896519e-01 1.434891e-01 0.000000e+00
      outer loop
         vertex 1.098412e+01 1.147809e+03 1.000000e+03
         vertex 1.098412e+01 1.147809e+03 0.000000e+00
         vertex 9.731948e+00 1.139173e+03 0.000000e+00
      endloop
   endfacet
   facet normal -9.896519e-01 1.434891e-01 0.000000e+00
      outer loop
         vertex 1.098412e+01 1.147809e+03 1.000000e+03
         vertex 9.731948e+00 1.139173e+03 0.000000e+00
         vertex 9.731948e+00 1.139173e+03 1.000000e+03
      endloop
   endfacet
   facet normal -9.908653e-01 1.348554e-01 0.000000e+00
      outer loop
         vertex 9.731948e+00 1.139173e+03 1.000000e+03
         vertex 9.731948e+00 1.139173e+03 0.000000e+00
         vertex 8.555114e+00 1.130526e+03 0.000000e+00
      endloop
   endfacet
   facet normal -9.908653e-01 1.348554e-01 0.000000e+00
      outer loop
         vertex 9.731948e+00 1.139173e+03 1.000000e+03
         vertex 8.555114e+00 1.130526e+03 0.000000e+00
         vertex 8.555114e+00 1.130526e+03 1.000000e+03
      endloop
   endfacet
   facet normal -9.920054e-01 1.261951e-01 0.000000e+00
      outer loop
         vertex 8.555114e+00 1.130526e+03 1.000000e+03
         vertex 8.555114e+00 1.130526e+03 0.000000e+00
         vertex 7.453859e+00 1.121869e+03 0.000000e+00
      endloop
   endfacet
   facet normal -9.920054e-01 1.261951e-01 0.000000e+00
      outer loop
         vertex 8.555114e+00 1.130526e+03 1.000000e+03
         vertex 7.453859e+00 1.121869e+03 0.000000e+00
         vertex 7.453859e+00 1.121869e+03 1.000000e+03
      endloop
   endfacet
   facet normal -9.930680e-01 1.175411e-01 0.000000e+00
      outer loop
         vertex 7.453859e+00 1.121869e+03 1.000000e+03
         vertex 7.453859e+00 1.121869e+03 0.000000e+00
         vertex 6.428123e+00 1.113203e+03 0.000000e+00
      endloop
   endfacet
   facet normal -9.930680e-01 1.175411e-01 0.000000e+00
      outer loop
         vertex 7.453859e+00 1.121869e+03 1.000000e+03
         vertex 6.428123e+00 1.113203e+03 0.000000e+00
         vertex 6.428123e+00 1.113203e+03 1.000000e+03
      endloop
   endfacet
   facet normal -9.940564e-01 1.088668e-01 0.000000e+00
      outer loop
         vertex 6.428123e+00 1.113203e+03 1.000000e+03
         vertex 6.428123e+00 1.113203e+03 0.000000e+00
         vertex 5.478084e+00 1.104528e+03 0.000000e+00
      endloop
   endfacet
   facet normal -9.940564e-01 1.088668e-01 0.000000e+00
      outer loop
         vertex 6.428123e+00 1.113203e+03 1.000000e+03
         vertex 5.478084e+00 1.104528e+03 0.000000e+00
         vertex 5.478084e+00 1.104528e+03 1.000000e+03
      endloop
   endfacet
   facet normal -9.949688e-01 1.001855e-01 0.000000e+00
      outer loop
         vertex 5.478084e+00 1.104528e+03 1.000000e+03
         vertex 5.478084e+00 1.104528e+03 0.000000e+00
         vertex 4.603803e+00 1.095846e+03 0.000000e+00
      endloop
   endfacet
   facet normal -9.949688e-01 1.001855e-01 0.000000e+00
      outer loop
         vertex 5.478084e+00 1.104528e+03 1.000000e+03
         vertex 4.603803e+00 1.095846e+03 0.000000e+00
         vertex 4.603803e+00 1.095846e+03 1.000000e+03
      endloop
   endfacet
   facet normal -9.958047e-01 9.150434e-02 0.000000e+00
      outer loop
         vertex 4.603803e+00 1.095846e+03 1.000000e+03
         vertex 4.603803e+00 1.095846e+03 0.000000e+00
         vertex 3.805280e+00 1.087156e+03 0.000000e+00
      endloop
   endfacet
   facet normal -9.958047e-01 9.150434e-02 0.000000e+00
      outer loop
         vertex 4.603803e+00 1.095846e+03 1.000000e+03
         vertex 3.805280e+00 1.087156e+03 0.000000e+00
         vertex 3.805280e+00 1.087156e+03 1.000000e+03
      endloop
   endfacet
   facet normal -9.965660e-01 8.280270e-02 0.000000e+00
      outer loop
         vertex 3.805280e+00 1.087156e+03 1.000000e+03
         vertex 3.805280e+00 1.087156e+03 0.000000e+00
         vertex 3.082693e+00 1.078459e+03 0.000000e+00
      endloop
   endfacet
   facet normal -9.965660e-01 8.280270e-02 0.000000e+00
      outer loop
         vertex 3.805280e+00 1.087156e+03 1.000000e+03
         vertex 3.082693e+00 1.078459e+03 0.000000e+00
         vertex 3.082693e+00 1.078459e+03 1.000000e+03
      endloop
   endfacet
   facet normal -9.972497e-01 7.411453e-02 0.000000e+00
      outer loop
         vertex 3.082693e+00 1.078459e+03 1.000000e+03
         vertex 3.082693e+00 1.078459e+03 0.000000e+00
         vertex 2.435923e+00 1.069756e+03 0.000000e+00
      endloop
   endfacet
   facet normal -9.972497e-01 7.411453e-02 0.000000e+00
      outer loop
         vertex 3.082693e+00 1.078459e+03 1.000000e+03
         vertex 2.435923e+00 1.069756e+03 0.000000e+00
         vertex 2.435923e+00 1.069756e+03 1.000000e+03
      endloop
   endfacet
   facet normal -9.978592e-01 6.539932e-02 0.000000e+00
      outer loop
         vertex 2.435923e+00 1.069756e+03 1.000000e+03
         vertex 2.435923e+00 1.069756e+03 0.000000e+00
         vertex 1.865208e+00 1.061049e+03 0.000000e+00
      endloop
   endfacet
   facet normal -9.978592e-01 6.539932e-02 0.000000e+00
      outer loop
         vertex 2.435923e+00 1.069756e+03 1.000000e+03
         vertex 1.865208e+00 1.061049e+03 0.000000e+00
         vertex 1.865208e+00 1.061049e+03 1.000000e+03
      endloop
   endfacet
   facet normal -9.983918e-01 5.669074e-02 0.000000e+00
      outer loop
         vertex 1.865208e+00 1.061049e+03 1.000000e+03
         vertex 1.865208e+00 1.061049e+03 0.000000e+00
         vertex 1.370490e+00 1.052336e+03 0.000000e+00
      endloop
   endfacet
   facet normal -9.983918e-01 5.669074e-02 0.000000e+00
      outer loop
         vertex 1.865208e+00 1.061049e+03 1.000000e+03
         vertex 1.370490e+00 1.052336e+03 0.000000e+00
         vertex 1.370490e+00 1.052336e+03 1.000000e+03
      endloop
   endfacet
   facet normal -9.988482e-01 4.798222e-02 0.000000e+00
      outer loop
         vertex 1.370490e+00 1.052336e+03 1.000000e+03
         vertex 1.370490e+00 1.052336e+03 0.000000e+00
         vertex 9.517670e-01 1.043619e+03 0.000000e+00
      endloop
   endfacet
   facet normal -9.988482e-01 4.798222e-02 0.000000e+00
      outer loop
         vertex 1.370490e+00 1.052336e+03 1.000000e+03
         vertex 9.517670e-01 1.043619e+03 0.000000e+00
         vertex 9.517670e-01 1.043619e+03 1.000000e+03
      endloop
   endfacet
   facet normal -9.992290e-01 3.926005e-02 0.000000e+00
      outer loop
         vertex 9.517670e-01 1.043619e+03 1.000000e+03
         vertex 9.517670e-01 1.043619e+03 0.000000e+00
         vertex 6.091595e-01 1.034899e+03 0.000000e+00
      endloop
   endfacet
   facet normal -9.992290e-01 3.926005e-02 0.000000e+00
      outer loop
         vertex 9.517670e-01 1.043619e+03 1.000000e+03
         vertex 6.091595e-01 1.034899e+03 0.000000e+00
         vertex 6.091595e-01 1.034899e+03 1.000000e+03
      endloop
   endfacet
   facet normal -9.995336e-01 3.053788e-02 0.000000e+00
      outer loop
         vertex 6.091595e-01 1.034899e+03 1.000000e+03
         vertex 6.091595e-01 1.034899e+03 0.000000e+00
         vertex 3.426671e-01 1.026177e+03 0.000000e+00
      endloop
   endfacet
   facet normal -9.995336e-01 3.053788e-02 0.000000e+00
      outer loop
         vertex 6.091595e-01 1.034899e+03 1.000000e+03
         vertex 3.426671e-01 1.026177e+03 0.000000e+00
         vertex 3.426671e-01 1.026177e+03 1.000000e+03
      endloop
   endfacet
   facet normal -9.997620e-01 2.181569e-02 0.000000e+00
      outer loop
         vertex 3.426671e-01 1.026177e+03 1.000000e+03
         vertex 3.426671e-01 1.026177e+03 0.000000e+00
         vertex 1.522899e-01 1.017452e+03 0.000000e+00
      endloop
   endfacet
   facet normal -9.997620e-01 2.181569e-02 0.000000e+00
      outer loop
         vertex 3.426671e-01 1.026177e+03 1.000000e+03
         vertex 1.522899e-01 1.017452e+03 0.000000e+00
         vertex 1.522899e-01 1.017452e+03 1.000000e+03
      endloop
   endfacet
   facet normal -9.999144e-01 1.308669e-02 0.000000e+00
      outer loop
         vertex 1.522899e-01 1.017452e+03 1.000000e+03
         vertex 1.522899e-01 1.017452e+03 0.000000e+00
         vertex 3.808737e-02 1.008727e+03 0.000000e+00
      endloop
   endfacet
   facet normal -9.999144e-01 1.308669e-02 0.000000e+00
      outer loop
         vertex 1.522899e-01 1.017452e+03 1.000000e+03
         vertex 3.808737e-02 1.008727e+03 0.000000e+00
         vertex 3.808737e-02 1.008727e+03 1.000000e+03
      endloop
   endfacet
   facet normal -9.999905e-01 4.364505e-03 0.000000e+00
      outer loop
         vertex 3.808737e-02 1.008727e+03 1.000000e+03
         vertex 3.808737e-02 1.008727e+03 0.000000e+00
         vertex 0.000000e+00 1.000000e+03 0.000000e+00
      endloop
   endfacet
   facet normal -9.999905e-01 4.364505e-03 0.000000e+00
      outer loop
         vertex 3.808737e-02 1.008727e+03 1.000000e+03
         vertex 0.000000e+00 1.000000e+03 0.000000e+00
         vertex 0.000000e+00 1.000000e+03 1.000000e+03
      endloop
   endfacet
   facet normal -9.999905e-01 -4.364505e-03 -0.000000e+00
      outer loop
         vertex 0.000000e+00 1.000000e+03 1.000000e+03
         vertex 0.000000e+00 1.000000e+03 0.000000e+00
         vertex 3.808737e-02 9.912735e+02 0.000000e+00
      endloop
   endfacet
   facet normal -9.999905e-01 -4.364505e-03 0.000000e+00
      outer loop
         vertex 0.000000e+00 1.000000e+03 1.000000e+03
         vertex 3.808737e-02 9.912735e+02 0.000000e+00
         vertex 3.808737e-02 9.912735e+02 1.000000e+03
      endloop
   endfacet
   facet normal -9.999144e-01 -1.308669e-02 -0.000000e+00
      outer loop
         vertex 3.808737e-02 9.912735e+02 1.000000e+03
         vertex 3.808737e-02 9.912735e+02 0.000000e+00
         vertex 1.522899e-01 9.825476e+02 0.000000e+00
      endloop
   endfacet
   facet normal -9.999144e-01 -1.308669e-02 0.000000e+00
      outer loop
         vertex 3.808737e-02 9.912735e+02 1.000000e+03
         vertex 1.522899e-01 9.825476e+02 0.000000e+00
         vertex 1.522899e-01 9.825476e+02 1.000000e+03
      endloop
   endfacet
   facet normal -9.997620e-01 -2.181569e-02 -0.000000e+00
      outer loop
         vertex 1.522899e-01 9.825476e+02 1.000000e+03
         vertex 1.522899e-01 9.825476e+02 0.000000e+00
         vertex 3.426671e-01 9.738231e+02 0.000000e+00
      endloop
   endfacet
   facet normal -9.997620e-01 -2.181569e-02 0.000000e+00
      outer loop
         vertex 1.522899e-01 9.825476e+02 1.000000e+03
         vertex 3.426671e-01 9.738231e+02 0.000000e+00
         vertex 3.426671e-01 9.738231e+02 1.000000e+03
      endloop
   endfacet
   facet normal -9.995336e-01 -3.053788e-02 -0.000000e+00
      outer loop
         vertex 3.426671e-01 9.738231e+02 1.000000e+03
         vertex 3.426671e-01 9.738231e+02 0.000000e+00
         vertex 6.091595e-01 9.651005e+02 0.000000e+00
      endloop
   endfacet
   facet normal -9.995336e-01 -3.053788e-02 0.000000e+00
      outer loop
         vertex 3.426671e-01 9.738231e+02 1.000000e+03
         vertex 6.091595e-01 9.651005e+02 0.000000e+00
         vertex 6.091595e-01 9.651005e+02 1.000000e+03
      endloop
   endfacet
   facet normal -9.992290e-01 -3.926005e-02 -0.000000e+00
      outer loop
         vertex 6.091595e-01 9.651005e+02 1.000000e+03
         vertex 6.091595e-01 9.651005e+02 0.000000e+00
         vertex 9.517670e-01 9.563806e+02 0.000000e+00
      endloop
   endfacet
   facet normal -9.992290e-01 -3.926005e-02 0.000000e+00
      outer loop
         vertex 6.091595e-01 9.651005e+02 1.000000e+03
         vertex 9.517670e-01 9.563806e+02 0.000000e+00
         vertex 9.517670e-01 9.563806e+02 1.000000e+03
      endloop
   endfacet
   facet normal -9.988482e-01 -4.798222e-02 -0.000000e+00
      outer loop
         vertex 9.517670e-01 9.563806e+02 1.000000e+03
         vertex 9.517670e-01 9.563806e+02 0.000000e+00
         vertex 1.370490e+00 9.476640e+02 0.000000e+00
      endloop
   endfacet
   facet normal -9.988482e-01 -4.798222e-02 0.000000e+00
      outer loop
         vertex 9.517670e-01 9.563806e+02 1.000000e+03
         vertex 1.370490e+00 9.476640e+02 0.000000e+00
         vertex 1.370490e+00 9.476640e+02 1.000000e+03
      endloop
   endfacet
   facet normal -9.983918e-01 -5.669074e-02 -0.000000e+00
      outer loop
         vertex 1.370490e+00 9.476640e+02 1.000000e+03
         vertex 1.370490e+00 9.476640e+02 0.000000e+00
         vertex 1.865208e+00 9.389515e+02 0.000000e+00
      endloop
   endfacet
   facet normal -9.983918e-01 -5.669074e-02 0.000000e+00
      outer loop
         vertex 1.370490e+00 9.476640e+02 1.000000e+03
         vertex 1.865208e+00 9.389515e+02 0.000000e+00
         vertex 1.865208e+00 9.389515e+02 1.000000e+03
      endloop
   endfacet
   facet normal -9.978592e-01 -6.539932e-02 -0.000000e+00
      outer loop
         vertex 1.865208e+00 9.389515e+02 1.000000e+03
         vertex 1.865208e+00 9.389515e+02 0.000000e+00
         vertex 2.435923e+00 9.302435e+02 0.000000e+00
      endloop
   endfacet
   facet normal -9.978592e-01 -6.539932e-02 0.000000e+00
      outer loop
         vertex 1.865208e+00 9.389515e+02 1.000000e+03
         vertex 2.435923e+00 9.302435e+02 0.000000e+00
         vertex 2.435923e+00 9.302435e+02 1.000000e+03
      endloop
   endfacet
   facet normal -9.972497e-01 -7.411453e-02 -0.000000e+00
      outer loop
         vertex 2.435923e+00 9.302435e+02 1.000000e+03
         vertex 2.435923e+00 9.302435e+02 0.000000e+00
         vertex 3.082693e+00 9.215409e+02 0.000000e+00
      endloop
   endfacet
   facet normal -9.972497e-01 -7.411453e-02 0.000000e+00
      outer loop
         vertex 2.435923e+00 9.302435e+02 1.000000e+03
         vertex 3.082693e+00 9.215409e+02 0.000000e+00
         vertex 3.082693e+00 9.215409e+02 1.000000e+03
      endloop
   endfacet
   facet normal -9.965660e-01 -8.280270e-02 -0.000000e+00
      outer loop
         vertex 3.082693e+00 9.215409e+02 1.000000e+03
         vertex 3.082693e+00 9.215409e+02 0.000000e+00
         vertex 3.805280e+00 9.128443e+02 0.000000e+00
      endloop
   endfacet
   facet normal -9.965660e-01 -8.280270e-02 0.000000e+00
      outer loop
         vertex 3.082693e+00 9.215409e+02 1.000000e+03
         vertex 3.805280e+00 9.128443e+02 0.000000e+00
         vertex 3.805280e+00 9.128443e+02 1.000000e+03
      endloop
   endfacet
   facet normal -9.958047e-01 -9.150434e-02 -0.000000e+00
      outer loop
         vertex 3.805280e+00 9.128443e+02 1.000000e+03
         vertex 3.805280e+00 9.128443e+02 0.000000e+00
         vertex 4.603803e+00 9.041542e+02 0.000000e+00
      endloop
   endfacet
   facet normal -9.958047e-01 -9.150434e-02 0.000000e+00
      outer loop
         vertex 3.805280e+00 9.128443e+02 1.000000e+03
         vertex 4.603803e+00 9.041542e+02 0.000000e+00
         vertex 4.603803e+00 9.041542e+02 1.000000e+03
      endloop
   endfacet
   facet normal -9.949688e-01 -1.001855e-01 -0.000000e+00
      outer loop
         vertex 4.603803e+00 9.041542e+02 1.000000e+03
         vertex 4.603803e+00 9.041542e+02 0.000000e+00
         vertex 5.478084e+00 8.954715e+02 0.000000e+00
      endloop
   endfacet
   facet normal -9.949688e-01 -1.001855e-01 0.000000e+00
      outer loop
         vertex 4.603803e+00 9.041542e+02 1.000000e+03
         vertex 5.478084e+00 8.954715e+02 0.000000e+00
         vertex 5.478084e+00 8.954715e+02 1.000000e+03
      endloop
   endfacet
   facet normal -9.940564e-01 -1.088668e-01 -0.000000e+00
      outer loop
         vertex 5.478084e+00 8.954715e+02 1.000000e+03
         vertex 5.478084e+00 8.954715e+02 0.000000e+00
         vertex 6.428123e+00 8.867968e+02 0.000000e+00
      endloop
   endfacet
   facet normal -9.940564e-01 -1.088668e-01 0.000000e+00
      outer loop
         vertex 5.478084e+00 8.954715e+02 1.000000e+03
         vertex 6.428123e+00 8.867968e+02 0.000000e+00
         vertex 6.428123e+00 8.867968e+02 1.000000e+03
      endloop
   endfacet
   facet normal -9.930680e-01 -1.175411e-01 -0.000000e+00
      outer loop
         vertex 6.428123e+00 8.867968e+02 1.000000e+03
         vertex 6.428123e+00 8.867968e+02 0.000000e+00
         vertex 7.453859e+00 8.781307e+02 0.000000e+00
      endloop
   endfacet
   facet normal -9.930680e-01 -1.175411e-01 0.000000e+00
      outer loop
         vertex 6.428123e+00 8.867968e+02 1.000000e+03
         vertex 7.453859e+00 8.781307e+02 0.000000e+00
         vertex 7.453859e+00 8.781307e+02 1.000000e+03
      endloop
   endfacet
   facet normal -9.920054e-01 -1.261951e-01 -0.000000e+00
      outer loop
         vertex 7.453859e+00 8.781307e+02 1.000000e+03
         vertex 7.453859e+00 8.781307e+02 0.000000e+00
         vertex 8.555114e+00 8.694738e+02 0.000000e+00
      endloop
   endfacet
   facet normal -9.920054e-01 -1.261951e-01 0.000000e+00
      outer loop
         vertex 7.453859e+00 8.781307e+02 1.000000e+03
         vertex 8.555114e+00 8.694738e+02 0.000000e+00
         vertex 8.555114e+00 8.694738e+02 1.000000e+03
      endloop
   endfacet
   facet normal -9.908653e-01 -1.348554e-01 -0.000000e+00
      outer loop
         vertex 8.555114e+00 8.694738e+02 1.000000e+03
         vertex 8.555114e+00 8.694738e+02 0.000000e+00
         vertex 9.731948e+00 8.608269e+02 0.000000e+00
      endloop
   endfacet
   facet normal -9.908653e-01 -1.348554e-01 0.000000e+00
      outer loop
         vertex 8.555114e+00 8.694738e+02 1.000000e+03
         vertex 9.731948e+00 8.608269e+02 0.000000e+00
         vertex 9.731948e+00 8.608269e+02 1.000000e+03
      endloop
   endfacet
   facet normal -9.896519e-01 -1.434891e-01 -0.000000e+00
      outer loop
         vertex 9.731948e+00 8.608269e+02 1.000000e+03
         vertex 9.731948e+00 8.608269e+02 0.000000e+00
         vertex 1.098412e+01 8.521906e+02 0.000000e+00
      endloop
   endfacet
   facet normal -9.896519e-01 -1.434891e-01 0.000000e+00
      outer loop
         vertex 9.731948e+00 8.608269e+02 1.000000e+03
         vertex 1.098412e+01 8.521906e+02 0.000000e+00
         vertex 1.098412e+01 8.521906e+02 1.000000e+03
      endloop
   endfacet
   facet normal -9.883616e-01 -1.521226e-01 -0.000000e+00
      outer loop
         vertex 1.098412e+01 8.521906e+02 1.000000e+03
         vertex 1.098412e+01 8.521906e+02 0.000000e+00
         vertex 1.231164e+01 8.435655e+02 0.000000e+00
      endloop
   endfacet
   facet normal -9.883616e-01 -1.521226e-01 0.000000e+00
      outer loop
         vertex 1.098412e+01 8.521906e+02 1.000000e+03
         vertex 1.231164e+01 8.435655e+02 0.000000e+00
         vertex 1.231164e+01 8.435655e+02 1.000000e+03
      endloop
   endfacet
   facet normal -9.869964e-01 -1.607422e-01 -0.000000e+00
      outer loop
         vertex 1.231164e+01 8.435655e+02 1.000000e+03
         vertex 1.231164e+01 8.435655e+02 0.000000e+00
         vertex 1.371437e+01 8.349524e+02 0.000000e+00
      endloop
   endfacet
   facet normal -9.869964e-01 -1.607422e-01 0.000000e+00
      outer loop
         vertex 1.231164e+01 8.435655e+02 1.000000e+03
         vertex 1.371437e+01 8.349524e+02 0.000000e+00
         vertex 1.371437e+01 8.349524e+02 1.000000e+03
      endloop
   endfacet
   facet normal -9.855551e-01 -1.693548e-01 -0.000000e+00
      outer loop
         vertex 1.371437e+01 8.349524e+02 1.000000e+03
         vertex 1.371437e+01 8.349524e+02 0.000000e+00
         vertex 1.519227e+01 8.263518e+02 0.000000e+00
      endloop
   endfacet
   facet normal -9.855551e-01 -1.693548e-01 0.000000e+00
      outer loop
         vertex 1.371437e+01 8.349524e+02 1.000000e+03
         vertex 1.519227e+01 8.263518e+02 0.000000e+00
         vertex 1.519227e+01 8.263518e+02 1.000000e+03
      endloop
   endfacet
   facet normal -9.840412e-01 -1.779408e-01 -0.000000e+00
      outer loop
         vertex 1.519227e+01 8.263518e+02 1.000000e+03
         vertex 1.519227e+01 8.263518e+02 0.000000e+00
         vertex 1.674509e+01 8.177645e+02 0.000000e+00
      endloop
   endfacet
   facet normal -9.840412e-01 -1.779408e-01 0.000000e+00
      outer loop
         vertex 1.519227e+01 8.263518e+02 1.000000e+03
         vertex 1.674509e+01 8.177645e+02 0.000000e+00
         vertex 1.674509e+01 8.177645e+02 1.000000e+03
      endloop
   endfacet
   facet normal -9.824500e-01 -1.865261e-01 -0.000000e+00
      outer loop
         vertex 1.674509e+01 8.177645e+02 1.000000e+03
         vertex 1.674509e+01 8.177645e+02 0.000000e+00
         vertex 1.837283e+01 8.091910e+02 0.000000e+00
      endloop
   endfacet
   facet normal -9.824500e-01 -1.865261e-01 0.000000e+00
      outer loop
         vertex 1.674509e+01 8.177645e+02 1.000000e+03
         vertex 1.837283e+01 8.091910e+02 0.000000e+00
         vertex 1.837283e+01 8.091910e+02 1.000000e+03
      endloop
   endfacet
   facet normal -9.807851e-01 -1.950912e-01 -0.000000e+00
      outer loop
         vertex 1.837283e+01 8.091910e+02 1.000000e+03
         vertex 1.837283e+01 8.091910e+02 0.000000e+00
         vertex 2.007532e+01 8.006321e+02 0.000000e+00
      endloop
   endfacet
   facet normal -9.807851e-01 -1.950912e-01 0.000000e+00
      outer loop
         vertex 1.837283e+01 8.091910e+02 1.000000e+03
         vertex 2.007532e+01 8.006321e+02 0.000000e+00
         vertex 2.007532e+01 8.006321e+02 1.000000e+03
      endloop
   endfacet
   facet normal -9.790466e-01 -2.036364e-01 -0.000000e+00
      outer loop
         vertex 2.007532e+01 8.006321e+02 1.000000e+03
         vertex 2.007532e+01 8.006321e+02 0.000000e+00
         vertex 2.185237e+01 7.920883e+02 0.000000e+00
      endloop
   endfacet
   facet normal -9.790466e-01 -2.036364e-01 0.000000e+00
      outer loop
         vertex 2.007532e+01 8.006321e+02 1.000000e+03
         vertex 2.185237e+01 7.920883e+02 0.000000e+00
         vertex 2.185237e+01 7.920883e+02 1.000000e+03
      endloop
   endfacet
   facet normal -9.772306e-01 -2.121801e-01 -0.000000e+00
      outer loop
         vertex 2.185237e+01 7.920883e+02 1.000000e+03
         vertex 2.185237e+01 7.920883e+02 0.000000e+00
         vertex 2.370399e+01 7.835604e+02 0.000000e+00
      endloop
   endfacet
   facet normal 4.344423e-01 9.006997e-01 0.000000e+00
      outer loop
         vertex 1.438371e+03 1.898794e+03 1.000000e+03
         vertex 1.430511e+03 1.902585e+03 0.000000e+00
         vertex 1.430511e+03 1.902585e+03 1.000000e+03
      endloop
   endfacet
   facet normal 4.265738e-01 9.044527e-01 0.000000e+00
      outer loop
         vertex 1.430511e+03 1.902585e+03 1.000000e+03
         vertex 1.430511e+03 1.902585e+03 0.000000e+00
         vertex 1.422618e+03 1.906308e+03 0.000000e+00
      endloop
   endfacet
   facet normal 4.265738e-01 9.044527e-01 0.000000e+00
      outer loop
         vertex 1.430511e+03 1.902585e+03 1.000000e+03
         vertex 1.422618e+03 1.906308e+03 0.000000e+00
         vertex 1.422618e+03 1.906308e+03 1.000000e+03
      endloop
   endfacet
   facet normal 4.186575e-01 9.081442e-01 0.000000e+00
      outer loop
         vertex 1.422618e+03 1.906308e+03 1.000000e+03
         vertex 1.422618e+03 1.906308e+03 0.000000e+00
         vertex 1.414693e+03 1.909961e+03 0.000000e+00
      endloop
   endfacet
   facet normal 4.186575e-01 9.081442e-01 0.000000e+00
      outer loop
         vertex 1.422618e+03 1.906308e+03 1.000000e+03
         vertex 1.414693e+03 1.909961e+03 0.000000e+00
         vertex 1.414693e+03 1.909961e+03 1.000000e+03
      endloop
   endfacet
   facet normal 4.107152e-01 9.117637e-01 0.000000e+00
      outer loop
         vertex 1.414693e+03 1.909961e+03 1.000000e+03
         vertex 1.414693e+03 1.909961e+03 0.000000e+00
         vertex 1.406737e+03 1.913545e+03 0.000000e+00
      endloop
   endfacet
   facet normal 4.107152e-01 9.117637e-01 0.000000e+00
      outer loop
         vertex 1.414693e+03 1.909961e+03 1.000000e+03
         vertex 1.406737e+03 1.913545e+03 0.000000e+00
         vertex 1.406737e+03 1.913545e+03 1.000000e+03
      endloop
   endfacet
   facet normal 4.027503e-01 9.153099e-01 0.000000e+00
      outer loop
         vertex 1.406737e+03 1.913545e+03 1.000000e+03
         vertex 1.406737e+03 1.913545e+03 0.000000e+00
         vertex 1.398749e+03 1.917060e+03 0.000000e+00
      endloop
   endfacet
   facet normal 4.027503e-01 9.153099e-01 0.000000e+00
      outer loop
         vertex 1.406737e+03 1.913545e+03 1.000000e+03
         vertex 1.398749e+03 1.917060e+03 0.000000e+00
         vertex 1.398749e+03 1.917060e+03 1.000000e+03
      endloop
   endfacet
   facet normal 3.947443e-01 9.187910e-01 0.000000e+00
      outer loop
         vertex 1.398749e+03 1.917060e+03 1.000000e+03
         vertex 1.398749e+03 1.917060e+03 0.000000e+00
         vertex 1.390731e+03 1.920505e+03 0.000000e+00
      endloop
   endfacet
   facet normal 3.947443e-01 9.187910e-01 0.000000e+00
      outer loop
         vertex 1.398749e+03 1.917060e+03 1.000000e+03
         vertex 1.390731e+03 1.920505e+03 0.000000e+00
         vertex 1.390731e+03 1.920505e+03 1.000000e+03
      endloop
   endfacet
   facet normal 3.867066e-01 9.222028e-01 0.000000e+00
      outer loop
         vertex 1.390731e+03 1.920505e+03 1.000000e+03
         vertex 1.390731e+03 1.920505e+03 0.000000e+00
         vertex 1.382683e+03 1.923880e+03 0.000000e+00
      endloop
   endfacet
   facet normal 3.867066e-01 9.222028e-01 0.000000e+00
      outer loop
         vertex 1.390731e+03 1.920505e+03 1.000000e+03
         vertex 1.382683e+03 1.923880e+03 0.000000e+00
         vertex 1.382683e+03 1.923880e+03 1.000000e+03
      endloop
   endfacet
   facet normal 3.786523e-01 9.255390e-01 0.000000e+00
      outer loop
         vertex 1.382683e+03 1.923880e+03 1.000000e+03
         vertex 1.382683e+03 1.923880e+03 0.000000e+00
         vertex 1.374607e+03 1.927184e+03 0.000000e+00
      endloop
   endfacet
   facet normal 3.786523e-01 9.255390e-01 0.000000e+00
      outer loop
         vertex 1.382683e+03 1.923880e+03 1.000000e+03
         vertex 1.374607e+03 1.927184e+03 0.000000e+00
         vertex 1.374607e+03 1.927184e+03 1.000000e+03
      endloop
   endfacet
   facet normal 3.705591e-01 9.288089e-01 0.000000e+00
      outer loop
         vertex 1.374607e+03 1.927184e+03 1.000000e+03
         vertex 1.374607e+03 1.927184e+03 0.000000e+00
         vertex 1.366501e+03 1.930418e+03 0.000000e+00
      endloop
   endfacet
   facet normal 3.705591e-01 9.288089e-01 0.000000e+00
      outer loop
         vertex 1.374607e+03 1.927184e+03 1.000000e+03
         vertex 1.366501e+03 1.930418e+03 0.000000e+00
         vertex 1.366501e+03 1.930418e+03 1.000000e+03
      endloop
   endfacet
   facet normal 3.624329e-01 9.320099e-01 0.000000e+00
      outer loop
         vertex 1.366501e+03 1.930418e+03 1.000000e+03
         vertex 1.366501e+03 1.930418e+03 0.000000e+00
         vertex 1.358368e+03 1.933580e+03 0.000000e+00
      endloop
   endfacet
   facet normal 3.624329e-01 9.320099e-01 0.000000e+00
      outer loop
         vertex 1.366501e+03 1.930418e+03 1.000000e+03
         vertex 1.358368e+03 1.933580e+03 0.000000e+00
         vertex 1.358368e+03 1.933580e+03 1.000000e+03
      endloop
   endfacet
   facet normal 3.542963e-01 9.351332e-01 0.000000e+00
      outer loop
         vertex 1.358368e+03 1.933580e+03 1.000000e+03
         vertex 1.358368e+03 1.933580e+03 0.000000e+00
         vertex 1.350207e+03 1.936672e+03 0.000000e+00
      endloop
   endfacet
   facet normal 3.542963e-01 9.351332e-01 0.000000e+00
      outer loop
         vertex 1.358368e+03 1.933580e+03 1.000000e+03
         vertex 1.350207e+03 1.936672e+03 0.000000e+00
         vertex 1.350207e+03 1.936672e+03 1.000000e+03
      endloop
   endfacet
   facet normal 3.461146e-01 9.381922e-01 0.000000e+00
      outer loop
         vertex 1.350207e+03 1.936672e+03 1.000000e+03
         vertex 1.350207e+03 1.936672e+03 0.000000e+00
         vertex 1.342020e+03 1.939693e+03 0.000000e+00
      endloop
   endfacet
   facet normal 3.461146e-01 9.381922e-01 0.000000e+00
      outer loop
         vertex 1.350207e+03 1.936672e+03 1.000000e+03
         vertex 1.342020e+03 1.939693e+03 0.000000e+00
         vertex 1.342020e+03 1.939693e+03 1.000000e+03
      endloop
   endfacet
   facet normal 3.379178e-01 9.411756e-01 0.000000e+00
      outer loop
         vertex 1.342020e+03 1.939693e+03 1.000000e+03
         vertex 1.342020e+03 1.939693e+03 0.000000e+00
         vertex 1.333807e+03 1.942641e+03 0.000000e+00
      endloop
   endfacet
   facet normal 3.379178e-01 9.411756e-01 0.000000e+00
      outer loop
         vertex 1.342020e+03 1.939693e+03 1.000000e+03
         vertex 1.333807e+03 1.942641e+03 0.000000e+00
         vertex 1.333807e+03 1.942641e+03 1.000000e+03
      endloop
   endfacet
   facet normal 3.296879e-01 9.440900e-01 0.000000e+00
      outer loop
         vertex 1.333807e+03 1.942641e+03 1.000000e+03
         vertex 1.333807e+03 1.942641e+03 0.000000e+00
         vertex 1.325568e+03 1.945519e+03 0.000000e+00
      endloop
   endfacet
   facet normal 3.296879e-01 9.440900e-01 0.000000e+00
      outer loop
         vertex 1.333807e+03 1.942641e+03 1.000000e+03
         vertex 1.325568e+03 1.945519e+03 0.000000e+00
         vertex 1.325568e+03 1.945519e+03 1.000000e+03
      endloop
   endfacet
   facet normal 3.214430e-01 9.469289e-01 0.000000e+00
      outer loop
         vertex 1.325568e+03 1.945519e+03 1.000000e+03
         vertex 1.325568e+03 1.945519e+03 0.000000e+00
         vertex 1.317305e+03 1.948324e+03 0.000000e+00
      endloop
   endfacet
   facet normal 3.214430e-01 9.469289e-01 0.000000e+00
      outer loop
         vertex 1.325568e+03 1.945519e+03 1.000000e+03
         vertex 1.317305e+03 1.948324e+03 0.000000e+00
         vertex 1.317305e+03 1.948324e+03 1.000000e+03
      endloop
   endfacet
   facet normal 3.131648e-01 9.496988e-01 0.000000e+00
      outer loop
         vertex 1.317305e+03 1.948324e+03 1.000000e+03
         vertex 1.317305e+03 1.948324e+03 0.000000e+00
         vertex 1.309017e+03 1.951057e+03 0.000000e+00
      endloop
   endfacet
   facet normal 3.131648e-01 9.496988e-01 0.000000e+00
      outer loop
         vertex 1.317305e+03 1.948324e+03 1.000000e+03
         vertex 1.309017e+03 1.951057e+03 0.000000e+00
         vertex 1.309017e+03 1.951057e+03 1.000000e+03
      endloop
   endfacet
   facet normal 3.048595e-01 9.523973e-01 0.000000e+00
      outer loop
         vertex 1.309017e+03 1.951057e+03 1.000000e+03
         vertex 1.309017e+03 1.951057e+03 0.000000e+00
         vertex 1.300706e+03 1.953717e+03 0.000000e+00
      endloop
   endfacet
   facet normal 3.048595e-01 9.523973e-01 0.000000e+00
      outer loop
         vertex 1.309017e+03 1.951057e+03 1.000000e+03
         vertex 1.300706e+03 1.953717e+03 0.000000e+00
         vertex 1.300706e+03 1.953717e+03 1.000000e+03
      endloop
   endfacet
   facet normal 2.965404e-01 9.550203e-01 0.000000e+00
      outer loop
         vertex 1.300706e+03 1.953717e+03 1.000000e+03
         vertex 1.300706e+03 1.953717e+03 0.000000e+00
         vertex 1.292372e+03 1.956305e+03 0.000000e+00
      endloop
   endfacet
   facet normal 2.965404e-01 9.550203e-01 0.000000e+00
      outer loop
         vertex 1.300706e+03 1.953717e+03 1.000000e+03
         vertex 1.292372e+03 1.956305e+03 0.000000e+00
         vertex 1.292372e+03 1.956305e+03 1.000000e+03
      endloop
   endfacet
   facet normal 2.882012e-01 9.575699e-01 0.000000e+00
      outer loop
         vertex 1.292372e+03 1.956305e+03 1.000000e+03
         vertex 1.292372e+03 1.956305e+03 0.000000e+00
         vertex 1.284015e+03 1.958820e+03 0.000000e+00
      endloop
   endfacet
   facet normal 2.882012e-01 9.575699e-01 0.000000e+00
      outer loop
         vertex 1.292372e+03 1.956305e+03 1.000000e+03
         vertex 1.284015e+03 1.958820e+03 0.000000e+00
         vertex 1.284015e+03 1.958820e+03 1.000000e+03
      endloop
   endfacet
   facet normal 2.798268e-01 9.600505e-01 0.000000e+00
      outer loop
         vertex 1.284015e+03 1.958820e+03 1.000000e+03
         vertex 1.284015e+03 1.958820e+03 0.000000e+00
         vertex 1.275637e+03 1.961262e+03 0.000000e+00
      endloop
   endfacet
   facet normal 2.798268e-01 9.600505e-01 0.000000e+00
      outer loop
         vertex 1.284015e+03 1.958820e+03 1.000000e+03
         vertex 1.275637e+03 1.961262e+03 0.000000e+00
         vertex 1.275637e+03 1.961262e+03 1.000000e+03
      endloop
   endfacet
   facet normal 2.714395e-01 9.624555e-01 0.000000e+00
      outer loop
         vertex 1.275637e+03 1.961262e+03 1.000000e+03
         vertex 1.275637e+03 1.961262e+03 0.000000e+00
         vertex 1.267238e+03 1.963630e+03 0.000000e+00
      endloop
   endfacet
   facet normal 2.714395e-01 9.624555e-01 0.000000e+00
      outer loop
         vertex 1.275637e+03 1.961262e+03 1.000000e+03
         vertex 1.267238e+03 1.963630e+03 0.000000e+00
         vertex 1.267238e+03 1.963630e+03 1.000000e+03
      endloop
   endfacet
   facet normal 2.630313e-01 9.647873e-01 0.000000e+00
      outer loop
         vertex 1.267238e+03 1.963630e+03 1.000000e+03
         vertex 1.267238e+03 1.963630e+03 0.000000e+00
         vertex 1.258819e+03 1.965926e+03 0.000000e+00
      endloop
   endfacet
   facet normal 2.630313e-01 9.647873e-01 0.000000e+00
      outer loop
         vertex 1.267238e+03 1.963630e+03 1.000000e+03
         vertex 1.258819e+03 1.965926e+03 0.000000e+00
         vertex 1.258819e+03 1.965926e+03 1.000000e+03
      endloop
   endfacet
   facet normal 2.546031e-01 9.670456e-01 0.000000e+00
      outer loop
         vertex 1.258819e+03 1.965926e+03 1.000000e+03
         vertex 1.258819e+03 1.965926e+03 0.000000e+00
         vertex 1.250380e+03 1.968148e+03 0.000000e+00
      endloop
   endfacet
   facet normal 2.546031e-01 9.670456e-01 0.000000e+00
      outer loop
         vertex 1.258819e+03 1.965926e+03 1.000000e+03
         vertex 1.250380e+03 1.968148e+03 0.000000e+00
         vertex 1.250380e+03 1.968148e+03 1.000000e+03
      endloop
   endfacet
   facet normal 2.461539e-01 9.692307e-01 0.000000e+00
      outer loop
         vertex 1.250380e+03 1.968148e+03 1.000000e+03
         vertex 1.250380e+03 1.968148e+03 0.000000e+00
         vertex 1.241922e+03 1.970296e+03 0.000000e+00
      endloop
   endfacet
   facet normal 2.461539e-01 9.692307e-01 0.000000e+00
      outer loop
         vertex 1.250380e+03 1.968148e+03 1.000000e+03
         vertex 1.241922e+03 1.970296e+03 0.000000e+00
         vertex 1.241922e+03 1.970296e+03 1.000000e+03
      endloop
   endfacet
   facet normal 2.376844e-01 9.713424e-01 0.000000e+00
      outer loop
         vertex 1.241922e+03 1.970296e+03 1.000000e+03
         vertex 1.241922e+03 1.970296e+03 0.000000e+00
         vertex 1.233445e+03 1.972370e+03 0.000000e+00
      endloop
   endfacet
   facet normal 2.376844e-01 9.713424e-01 0.000000e+00
      outer loop
         vertex 1.241922e+03 1.970296e+03 1.000000e+03
         vertex 1.233445e+03 1.972370e+03 0.000000e+00
         vertex 1.233445e+03 1.972370e+03 1.000000e+03
      endloop
   endfacet
   facet normal 2.292015e-01 9.733790e-01 0.000000e+00
      outer loop
         vertex 1.233445e+03 1.972370e+03 1.000000e+03
         vertex 1.233445e+03 1.972370e+03 0.000000e+00
         vertex 1.224951e+03 1.974370e+03 0.000000e+00
      endloop
   endfacet
   facet normal 2.292015e-01 9.733790e-01 0.000000e+00
      outer loop
         vertex 1.233445e+03 1.972370e+03 1.000000e+03
         vertex 1.224951e+03 1.974370e+03 0.000000e+00
         vertex 1.224951e+03 1.974370e+03 1.000000e+03
      endloop
   endfacet
   facet normal 2.206978e-01 9.753422e-01 0.000000e+00
      outer loop
         vertex 1.224951e+03 1.974370e+03 1.000000e+03
         vertex 1.224951e+03 1.974370e+03 0.000000e+00
         vertex 1.216440e+03 1.976296e+03 0.000000e+00
      endloop
   endfacet
   facet normal 2.206978e-01 9.753422e-01 0.000000e+00
      outer loop
         vertex 1.224951e+03 1.974370e+03 1.000000e+03
         vertex 1.216440e+03 1.976296e+03 0.000000e+00
         vertex 1.216440e+03 1.976296e+03 1.000000e+03
      endloop
   endfacet
   facet normal 2.121801e-01 9.772306e-01 0.000000e+00
      outer loop
         vertex 1.216440e+03 1.976296e+03 1.000000e+03
         vertex 1.216440e+03 1.976296e+03 0.000000e+00
         vertex 1.207912e+03 1.978148e+03 0.000000e+00
      endloop
   endfacet
   facet normal 2.121801e-01 9.772306e-01 0.000000e+00
      outer loop
         vertex 1.216440e+03 1.976296e+03 1.000000e+03
         vertex 1.207912e+03 1.978148e+03 0.000000e+00
         vertex 1.207912e+03 1.978148e+03 1.000000e+03
      endloop
   endfacet
   facet normal 2.036364e-01 9.790466e-01 0.000000e+00
      outer loop
         vertex 1.207912e+03 1.978148e+03 1.000000e+03
         vertex 1.207912e+03 1.978148e+03 0.000000e+00
         vertex 1.199368e+03 1.979925e+03 0.000000e+00
      endloop
   endfacet
   facet normal 2.036364e-01 9.790466e-01 0.000000e+00
      outer loop
         vertex 1.207912e+03 1.978148e+03 1.000000e+03
         vertex 1.199368e+03 1.979925e+03 0.000000e+00
         vertex 1.199368e+03 1.979925e+03 1.000000e+03
      endloop
   endfacet
   facet normal 1.950912e-01 9.807851e-01 0.000000e+00
      outer loop
         vertex 1.199368e+03 1.979925e+03 1.000000e+03
         vertex 1.199368e+03 1.979925e+03 0.000000e+00
         vertex 1.190809e+03 1.981627e+03 0.000000e+00
      endloop
   endfacet
   facet normal 1.950912e-01 9.807851e-01 0.000000e+00
      outer loop
         vertex 1.199368e+03 1.979925e+03 1.000000e+03
         vertex 1.190809e+03 1.981627e+03 0.000000e+00
         vertex 1.190809e+03 1.981627e+03 1.000000e+03
      endloop
   endfacet
   facet normal 1.865261e-01 9.824500e-01 0.000000e+00
      outer loop
         vertex 1.190809e+03 1.981627e+03 1.000000e+03
         vertex 1.190809e+03 1.981627e+03 0.000000e+00
         vertex 1.182236e+03 1.983255e+03 0.000000e+00
      endloop
   endfacet
   facet normal 1.865261e-01 9.824500e-01 0.000000e+00
      outer loop
         vertex 1.190809e+03 1.981627e+03 1.000000e+03
         vertex 1.182236e+03 1.983255e+03 0.000000e+00
         vertex 1.182236e+03 1.983255e+03 1.000000e+03
      endloop
   endfacet
   facet normal 1.779408e-01 9.840412e-01 0.000000e+00
      outer loop
         vertex 1.182236e+03 1.983255e+03 1.000000e+03
         vertex 1.182236e+03 1.983255e+03 0.000000e+00
         vertex 1.173648e+03 1.984808e+03 0.000000e+00
      endloop
   endfacet
   facet normal 1.779408e-01 9.840412e-01 0.000000e+00
      outer loop
         vertex 1.182236e+03 1.983255e+03 1.000000e+03
         vertex 1.173648e+03 1.984808e+03 0.000000e+00
         vertex 1.173648e+03 1.984808e+03 1.000000e+03
      endloop
   endfacet
   facet normal 1.693548e-01 9.855551e-01 0.000000e+00
      outer loop
         vertex 1.173648e+03 1.984808e+03 1.000000e+03
         vertex 1.173648e+03 1.984808e+03 0.000000e+00
         vertex 1.165048e+03 1.986286e+03 0.000000e+00
      endloop
   endfacet
   facet normal 1.693548e-01 9.855551e-01 0.000000e+00
      outer loop
         vertex 1.173648e+03 1.984808e+03 1.000000e+03
         vertex 1.165048e+03 1.986286e+03 0.000000e+00
         vertex 1.165048e+03 1.986286e+03 1.000000e+03
      endloop
   endfacet
   facet normal 1.607422e-01 9.869964e-01 0.000000e+00
      outer loop
         vertex 1.165048e+03 1.986286e+03 1.000000e+03
         vertex 1.165048e+03 1.986286e+03 0.000000e+00
         vertex 1.156434e+03 1.987688e+03 0.000000e+00
      endloop
   endfacet
   facet normal 1.607422e-01 9.869964e-01 0.000000e+00
      outer loop
         vertex 1.165048e+03 1.986286e+03 1.000000e+03
         vertex 1.156434e+03 1.987688e+03 0.000000e+00
         vertex 1.156434e+03 1.987688e+03 1.000000e+03
      endloop
   endfacet
   facet normal 1.521226e-01 9.883616e-01 0.000000e+00
      outer loop
         vertex 1.156434e+03 1.987688e+03 1.000000e+03
         vertex 1.156434e+03 1.987688e+03 0.000000e+00
         vertex 1.147809e+03 1.989016e+03 0.000000e+00
      endloop
   endfacet
   facet normal 1.521226e-01 9.883616e-01 0.000000e+00
      outer loop
         vertex 1.156434e+03 1.987688e+03 1.000000e+03
         vertex 1.147809e+03 1.989016e+03 0.000000e+00
         vertex 1.147809e+03 1.989016e+03 1.000000e+03
      endloop
   endfacet
   facet normal 1.434891e-01 9.896519e-01 0.000000e+00
      outer loop
         vertex 1.147809e+03 1.989016e+03 1.000000e+03
         vertex 1.147809e+03 1.989016e+03 0.000000e+00
         vertex 1.139173e+03 1.990268e+03 0.000000e+00
      endloop
   endfacet
   facet normal 1.434891e-01 9.896519e-01 0.000000e+00
      outer loop
         vertex 1.147809e+03 1.989016e+03 1.000000e+03
         vertex 1.139173e+03 1.990268e+03 0.000000e+00
         vertex 1.139173e+03 1.990268e+03 1.000000e+03
      endloop
   endfacet
   facet normal 1.348554e-01 9.908653e-01 0.000000e+00
      outer loop
         vertex 1.139173e+03 1.990268e+03 1.000000e+03
         vertex 1.139173e+03 1.990268e+03 0.000000e+00
         vertex 1.130526e+03 1.991445e+03 0.000000e+00
      endloop
   endfacet
   facet normal 1.348554e-01 9.908653e-01 0.000000e+00
      outer loop
         vertex 1.139173e+03 1.990268e+03 1.000000e+03
         vertex 1.130526e+03 1.991445e+03 0.000000e+00
         vertex 1.130526e+03 1.991445e+03 1.000000e+03
      endloop
   endfacet
   facet normal 1.261951e-01 9.920054e-01 0.000000e+00
      outer loop
         vertex 1.130526e+03 1.991445e+03 1.000000e+03
         vertex 1.130526e+03 1.991445e+03 0.000000e+00
         vertex 1.121869e+03 1.992546e+03 0.000000e+00
      endloop
   endfacet
   facet normal 1.261951e-01 9.920054e-01 0.000000e+00
      outer loop
         vertex 1.130526e+03 1.991445e+03 1.000000e+03
         vertex 1.121869e+03 1.992546e+03 0.000000e+00
         vertex 1.121869e+03 1.992546e+03 1.000000e+03
      endloop
   endfacet
   facet normal 1.175411e-01 9.930680e-01 0.000000e+00
      outer loop
         vertex 1.121869e+03 1.992546e+03 1.000000e+03
         vertex 1.121869e+03 1.992546e+03 0.000000e+00
         vertex 1.113203e+03 1.993572e+03 0.000000e+00
      endloop
   endfacet
   facet normal 1.175411e-01 9.930680e-01 0.000000e+00
      outer loop
         vertex 1.121869e+03 1.992546e+03 1.000000e+03
         vertex 1.113203e+03 1.993572e+03 0.000000e+00
         vertex 1.113203e+03 1.993572e+03 1.000000e+03
      endloop
   endfacet
   facet normal 1.088668e-01 9.940564e-01 0.000000e+00
      outer loop
         vertex 1.113203e+03 1.993572e+03 1.000000e+03
         vertex 1.113203e+03 1.993572e+03 0.000000e+00
         vertex 1.104528e+03 1.994522e+03 0.000000e+00
      endloop
   endfacet
   facet normal 1.088668e-01 9.940564e-01 0.000000e+00
      outer loop
         vertex 1.113203e+03 1.993572e+03 1.000000e+03
         vertex 1.104528e+03 1.994522e+03 0.000000e+00
         vertex 1.104528e+03 1.994522e+03 1.000000e+03
      endloop
   endfacet
   facet normal 1.001855e-01 9.949688e-01 0.000000e+00
      outer loop
         vertex 1.104528e+03 1.994522e+03 1.000000e+03
         vertex 1.104528e+03 1.994522e+03 0.000000e+00
         vertex 1.095846e+03 1.995396e+03 0.000000e+00
      endloop
   endfacet
   facet normal 1.001855e-01 9.949688e-01 0.000000e+00
      outer loop
         vertex 1.104528e+03 1.994522e+03 1.000000e+03
         vertex 1.095846e+03 1.995396e+03 0.000000e+00
         vertex 1.095846e+03 1.995396e+03 1.000000e+03
      endloop
   endfacet
   facet normal 9.150434e-02 9.958047e-01 0.000000e+00
      outer loop
         vertex 1.095846e+03 1.995396e+03 1.000000e+03
         vertex 1.095846e+03 1.995396e+03 0.000000e+00
         vertex 1.087156e+03 1.996195e+03 0.000000e+00
      endloop
   endfacet
   facet normal 9.150434e-02 9.958047e-01 0.000000e+00
      outer loop
         vertex 1.095846e+03 1.995396e+03 1.000000e+03
         vertex 1.087156e+03 1.996195e+03 0.000000e+00
         vertex 1.087156e+03 1.996195e+03 1.000000e+03
      endloop
   endfacet
   facet normal 8.280270e-02 9.965660e-01 0.000000e+00
      outer loop
         vertex 1.087156e+03 1.996195e+03 1.000000e+03
         vertex 1.087156e+03 1.996195e+03 0.000000e+00
         vertex 1.078459e+03 1.996917e+03 0.000000e+00
      endloop
   endfacet
   facet normal 8.280270e-02 9.965660e-01 0.000000e+00
      outer loop
         vertex 1.087156e+03 1.996195e+03 1.000000e+03
         vertex 1.078459e+03 1.996917e+03 0.000000e+00
         vertex 1.078459e+03 1.996917e+03 1.000000e+03
      endloop
   endfacet
   facet normal 7.411453e-02 9.972497e-01 0.000000e+00
      outer loop
         vertex 1.078459e+03 1.996917e+03 1.000000e+03
         vertex 1.078459e+03 1.996917e+03 0.000000e+00
         vertex 1.069756e+03 1.997564e+03 0.000000e+00
      endloop
   endfacet
   facet normal 7.411453e-02 9.972497e-01 0.000000e+00
      outer loop
         vertex 1.078459e+03 1.996917e+03 1.000000e+03
         vertex 1.069756e+03 1.997564e+03 0.000000e+00
         vertex 1.069756e+03 1.997564e+03 1.000000e+03
      endloop
   endfacet
   facet normal 6.539932e-02 9.978592e-01 0.000000e+00
      outer loop
         vertex 1.069756e+03 1.997564e+03 1.000000e+03
         vertex 1.069756e+03 1.997564e+03 0.000000e+00
         vertex 1.061049e+03 1.998135e+03 0.000000e+00
      endloop
   endfacet
   facet normal 6.539932e-02 9.978592e-01 0.000000e+00
      outer loop
         vertex 1.069756e+03 1.997564e+03 1.000000e+03
         vertex 1.061049e+03 1.998135e+03 0.000000e+00
         vertex 1.061049e+03 1.998135e+03 1.000000e+03
      endloop
   endfacet
   facet normal 5.669074e-02 9.983918e-01 0.000000e+00
      outer loop
         vertex 1.061049e+03 1.998135e+03 1.000000e+03
         vertex 1.061049e+03 1.998135e+03 0.000000e+00
         vertex 1.052336e+03 1.998630e+03 0.000000e+00
      endloop
   endfacet
   facet normal 5.669074e-02 9.983918e-01 0.000000e+00
      outer loop
         vertex 1.061049e+03 1.998135e+03 1.000000e+03
         vertex 1.052336e+03 1.998630e+03 0.000000e+00
         vertex 1.052336e+03 1.998630e+03 1.000000e+03
      endloop
   endfacet
   facet normal 4.798222e-02 9.988482e-01 0.000000e+00
      outer loop
         vertex 1.052336e+03 1.998630e+03 1.000000e+03
         vertex 1.052336e+03 1.998630e+03 0.000000e+00
         vertex 1.043619e+03 1.999048e+03 0.000000e+00
      endloop
   endfacet
   facet normal 4.798222e-02 9.988482e-01 0.000000e+00
      outer loop
         vertex 1.052336e+03 1.998630e+03 1.000000e+03
         vertex 1.043619e+03 1.999048e+03 0.000000e+00
         vertex 1.043619e+03 1.999048e+03 1.000000e+03
      endloop
   endfacet
   facet normal 3.926005e-02 9.992290e-01 0.000000e+00
      outer loop
         vertex 1.043619e+03 1.999048e+03 1.000000e+03
         vertex 1.043619e+03 1.999048e+03 0.000000e+00
         vertex 1.034899e+03 1.999391e+03 0.000000e+00
      endloop
   endfacet
   facet normal 3.926005e-02 9.992290e-01 0.000000e+00
      outer loop
         vertex 1.043619e+03 1.999048e+03 1.000000e+03
         vertex 1.034899e+03 1.999391e+03 0.000000e+00
         vertex 1.034899e+03 1.999391e+03 1.000000e+03
      endloop
   endfacet
   facet normal 3.053788e-02 9.995336e-01 0.000000e+00
      outer loop
         vertex 1.034899e+03 1.999391e+03 1.000000e+03
         vertex 1.034899e+03 1.999391e+03 0.000000e+00
         vertex 1.026177e+03 1.999657e+03 0.000000e+00
      endloop
   endfacet
   facet normal 3.053788e-02 9.995336e-01 0.000000e+00
      outer loop
         vertex 1.034899e+03 1.999391e+03 1.000000e+03
         vertex 1.026177e+03 1.999657e+03 0.000000e+00
         vertex 1.026177e+03 1.999657e+03 1.000000e+03
      endloop
   endfacet
   facet normal 2.181569e-02 9.997620e-01 0.000000e+00
      outer loop
         vertex 1.026177e+03 1.999657e+03 1.000000e+03
         vertex 1.026177e+03 1.999657e+03 0.000000e+00
         vertex 1.017452e+03 1.999848e+03 0.000000e+00
      endloop
   endfacet
   facet normal 2.181569e-02 9.997620e-01 0.000000e+00
      outer loop
         vertex 1.026177e+03 1.999657e+03 1.000000e+03
         vertex 1.017452e+03 1.999848e+03 0.000000e+00
         vertex 1.017452e+03 1.999848e+03 1.000000e+03
      endloop
   endfacet
   facet normal 1.308669e-02 9.999144e-01 0.000000e+00
      outer loop
         vertex 1.017452e+03 1.999848e+03 1.000000e+03
         vertex 1.017452e+03 1.999848e+03 0.000000e+00
         vertex 1.008727e+03 1.999962e+03 0.000000e+00
      endloop
   endfacet
   facet normal 1.308669e-02 9.999144e-01 0.000000e+00
      outer loop
         vertex 1.017452e+03 1.999848e+03 1.000000e+03
         vertex 1.008727e+03 1.999962e+03 0.000000e+00
         vertex 1.008727e+03 1.999962e+03 1.000000e+03
      endloop
   endfacet
   facet normal 4.364505e-03 9.999905e-01 0.000000e+00
      outer loop
         vertex 1.008727e+03 1.999962e+03 1.000000e+03
         vertex 1.008727e+03 1.999962e+03 0.000000e+00
         vertex 1.000000e+03 2.000000e+03 0.000000e+00
      endloop
   endfacet
   facet normal 4.364505e-03 9.999905e-01 0.000000e+00
      outer loop
         vertex 1.008727e+03 1.999962e+03 1.000000e+03
         vertex 1.000000e+03 2.000000e+03 0.000000e+00
         vertex 1.000000e+03 2.000000e+03 1.000000e+03
      endloop
   endfacet
   facet normal -4.364505e-03 9.999905e-01 0.000000e+00
      outer loop
         vertex 1.000000e+03 2.000000e+03 1.000000e+03
         vertex 1.000000e+03 2.000000e+03 0.000000e+00
         vertex 9.912735e+02 1.999962e+03 0.000000e+00
      endloop
   endfacet
   facet normal -4.364505e-03 9.999905e-01 0.000000e+00
      outer loop
         vertex 1.000000e+03 2.000000e+03 1.000000e+03
         vertex 9.912735e+02 1.999962e+03 0.000000e+00
         vertex 9.912735e+02 1.999962e+03 1.000000e+03
      endloop
   endfacet
   facet normal -1.308669e-02 9.999144e-01 0.000000e+00
      outer loop
         vertex 9.912735e+02 1.999962e+03 1.000000e+03
         vertex 9.912735e+02 1.999962e+03 0.000000e+00
         vertex 9.825476e+02 1.999848e+03 0.000000e+00
      endloop
   endfacet
   facet normal -1.308669e-02 9.999144e-01 0.000000e+00
      outer loop
         vertex 9.912735e+02 1.999962e+03 1.000000e+03
         vertex 9.825476e+02 1.999848e+03 0.000000e+00
         vertex 9.825476e+02 1.999848e+03 1.000000e+03
      endloop
   endfacet
   facet normal -2.181569e-02 9.997620e-01 0.000000e+00
      outer loop
         vertex 9.825476e+02 1.999848e+03 1.000000e+03
         vertex 9.825476e+02 1.999848e+03 0.000000e+00
         vertex 9.738231e+02 1.999657e+03 0.000000e+00
      endloop
   endfacet
   facet normal -2.181569e-02 9.997620e-01 0.000000e+00
      outer loop
         vertex 9.825476e+02 1.999848e+03 1.000000e+03
         vertex 9.738231e+02 1.999657e+03 0.000000e+00
         vertex 9.738231e+02 1.999657e+03 1.000000e+03
      endloop
   endfacet
   facet normal -3.053788e-02 9.995336e-01 0.000000e+00
      outer loop
         vertex 9.738231e+02 1.999657e+03 1.000000e+03
         vertex 9.738231e+02 1.999657e+03 0.000000e+00
         vertex 9.651005e+02 1.999391e+03 0.000000e+00
      endloop
   endfacet
   facet normal -3.053788e-02 9.995336e-01 0.000000e+00
      outer loop
         vertex 9.738231e+02 1.999657e+03 1.000000e+03
         vertex 9.651005e+02 1.999391e+03 0.000000e+00
         vertex 9.651005e+02 1.999391e+03 1.000000e+03
      endloop
   endfacet
   facet normal -3.926005e-02 9.992290e-01 0.000000e+00
      outer loop
         vertex 9.651005e+02 1.999391e+03 1.000000e+03
         vertex 9.651005e+02 1.999391e+03 0.000000e+00
         vertex 9.563806e+02 1.999048e+03 0.000000e+00
      endloop
   endfacet
   facet normal -3.926005e-02 9.992290e-01 0.000000e+00
      outer loop
         vertex 9.651005e+02 1.999391e+03 1.000000e+03
         vertex 9.563806e+02 1.999048e+03 0.000000e+00
         vertex 9.563806e+02 1.999048e+03 1.000000e+03
      endloop
   endfacet
   facet normal -4.798222e-02 9.988482e-01 0.000000e+00
      outer loop
         vertex 9.563806e+02 1.999048e+03 1.000000e+03
         vertex 9.563806e+02 1.999048e+03 0.000000e+00
         vertex 9.476640e+02 1.998630e+03 0.000000e+00
      endloop
   endfacet
   facet normal -4.798222e-02 9.988482e-01 0.000000e+00
      outer loop
         vertex 9.563806e+02 1.999048e+03 1.000000e+03
         vertex 9.476640e+02 1.998630e+03 0.000000e+00
         vertex 9.476640e+02 1.998630e+03 1.000000e+03
      endloop
   endfacet
   facet normal -5.669074e-02 9.983918e-01 0.000000e+00
      outer loop
         vertex 9.476640e+02 1.998630e+03 1.000000e+03
         vertex 9.476640e+02 1.998630e+03 0.000000e+00
         vertex 9.389515e+02 1.998135e+03 0.000000e+00
      endloop
   endfacet
   facet normal -5.669074e-02 9.983918e-01 0.000000e+00
      outer loop
         vertex 9.476640e+02 1.998630e+03 1.000000e+03
         vertex 9.389515e+02 1.998135e+03 0.000000e+00
         vertex 9.389515e+02 1.998135e+03 1.000000e+03
      endloop
   endfacet
   facet normal -6.539932e-02 9.978592e-01 0.000000e+00
      outer loop
         vertex 9.389515e+02 1.998135e+03 1.000000e+03
         vertex 9.389515e+02 1.998135e+03 0.000000e+00
         vertex 9.302435e+02 1.997564e+03 0.000000e+00
      endloop
   endfacet
   facet normal -6.539932e-02 9.978592e-01 0.000000e+00
      outer loop
         vertex 9.389515e+02 1.998135e+03 1.000000e+03
         vertex 9.302435e+02 1.997564e+03 0.000000e+00
         vertex 9.302435e+02 1.997564e+03 1.000000e+03
      endloop
   endfacet
   facet normal -7.411453e-02 9.972497e-01 0.000000e+00
      outer loop
         vertex 9.302435e+02 1.997564e+03 1.000000e+03
         vertex 9.302435e+02 1.997564e+03 0.000000e+00
         vertex 9.215409e+02 1.996917e+03 0.000000e+00
      endloop
   endfacet
   facet normal -7.411453e-02 9.972497e-01 0.000000e+00
      outer loop
         vertex 9.302435e+02 1.997564e+03 1.000000e+03
         vertex 9.215409e+02 1.996917e+03 0.000000e+00
         vertex 9.215409e+02 1.996917e+03 1.000000e+03
      endloop
   endfacet
   facet normal -8.280270e-02 9.965660e-01 0.000000e+00
      outer loop
         vertex 9.215409e+02 1.996917e+03 1.000000e+03
         vertex 9.215409e+02 1.996917e+03 0.000000e+00
         vertex 9.128443e+02 1.996195e+03 0.000000e+00
      endloop
   endfacet
   facet normal -8.280270e-02 9.965660e-01 0.000000e+00
      outer loop
         vertex 9.215409e+02 1.996917e+03 1.000000e+03
         vertex 9.128443e+02 1.996195e+03 0.000000e+00
         vertex 9.128443e+02 1.996195e+03 1.000000e+03
      endloop
   endfacet
   facet normal -9.150434e-02 9.958047e-01 0.000000e+00
      outer loop
         vertex 9.128443e+02 1.996195e+03 1.000000e+03
         vertex 9.128443e+02 1.996195e+03 0.000000e+00
         vertex 9.041542e+02 1.995396e+03 0.000000e+00
      endloop
   endfacet
   facet normal -9.150434e-02 9.958047e-01 0.000000e+00
      outer loop
         vertex 9.128443e+02 1.996195e+03 1.000000e+03
         vertex 9.041542e+02 1.995396e+03 0.000000e+00
         vertex 9.041542e+02 1.995396e+03 1.000000e+03
      endloop
   endfacet
   facet normal -1.001855e-01 9.949688e-01 0.000000e+00
      outer loop
         vertex 9.041542e+02 1.995396e+03 1.000000e+03
         vertex 9.041542e+02 1.995396e+03 0.000000e+00
         vertex 8.954715e+02 1.994522e+03 0.000000e+00
      endloop
   endfacet
   facet normal -1.001855e-01 9.949688e-01 0.000000e+00
      outer loop
         vertex 9.041542e+02 1.995396e+03 1.000000e+03
         vertex 8.954715e+02 1.994522e+03 0.000000e+00
         vertex 8.954715e+02 1.994522e+03 1.000000e+03
      endloop
   endfacet
   facet normal -1.088668e-01 9.940564e-01 0.000000e+00
      outer loop
         vertex 8.954715e+02 1.994522e+03 1.000000e+03
         vertex 8.954715e+02 1.994522e+03 0.000000e+00
         vertex 8.867968e+02 1.993572e+03 0.000000e+00
      endloop
   endfacet
   facet normal -1.088668e-01 9.940564e-01 0.000000e+00
      outer loop
         vertex 8.954715e+02 1.994522e+03 1.000000e+03
         vertex 8.867968e+02 1.993572e+03 0.000000e+00
         vertex 8.867968e+02 1.993572e+03 1.000000e+03
      endloop
   endfacet
   facet normal -1.175411e-01 9.930680e-01 0.000000e+00
      outer loop
         vertex 8.867968e+02 1.993572e+03 1.000000e+03
         vertex 8.867968e+02 1.993572e+03 0.000000e+00
         vertex 8.781307e+02 1.992546e+03 0.000000e+00
      endloop
   endfacet
   facet normal -1.175411e-01 9.930680e-01 0.000000e+00
      outer loop
         vertex 8.867968e+02 1.993572e+03 1.000000e+03
         vertex 8.781307e+02 1.992546e+03 0.000000e+00
         vertex 8.781307e+02 1.992546e+03 1.000000e+03
      endloop
   endfacet
   facet normal -1.261951e-01 9.920054e-01 0.000000e+00
      outer loop
         vertex 8.781307e+02 1.992546e+03 1.000000e+03
         vertex 8.781307e+02 1.992546e+03 0.000000e+00
         vertex 8.694738e+02 1.991445e+03 0.000000e+00
      endloop
   endfacet
   facet normal -1.261951e-01 9.920054e-01 0.000000e+00
      outer loop
         vertex 8.781307e+02 1.992546e+03 1.000000e+03
         vertex 8.694738e+02 1.991445e+03 0.000000e+00
         vertex 8.694738e+02 1.991445e+03 1.000000e+03
      endloop
   endfacet
   facet normal -1.348554e-01 9.908653e-01 0.000000e+00
      outer loop
         vertex 8.694738e+02 1.991445e+03 1.000000e+03
         vertex 8.694738e+02 1.991445e+03 0.000000e+00
         vertex 8.608269e+02 1.990268e+03 0.000000e+00
      endloop
   endfacet
   facet normal -1.348554e-01 9.908653e-01 0.000000e+00
      outer loop
         vertex 8.694738e+02 1.991445e+03 1.000000e+03
         vertex 8.608269e+02 1.990268e+03 0.000000e+00
         vertex 8.608269e+02 1.990268e+03 1.000000e+03
      endloop
   endfacet
   facet normal -1.434891e-01 9.896519e-01 0.000000e+00
      outer loop
         vertex 8.608269e+02 1.990268e+03 1.000000e+03
         vertex 8.608269e+02 1.990268e+03 0.000000e+00
         vertex 8.521906e+02 1.989016e+03 0.000000e+00
      endloop
   endfacet
   facet normal -1.434891e-01 9.896519e-01 0.000000e+00
      outer loop
         vertex 8.608269e+02 1.990268e+03 1.000000e+03
         vertex 8.521906e+02 1.989016e+03 0.000000e+00
         vertex 8.521906e+02 1.989016e+03 1.000000e+03
      endloop
   endfacet
   facet normal -1.521226e-01 9.883616e-01 0.000000e+00
      outer loop
         vertex 8.521906e+02 1.989016e+03 1.000000e+03
         vertex 8.521906e+02 1.989016e+03 0.000000e+00
         vertex 8.435655e+02 1.987688e+03 0.000000e+00
      endloop
   endfacet
   facet normal -1.521226e-01 9.883616e-01 0.000000e+00
      outer loop
         vertex 8.521906e+02 1.989016e+03 1.000000e+03
         vertex 8.435655e+02 1.987688e+03 0.000000e+00
         vertex 8.435655e+02 1.987688e+03 1.000000e+03
      endloop
   endfacet
   facet normal -1.607422e-01 9.869964e-01 0.000000e+00
      outer loop
         vertex 8.435655e+02 1.987688e+03 1.000000e+03
         vertex 8.435655e+02 1.987688e+03 0.000000e+00
         vertex 8.349524e+02 1.986286e+03 0.000000e+00
      endloop
   endfacet
   facet normal -1.607422e-01 9.869964e-01 0.000000e+00
      outer loop
         vertex 8.435655e+02 1.987688e+03 1.000000e+03
         vertex 8.349524e+02 1.986286e+03 0.000000e+00
         vertex 8.349524e+02 1.986286e+03 1.000000e+03
      endloop
   endfacet
   facet normal -1.693548e-01 9.855551e-01 0.000000e+00
      outer loop
         vertex 8.349524e+02 1.986286e+03 1.000000e+03
         vertex 8.349524e+02 1.986286e+03 0.000000e+00
         vertex 8.263518e+02 1.984808e+03 0.000000e+00
      endloop
   endfacet
   facet normal -1.693548e-01 9.855551e-01 0.000000e+00
      outer loop
         vertex 8.349524e+02 1.986286e+03 1.000000e+03
         vertex 8.263518e+02 1.984808e+03 0.000000e+00
         vertex 8.263518e+02 1.984808e+03 1.000000e+03
      endloop
   endfacet
   facet normal -1.779408e-01 9.840412e-01 0.000000e+00
      outer loop
         vertex 8.263518e+02 1.984808e+03 1.000000e+03
         vertex 8.263518e+02 1.984808e+03 0.000000e+00
         vertex 8.177645e+02 1.983255e+03 0.000000e+00
      endloop
   endfacet
   facet normal -1.779408e-01 9.840412e-01 0.000000e+00
      outer loop
         vertex 8.263518e+02 1.984808e+03 1.000000e+03
         vertex 8.177645e+02 1.983255e+03 0.000000e+00
         vertex 8.177645e+02 1.983255e+03 1.000000e+03
      endloop
   endfacet
   facet normal -1.865261e-01 9.824500e-01 0.000000e+00
      outer loop
         vertex 8.177645e+02 1.983255e+03 1.000000e+03
         vertex 8.177645e+02 1.983255e+03 0.000000e+00
         vertex 8.091910e+02 1.981627e+03 0.000000e+00
      endloop
   endfacet
   facet normal -1.865261e-01 9.824500e-01 0.000000e+00
      outer loop
         vertex 8.177645e+02 1.983255e+03 1.000000e+03
         vertex 8.091910e+02 1.981627e+03 0.000000e+00
         vertex 8.091910e+02 1.981627e+03 1.000000e+03
      endloop
   endfacet
   facet normal -1.950912e-01 9.807851e-01 0.000000e+00
      outer loop
         vertex 8.091910e+02 1.981627e+03 1.000000e+03
         vertex 8.091910e+02 1.981627e+03 0.000000e+00
         vertex 8.006321e+02 1.979925e+03 0.000000e+00
      endloop
   endfacet
   facet normal -1.950912e-01 9.807851e-01 0.000000e+00
      outer loop
         vertex 8.091910e+02 1.981627e+03 1.000000e+03
         vertex 8.006321e+02 1.979925e+03 0.000000e+00
         vertex 8.006321e+02 1.979925e+03 1.000000e+03
      endloop
   endfacet
   facet normal -2.036364e-01 9.790466e-01 0.000000e+00
      outer loop
         vertex 8.006321e+02 1.979925e+03 1.000000e+03
         vertex 8.006321e+02 1.979925e+03 0.000000e+00
         vertex 7.920883e+02 1.978148e+03 0.000000e+00
      endloop
   endfacet
   facet normal -2.036364e-01 9.790466e-01 0.000000e+00
      outer loop
         vertex 8.006321e+02 1.979925e+03 1.000000e+03
         vertex 7.920883e+02 1.978148e+03 0.000000e+00
         vertex 7.920883e+02 1.978148e+03 1.000000e+03
      endloop
   endfacet
   facet normal -2.121801e-01 9.772306e-01 0.000000e+00
      outer loop
         vertex 7.920883e+02 1.978148e+03 1.000000e+03
         vertex 7.920883e+02 1.978148e+03 0.000000e+00
         vertex 7.835604e+02 1.976296e+03 0.000000e+00
      endloop
   endfacet
   facet normal -2.121801e-01 9.772306e-01 0.000000e+00
      outer loop
         vertex 7.920883e+02 1.978148e+03 1.000000e+03
         vertex 7.835604e+02 1.976296e+03 0.000000e+00
         vertex 7.835604e+02 1.976296e+03 1.000000e+03
      endloop
   endfacet
   facet normal -2.206978e-01 9.753422e-01 0.000000e+00
      outer loop
         vertex 7.835604e+02 1.976296e+03 1.000000e+03
         vertex 7.835604e+02 1.976296e+03 0.000000e+00
         vertex 7.750489e+02 1.974370e+03 0.000000e+00
      endloop
   endfacet
   facet normal -2.206978e-01 9.753422e-01 0.000000e+00
      outer loop
         vertex 7.835604e+02 1.976296e+03 1.000000e+03
         vertex 7.750489e+02 1.974370e+03 0.000000e+00
         vertex 7.750489e+02 1.974370e+03 1.000000e+03
      endloop
   endfacet
   facet normal -2.292015e-01 9.733790e-01 0.000000e+00
      outer loop
         vertex 7.750489e+02 1.974370e+03 1.000000e+03
         vertex 7.750489e+02 1.974370e+03 0.000000e+00
         vertex 7.665546e+02 1.972370e+03 0.000000e+00
      endloop
   endfacet
   facet normal -2.292015e-01 9.733790e-01 0.000000e+00
      outer loop
         vertex 7.750489e+02 1.974370e+03 1.000000e+03
         vertex 7.665546e+02 1.972370e+03 0.000000e+00
         vertex 7.665546e+02 1.972370e+03 1.000000e+03
      endloop
   endfacet
   facet normal -2.376844e-01 9.713424e-01 0.000000e+00
      outer loop
         vertex 7.665546e+02 1.972370e+03 1.000000e+03
         vertex 7.665546e+02 1.972370e+03 0.000000e+00
         vertex 7.580781e+02 1.970296e+03 0.000000e+00
      endloop
   endfacet
   facet normal -2.376844e-01 9.713424e-01 0.000000e+00
      outer loop
         vertex 7.665546e+02 1.972370e+03 1.000000e+03
         vertex 7.580781e+02 1.970296e+03 0.000000e+00
         vertex 7.580781e+02 1.970296e+03 1.000000e+03
      endloop
   endfacet
   facet normal -2.461539e-01 9.692307e-01 0.000000e+00
      outer loop
         vertex 7.580781e+02 1.970296e+03 1.000000e+03
         vertex 7.580781e+02 1.970296e+03 0.000000e+00
         vertex 7.496200e+02 1.968148e+03 0.000000e+00
      endloop
   endfacet
   facet normal -2.461539e-01 9.692307e-01 0.000000e+00
      outer loop
         vertex 7.580781e+02 1.970296e+03 1.000000e+03
         vertex 7.496200e+02 1.968148e+03 0.000000e+00
         vertex 7.496200e+02 1.968148e+03 1.000000e+03
      endloop
   endfacet
   facet normal -2.546031e-01 9.670456e-01 0.000000e+00
      outer loop
         vertex 7.496200e+02 1.968148e+03 1.000000e+03
         vertex 7.496200e+02 1.968148e+03 0.000000e+00
         vertex 7.411810e+02 1.965926e+03 0.000000e+00
      endloop
   endfacet
   facet normal -2.546031e-01 9.670456e-01 0.000000e+00
      outer loop
         vertex 7.496200e+02 1.968148e+03 1.000000e+03
         vertex 7.411810e+02 1.965926e+03 0.000000e+00
         vertex 7.411810e+02 1.965926e+03 1.000000e+03
      endloop
   endfacet
   facet normal -2.630313e-01 9.647873e-01 0.000000e+00
      outer loop
         vertex 7.411810e+02 1.965926e+03 1.000000e+03
         vertex 7.411810e+02 1.965926e+03 0.000000e+00
         vertex 7.327616e+02 1.963630e+03 0.000000e+00
      endloop
   endfacet
   facet normal -2.630313e-01 9.647873e-01 0.000000e+00
      outer loop
         vertex 7.411810e+02 1.965926e+03 1.000000e+03
         vertex 7.327616e+02 1.963630e+03 0.000000e+00
         vertex 7.327616e+02 1.963630e+03 1.000000e+03
      endloop
   endfacet
   facet normal -2.714395e-01 9.624555e-01 0.000000e+00
      outer loop
         vertex 7.327616e+02 1.963630e+03 1.000000e+03
         vertex 7.327616e+02 1.963630e+03 0.000000e+00
         vertex 7.243626e+02 1.961262e+03 0.000000e+00
      endloop
   endfacet
   facet normal -2.714395e-01 9.624555e-01 0.000000e+00
      outer loop
         vertex 7.327616e+02 1.963630e+03 1.000000e+03
         vertex 7.243626e+02 1.961262e+03 0.000000e+00
         vertex 7.243626e+02 1.961262e+03 1.000000e+03
      endloop
   endfacet
   facet normal -2.798268e-01 9.600505e-01 0.000000e+00
      outer loop
         vertex 7.243626e+02 1.961262e+03 1.000000e+03
         vertex 7.243626e+02 1.961262e+03 0.000000e+00
         vertex 7.159846e+02 1.958820e+03 0.000000e+00
      endloop
   endfacet
   facet normal -2.798268e-01 9.600505e-01 0.000000e+00
      outer loop
         vertex 7.243626e+02 1.961262e+03 1.000000e+03
         vertex 7.159846e+02 1.958820e+03 0.000000e+00
         vertex 7.159846e+02 1.958820e+03 1.000000e+03
      endloop
   endfacet
   facet normal -2.882012e-01 9.575699e-01 0.000000e+00
      outer loop
         vertex 7.159846e+02 1.958820e+03 1.000000e+03
         vertex 7.159846e+02 1.958820e+03 0.000000e+00
         vertex 7.076283e+02 1.956305e+03 0.000000e+00
      endloop
   endfacet
   facet normal -2.882012e-01 9.575699e-01 0.000000e+00
      outer loop
         vertex 7.159846e+02 1.958820e+03 1.000000e+03
         vertex 7.076283e+02 1.956305e+03 0.000000e+00
         vertex 7.076283e+02 1.956305e+03 1.000000e+03
      endloop
   endfacet
   facet normal -2.965404e-01 9.550203e-01 0.000000e+00
      outer loop
         vertex 7.076283e+02 1.956305e+03 1.000000e+03
         vertex 7.076283e+02 1.956305e+03 0.000000e+00
         vertex 6.992942e+02 1.953717e+03 0.000000e+00
      endloop
   endfacet
   facet normal -2.965404e-01 9.550203e-01 0.000000e+00
      outer loop
         vertex 7.076283e+02 1.956305e+03 1.000000e+03
         vertex 6.992942e+02 1.953717e+03 0.000000e+00
         vertex 6.992942e+02 1.953717e+03 1.000000e+03
      endloop
   endfacet
   facet normal -3.048595e-01 9.523973e-01 0.000000e+00
      outer loop
         vertex 6.992942e+02 1.953717e+03 1.000000e+03
         vertex 6.992942e+02 1.953717e+03 0.000000e+00
         vertex 6.909830e+02 1.951057e+03 0.000000e+00
      endloop
   endfacet
   facet normal -3.048595e-01 9.523973e-01 0.000000e+00
      outer loop
         vertex 6.992942e+02 1.953717e+03 1.000000e+03
         vertex 6.909830e+02 1.951057e+03 0.000000e+00
         vertex 6.909830e+02 1.951057e+03 1.000000e+03
      endloop
   endfacet
   facet normal -3.131648e-01 9.496988e-01 0.000000e+00
      outer loop
         vertex 6.909830e+02 1.951057e+03 1.000000e+03
         vertex 6.909830e+02 1.951057e+03 0.000000e+00
         vertex 6.826953e+02 1.948324e+03 0.000000e+00
      endloop
   endfacet
   facet normal -3.131648e-01 9.496988e-01 0.000000e+00
      outer loop
         vertex 6.909830e+02 1.951057e+03 1.000000e+03
         vertex 6.826953e+02 1.948324e+03 0.000000e+00
         vertex 6.826953e+02 1.948324e+03 1.000000e+03
      endloop
   endfacet
   facet normal -3.214430e-01 9.469289e-01 0.000000e+00
      outer loop
         vertex 6.826953e+02 1.948324e+03 1.000000e+03
         vertex 6.826953e+02 1.948324e+03 0.000000e+00
         vertex 6.744318e+02 1.945519e+03 0.000000e+00
      endloop
   endfacet
   facet normal -3.214430e-01 9.469289e-01 0.000000e+00
      outer loop
         vertex 6.826953e+02 1.948324e+03 1.000000e+03
         vertex 6.744318e+02 1.945519e+03 0.000000e+00
         vertex 6.744318e+02 1.945519e+03 1.000000e+03
      endloop
   endfacet
   facet normal -3.296879e-01 9.440900e-01 0.000000e+00
      outer loop
         vertex 6.744318e+02 1.945519e+03 1.000000e+03
         vertex 6.744318e+02 1.945519e+03 0.000000e+00
         vertex 6.661931e+02 1.942641e+03 0.000000e+00
      endloop
   endfacet
   facet normal -3.296879e-01 9.440900e-01 0.000000e+00
      outer loop
         vertex 6.744318e+02 1.945519e+03 1.000000e+03
         vertex 6.661931e+02 1.942641e+03 0.000000e+00
         vertex 6.661931e+02 1.942641e+03 1.000000e+03
      endloop
   endfacet
   facet normal -3.379178e-01 9.411756e-01 0.000000e+00
      outer loop
         vertex 6.661931e+02 1.942641e+03 1.000000e+03
         vertex 6.661931e+02 1.942641e+03 0.000000e+00
         vertex 6.579798e+02 1.939693e+03 0.000000e+00
      endloop
   endfacet
   facet normal -3.379178e-01 9.411756e-01 0.000000e+00
      outer loop
         vertex 6.661931e+02 1.942641e+03 1.000000e+03
         vertex 6.579798e+02 1.939693e+03 0.000000e+00
         vertex 6.579798e+02 1.939693e+03 1.000000e+03
      endloop
   endfacet
   facet normal -3.461146e-01 9.381922e-01 0.000000e+00
      outer loop
         vertex 6.579798e+02 1.939693e+03 1.000000e+03
         vertex 6.579798e+02 1.939693e+03 0.000000e+00
         vertex 6.497926e+02 1.936672e+03 0.000000e+00
      endloop
   endfacet
   facet normal -3.461146e-01 9.381922e-01 0.000000e+00
      outer loop
         vertex 6.579798e+02 1.939693e+03 1.000000e+03
         vertex 6.497926e+02 1.936672e+03 0.000000e+00
         vertex 6.497926e+02 1.936672e+03 1.000000e+03
      endloop
   endfacet
   facet normal -3.542963e-01 9.351332e-01 0.000000e+00
      outer loop
         vertex 6.497926e+02 1.936672e+03 1.000000e+03
         vertex 6.497926e+02 1.936672e+03 0.000000e+00
         vertex 6.416321e+02 1.933580e+03 0.000000e+00
      endloop
   endfacet
   facet normal -3.542963e-01 9.351332e-01 0.000000e+00
      outer loop
         vertex 6.497926e+02 1.936672e+03 1.000000e+03
         vertex 6.416321e+02 1.933580e+03 0.000000e+00
         vertex 6.416321e+02 1.933580e+03 1.000000e+03
      endloop
   endfacet
   facet normal -3.624329e-01 9.320099e-01 0.000000e+00
      outer loop
         vertex 6.416321e+02 1.933580e+03 1.000000e+03
         vertex 6.416321e+02 1.933580e+03 0.000000e+00
         vertex 6.334988e+02 1.930418e+03 0.000000e+00
      endloop
   endfacet
   facet normal -3.624329e-01 9.320099e-01 0.000000e+00
      outer loop
         vertex 6.416321e+02 1.933580e+03 1.000000e+03
         vertex 6.334988e+02 1.930418e+03 0.000000e+00
         vertex 6.334988e+02 1.930418e+03 1.000000e+03
      endloop
   endfacet
   facet normal -3.705591e-01 9.288089e-01 0.000000e+00
      outer loop
         vertex 6.334988e+02 1.930418e+03 1.000000e+03
         vertex 6.334988e+02 1.930418e+03 0.000000e+00
         vertex 6.253934e+02 1.927184e+03 0.000000e+00
      endloop
   endfacet
   facet normal -3.705591e-01 9.288089e-01 0.000000e+00
      outer loop
         vertex 6.334988e+02 1.930418e+03 1.000000e+03
         vertex 6.253934e+02 1.927184e+03 0.000000e+00
         vertex 6.253934e+02 1.927184e+03 1.000000e+03
      endloop
   endfacet
   facet normal -3.786523e-01 9.255390e-01 0.000000e+00
      outer loop
         vertex 6.253934e+02 1.927184e+03 1.000000e+03
         vertex 6.253934e+02 1.927184e+03 0.000000e+00
         vertex 6.173166e+02 1.923880e+03 0.000000e+00
      endloop
   endfacet
   facet normal -3.786523e-01 9.255390e-01 0.000000e+00
      outer loop
         vertex 6.253934e+02 1.927184e+03 1.000000e+03
         vertex 6.173166e+02 1.923880e+03 0.000000e+00
         vertex 6.173166e+02 1.923880e+03 1.000000e+03
      endloop
   endfacet
   facet normal -3.867066e-01 9.222028e-01 0.000000e+00
      outer loop
         vertex 6.173166e+02 1.923880e+03 1.000000e+03
         vertex 6.173166e+02 1.923880e+03 0.000000e+00
         vertex 6.092689e+02 1.920505e+03 0.000000e+00
      endloop
   endfacet
   facet normal -3.867066e-01 9.222028e-01 0.000000e+00
      outer loop
         vertex 6.173166e+02 1.923880e+03 1.000000e+03
         vertex 6.092689e+02 1.920505e+03 0.000000e+00
         vertex 6.092689e+02 1.920505e+03 1.000000e+03
      endloop
   endfacet
   facet normal -3.947443e-01 9.187910e-01 0.000000e+00
      outer loop
         vertex 6.092689e+02 1.920505e+03 1.000000e+03
         vertex 6.092689e+02 1.920505e+03 0.000000e+00
         vertex 6.012509e+02 1.917060e+03 0.000000e+00
      endloop
   endfacet
   facet normal -3.947443e-01 9.187910e-01 0.000000e+00
      outer loop
         vertex 6.092689e+02 1.920505e+03 1.000000e+03
         vertex 6.012509e+02 1.917060e+03 0.000000e+00
         vertex 6.012509e+02 1.917060e+03 1.000000e+03
      endloop
   endfacet
   facet normal -4.027503e-01 9.153099e-01 0.000000e+00
      outer loop
         vertex 6.012509e+02 1.917060e+03 1.000000e+03
         vertex 6.012509e+02 1.917060e+03 0.000000e+00
         vertex 5.932634e+02 1.913545e+03 0.000000e+00
      endloop
   endfacet
   facet normal -4.027503e-01 9.153099e-01 0.000000e+00
      outer loop
         vertex 6.012509e+02 1.917060e+03 1.000000e+03
         vertex 5.932634e+02 1.913545e+03 0.000000e+00
         vertex 5.932634e+02 1.913545e+03 1.000000e+03
      endloop
   endfacet
   facet normal -4.107152e-01 9.117637e-01 0.000000e+00
      outer loop
         vertex 5.932634e+02 1.913545e+03 1.000000e+03
         vertex 5.932634e+02 1.913545e+03 0.000000e+00
         vertex 5.853068e+02 1.909961e+03 0.000000e+00
      endloop
   endfacet
   facet normal -4.107152e-01 9.117637e-01 0.000000e+00
      outer loop
         vertex 5.932634e+02 1.913545e+03 1.000000e+03
         vertex 5.853068e+02 1.909961e+03 0.000000e+00
         vertex 5.853068e+02 1.909961e+03 1.000000e+03
      endloop
   endfacet
   facet normal -4.186575e-01 9.081442e-01 0.000000e+00
      outer loop
         vertex 5.853068e+02 1.909961e+03 1.000000e+03
         vertex 5.853068e+02 1.909961e+03 0.000000e+00
         vertex 5.773817e+02 1.906308e+03 0.000000e+00
      endloop
   endfacet
   facet normal -4.186575e-01 9.081442e-01 0.000000e+00
      outer loop
         vertex 5.853068e+02 1.909961e+03 1.000000e+03
         vertex 5.773817e+02 1.906308e+03 0.000000e+00
         vertex 5.773817e+02 1.906308e+03 1.000000e+03
      endloop
   endfacet
   facet normal -4.265738e-01 9.044527e-01 0.000000e+00
      outer loop
         vertex 5.773817e+02 1.906308e+03 1.000000e+03
         vertex 5.773817e+02 1.906308e+03 0.000000e+00
         vertex 5.694889e+02 1.902585e+03 0.000000e+00
      endloop
   endfacet
   facet normal -4.265738e-01 9.044527e-01 0.000000e+00
      outer loop
         vertex 5.773817e+02 1.906308e+03 1.000000e+03
         vertex 5.694889e+02 1.902585e+03 0.000000e+00
         vertex 5.694889e+02 1.902585e+03 1.000000e+03
      endloop
   endfacet
   facet normal -4.344423e-01 9.006997e-01 0.000000e+00
      outer loop
         vertex 5.694889e+02 1.902585e+03 1.000000e+03
         vertex 5.694889e+02 1.902585e+03 0.000000e+00
         vertex 5.616288e+02 1.898794e+03 0.000000e+00
      endloop
   endfacet
   facet normal -4.344423e-01 9.006997e-01 0.000000e+00
      outer loop
         vertex 5.694889e+02 1.902585e+03 1.000000e+03
         vertex 5.616288e+02 1.898794e+03 0.000000e+00
         vertex 5.616288e+02 1.898794e+03 1.000000e+03
      endloop
   endfacet
   facet normal -4.422905e-01 8.968719e-01 0.000000e+00
      outer loop
         vertex 5.616288e+02 1.898794e+03 1.000000e+03
         vertex 5.616288e+02 1.898794e+03 0.000000e+00
         vertex 5.538022e+02 1.894934e+03 0.000000e+00
      endloop
   endfacet
   facet normal -4.422905e-01 8.968719e-01 0.000000e+00
      outer loop
         vertex 5.616288e+02 1.898794e+03 1.000000e+03
         vertex 5.538022e+02 1.894934e+03 0.000000e+00
         vertex 5.538022e+02 1.894934e+03 1.000000e+03
      endloop
   endfacet
   facet normal -4.500977e-01 8.929793e-01 0.000000e+00
      outer loop
         vertex 5.538022e+02 1.894934e+03 1.000000e+03
         vertex 5.538022e+02 1.894934e+03 0.000000e+00
         vertex 5.460095e+02 1.891007e+03 0.000000e+00
      endloop
   endfacet
   facet normal -4.500977e-01 8.929793e-01 0.000000e+00
      outer loop
         vertex 5.538022e+02 1.894934e+03 1.000000e+03
         vertex 5.460095e+02 1.891007e+03 0.000000e+00
         vertex 5.460095e+02 1.891007e+03 1.000000e+03
      endloop
   endfacet
   facet normal -4.578764e-01 8.890159e-01 0.000000e+00
      outer loop
         vertex 5.460095e+02 1.891007e+03 1.000000e+03
         vertex 5.460095e+02 1.891007e+03 0.000000e+00
         vertex 5.382514e+02 1.887011e+03 0.000000e+00
      endloop
   endfacet
   facet normal -4.578764e-01 8.890159e-01 0.000000e+00
      outer loop
         vertex 5.460095e+02 1.891007e+03 1.000000e+03
         vertex 5.382514e+02 1.887011e+03 0.000000e+00
         vertex 5.382514e+02 1.887011e+03 1.000000e+03
      endloop
   endfacet
   facet normal -4.656141e-01 8.849878e-01 0.000000e+00
      outer loop
         vertex 5.382514e+02 1.887011e+03 1.000000e+03
         vertex 5.382514e+02 1.887011e+03 0.000000e+00
         vertex 5.305284e+02 1.882948e+03 0.000000e+00
      endloop
   endfacet
   facet normal -4.656141e-01 8.849878e-01 0.000000e+00
      outer loop
         vertex 5.382514e+02 1.887011e+03 1.000000e+03
         vertex 5.305284e+02 1.882948e+03 0.000000e+00
         vertex 5.305284e+02 1.882948e+03 1.000000e+03
      endloop
   endfacet
   facet normal -4.733154e-01 8.808931e-01 0.000000e+00
      outer loop
         vertex 5.305284e+02 1.882948e+03 1.000000e+03
         vertex 5.305284e+02 1.882948e+03 0.000000e+00
         vertex 5.228412e+02 1.878817e+03 0.000000e+00
      endloop
   endfacet
   facet normal -4.733154e-01 8.808931e-01 0.000000e+00
      outer loop
         vertex 5.305284e+02 1.882948e+03 1.000000e+03
         vertex 5.228412e+02 1.878817e+03 0.000000e+00
         vertex 5.228412e+02 1.878817e+03 1.000000e+03
      endloop
   endfacet
   facet normal -4.809903e-01 8.767259e-01 0.000000e+00
      outer loop
         vertex 5.228412e+02 1.878817e+03 1.000000e+03
         vertex 5.228412e+02 1.878817e+03 0.000000e+00
         vertex 5.151904e+02 1.874620e+03 0.000000e+00
      endloop
   endfacet
   facet normal -4.809903e-01 8.767259e-01 0.000000e+00
      outer loop
         vertex 5.228412e+02 1.878817e+03 1.000000e+03
         vertex 5.151904e+02 1.874620e+03 0.000000e+00
         vertex 5.151904e+02 1.874620e+03 1.000000e+03
      endloop
   endfacet
   facet normal -4.886192e-01 8.724972e-01 0.000000e+00
      outer loop
         vertex 5.151904e+02 1.874620e+03 1.000000e+03
         vertex 5.151904e+02 1.874620e+03 0.000000e+00
         vertex 5.075764e+02 1.870356e+03 0.000000e+00
      endloop
   endfacet
   facet normal -4.886192e-01 8.724972e-01 0.000000e+00
      outer loop
         vertex 5.151904e+02 1.874620e+03 1.000000e+03
         vertex 5.075764e+02 1.870356e+03 0.000000e+00
         vertex 5.075764e+02 1.870356e+03 1.000000e+03
      endloop
   endfacet
   facet normal -4.962206e-01 8.681965e-01 0.000000e+00
      outer loop
         vertex 5.075764e+02 1.870356e+03 1.000000e+03
         vertex 5.075764e+02 1.870356e+03 0.000000e+00
         vertex 5.000000e+02 1.866025e+03 0.000000e+00
      endloop
   endfacet
   facet normal -4.962206e-01 8.681965e-01 0.000000e+00
      outer loop
         vertex 5.075764e+02 1.870356e+03 1.000000e+03
         vertex 5.000000e+02 1.866025e+03 0.000000e+00
         vertex 5.000000e+02 1.866025e+03 1.000000e+03
      endloop
   endfacet
   facet normal -5.037695e-01 8.638381e-01 0.000000e+00
      outer loop
         vertex 5.000000e+02 1.866025e+03 1.000000e+03
         vertex 5.000000e+02 1.866025e+03 0.000000e+00
         vertex 4.924616e+02 1.861629e+03 0.000000e+00
      endloop
   endfacet
   facet normal -5.037695e-01 8.638381e-01 0.000000e+00
      outer loop
         vertex 5.000000e+02 1.866025e+03 1.000000e+03
         vertex 4.924616e+02 1.861629e+03 0.000000e+00
         vertex 4.924616e+02 1.861629e+03 1.000000e+03
      endloop
   endfacet
   facet normal -5.112960e-01 8.594047e-01 0.000000e+00
      outer loop
         vertex 4.924616e+02 1.861629e+03 1.000000e+03
         vertex 4.924616e+02 1.861629e+03 0.000000e+00
         vertex 4.849619e+02 1.857167e+03 0.000000e+00
      endloop
   endfacet
   facet normal -5.112960e-01 8.594047e-01 0.000000e+00
      outer loop
         vertex 4.924616e+02 1.861629e+03 1.000000e+03
         vertex 4.849619e+02 1.857167e+03 0.000000e+00
         vertex 4.849619e+02 1.857167e+03 1.000000e+03
      endloop
   endfacet
   facet normal -5.187753e-01 8.549106e-01 0.000000e+00
      outer loop
         vertex 4.849619e+02 1.857167e+03 1.000000e+03
         vertex 4.849619e+02 1.857167e+03 0.000000e+00
         vertex 4.775015e+02 1.852640e+03 0.000000e+00
      endloop
   endfacet
   facet normal -5.187753e-01 8.549106e-01 0.000000e+00
      outer loop
         vertex 4.849619e+02 1.857167e+03 1.000000e+03
         vertex 4.775015e+02 1.852640e+03 0.000000e+00
         vertex 4.775015e+02 1.852640e+03 1.000000e+03
      endloop
   endfacet
   facet normal -5.262123e-01 8.503532e-01 0.000000e+00
      outer loop
         vertex 4.775015e+02 1.852640e+03 1.000000e+03
         vertex 4.775015e+02 1.852640e+03 0.000000e+00
         vertex 4.700807e+02 1.848048e+03 0.000000e+00
      endloop
   endfacet
   facet normal -5.262123e-01 8.503532e-01 0.000000e+00
      outer loop
         vertex 4.775015e+02 1.852640e+03 1.000000e+03
         vertex 4.700807e+02 1.848048e+03 0.000000e+00
         vertex 4.700807e+02 1.848048e+03 1.000000e+03
      endloop
   endfacet
   facet normal -5.336152e-01 8.457274e-01 0.000000e+00
      outer loop
         vertex 4.700807e+02 1.848048e+03 1.000000e+03
         vertex 4.700807e+02 1.848048e+03 0.000000e+00
         vertex 4.627004e+02 1.843391e+03 0.000000e+00
      endloop
   endfacet
   facet normal -5.336152e-01 8.457274e-01 0.000000e+00
      outer loop
         vertex 4.700807e+02 1.848048e+03 1.000000e+03
         vertex 4.627004e+02 1.843391e+03 0.000000e+00
         vertex 4.627004e+02 1.843391e+03 1.000000e+03
      endloop
   endfacet
   facet normal -5.409740e-01 8.410393e-01 0.000000e+00
      outer loop
         vertex 4.627004e+02 1.843391e+03 1.000000e+03
         vertex 4.627004e+02 1.843391e+03 0.000000e+00
         vertex 4.553609e+02 1.838671e+03 0.000000e+00
      endloop
   endfacet
   facet normal -5.409740e-01 8.410393e-01 0.000000e+00
      outer loop
         vertex 4.627004e+02 1.843391e+03 1.000000e+03
         vertex 4.553609e+02 1.838671e+03 0.000000e+00
         vertex 4.553609e+02 1.838671e+03 1.000000e+03
      endloop
   endfacet
   facet normal -5.482907e-01 8.362878e-01 0.000000e+00
      outer loop
         vertex 4.553609e+02 1.838671e+03 1.000000e+03
         vertex 4.553609e+02 1.838671e+03 0.000000e+00
         vertex 4.480630e+02 1.833886e+03 0.000000e+00
      endloop
   endfacet
   facet normal -5.482907e-01 8.362878e-01 0.000000e+00
      outer loop
         vertex 4.553609e+02 1.838671e+03 1.000000e+03
         vertex 4.480630e+02 1.833886e+03 0.000000e+00
         vertex 4.480630e+02 1.833886e+03 1.000000e+03
      endloop
   endfacet
   facet normal -5.555747e-01 8.314666e-01 0.000000e+00
      outer loop
         vertex 4.480630e+02 1.833886e+03 1.000000e+03
         vertex 4.480630e+02 1.833886e+03 0.000000e+00
         vertex 4.408071e+02 1.829038e+03 0.000000e+00
      endloop
   endfacet
   facet normal -5.555747e-01 8.314666e-01 0.000000e+00
      outer loop
         vertex 4.480630e+02 1.833886e+03 1.000000e+03
         vertex 4.408071e+02 1.829038e+03 0.000000e+00
         vertex 4.408071e+02 1.829038e+03 1.000000e+03
      endloop
   endfacet
   facet normal -5.628022e-01 8.265916e-01 0.000000e+00
      outer loop
         vertex 4.408071e+02 1.829038e+03 1.000000e+03
         vertex 4.408071e+02 1.829038e+03 0.000000e+00
         vertex 4.335938e+02 1.824126e+03 0.000000e+00
      endloop
   endfacet
   facet normal -5.628022e-01 8.265916e-01 0.000000e+00
      outer loop
         vertex 4.408071e+02 1.829038e+03 1.000000e+03
         vertex 4.335938e+02 1.824126e+03 0.000000e+00
         vertex 4.335938e+02 1.824126e+03 1.000000e+03
      endloop
   endfacet
   facet normal -5.699954e-01 8.216479e-01 0.000000e+00
      outer loop
         vertex 4.335938e+02 1.824126e+03 1.000000e+03
         vertex 4.335938e+02 1.824126e+03 0.000000e+00
         vertex 4.264235e+02 1.819152e+03 0.000000e+00
      endloop
   endfacet
   facet normal -5.699954e-01 8.216479e-01 0.000000e+00
      outer loop
         vertex 4.335938e+02 1.824126e+03 1.000000e+03
         vertex 4.264235e+02 1.819152e+03 0.000000e+00
         vertex 4.264235e+02 1.819152e+03 1.000000e+03
      endloop
   endfacet
   facet normal -5.771462e-01 8.166408e-01 0.000000e+00
      outer loop
         vertex 4.264235e+02 1.819152e+03 1.000000e+03
         vertex 4.264235e+02 1.819152e+03 0.000000e+00
         vertex 4.192970e+02 1.814116e+03 0.000000e+00
      endloop
   endfacet
   facet normal -5.771462e-01 8.166408e-01 0.000000e+00
      outer loop
         vertex 4.264235e+02 1.819152e+03 1.000000e+03
         vertex 4.192970e+02 1.814116e+03 0.000000e+00
         vertex 4.192970e+02 1.814116e+03 1.000000e+03
      endloop
   endfacet
   facet normal -5.842502e-01 8.115736e-01 0.000000e+00
      outer loop
         vertex 4.192970e+02 1.814116e+03 1.000000e+03
         vertex 4.192970e+02 1.814116e+03 0.000000e+00
         vertex 4.122148e+02 1.809017e+03 0.000000e+00
      endloop
   endfacet
   facet normal -5.842502e-01 8.115736e-01 0.000000e+00
      outer loop
         vertex 4.192970e+02 1.814116e+03 1.000000e+03
         vertex 4.122148e+02 1.809017e+03 0.000000e+00
         vertex 4.122148e+02 1.809017e+03 1.000000e+03
      endloop
   endfacet
   facet normal -5.913118e-01 8.064430e-01 0.000000e+00
      outer loop
         vertex 4.122148e+02 1.809017e+03 1.000000e+03
         vertex 4.122148e+02 1.809017e+03 0.000000e+00
         vertex 4.051772e+02 1.803857e+03 0.000000e+00
      endloop
   endfacet
   facet normal -5.913118e-01 8.064430e-01 0.000000e+00
      outer loop
         vertex 4.122148e+02 1.809017e+03 1.000000e+03
         vertex 4.051772e+02 1.803857e+03 0.000000e+00
         vertex 4.051772e+02 1.803857e+03 1.000000e+03
      endloop
   endfacet
   facet normal -5.983234e-01 8.012547e-01 0.000000e+00
      outer loop
         vertex 4.051772e+02 1.803857e+03 1.000000e+03
         vertex 4.051772e+02 1.803857e+03 0.000000e+00
         vertex 3.981850e+02 1.798635e+03 0.000000e+00
      endloop
   endfacet
   facet normal -5.983234e-01 8.012547e-01 0.000000e+00
      outer loop
         vertex 4.051772e+02 1.803857e+03 1.000000e+03
         vertex 3.981850e+02 1.798635e+03 0.000000e+00
         vertex 3.981850e+02 1.798635e+03 1.000000e+03
      endloop
   endfacet
   facet normal -6.052947e-01 7.960015e-01 0.000000e+00
      outer loop
         vertex 3.981850e+02 1.798635e+03 1.000000e+03
         vertex 3.981850e+02 1.798635e+03 0.000000e+00
         vertex 3.912386e+02 1.793353e+03 0.000000e+00
      endloop
   endfacet
   facet normal -6.052947e-01 7.960015e-01 0.000000e+00
      outer loop
         vertex 3.981850e+02 1.798635e+03 1.000000e+03
         vertex 3.912386e+02 1.793353e+03 0.000000e+00
         vertex 3.912386e+02 1.793353e+03 1.000000e+03
      endloop
   endfacet
   facet normal -6.122127e-01 7.906931e-01 0.000000e+00
      outer loop
         vertex 3.912386e+02 1.793353e+03 1.000000e+03
         vertex 3.912386e+02 1.793353e+03 0.000000e+00
         vertex 3.843385e+02 1.788011e+03 0.000000e+00
      endloop
   endfacet
   facet normal -6.122127e-01 7.906931e-01 0.000000e+00
      outer loop
         vertex 3.912386e+02 1.793353e+03 1.000000e+03
         vertex 3.843385e+02 1.788011e+03 0.000000e+00
         vertex 3.843385e+02 1.788011e+03 1.000000e+03
      endloop
   endfacet
   facet normal -6.190958e-01 7.853155e-01 0.000000e+00
      outer loop
         vertex 3.843385e+02 1.788011e+03 1.000000e+03
         vertex 3.843385e+02 1.788011e+03 0.000000e+00
         vertex 3.774853e+02 1.782608e+03 0.000000e+00
      endloop
   endfacet
   facet normal 9.999905e-01 4.364505e-03 0.000000e+00
      outer loop
         vertex 1.999962e+03 1.008727e+03 0.000000e+00
         vertex 2.000000e+03 1.000000e+03 1.000000e+03
         vertex 2.000000e+03 1.000000e+03 0.000000e+00
      endloop
   endfacet
   facet normal 9.999905e-01 -4.364505e-03 0.000000e+00
      outer loop
         vertex 2.000000e+03 1.000000e+03 0.000000e+00
         vertex 2.000000e+03 1.000000e+03 1.000000e+03
         vertex 1.999962e+03 9.912735e+02 1.000000e+03
      endloop
   endfacet
   facet normal 9.999905e-01 -4.364505e-03 0.000000e+00
      outer loop
         vertex 2.000000e+03 1.000000e+03 0.000000e+00
         vertex 1.999962e+03 9.912735e+02 1.000000e+03
         vertex 1.999962e+03 9.912735e+02 0.000000e+00
      endloop
   endfacet
   facet normal 9.999144e-01 -1.308669e-02 0.000000e+00
      outer loop
         vertex 1.999962e+03 9.912735e+02 0.000000e+00
         vertex 1.999962e+03 9.912735e+02 1.000000e+03
         vertex 1.999848e+03 9.825476e+02 1.000000e+03
      endloop
   endfacet
   facet normal 9.999144e-01 -1.308669e-02 0.000000e+00
      outer loop
         vertex 1.999962e+03 9.912735e+02 0.000000e+00
         vertex 1.999848e+03 9.825476e+02 1.000000e+03
         vertex 1.999848e+03 9.825476e+02 0.000000e+00
      endloop
   endfacet
   facet normal 9.997620e-01 -2.181569e-02 0.000000e+00
      outer loop
         vertex 1.999848e+03 9.825476e+02 0.000000e+00
         vertex 1.999848e+03 9.825476e+02 1.000000e+03
         vertex 1.999657e+03 9.738231e+02 1.000000e+03
      endloop
   endfacet
   facet normal 9.997620e-01 -2.181569e-02 0.000000e+00
      outer loop
         vertex 1.999848e+03 9.825476e+02 0.000000e+00
         vertex 1.999657e+03 9.738231e+02 1.000000e+03
         vertex 1.999657e+03 9.738231e+02 0.000000e+00
      endloop
   endfacet
   facet normal 9.995336e-01 -3.053788e-02 0.000000e+00
      outer loop
         vertex 1.999657e+03 9.738231e+02 0.000000e+00
         vertex 1.999657e+03 9.738231e+02 1.000000e+03
         vertex 1.999391e+03 9.651005e+02 1.000000e+03
      endloop
   endfacet
   facet normal 9.995336e-01 -3.053788e-02 0.000000e+00
      outer loop
         vertex 1.999657e+03 9.738231e+02 0.000000e+00
         vertex 1.999391e+03 9.651005e+02 1.000000e+03
         vertex 1.999391e+03 9.651005e+02 0.000000e+00
      endloop
   endfacet
   facet normal 9.992290e-01 -3.926005e-02 0.000000e+00
      outer loop
         vertex 1.999391e+03 9.651005e+02 0.000000e+00
         vertex 1.999391e+03 9.651005e+02 1.000000e+03
         vertex 1.999048e+03 9.563806e+02 1.000000e+03
      endloop
   endfacet
   facet normal 9.992290e-01 -3.926005e-02 0.000000e+00
      outer loop
         vertex 1.999391e+03 9.651005e+02 0.000000e+00
         vertex 1.999048e+03 9.563806e+02 1.000000e+03
         vertex 1.999048e+03 9.563806e+02 0.000000e+00
      endloop
   endfacet
   facet normal 9.988482e-01 -4.798222e-02 0.000000e+00
      outer loop
         vertex 1.999048e+03 9.563806e+02 0.000000e+00
         vertex 1.999048e+03 9.563806e+02 1.000000e+03
         vertex 1.998630e+03 9.476640e+02 1.000000e+03
      endloop
   endfacet
   facet normal 9.988482e-01 -4.798222e-02 0.000000e+00
      outer loop
         vertex 1.999048e+03 9.563806e+02 0.000000e+00
         vertex 1.998630e+03 9.476640e+02 1.000000e+03
         vertex 1.998630e+03 9.476640e+02 0.000000e+00
      endloop
   endfacet
   facet normal 9.983918e-01 -5.669074e-02 0.000000e+00
      outer loop
         vertex 1.998630e+03 9.476640e+02 0.000000e+00
         vertex 1.998630e+03 9.476640e+02 1.000000e+03
         vertex 1.998135e+03 9.389515e+02 1.000000e+03
      endloop
   endfacet
   facet normal 9.983918e-01 -5.669074e-02 0.000000e+00
      outer loop
         vertex 1.998630e+03 9.476640e+02 0.000000e+00
         vertex 1.998135e+03 9.389515e+02 1.000000e+03
         vertex 1.998135e+03 9.389515e+02 0.000000e+00
      endloop
   endfacet
   facet normal 9.978592e-01 -6.539932e-02 0.000000e+00
      outer loop
         vertex 1.998135e+03 9.389515e+02 0.000000e+00
         vertex 1.998135e+03 9.389515e+02 1.000000e+03
         vertex 1.997564e+03 9.302435e+02 1.000000e+03
      endloop
   endfacet
   facet normal 9.978592e-01 -6.539932e-02 0.000000e+00
      outer loop
         vertex 1.998135e+03 9.389515e+02 0.000000e+00
         vertex 1.997564e+03 9.302435e+02 1.000000e+03
         vertex 1.997564e+03 9.302435e+02 0.000000e+00
      endloop
   endfacet
   facet normal 9.972497e-01 -7.411453e-02 0.000000e+00
      outer loop
         vertex 1.997564e+03 9.302435e+02 0.000000e+00
         vertex 1.997564e+03 9.302435e+02 1.000000e+03
         vertex 1.996917e+03 9.215409e+02 1.000000e+03
      endloop
   endfacet
   facet normal 9.972497e-01 -7.411453e-02 0.000000e+00
      outer loop
         vertex 1.997564e+03 9.302435e+02 0.000000e+00
         vertex 1.996917e+03 9.215409e+02 1.000000e+03
         vertex 1.996917e+03 9.215409e+02 0.000000e+00
      endloop
   endfacet
   facet normal 9.965660e-01 -8.280270e-02 0.000000e+00
      outer loop
         vertex 1.996917e+03 9.215409e+02 0.000000e+00
         vertex 1.996917e+03 9.215409e+02 1.000000e+03
         vertex 1.996195e+03 9.128443e+02 1.000000e+03
      endloop
   endfacet
   facet normal 9.965660e-01 -8.280270e-02 0.000000e+00
      outer loop
         vertex 1.996917e+03 9.215409e+02 0.000000e+00
         vertex 1.996195e+03 9.128443e+02 1.000000e+03
         vertex 1.996195e+03 9.128443e+02 0.000000e+00
      endloop
   endfacet
   facet normal 9.958047e-01 -9.150434e-02 0.000000e+00
      outer loop
         vertex 1.996195e+03 9.128443e+02 0.000000e+00
         vertex 1.996195e+03 9.128443e+02 1.000000e+03
         vertex 1.995396e+03 9.041542e+02 1.000000e+03
      endloop
   endfacet
   facet normal 9.958047e-01 -9.150434e-02 0.000000e+00
      outer loop
         vertex 1.996195e+03 9.128443e+02 0.000000e+00
         vertex 1.995396e+03 9.041542e+02 1.000000e+03
         vertex 1.995396e+03 9.041542e+02 0.000000e+00
      endloop
   endfacet
   facet normal 9.949688e-01 -1.001855e-01 0.000000e+00
      outer loop
         vertex 1.995396e+03 9.041542e+02 0.000000e+00
         vertex 1.995396e+03 9.041542e+02 1.000000e+03
         vertex 1.994522e+03 8.954715e+02 1.000000e+03
      endloop
   endfacet
   facet normal 9.949688e-01 -1.001855e-01 0.000000e+00
      outer loop
         vertex 1.995396e+03 9.041542e+02 0.000000e+00
         vertex 1.994522e+03 8.954715e+02 1.000000e+03
         vertex 1.994522e+03 8.954715e+02 0.000000e+00
      endloop
   endfacet
   facet normal 9.940564e-01 -1.088668e-01 0.000000e+00
      outer loop
         vertex 1.994522e+03 8.954715e+02 0.000000e+00
         vertex 1.994522e+03 8.954715e+02 1.000000e+03
         vertex 1.993572e+03 8.867968e+02 1.000000e+03
      endloop
   endfacet
   facet normal 9.940564e-01 -1.088668e-01 0.000000e+00
      outer loop
         vertex 1.994522e+03 8.954715e+02 0.000000e+00
         vertex 1.993572e+03 8.867968e+02 1.000000e+03
         vertex 1.993572e+03 8.867968e+02 0.000000e+00
      endloop
   endfacet
   facet normal 9.930680e-01 -1.175411e-01 0.000000e+00
      outer loop
         vertex 1.993572e+03 8.867968e+02 0.000000e+00
         vertex 1.993572e+03 8.867968e+02 1.000000e+03
         vertex 1.992546e+03 8.781307e+02 1.000000e+03
      endloop
   endfacet
   facet normal 9.930680e-01 -1.175411e-01 0.000000e+00
      outer loop
         vertex 1.993572e+03 8.867968e+02 0.000000e+00
         vertex 1.992546e+03 8.781307e+02 1.000000e+03
         vertex 1.992546e+03 8.781307e+02 0.000000e+00
      endloop
   endfacet
   facet normal 9.920054e-01 -1.261951e-01 0.000000e+00
      outer loop
         vertex 1.992546e+03 8.781307e+02 0.000000e+00
         vertex 1.992546e+03 8.781307e+02 1.000000e+03
         vertex 1.991445e+03 8.694738e+02 1.000000e+03
      endloop
   endfacet
   facet normal 9.920054e-01 -1.261951e-01 0.000000e+00
      outer loop
         vertex 1.992546e+03 8.781307e+02 0.000000e+00
         vertex 1.991445e+03 8.694738e+02 1.000000e+03
         vertex 1.991445e+03 8.694738e+02 0.000000e+00
      endloop
   endfacet
   facet normal 9.908653e-01 -1.348554e-01 0.000000e+00
      outer loop
         vertex 1.991445e+03 8.694738e+02 0.000000e+00
         vertex 1.991445e+03 8.694738e+02 1.000000e+03
         vertex 1.990268e+03 8.608269e+02 1.000000e+03
      endloop
   endfacet
   facet normal 9.908653e-01 -1.348554e-01 0.000000e+00
      outer loop
         vertex 1.991445e+03 8.694738e+02 0.000000e+00
         vertex 1.990268e+03 8.608269e+02 1.000000e+03
         vertex 1.990268e+03 8.608269e+02 0.000000e+00
      endloop
   endfacet
   facet normal 9.896519e-01 -1.434891e-01 0.000000e+00
      outer loop
         vertex 1.990268e+03 8.608269e+02 0.000000e+00
         vertex 1.990268e+03 8.608269e+02 1.000000e+03
         vertex 1.989016e+03 8.521906e+02 1.000000e+03
      endloop
   endfacet
   facet normal 9.896519e-01 -1.434891e-01 0.000000e+00
      outer loop
         vertex 1.990268e+03 8.608269e+02 0.000000e+00
         vertex 1.989016e+03 8.521906e+02 1.000000e+03
         vertex 1.989016e+03 8.521906e+02 0.000000e+00
      endloop
   endfacet
   facet normal 9.883616e-01 -1.521226e-01 0.000000e+00
      outer loop
         vertex 1.989016e+03 8.521906e+02 0.000000e+00
         vertex 1.989016e+03 8.521906e+02 1.000000e+03
         vertex 1.987688e+03 8.435655e+02 1.000000e+03
      endloop
   endfacet
   facet normal 9.883616e-01 -1.521226e-01 0.000000e+00
      outer loop
         vertex 1.989016e+03 8.521906e+02 0.000000e+00
         vertex 1.987688e+03 8.435655e+02 1.000000e+03
         vertex 1.987688e+03 8.435655e+02 0.000000e+00
      endloop
   endfacet
   facet normal 9.869964e-01 -1.607422e-01 0.000000e+00
      outer loop
         vertex 1.987688e+03 8.435655e+02 0.000000e+00
         vertex 1.987688e+03 8.435655e+02 1.000000e+03
         vertex 1.986286e+03 8.349524e+02 1.000000e+03
      endloop
   endfacet
   facet normal 9.869964e-01 -1.607422e-01 0.000000e+00
      outer loop
         vertex 1.987688e+03 8.435655e+02 0.000000e+00
         vertex 1.986286e+03 8.349524e+02 1.000000e+03
         vertex 1.986286e+03 8.349524e+02 0.000000e+00
      endloop
   endfacet
   facet normal 9.855551e-01 -1.693548e-01 0.000000e+00
      outer loop
         vertex 1.986286e+03 8.349524e+02 0.000000e+00
         vertex 1.986286e+03 8.349524e+02 1.000000e+03
         vertex 1.984808e+03 8.263518e+02 1.000000e+03
      endloop
   endfacet
   facet normal 9.855551e-01 -1.693548e-01 0.000000e+00
      outer loop
         vertex 1.986286e+03 8.349524e+02 0.000000e+00
         vertex 1.984808e+03 8.263518e+02 1.000000e+03
         vertex 1.984808e+03 8.263518e+02 0.000000e+00
      endloop
   endfacet
   facet normal 9.840412e-01 -1.779408e-01 0.000000e+00
      outer loop
         vertex 1.984808e+03 8.263518e+02 0.000000e+00
         vertex 1.984808e+03 8.263518e+02 1.000000e+03
         vertex 1.983255e+03 8.177645e+02 1.000000e+03
      endloop
   endfacet
   facet normal 9.840412e-01 -1.779408e-01 0.000000e+00
      outer loop
         vertex 1.984808e+03 8.263518e+02 0.000000e+00
         vertex 1.983255e+03 8.177645e+02 1.000000e+03
         vertex 1.983255e+03 8.177645e+02 0.000000e+00
      endloop
   endfacet
   facet normal 9.824500e-01 -1.865261e-01 0.000000e+00
      outer loop
         vertex 1.983255e+03 8.177645e+02 0.000000e+00
         vertex 1.983255e+03 8.177645e+02 1.000000e+03
         vertex 1.981627e+03 8.091910e+02 1.000000e+03
      endloop
   endfacet
   facet normal 9.824500e-01 -1.865261e-01 0.000000e+00
      outer loop
         vertex 1.983255e+03 8.177645e+02 0.000000e+00
         vertex 1.981627e+03 8.091910e+02 1.000000e+03
         vertex 1.981627e+03 8.091910e+02 0.000000e+00
      endloop
   endfacet
   facet normal 9.807851e-01 -1.950912e-01 0.000000e+00
      outer loop
         vertex 1.981627e+03 8.091910e+02 0.000000e+00
         vertex 1.981627e+03 8.091910e+02 1.000000e+03
         vertex 1.979925e+03 8.006321e+02 1.000000e+03
      endloop
   endfacet
   facet normal 9.807851e-01 -1.950912e-01 0.000000e+00
      outer loop
         vertex 1.981627e+03 8.091910e+02 0.000000e+00
         vertex 1.979925e+03 8.006321e+02 1.000000e+03
         vertex 1.979925e+03 8.006321e+02 0.000000e+00
      endloop
   endfacet
   facet normal 9.790466e-01 -2.036364e-01 0.000000e+00
      outer loop
         vertex 1.979925e+03 8.006321e+02 0.000000e+00
         vertex 1.979925e+03 8.006321e+02 1.000000e+03
         vertex 1.978148e+03 7.920883e+02 1.000000e+03
      endloop
   endfacet
   facet normal 9.790466e-01 -2.036364e-01 0.000000e+00
      outer loop
         vertex 1.979925e+03 8.006321e+02 0.000000e+00
         vertex 1.978148e+03 7.920883e+02 1.000000e+03
         vertex 1.978148e+03 7.920883e+02 0.000000e+00
      endloop
   endfacet
   facet normal 9.772306e-01 -2.121801e-01 0.000000e+00
      outer loop
         vertex 1.978148e+03 7.920883e+02 0.000000e+00
         vertex 1.978148e+03 7.920883e+02 1.000000e+03
         vertex 1.976296e+03 7.835604e+02 1.000000e+03
      endloop
   endfacet
   facet normal 9.772306e-01 -2.121801e-01 0.000000e+00
      outer loop
         vertex 1.978148e+03 7.920883e+02 0.000000e+00
         vertex 1.976296e+03 7.835604e+02 1.000000e+03
         vertex 1.976296e+03 7.835604e+02 0.000000e+00
      endloop
   endfacet
   facet normal 9.753422e-01 -2.206978e-01 0.000000e+00
      outer loop
         vertex 1.976296e+03 7.835604e+02 0.000000e+00
         vertex 1.976296e+03 7.835604e+02 1.000000e+03
         vertex 1.974370e+03 7.750489e+02 1.000000e+03
      endloop
   endfacet
   facet normal 9.753422e-01 -2.206978e-01 0.000000e+00
      outer loop
         vertex 1.976296e+03 7.835604e+02 0.000000e+00
         vertex 1.974370e+03 7.750489e+02 1.000000e+03
         vertex 1.974370e+03 7.750489e+02 0.000000e+00
      endloop
   endfacet
   facet normal 9.733790e-01 -2.292015e-01 0.000000e+00
      outer loop
         vertex 1.974370e+03 7.750489e+02 0.000000e+00
         vertex 1.974370e+03 7.750489e+02 1.000000e+03
         vertex 1.972370e+03 7.665546e+02 1.000000e+03
      endloop
   endfacet
   facet normal 9.733790e-01 -2.292015e-01 0.000000e+00
      outer loop
         vertex 1.974370e+03 7.750489e+02 0.000000e+00
         vertex 1.972370e+03 7.665546e+02 1.000000e+03
         vertex 1.972370e+03 7.665546e+02 0.000000e+00
      endloop
   endfacet
   facet normal 9.713424e-01 -2.376844e-01 0.000000e+00
      outer loop
         vertex 1.972370e+03 7.665546e+02 0.000000e+00
         vertex 1.972370e+03 7.665546e+02 1.000000e+03
         vertex 1.970296e+03 7.580781e+02 1.000000e+03
      endloop
   endfacet
   facet normal 9.713424e-01 -2.376844e-01 0.000000e+00
      outer loop
         vertex 1.972370e+03 7.665546e+02 0.000000e+00
         vertex 1.970296e+03 7.580781e+02 1.000000e+03
         vertex 1.970296e+03 7.580781e+02 0.000000e+00
      endloop
   endfacet
   facet normal 9.692307e-01 -2.461539e-01 0.000000e+00
      outer loop
         vertex 1.970296e+03 7.580781e+02 0.000000e+00
         vertex 1.970296e+03 7.580781e+02 1.000000e+03
         vertex 1.968148e+03 7.496200e+02 1.000000e+03
      endloop
   endfacet
   facet normal 9.692307e-01 -2.461539e-01 0.000000e+00
      outer loop
         vertex 1.970296e+03 7.580781e+02 0.000000e+00
         vertex 1.968148e+03 7.496200e+02 1.000000e+03
         vertex 1.968148e+03 7.496200e+02 0.000000e+00
      endloop
   endfacet
   facet normal 9.670456e-01 -2.546031e-01 0.000000e+00
      outer loop
         vertex 1.968148e+03 7.496200e+02 0.000000e+00
         vertex 1.968148e+03 7.496200e+02 1.000000e+03
         vertex 1.965926e+03 7.411810e+02 1.000000e+03
      endloop
   endfacet
   facet normal 9.670456e-01 -2.546031e-01 0.000000e+00
      outer loop
         vertex 1.968148e+03 7.496200e+02 0.000000e+00
         vertex 1.965926e+03 7.411810e+02 1.000000e+03
         vertex 1.965926e+03 7.411810e+02 0.000000e+00
      endloop
   endfacet
   facet normal 9.647873e-01 -2.630313e-01 0.000000e+00
      outer loop
         vertex 1.965926e+03 7.411810e+02 0.000000e+00
         vertex 1.965926e+03 7.411810e+02 1.000000e+03
         vertex 1.963630e+03 7.327616e+02 1.000000e+03
      endloop
   endfacet
   facet normal 9.647873e-01 -2.630313e-01 0.000000e+00
      outer loop
         vertex 1.965926e+03 7.411810e+02 0.000000e+00
         vertex 1.963630e+03 7.327616e+02 1.000000e+03
         vertex 1.963630e+03 7.327616e+02 0.000000e+00
      endloop
   endfacet
   facet normal 9.624555e-01 -2.714395e-01 0.000000e+00
      outer loop
         vertex 1.963630e+03 7.327616e+02 0.000000e+00
         vertex 1.963630e+03 7.327616e+02 1.000000e+03
         vertex 1.961262e+03 7.243626e+02 1.000000e+03
      endloop
   endfacet
   facet normal 9.624555e-01 -2.714395e-01 0.000000e+00
      outer loop
         vertex 1.963630e+03 7.327616e+02 0.000000e+00
         vertex 1.961262e+03 7.243626e+02 1.000000e+03
         vertex 1.961262e+03 7.243626e+02 0.000000e+00
      endloop
   endfacet
   facet normal 9.600505e-01 -2.798268e-01 0.000000e+00
      outer loop
         vertex 1.961262e+03 7.243626e+02 0.000000e+00
         vertex 1.961262e+03 7.243626e+02 1.000000e+03
         vertex 1.958820e+03 7.159846e+02 1.000000e+03
      endloop
   endfacet
   facet normal 9.600505e-01 -2.798268e-01 0.000000e+00
      outer loop
         vertex 1.961262e+03 7.243626e+02 0.000000e+00
         vertex 1.958820e+03 7.159846e+02 1.000000e+03
         vertex 1.958820e+03 7.159846e+02 0.000000e+00
      endloop
   endfacet
   facet normal 9.575699e-01 -2.882012e-01 0.000000e+00
      outer loop
         vertex 1.958820e+03 7.159846e+02 0.000000e+00
         vertex 1.958820e+03 7.159846e+02 1.000000e+03
         vertex 1.956305e+03 7.076283e+02 1.000000e+03
      endloop
   endfacet
   facet normal 9.575699e-01 -2.882012e-01 0.000000e+00
      outer loop
         vertex 1.958820e+03 7.159846e+02 0.000000e+00
         vertex 1.956305e+03 7.076283e+02 1.000000e+03
         vertex 1.956305e+03 7.076283e+02 0.000000e+00
      endloop
   endfacet
   facet normal 9.550203e-01 -2.965404e-01 0.000000e+00
      outer loop
         vertex 1.956305e+03 7.076283e+02 0.000000e+00
         vertex 1.956305e+03 7.076283e+02 1.000000e+03
         vertex 1.953717e+03 6.992942e+02 1.000000e+03
      endloop
   endfacet
   facet normal 9.550203e-01 -2.965404e-01 0.000000e+00
      outer loop
         vertex 1.956305e+03 7.076283e+02 0.000000e+00
         vertex 1.953717e+03 6.992942e+02 1.000000e+03
         vertex 1.953717e+03 6.992942e+02 0.000000e+00
      endloop
   endfacet
   facet normal 9.523973e-01 -3.048595e-01 0.000000e+00
      outer loop
         vertex 1.953717e+03 6.992942e+02 0.000000e+00
         vertex 1.953717e+03 6.992942e+02 1.000000e+03
         vertex 1.951057e+03 6.909830e+02 1.000000e+03
      endloop
   endfacet
   facet normal 9.523973e-01 -3.048595e-01 0.000000e+00
      outer loop
         vertex 1.953717e+03 6.992942e+02 0.000000e+00
         vertex 1.951057e+03 6.909830e+02 1.000000e+03
         vertex 1.951057e+03 6.909830e+02 0.000000e+00
      endloop
   endfacet
   facet normal 9.496988e-01 -3.131648e-01 0.000000e+00
      outer loop
         vertex 1.951057e+03 6.909830e+02 0.000000e+00
         vertex 1.951057e+03 6.909830e+02 1.000000e+03
         vertex 1.948324e+03 6.826953e+02 1.000000e+03
      endloop
   endfacet
   facet normal 9.496988e-01 -3.131648e-01 0.000000e+00
      outer loop
         vertex 1.951057e+03 6.909830e+02 0.000000e+00
         vertex 1.948324e+03 6.826953e+02 1.000000e+03
         vertex 1.948324e+03 6.826953e+02 0.000000e+00
      endloop
   endfacet
   facet normal 9.469289e-01 -3.214430e-01 0.000000e+00
      outer loop
         vertex 1.948324e+03 6.826953e+02 0.000000e+00
         vertex 1.948324e+03 6.826953e+02 1.000000e+03
         vertex 1.945519e+03 6.744318e+02 1.000000e+03
      endloop
   endfacet
   facet normal 9.469289e-01 -3.214430e-01 0.000000e+00
      outer loop
         vertex 1.948324e+03 6.826953e+02 0.000000e+00
         vertex 1.945519e+03 6.744318e+02 1.000000e+03
         vertex 1.945519e+03 6.744318e+02 0.000000e+00
      endloop
   endfacet
   facet normal 9.440900e-01 -3.296879e-01 0.000000e+00
      outer loop
         vertex 1.945519e+03 6.744318e+02 0.000000e+00
         vertex 1.945519e+03 6.744318e+02 1.000000e+03
         vertex 1.942641e+03 6.661931e+02 1.000000e+03
      endloop
   endfacet
   facet normal 9.440900e-01 -3.296879e-01 0.000000e+00
      outer loop
         vertex 1.945519e+03 6.744318e+02 0.000000e+00
         vertex 1.942641e+03 6.661931e+02 1.000000e+03
         vertex 1.942641e+03 6.661931e+02 0.000000e+00
      endloop
   endfacet
   facet normal 9.411756e-01 -3.379178e-01 0.000000e+00
      outer loop
         vertex 1.942641e+03 6.661931e+02 0.000000e+00
         vertex 1.942641e+03 6.661931e+02 1.000000e+03
         vertex 1.939693e+03 6.579798e+02 1.000000e+03
      endloop
   endfacet
   facet normal 9.411756e-01 -3.379178e-01 0.000000e+00
      outer loop
         vertex 1.942641e+03 6.661931e+02 0.000000e+00
         vertex 1.939693e+03 6.579798e+02 1.000000e+03
         vertex 1.939693e+03 6.579798e+02 0.000000e+00
      endloop
   endfacet
   facet normal 9.381922e-01 -3.461146e-01 0.000000e+00
      outer loop
         vertex 1.939693e+03 6.579798e+02 0.000000e+00
         vertex 1.939693e+03 6.579798e+02 1.000000e+03
         vertex 1.936672e+03 6.497926e+02 1.000000e+03
      endloop
   endfacet
   facet normal 9.381922e-01 -3.461146e-01 0.000000e+00
      outer loop
         vertex 1.939693e+03 6.579798e+02 0.000000e+00
         vertex 1.936672e+03 6.497926e+02 1.000000e+03
         vertex 1.936672e+03 6.497926e+02 0.000000e+00
      endloop
   endfacet
   facet normal 9.351332e-01 -3.542963e-01 0.000000e+00
      outer loop
         vertex 1.936672e+03 6.497926e+02 0.000000e+00
         vertex 1.936672e+03 6.497926e+02 1.000000e+03
         vertex 1.933580e+03 6.416321e+02 1.000000e+03
      endloop
   endfacet
   facet normal 9.351332e-01 -3.542963e-01 0.000000e+00
      outer loop
         vertex 1.936672e+03 6.497926e+02 0.000000e+00
         vertex 1.933580e+03 6.416321e+02 1.000000e+03
         vertex 1.933580e+03 6.416321e+02 0.000000e+00
      endloop
   endfacet
   facet normal 9.320099e-01 -3.624329e-01 0.000000e+00
      outer loop
         vertex 1.933580e+03 6.416321e+02 0.000000e+00
         vertex 1.933580e+03 6.416321e+02 1.000000e+03
         vertex 1.930418e+03 6.334988e+02 1.000000e+03
      endloop
   endfacet
   facet normal 9.320099e-01 -3.624329e-01 0.000000e+00
      outer loop
         vertex 1.933580e+03 6.416321e+02 0.000000e+00
         vertex 1.930418e+03 6.334988e+02 1.000000e+03
         vertex 1.930418e+03 6.334988e+02 0.000000e+00
      endloop
   endfacet
   facet normal 9.288089e-01 -3.705591e-01 0.000000e+00
      outer loop
         vertex 1.930418e+03 6.334988e+02 0.000000e+00
         vertex 1.930418e+03 6.334988e+02 1.000000e+03
         vertex 1.927184e+03 6.253934e+02 1.000000e+03
      endloop
   endfacet
   facet normal 9.288089e-01 -3.705591e-01 0.000000e+00
      outer loop
         vertex 1.930418e+03 6.334988e+02 0.000000e+00
         vertex 1.927184e+03 6.253934e+02 1.000000e+03
         vertex 1.927184e+03 6.253934e+02 0.000000e+00
      endloop
   endfacet
   facet normal 9.255390e-01 -3.786523e-01 0.000000e+00
      outer loop
         vertex 1.927184e+03 6.253934e+02 0.000000e+00
         vertex 1.927184e+03 6.253934e+02 1.000000e+03
         vertex 1.923880e+03 6.173166e+02 1.000000e+03
      endloop
   endfacet
   facet normal 9.255390e-01 -3.786523e-01 0.000000e+00
      outer loop
         vertex 1.927184e+03 6.253934e+02 0.000000e+00
         vertex 1.923880e+03 6.173166e+02 1.000000e+03
         vertex 1.923880e+03 6.173166e+02 0.000000e+00
      endloop
   endfacet
   facet normal 9.222028e-01 -3.867066e-01 0.000000e+00
      outer loop
         vertex 1.923880e+03 6.173166e+02 0.000000e+00
         vertex 1.923880e+03 6.173166e+02 1.000000e+03
         vertex 1.920505e+03 6.092689e+02 1.000000e+03
      endloop
   endfacet
   facet normal 9.222028e-01 -3.867066e-01 0.000000e+00
      outer loop
         vertex 1.923880e+03 6.173166e+02 0.000000e+00
         vertex 1.920505e+03 6.092689e+02 1.000000e+03
         vertex 1.920505e+03 6.092689e+02 0.000000e+00
      endloop
   endfacet
   facet normal 9.187910e-01 -3.947443e-01 0.000000e+00
      outer loop
         vertex 1.920505e+03 6.092689e+02 0.000000e+00
         vertex 1.920505e+03 6.092689e+02 1.000000e+03
         vertex 1.917060e+03 6.012509e+02 1.000000e+03
      endloop
   endfacet
   facet normal 9.187910e-01 -3.947443e-01 0.000000e+00
      outer loop
         vertex 1.920505e+03 6.092689e+02 0.000000e+00
         vertex 1.917060e+03 6.012509e+02 1.000000e+03
         vertex 1.917060e+03 6.012509e+02 0.000000e+00
      endloop
   endfacet
   facet normal 9.153099e-01 -4.027503e-01 0.000000e+00
      outer loop
         vertex 1.917060e+03 6.012509e+02 0.000000e+00
         vertex 1.917060e+03 6.012509e+02 1.000000e+03
         vertex 1.913545e+03 5.932634e+02 1.000000e+03
      endloop
   endfacet
   facet normal 9.153099e-01 -4.027503e-01 0.000000e+00
      outer loop
         vertex 1.917060e+03 6.012509e+02 0.000000e+00
         vertex 1.913545e+03 5.932634e+02 1.000000e+03
         vertex 1.913545e+03 5.932634e+02 0.000000e+00
      endloop
   endfacet
   facet normal 9.117637e-01 -4.107152e-01 0.000000e+00
      outer loop
         vertex 1.913545e+03 5.932634e+02 0.000000e+00
         vertex 1.913545e+03 5.932634e+02 1.000000e+03
         vertex 1.909961e+03 5.853068e+02 1.000000e+03
      endloop
   endfacet
   facet normal 9.117637e-01 -4.107152e-01 0.000000e+00
      outer loop
         vertex 1.913545e+03 5.932634e+02 0.000000e+00
         vertex 1.909961e+03 5.853068e+02 1.000000e+03
         vertex 1.909961e+03 5.853068e+02 0.000000e+00
      endloop
   endfacet
   facet normal 9.081442e-01 -4.186575e-01 0.000000e+00
      outer loop
         vertex 1.909961e+03 5.853068e+02 0.000000e+00
         vertex 1.909961e+03 5.853068e+02 1.000000e+03
         vertex 1.906308e+03 5.773817e+02 1.000000e+03
      endloop
   endfacet
   facet normal 9.081442e-01 -4.186575e-01 0.000000e+00
      outer loop
         vertex 1.909961e+03 5.853068e+02 0.000000e+00
         vertex 1.906308e+03 5.773817e+02 1.000000e+03
         vertex 1.906308e+03 5.773817e+02 0.000000e+00
      endloop
   endfacet
   facet normal 9.044527e-01 -4.265738e-01 0.000000e+00
      outer loop
         vertex 1.906308e+03 5.773817e+02 0.000000e+00
         vertex 1.906308e+03 5.773817e+02 1.000000e+03
         vertex 1.902585e+03 5.694889e+02 1.000000e+03
      endloop
   endfacet
   facet normal 9.044527e-01 -4.265738e-01 0.000000e+00
      outer loop
         vertex 1.906308e+03 5.773817e+02 0.000000e+00
         vertex 1.902585e+03 5.694889e+02 1.000000e+03
         vertex 1.902585e+03 5.694889e+02 0.000000e+00
      endloop
   endfacet
   facet normal 9.006997e-01 -4.344423e-01 0.000000e+00
      outer loop
         vertex 1.902585e+03 5.694889e+02 0.000000e+00
         vertex 1.902585e+03 5.694889e+02 1.000000e+03
         vertex 1.898794e+03 5.616288e+02 1.000000e+03
      endloop
   endfacet
   facet normal 9.006997e-01 -4.344423e-01 0.000000e+00
      outer loop
         vertex 1.902585e+03 5.694889e+02 0.000000e+00
         vertex 1.898794e+03 5.616288e+02 1.000000e+03
         vertex 1.898794e+03 5.616288e+02 0.000000e+00
      endloop
   endfacet
   facet normal 8.968719e-01 -4.422905e-01 0.000000e+00
      outer loop
         vertex 1.898794e+03 5.616288e+02 0.000000e+00
         vertex 1.898794e+03 5.616288e+02 1.000000e+03
         vertex 1.894934e+03 5.538022e+02 1.000000e+03
      endloop
   endfacet
   facet normal 8.968719e-01 -4.422905e-01 0.000000e+00
      outer loop
         vertex 1.898794e+03 5.616288e+02 0.000000e+00
         vertex 1.894934e+03 5.538022e+02 1.000000e+03
         vertex 1.894934e+03 5.538022e+02 0.000000e+00
      endloop
   endfacet
   facet normal 8.929793e-01 -4.500977e-01 0.000000e+00
      outer loop
         vertex 1.894934e+03 5.538022e+02 0.000000e+00
         vertex 1.894934e+03 5.538022e+02 1.000000e+03
         vertex 1.891007e+03 5.460095e+02 1.000000e+03
      endloop
   endfacet
   facet normal 8.929793e-01 -4.500977e-01 0.000000e+00
      outer loop
         vertex 1.894934e+03 5.538022e+02 0.000000e+00
         vertex 1.891007e+03 5.460095e+02 1.000000e+03
         vertex 1.891007e+03 5.460095e+02 0.000000e+00
      endloop
   endfacet
   facet normal 8.890159e-01 -4.578764e-01 0.000000e+00
      outer loop
         vertex 1.891007e+03 5.460095e+02 0.000000e+00
         vertex 1.891007e+03 5.460095e+02 1.000000e+03
         vertex 1.887011e+03 5.382514e+02 1.000000e+03
      endloop
   endfacet
   facet normal 8.890159e-01 -4.578764e-01 0.000000e+00
      outer loop
         vertex 1.891007e+03 5.460095e+02 0.000000e+00
         vertex 1.887011e+03 5.382514e+02 1.000000e+03
         vertex 1.887011e+03 5.382514e+02 0.000000e+00
      endloop
   endfacet
   facet normal 8.849878e-01 -4.656141e-01 0.000000e+00
      outer loop
         vertex 1.887011e+03 5.382514e+02 0.000000e+00
         vertex 1.887011e+03 5.382514e+02 1.000000e+03
         vertex 1.882948e+03 5.305284e+02 1.000000e+03
      endloop
   endfacet
   facet normal 8.849878e-01 -4.656141e-01 0.000000e+00
      outer loop
         vertex 1.887011e+03 5.382514e+02 0.000000e+00
         vertex 1.882948e+03 5.305284e+02 1.000000e+03
         vertex 1.882948e+03 5.305284e+02 0.000000e+00
      endloop
   endfacet
   facet normal 8.808931e-01 -4.733154e-01 0.000000e+00
      outer loop
         vertex 1.882948e+03 5.305284e+02 0.000000e+00
         vertex 1.882948e+03 5.305284e+02 1.000000e+03
         vertex 1.878817e+03 5.228412e+02 1.000000e+03
      endloop
   endfacet
   facet normal 8.808931e-01 -4.733154e-01 0.000000e+00
      outer loop
         vertex 1.882948e+03 5.305284e+02 0.000000e+00
         vertex 1.878817e+03 5.228412e+02 1.000000e+03
         vertex 1.878817e+03 5.228412e+02 0.000000e+00
      endloop
   endfacet
   facet normal 8.767259e-01 -4.809903e-01 0.000000e+00
      outer loop
         vertex 1.878817e+03 5.228412e+02 0.000000e+00
         vertex 1.878817e+03 5.228412e+02 1.000000e+03
         vertex 1.874620e+03 5.151904e+02 1.000000e+03
      endloop
   endfacet
   facet normal 8.767259e-01 -4.809903e-01 0.000000e+00
      outer loop
         vertex 1.878817e+03 5.228412e+02 0.000000e+00
         vertex 1.874620e+03 5.151904e+02 1.000000e+03
         vertex 1.874620e+03 5.151904e+02 0.000000e+00
      endloop
   endfacet
   facet normal 8.724972e-01 -4.886192e-01 0.000000e+00
      outer loop
         vertex 1.874620e+03 5.151904e+02 0.000000e+00
         vertex 1.874620e+03 5.151904e+02 1.000000e+03
         vertex 1.870356e+03 5.075764e+02 1.000000e+03
      endloop
   endfacet
   facet normal 8.724972e-01 -4.886192e-01 0.000000e+00
      outer loop
         vertex 1.874620e+03 5.151904e+02 0.000000e+00
         vertex 1.870356e+03 5.075764e+02 1.000000e+03
         vertex 1.870356e+03 5.075764e+02 0.000000e+00
      endloop
   endfacet
   facet normal 8.681965e-01 -4.962206e-01 0.000000e+00
      outer loop
         vertex 1.870356e+03 5.075764e+02 0.000000e+00
         vertex 1.870356e+03 5.075764e+02 1.000000e+03
         vertex 1.866025e+03 5.000000e+02 1.000000e+03
      endloop
   endfacet
   facet normal 8.681965e-01 -4.962206e-01 0.000000e+00
      outer loop
         vertex 1.870356e+03 5.075764e+02 0.000000e+00
         vertex 1.866025e+03 5.000000e+02 1.000000e+03
         vertex 1.866025e+03 5.000000e+02 0.000000e+00
      endloop
   endfacet
   facet normal 8.638381e-01 -5.037695e-01 0.000000e+00
      outer loop
         vertex 1.866025e+03 5.000000e+02 0.000000e+00
         vertex 1.866025e+03 5.000000e+02 1.000000e+03
         vertex 1.861629e+03 4.924616e+02 1.000000e+03
      endloop
   endfacet
   facet normal 8.638381e-01 -5.037695e-01 0.000000e+00
      outer loop
         vertex 1.866025e+03 5.000000e+02 0.000000e+00
         vertex 1.861629e+03 4.924616e+02 1.000000e+03
         vertex 1.861629e+03 4.924616e+02 0.000000e+00
      endloop
   endfacet
   facet normal 8.594047e-01 -5.112960e-01 0.000000e+00
      outer loop
         vertex 1.861629e+03 4.924616e+02 0.000000e+00
         vertex 1.861629e+03 4.924616e+02 1.000000e+03
         vertex 1.857167e+03 4.849619e+02 1.000000e+03
      endloop
   endfacet
   facet normal 8.594047e-01 -5.112960e-01 0.000000e+00
      outer loop
         vertex 1.861629e+03 4.924616e+02 0.000000e+00
         vertex 1.857167e+03 4.849619e+02 1.000000e+03
         vertex 1.857167e+03 4.849619e+02 0.000000e+00
      endloop
   endfacet
   facet normal 8.549106e-01 -5.187753e-01 0.000000e+00
      outer loop
         vertex 1.857167e+03 4.849619e+02 0.000000e+00
         vertex 1.857167e+03 4.849619e+02 1.000000e+03
         vertex 1.852640e+03 4.775015e+02 1.000000e+03
      endloop
   endfacet
   facet normal 8.549106e-01 -5.187753e-01 0.000000e+00
      outer loop
         vertex 1.857167e+03 4.849619e+02 0.000000e+00
         vertex 1.852640e+03 4.775015e+02 1.000000e+03
         vertex 1.852640e+03 4.775015e+02 0.000000e+00
      endloop
   endfacet
   facet normal 8.503532e-01 -5.262123e-01 0.000000e+00
      outer loop
         vertex 1.852640e+03 4.775015e+02 0.000000e+00
         vertex 1.852640e+03 4.775015e+02 1.000000e+03
         vertex 1.848048e+03 4.700807e+02 1.000000e+03
      endloop
   endfacet
   facet normal 8.503532e-01 -5.262123e-01 0.000000e+00
      outer loop
         vertex 1.852640e+03 4.775015e+02 0.000000e+00
         vertex 1.848048e+03 4.700807e+02 1.000000e+03
         vertex 1.848048e+03 4.700807e+02 0.000000e+00
      endloop
   endfacet
   facet normal 8.457274e-01 -5.336152e-01 0.000000e+00
      outer loop
         vertex 1.848048e+03 4.700807e+02 0.000000e+00
         vertex 1.848048e+03 4.700807e+02 1.000000e+03
         vertex 1.843391e+03 4.627004e+02 1.000000e+03
      endloop
   endfacet
   facet normal 8.457274e-01 -5.336152e-01 0.000000e+00
      outer loop
         vertex 1.848048e+03 4.700807e+02 0.000000e+00
         vertex 1.843391e+03 4.627004e+02 1.000000e+03
         vertex 1.843391e+03 4.627004e+02 0.000000e+00
      endloop
   endfacet
   facet normal 8.410393e-01 -5.409740e-01 0.000000e+00
      outer loop
         vertex 1.843391e+03 4.627004e+02 0.000000e+00
         vertex 1.843391e+03 4.627004e+02 1.000000e+03
         vertex 1.838671e+03 4.553609e+02 1.000000e+03
      endloop
   endfacet
   facet normal 8.410393e-01 -5.409740e-01 0.000000e+00
      outer loop
         vertex 1.843391e+03 4.627004e+02 0.000000e+00
         vertex 1.838671e+03 4.553609e+02 1.000000e+03
         vertex 1.838671e+03 4.553609e+02 0.000000e+00
      endloop
   endfacet
   facet normal 8.362878e-01 -5.482907e-01 0.000000e+00
      outer loop
         vertex 1.838671e+03 4.553609e+02 0.000000e+00
         vertex 1.838671e+03 4.553609e+02 1.000000e+03
         vertex 1.833886e+03 4.480630e+02 1.000000e+03
      endloop
   endfacet
   facet normal 8.362878e-01 -5.482907e-01 0.000000e+00
      outer loop
         vertex 1.838671e+03 4.553609e+02 0.000000e+00
         vertex 1.833886e+03 4.480630e+02 1.000000e+03
         vertex 1.833886e+03 4.480630e+02 0.000000e+00
      endloop
   endfacet
   facet normal 8.314666e-01 -5.555747e-01 0.000000e+00
      outer loop
         vertex 1.833886e+03 4.480630e+02 0.000000e+00
         vertex 1.833886e+03 4.480630e+02 1.000000e+03
         vertex 1.829038e+03 4.408071e+02 1.000000e+03
      endloop
   endfacet
   facet normal 8.314666e-01 -5.555747e-01 0.000000e+00
      outer loop
         vertex 1.833886e+03 4.480630e+02 0.000000e+00
         vertex 1.829038e+03 4.408071e+02 1.000000e+03
         vertex 1.829038e+03 4.408071e+02 0.000000e+00
      endloop
   endfacet
   facet normal 8.265916e-01 -5.628022e-01 0.000000e+00
      outer loop
         vertex 1.829038e+03 4.408071e+02 0.000000e+00
         vertex 1.829038e+03 4.408071e+02 1.000000e+03
         vertex 1.824126e+03 4.335938e+02 1.000000e+03
      endloop
   endfacet
   facet normal 8.265916e-01 -5.628022e-01 0.000000e+00
      outer loop
         vertex 1.829038e+03 4.408071e+02 0.000000e+00
         vertex 1.824126e+03 4.335938e+02 1.000000e+03
         vertex 1.824126e+03 4.335938e+02 0.000000e+00
      endloop
   endfacet
   facet normal 8.216479e-01 -5.699954e-01 0.000000e+00
      outer loop
         vertex 1.824126e+03 4.335938e+02 0.000000e+00
         vertex 1.824126e+03 4.335938e+02 1.000000e+03
         vertex 1.819152e+03 4.264235e+02 1.000000e+03
      endloop
   endfacet
   facet normal 8.216479e-01 -5.699954e-01 0.000000e+00
      outer loop
         vertex 1.824126e+03 4.335938e+02 0.000000e+00
         vertex 1.819152e+03 4.264235e+02 1.000000e+03
         vertex 1.819152e+03 4.264235e+02 0.000000e+00
      endloop
   endfacet
   facet normal 8.166408e-01 -5.771462e-01 0.000000e+00
      outer loop
         vertex 1.819152e+03 4.264235e+02 0.000000e+00
         vertex 1.819152e+03 4.264235e+02 1.000000e+03
         vertex 1.814116e+03 4.192970e+02 1.000000e+03
      endloop
   endfacet
   facet normal 8.166408e-01 -5.771462e-01 0.000000e+00
      outer loop
         vertex 1.819152e+03 4.264235e+02 0.000000e+00
         vertex 1.814116e+03 4.192970e+02 1.000000e+03
         vertex 1.814116e+03 4.192970e+02 0.000000e+00
      endloop
   endfacet
   facet normal 8.115736e-01 -5.842502e-01 0.000000e+00
      outer loop
         vertex 1.814116e+03 4.192970e+02 0.000000e+00
         vertex 1.814116e+03 4.192970e+02 1.000000e+03
         vertex 1.809017e+03 4.122148e+02 1.000000e+03
      endloop
   endfacet
   facet normal 8.115736e-01 -5.842502e-01 0.000000e+00
      outer loop
         vertex 1.814116e+03 4.192970e+02 0.000000e+00
         vertex 1.809017e+03 4.122148e+02 1.000000e+03
         vertex 1.809017e+03 4.122148e+02 0.000000e+00
      endloop
   endfacet
   facet normal 8.064430e-01 -5.913118e-01 0.000000e+00
      outer loop
         vertex 1.809017e+03 4.122148e+02 0.000000e+00
         vertex 1.809017e+03 4.122148e+02 1.000000e+03
         vertex 1.803857e+03 4.051772e+02 1.000000e+03
      endloop
   endfacet
   facet normal 8.064430e-01 -5.913118e-01 0.000000e+00
      outer loop
         vertex 1.809017e+03 4.122148e+02 0.000000e+00
         vertex 1.803857e+03 4.051772e+02 1.000000e+03
         vertex 1.803857e+03 4.051772e+02 0.000000e+00
      endloop
   endfacet
   facet normal 8.012547e-01 -5.983234e-01 0.000000e+00
      outer loop
         vertex 1.803857e+03 4.051772e+02 0.000000e+00
         vertex 1.803857e+03 4.051772e+02 1.000000e+03
         vertex 1.798635e+03 3.981850e+02 1.000000e+03
      endloop
   endfacet
   facet normal 8.012547e-01 -5.983234e-01 0.000000e+00
      outer loop
         vertex 1.803857e+03 4.051772e+02 0.000000e+00
         vertex 1.798635e+03 3.981850e+02 1.000000e+03
         vertex 1.798635e+03 3.981850e+02 0.000000e+00
      endloop
   endfacet
   facet normal 7.960015e-01 -6.052947e-01 0.000000e+00
      outer loop
         vertex 1.798635e+03 3.981850e+02 0.000000e+00
         vertex 1.798635e+03 3.981850e+02 1.000000e+03
         vertex 1.793353e+03 3.912386e+02 1.000000e+03
      endloop
   endfacet
   facet normal 7.960015e-01 -6.052947e-01 0.000000e+00
      outer loop
         vertex 1.798635e+03 3.981850e+02 0.000000e+00
         vertex 1.793353e+03 3.912386e+02 1.000000e+03
         vertex 1.793353e+03 3.912386e+02 0.000000e+00
      endloop
   endfacet
   facet normal 7.906931e-01 -6.122127e-01 0.000000e+00
      outer loop
         vertex 1.793353e+03 3.912386e+02 0.000000e+00
         vertex 1.793353e+03 3.912386e+02 1.000000e+03
         vertex 1.788011e+03 3.843385e+02 1.000000e+03
      endloop
   endfacet
   facet normal 7.906931e-01 -6.122127e-01 0.000000e+00
      outer loop
         vertex 1.793353e+03 3.912386e+02 0.000000e+00
         vertex 1.788011e+03 3.843385e+02 1.000000e+03
         vertex 1.788011e+03 3.843385e+02 0.000000e+00
      endloop
   endfacet
   facet normal 7.853155e-01 -6.190958e-01 0.000000e+00
      outer loop
         vertex 1.788011e+03 3.843385e+02 0.000000e+00
         vertex 1.788011e+03 3.843385e+02 1.000000e+03
         vertex 1.782608e+03 3.774853e+02 1.000000e+03
      endloop
   endfacet
   facet normal 7.853155e-01 -6.190958e-01 0.000000e+00
      outer loop
         vertex 1.788011e+03 3.843385e+02 0.000000e+00
         vertex 1.782608e+03 3.774853e+02 1.000000e+03
         vertex 1.782608e+03 3.774853e+02 0.000000e+00
      endloop
   endfacet
   facet normal 7.798843e-01 -6.259237e-01 0.000000e+00
      outer loop
         vertex 1.782608e+03 3.774853e+02 0.000000e+00
         vertex 1.782608e+03 3.774853e+02 1.000000e+03
         vertex 1.777146e+03 3.706796e+02 1.000000e+03
      endloop
   endfacet
   facet normal 7.798843e-01 -6.259237e-01 0.000000e+00
      outer loop
         vertex 1.782608e+03 3.774853e+02 0.000000e+00
         vertex 1.777146e+03 3.706796e+02 1.000000e+03
         vertex 1.777146e+03 3.706796e+02 0.000000e+00
      endloop
   endfacet
   facet normal 7.743917e-01 -6.327065e-01 0.000000e+00
      outer loop
         vertex 1.777146e+03 3.706796e+02 0.000000e+00
         vertex 1.777146e+03 3.706796e+02 1.000000e+03
         vertex 1.771625e+03 3.639218e+02 1.000000e+03
      endloop
   endfacet
   facet normal 7.743917e-01 -6.327065e-01 0.000000e+00
      outer loop
         vertex 1.777146e+03 3.706796e+02 0.000000e+00
         vertex 1.771625e+03 3.639218e+02 1.000000e+03
         vertex 1.771625e+03 3.639218e+02 0.000000e+00
      endloop
   endfacet
   facet normal 7.688429e-01 -6.394377e-01 0.000000e+00
      outer loop
         vertex 1.771625e+03 3.639218e+02 0.000000e+00
         vertex 1.771625e+03 3.639218e+02 1.000000e+03
         vertex 1.766044e+03 3.572124e+02 1.000000e+03
      endloop
   endfacet
   facet normal 7.688429e-01 -6.394377e-01 0.000000e+00
      outer loop
         vertex 1.771625e+03 3.639218e+02 0.000000e+00
         vertex 1.766044e+03 3.572124e+02 1.000000e+03
         vertex 1.766044e+03 3.572124e+02 0.000000e+00
      endloop
   endfacet
   facet normal 7.632306e-01 -6.461262e-01 0.000000e+00
      outer loop
         vertex 1.766044e+03 3.572124e+02 0.000000e+00
         vertex 1.766044e+03 3.572124e+02 1.000000e+03
         vertex 1.760406e+03 3.505520e+02 1.000000e+03
      endloop
   endfacet
   facet normal 7.632306e-01 -6.461262e-01 0.000000e+00
      outer loop
         vertex 1.766044e+03 3.572124e+02 0.000000e+00
         vertex 1.760406e+03 3.505520e+02 1.000000e+03
         vertex 1.760406e+03 3.505520e+02 0.000000e+00
      endloop
   endfacet
   facet normal 7.575671e-01 -6.527573e-01 0.000000e+00
      outer loop
         vertex 1.760406e+03 3.505520e+02 0.000000e+00
         vertex 1.760406e+03 3.505520e+02 1.000000e+03
         vertex 1.754710e+03 3.439410e+02 1.000000e+03
      endloop
   endfacet
   facet normal 7.575671e-01 -6.527573e-01 0.000000e+00
      outer loop
         vertex 1.760406e+03 3.505520e+02 0.000000e+00
         vertex 1.754710e+03 3.439410e+02 1.000000e+03
         vertex 1.754710e+03 3.439410e+02 0.000000e+00
      endloop
   endfacet
   facet normal 7.518400e-01 -6.593456e-01 0.000000e+00
      outer loop
         vertex 1.754710e+03 3.439410e+02 0.000000e+00
         vertex 1.754710e+03 3.439410e+02 1.000000e+03
         vertex 1.748956e+03 3.373799e+02 1.000000e+03
      endloop
   endfacet
   facet normal 7.518400e-01 -6.593456e-01 0.000000e+00
      outer loop
         vertex 1.754710e+03 3.439410e+02 0.000000e+00
         vertex 1.748956e+03 3.373799e+02 1.000000e+03
         vertex 1.748956e+03 3.373799e+02 0.000000e+00
      endloop
   endfacet
   facet normal 7.460561e-01 -6.658831e-01 0.000000e+00
      outer loop
         vertex 1.748956e+03 3.373799e+02 0.000000e+00
         vertex 1.748956e+03 3.373799e+02 1.000000e+03
         vertex 1.743145e+03 3.308694e+02 1.000000e+03
      endloop
   endfacet
   facet normal 7.460561e-01 -6.658831e-01 0.000000e+00
      outer loop
         vertex 1.748956e+03 3.373799e+02 0.000000e+00
         vertex 1.743145e+03 3.308694e+02 1.000000e+03
         vertex 1.743145e+03 3.308694e+02 0.000000e+00
      endloop
   endfacet
   facet normal 7.402182e-01 -6.723668e-01 0.000000e+00
      outer loop
         vertex 1.743145e+03 3.308694e+02 0.000000e+00
         vertex 1.743145e+03 3.308694e+02 1.000000e+03
         vertex 1.737277e+03 3.244098e+02 1.000000e+03
      endloop
   endfacet
   facet normal 7.402182e-01 -6.723668e-01 0.000000e+00
      outer loop
         vertex 1.743145e+03 3.308694e+02 0.000000e+00
         vertex 1.737277e+03 3.244098e+02 1.000000e+03
         vertex 1.737277e+03 3.244098e+02 0.000000e+00
      endloop
   endfacet
   facet normal 7.343230e-01 -6.788002e-01 0.000000e+00
      outer loop
         vertex 1.737277e+03 3.244098e+02 0.000000e+00
         vertex 1.737277e+03 3.244098e+02 1.000000e+03
         vertex 1.731354e+03 3.180016e+02 1.000000e+03
      endloop
   endfacet
   facet normal 7.343230e-01 -6.788002e-01 0.000000e+00
      outer loop
         vertex 1.737277e+03 3.244098e+02 0.000000e+00
         vertex 1.731354e+03 3.180016e+02 1.000000e+03
         vertex 1.731354e+03 3.180016e+02 0.000000e+00
      endloop
   endfacet
   facet normal 7.283708e-01 -6.851832e-01 0.000000e+00
      outer loop
         vertex 1.731354e+03 3.180016e+02 0.000000e+00
         vertex 1.731354e+03 3.180016e+02 1.000000e+03
         vertex 1.725374e+03 3.116454e+02 1.000000e+03
      endloop
   endfacet
   facet normal 7.283708e-01 -6.851832e-01 0.000000e+00
      outer loop
         vertex 1.731354e+03 3.180016e+02 0.000000e+00
         vertex 1.725374e+03 3.116454e+02 1.000000e+03
         vertex 1.725374e+03 3.116454e+02 0.000000e+00
      endloop
   endfacet
   facet normal 7.223644e-01 -6.915126e-01 0.000000e+00
      outer loop
         vertex 1.725374e+03 3.116454e+02 0.000000e+00
         vertex 1.725374e+03 3.116454e+02 1.000000e+03
         vertex 1.719340e+03 3.053416e+02 1.000000e+03
      endloop
   endfacet
   facet normal 7.223644e-01 -6.915126e-01 0.000000e+00
      outer loop
         vertex 1.725374e+03 3.116454e+02 0.000000e+00
         vertex 1.719340e+03 3.053416e+02 1.000000e+03
         vertex 1.719340e+03 3.053416e+02 0.000000e+00
      endloop
   endfacet
   facet normal 7.163012e-01 -6.977912e-01 0.000000e+00
      outer loop
         vertex 1.719340e+03 3.053416e+02 0.000000e+00
         vertex 1.719340e+03 3.053416e+02 1.000000e+03
         vertex 1.713250e+03 2.990907e+02 1.000000e+03
      endloop
   endfacet
   facet normal 7.163012e-01 -6.977912e-01 0.000000e+00
      outer loop
         vertex 1.719340e+03 3.053416e+02 0.000000e+00
         vertex 1.713250e+03 2.990907e+02 1.000000e+03
         vertex 1.713250e+03 2.990907e+02 0.000000e+00
      endloop
   endfacet
   facet normal 7.101839e-01 -7.040162e-01 0.000000e+00
      outer loop
         vertex 1.713250e+03 2.990907e+02 0.000000e+00
         vertex 1.713250e+03 2.990907e+02 1.000000e+03
         vertex 1.707107e+03 2.928932e+02 1.000000e+03
      endloop
   endfacet
   facet normal 7.101839e-01 -7.040162e-01 0.000000e+00
      outer loop
         vertex 1.713250e+03 2.990907e+02 0.000000e+00
         vertex 1.707107e+03 2.928932e+02 1.000000e+03
         vertex 1.707107e+03 2.928932e+02 0.000000e+00
      endloop
   endfacet
   facet normal 7.040162e-01 -7.101839e-01 0.000000e+00
      outer loop
         vertex 1.707107e+03 2.928932e+02 0.000000e+00
         vertex 1.707107e+03 2.928932e+02 1.000000e+03
         vertex 1.700909e+03 2.867495e+02 1.000000e+03
      endloop
   endfacet
   facet normal 7.040162e-01 -7.101839e-01 0.000000e+00
      outer loop
         vertex 1.707107e+03 2.928932e+02 0.000000e+00
         vertex 1.700909e+03 2.867495e+02 1.000000e+03
         vertex 1.700909e+03 2.867495e+02 0.000000e+00
      endloop
   endfacet
   facet normal 6.977912e-01 -7.163012e-01 0.000000e+00
      outer loop
         vertex 1.700909e+03 2.867495e+02 0.000000e+00
         vertex 1.700909e+03 2.867495e+02 1.000000e+03
         vertex 1.694658e+03 2.806602e+02 1.000000e+03
      endloop
   endfacet
   facet normal 6.977912e-01 -7.163012e-01 0.000000e+00
      outer loop
         vertex 1.700909e+03 2.867495e+02 0.000000e+00
         vertex 1.694658e+03 2.806602e+02 1.000000e+03
         vertex 1.694658e+03 2.806602e+02 0.000000e+00
      endloop
   endfacet
   facet normal 6.915126e-01 -7.223644e-01 0.000000e+00
      outer loop
         vertex 1.694658e+03 2.806602e+02 0.000000e+00
         vertex 1.694658e+03 2.806602e+02 1.000000e+03
         vertex 1.688355e+03 2.746256e+02 1.000000e+03
      endloop
   endfacet
   facet normal 6.915126e-01 -7.223644e-01 0.000000e+00
      outer loop
         vertex 1.694658e+03 2.806602e+02 0.000000e+00
         vertex 1.688355e+03 2.746256e+02 1.000000e+03
         vertex 1.688355e+03 2.746256e+02 0.000000e+00
      endloop
   endfacet
   facet normal 6.851832e-01 -7.283708e-01 0.000000e+00
      outer loop
         vertex 1.688355e+03 2.746256e+02 0.000000e+00
         vertex 1.688355e+03 2.746256e+02 1.000000e+03
         vertex 1.681998e+03 2.686463e+02 1.000000e+03
      endloop
   endfacet
   facet normal 6.851832e-01 -7.283708e-01 0.000000e+00
      outer loop
         vertex 1.688355e+03 2.746256e+02 0.000000e+00
         vertex 1.681998e+03 2.686463e+02 1.000000e+03
         vertex 1.681998e+03 2.686463e+02 0.000000e+00
      endloop
   endfacet
   facet normal 6.788002e-01 -7.343230e-01 0.000000e+00
      outer loop
         vertex 1.681998e+03 2.686463e+02 0.000000e+00
         vertex 1.681998e+03 2.686463e+02 1.000000e+03
         vertex 1.675590e+03 2.627227e+02 1.000000e+03
      endloop
   endfacet
   facet normal 6.788002e-01 -7.343230e-01 0.000000e+00
      outer loop
         vertex 1.681998e+03 2.686463e+02 0.000000e+00
         vertex 1.675590e+03 2.627227e+02 1.000000e+03
         vertex 1.675590e+03 2.627227e+02 0.000000e+00
      endloop
   endfacet
   facet normal 6.723668e-01 -7.402182e-01 0.000000e+00
      outer loop
         vertex 1.675590e+03 2.627227e+02 0.000000e+00
         vertex 1.675590e+03 2.627227e+02 1.000000e+03
         vertex 1.669131e+03 2.568552e+02 1.000000e+03
      endloop
   endfacet
   facet normal 6.723668e-01 -7.402182e-01 0.000000e+00
      outer loop
         vertex 1.675590e+03 2.627227e+02 0.000000e+00
         vertex 1.669131e+03 2.568552e+02 1.000000e+03
         vertex 1.669131e+03 2.568552e+02 0.000000e+00
      endloop
   endfacet
   facet normal 6.658831e-01 -7.460561e-01 0.000000e+00
      outer loop
         vertex 1.669131e+03 2.568552e+02 0.000000e+00
         vertex 1.669131e+03 2.568552e+02 1.000000e+03
         vertex 1.662620e+03 2.510443e+02 1.000000e+03
      endloop
   endfacet
   facet normal 6.658831e-01 -7.460561e-01 0.000000e+00
      outer loop
         vertex 1.669131e+03 2.568552e+02 0.000000e+00
         vertex 1.662620e+03 2.510443e+02 1.000000e+03
         vertex 1.662620e+03 2.510443e+02 0.000000e+00
      endloop
   endfacet
   facet normal 6.593456e-01 -7.518400e-01 0.000000e+00
      outer loop
         vertex 1.662620e+03 2.510443e+02 0.000000e+00
         vertex 1.662620e+03 2.510443e+02 1.000000e+03
         vertex 1.656059e+03 2.452904e+02 1.000000e+03
      endloop
   endfacet
   facet normal 6.593456e-01 -7.518400e-01 0.000000e+00
      outer loop
         vertex 1.662620e+03 2.510443e+02 0.000000e+00
         vertex 1.656059e+03 2.452904e+02 1.000000e+03
         vertex 1.656059e+03 2.452904e+02 0.000000e+00
      endloop
   endfacet
   facet normal 6.527573e-01 -7.575671e-01 0.000000e+00
      outer loop
         vertex 1.656059e+03 2.452904e+02 0.000000e+00
         vertex 1.656059e+03 2.452904e+02 1.000000e+03
         vertex 1.649448e+03 2.395940e+02 1.000000e+03
      endloop
   endfacet
   facet normal 6.527573e-01 -7.575671e-01 0.000000e+00
      outer loop
         vertex 1.656059e+03 2.452904e+02 0.000000e+00
         vertex 1.649448e+03 2.395940e+02 1.000000e+03
         vertex 1.649448e+03 2.395940e+02 0.000000e+00
      endloop
   endfacet
   facet normal 6.461262e-01 -7.632306e-01 0.000000e+00
      outer loop
         vertex 1.649448e+03 2.395940e+02 0.000000e+00
         vertex 1.649448e+03 2.395940e+02 1.000000e+03
         vertex 1.642788e+03 2.339556e+02 1.000000e+03
      endloop
   endfacet
   facet normal 6.461262e-01 -7.632306e-01 0.000000e+00
      outer loop
         vertex 1.649448e+03 2.395940e+02 0.000000e+00
         vertex 1.642788e+03 2.339556e+02 1.000000e+03
         vertex 1.642788e+03 2.339556e+02 0.000000e+00
      endloop
   endfacet
   facet normal 6.394377e-01 -7.688429e-01 0.000000e+00
      outer loop
         vertex 1.642788e+03 2.339556e+02 0.000000e+00
         vertex 1.642788e+03 2.339556e+02 1.000000e+03
         vertex 1.636078e+03 2.283754e+02 1.000000e+03
      endloop
   endfacet
   facet normal 6.394377e-01 -7.688429e-01 0.000000e+00
      outer loop
         vertex 1.642788e+03 2.339556e+02 0.000000e+00
         vertex 1.636078e+03 2.283754e+02 1.000000e+03
         vertex 1.636078e+03 2.283754e+02 0.000000e+00
      endloop
   endfacet
   facet normal 6.327065e-01 -7.743917e-01 0.000000e+00
      outer loop
         vertex 1.636078e+03 2.283754e+02 0.000000e+00
         vertex 1.636078e+03 2.283754e+02 1.000000e+03
         vertex 1.629320e+03 2.228540e+02 1.000000e+03
      endloop
   endfacet
   facet normal 6.327065e-01 -7.743917e-01 0.000000e+00
      outer loop
         vertex 1.636078e+03 2.283754e+02 0.000000e+00
         vertex 1.629320e+03 2.228540e+02 1.000000e+03
         vertex 1.629320e+03 2.228540e+02 0.000000e+00
      endloop
   endfacet
   facet normal 6.259237e-01 -7.798843e-01 0.000000e+00
      outer loop
         vertex 1.629320e+03 2.228540e+02 0.000000e+00
         vertex 1.629320e+03 2.228540e+02 1.000000e+03
         vertex 1.622515e+03 2.173918e+02 1.000000e+03
      endloop
   endfacet
   facet normal 6.259237e-01 -7.798843e-01 0.000000e+00
      outer loop
         vertex 1.629320e+03 2.228540e+02 0.000000e+00
         vertex 1.622515e+03 2.173918e+02 1.000000e+03
         vertex 1.622515e+03 2.173918e+02 0.000000e+00
      endloop
   endfacet
   facet normal 6.190958e-01 -7.853155e-01 0.000000e+00
      outer loop
         vertex 1.622515e+03 2.173918e+02 0.000000e+00
         vertex 1.622515e+03 2.173918e+02 1.000000e+03
         vertex 1.615662e+03 2.119892e+02 1.000000e+03
      endloop
   endfacet
   facet normal 6.190958e-01 -7.853155e-01 0.000000e+00
      outer loop
         vertex 1.622515e+03 2.173918e+02 0.000000e+00
         vertex 1.615662e+03 2.119892e+02 1.000000e+03
         vertex 1.615662e+03 2.119892e+02 0.000000e+00
      endloop
   endfacet
   facet normal 6.122127e-01 -7.906931e-01 0.000000e+00
      outer loop
         vertex 1.615662e+03 2.119892e+02 0.000000e+00
         vertex 1.615662e+03 2.119892e+02 1.000000e+03
         vertex 1.608761e+03 2.066467e+02 1.000000e+03
      endloop
   endfacet
   facet normal 6.122127e-01 -7.906931e-01 0.000000e+00
      outer loop
         vertex 1.615662e+03 2.119892e+02 0.000000e+00
         vertex 1.608761e+03 2.066467e+02 1.000000e+03
         vertex 1.608761e+03 2.066467e+02 0.000000e+00
      endloop
   endfacet
   facet normal 6.052947e-01 -7.960015e-01 0.000000e+00
      outer loop
         vertex 1.608761e+03 2.066467e+02 0.000000e+00
         vertex 1.608761e+03 2.066467e+02 1.000000e+03
         vertex 1.601815e+03 2.013645e+02 1.000000e+03
      endloop
   endfacet
   facet normal 6.052947e-01 -7.960015e-01 0.000000e+00
      outer loop
         vertex 1.608761e+03 2.066467e+02 0.000000e+00
         vertex 1.601815e+03 2.013645e+02 1.000000e+03
         vertex 1.601815e+03 2.013645e+02 0.000000e+00
      endloop
   endfacet
   facet normal 5.983234e-01 -8.012547e-01 0.000000e+00
      outer loop
         vertex 1.601815e+03 2.013645e+02 0.000000e+00
         vertex 1.601815e+03 2.013645e+02 1.000000e+03
         vertex 1.594823e+03 1.961432e+02 1.000000e+03
      endloop
   endfacet
   facet normal 5.983234e-01 -8.012547e-01 0.000000e+00
      outer loop
         vertex 1.601815e+03 2.013645e+02 0.000000e+00
         vertex 1.594823e+03 1.961432e+02 1.000000e+03
         vertex 1.594823e+03 1.961432e+02 0.000000e+00
      endloop
   endfacet
   facet normal 5.913118e-01 -8.064430e-01 0.000000e+00
      outer loop
         vertex 1.594823e+03 1.961432e+02 0.000000e+00
         vertex 1.594823e+03 1.961432e+02 1.000000e+03
         vertex 1.587785e+03 1.909830e+02 1.000000e+03
      endloop
   endfacet
   facet normal 5.913118e-01 -8.064430e-01 0.000000e+00
      outer loop
         vertex 1.594823e+03 1.961432e+02 0.000000e+00
         vertex 1.587785e+03 1.909830e+02 1.000000e+03
         vertex 1.587785e+03 1.909830e+02 0.000000e+00
      endloop
   endfacet
   facet normal 5.842502e-01 -8.115736e-01 0.000000e+00
      outer loop
         vertex 1.587785e+03 1.909830e+02 0.000000e+00
         vertex 1.587785e+03 1.909830e+02 1.000000e+03
         vertex 1.580703e+03 1.858845e+02 1.000000e+03
      endloop
   endfacet
   facet normal 5.842502e-01 -8.115736e-01 0.000000e+00
      outer loop
         vertex 1.587785e+03 1.909830e+02 0.000000e+00
         vertex 1.580703e+03 1.858845e+02 1.000000e+03
         vertex 1.580703e+03 1.858845e+02 0.000000e+00
      endloop
   endfacet
   facet normal 5.771462e-01 -8.166408e-01 0.000000e+00
      outer loop
         vertex 1.580703e+03 1.858845e+02 0.000000e+00
         vertex 1.580703e+03 1.858845e+02 1.000000e+03
         vertex 1.573576e+03 1.808479e+02 1.000000e+03
      endloop
   endfacet
   facet normal 5.771462e-01 -8.166408e-01 0.000000e+00
      outer loop
         vertex 1.580703e+03 1.858845e+02 0.000000e+00
         vertex 1.573576e+03 1.808479e+02 1.000000e+03
         vertex 1.573576e+03 1.808479e+02 0.000000e+00
      endloop
   endfacet
   facet normal 5.699954e-01 -8.216479e-01 0.000000e+00
      outer loop
         vertex 1.573576e+03 1.808479e+02 0.000000e+00
         vertex 1.573576e+03 1.808479e+02 1.000000e+03
         vertex 1.566406e+03 1.758738e+02 1.000000e+03
      endloop
   endfacet
   facet normal 5.699954e-01 -8.216479e-01 0.000000e+00
      outer loop
         vertex 1.573576e+03 1.808479e+02 0.000000e+00
         vertex 1.566406e+03 1.758738e+02 1.000000e+03
         vertex 1.566406e+03 1.758738e+02 0.000000e+00
      endloop
   endfacet
   facet normal 5.628022e-01 -8.265916e-01 0.000000e+00
      outer loop
         vertex 1.566406e+03 1.758738e+02 0.000000e+00
         vertex 1.566406e+03 1.758738e+02 1.000000e+03
         vertex 1.559193e+03 1.709625e+02 1.000000e+03
      endloop
   endfacet
   facet normal 5.628022e-01 -8.265916e-01 0.000000e+00
      outer loop
         vertex 1.566406e+03 1.758738e+02 0.000000e+00
         vertex 1.559193e+03 1.709625e+02 1.000000e+03
         vertex 1.559193e+03 1.709625e+02 0.000000e+00
      endloop
   endfacet
   facet normal 5.555747e-01 -8.314666e-01 0.000000e+00
      outer loop
         vertex 1.559193e+03 1.709625e+02 0.000000e+00
         vertex 1.559193e+03 1.709625e+02 1.000000e+03
         vertex 1.551937e+03 1.661142e+02 1.000000e+03
      endloop
   endfacet
   facet normal 5.555747e-01 -8.314666e-01 0.000000e+00
      outer loop
         vertex 1.559193e+03 1.709625e+02 0.000000e+00
         vertex 1.551937e+03 1.661142e+02 1.000000e+03
         vertex 1.551937e+03 1.661142e+02 0.000000e+00
      endloop
   endfacet
   facet normal 5.482907e-01 -8.362878e-01 0.000000e+00
      outer loop
         vertex 1.551937e+03 1.661142e+02 0.000000e+00
         vertex 1.551937e+03 1.661142e+02 1.000000e+03
         vertex 1.544639e+03 1.613294e+02 1.000000e+03
      endloop
   endfacet
   facet normal 5.482907e-01 -8.362878e-01 0.000000e+00
      outer loop
         vertex 1.551937e+03 1.661142e+02 0.000000e+00
         vertex 1.544639e+03 1.613294e+02 1.000000e+03
         vertex 1.544639e+03 1.613294e+02 0.000000e+00
      endloop
   endfacet
   facet normal 5.409740e-01 -8.410393e-01 0.000000e+00
      outer loop
         vertex 1.544639e+03 1.613294e+02 0.000000e+00
         vertex 1.544639e+03 1.613294e+02 1.000000e+03
         vertex 1.537300e+03 1.566086e+02 1.000000e+03
      endloop
   endfacet
   facet normal 5.409740e-01 -8.410393e-01 0.000000e+00
      outer loop
         vertex 1.544639e+03 1.613294e+02 0.000000e+00
         vertex 1.537300e+03 1.566086e+02 1.000000e+03
         vertex 1.537300e+03 1.566086e+02 0.000000e+00
      endloop
   endfacet
   facet normal 5.336152e-01 -8.457274e-01 0.000000e+00
      outer loop
         vertex 1.537300e+03 1.566086e+02 0.000000e+00
         vertex 1.537300e+03 1.566086e+02 1.000000e+03
         vertex 1.529919e+03 1.519519e+02 1.000000e+03
      endloop
   endfacet
   facet normal 5.336152e-01 -8.457274e-01 0.000000e+00
      outer loop
         vertex 1.537300e+03 1.566086e+02 0.000000e+00
         vertex 1.529919e+03 1.519519e+02 1.000000e+03
         vertex 1.529919e+03 1.519519e+02 0.000000e+00
      endloop
   endfacet
   facet normal 5.262123e-01 -8.503532e-01 0.000000e+00
      outer loop
         vertex 1.529919e+03 1.519519e+02 0.000000e+00
         vertex 1.529919e+03 1.519519e+02 1.000000e+03
         vertex 1.522499e+03 1.473598e+02 1.000000e+03
      endloop
   endfacet
   facet normal 5.262123e-01 -8.503532e-01 0.000000e+00
      outer loop
         vertex 1.529919e+03 1.519519e+02 0.000000e+00
         vertex 1.522499e+03 1.473598e+02 1.000000e+03
         vertex 1.522499e+03 1.473598e+02 0.000000e+00
      endloop
   endfacet
   facet normal 5.187753e-01 -8.549106e-01 0.000000e+00
      outer loop
         vertex 1.522499e+03 1.473598e+02 0.000000e+00
         vertex 1.522499e+03 1.473598e+02 1.000000e+03
         vertex 1.515038e+03 1.428327e+02 1.000000e+03
      endloop
   endfacet
   facet normal 5.187753e-01 -8.549106e-01 0.000000e+00
      outer loop
         vertex 1.522499e+03 1.473598e+02 0.000000e+00
         vertex 1.515038e+03 1.428327e+02 1.000000e+03
         vertex 1.515038e+03 1.428327e+02 0.000000e+00
      endloop
   endfacet
   facet normal 5.112960e-01 -8.594047e-01 0.000000e+00
      outer loop
         vertex 1.515038e+03 1.428327e+02 0.000000e+00
         vertex 1.515038e+03 1.428327e+02 1.000000e+03
         vertex 1.507538e+03 1.383708e+02 1.000000e+03
      endloop
   endfacet
   facet normal 5.112960e-01 -8.594047e-01 0.000000e+00
      outer loop
         vertex 1.515038e+03 1.428327e+02 0.000000e+00
         vertex 1.507538e+03 1.383708e+02 1.000000e+03
         vertex 1.507538e+03 1.383708e+02 0.000000e+00
      endloop
   endfacet
   facet normal 5.037695e-01 -8.638381e-01 0.000000e+00
      outer loop
         vertex 1.507538e+03 1.383708e+02 0.000000e+00
         vertex 1.507538e+03 1.383708e+02 1.000000e+03
         vertex 1.500000e+03 1.339746e+02 1.000000e+03
      endloop
   endfacet
   facet normal 5.037695e-01 -8.638381e-01 0.000000e+00
      outer loop
         vertex 1.507538e+03 1.383708e+02 0.000000e+00
         vertex 1.500000e+03 1.339746e+02 1.000000e+03
         vertex 1.500000e+03 1.339746e+02 0.000000e+00
      endloop
   endfacet
   facet normal 4.962206e-01 -8.681965e-01 0.000000e+00
      outer loop
         vertex 1.500000e+03 1.339746e+02 0.000000e+00
         vertex 1.500000e+03 1.339746e+02 1.000000e+03
         vertex 1.492424e+03 1.296443e+02 1.000000e+03
      endloop
   endfacet
   facet normal 4.962206e-01 -8.681965e-01 0.000000e+00
      outer loop
         vertex 1.500000e+03 1.339746e+02 0.000000e+00
         vertex 1.492424e+03 1.296443e+02 1.000000e+03
         vertex 1.492424e+03 1.296443e+02 0.000000e+00
      endloop
   endfacet
   facet normal 4.886192e-01 -8.724972e-01 0.000000e+00
      outer loop
         vertex 1.492424e+03 1.296443e+02 0.000000e+00
         vertex 1.492424e+03 1.296443e+02 1.000000e+03
         vertex 1.484810e+03 1.253803e+02 1.000000e+03
      endloop
   endfacet
   facet normal 4.886192e-01 -8.724972e-01 0.000000e+00
      outer loop
         vertex 1.492424e+03 1.296443e+02 0.000000e+00
         vertex 1.484810e+03 1.253803e+02 1.000000e+03
         vertex 1.484810e+03 1.253803e+02 0.000000e+00
      endloop
   endfacet
   facet normal 4.809903e-01 -8.767259e-01 0.000000e+00
      outer loop
         vertex 1.484810e+03 1.253803e+02 0.000000e+00
         vertex 1.484810e+03 1.253803e+02 1.000000e+03
         vertex 1.477159e+03 1.211829e+02 1.000000e+03
      endloop
   endfacet
   facet normal 4.809903e-01 -8.767259e-01 0.000000e+00
      outer loop
         vertex 1.484810e+03 1.253803e+02 0.000000e+00
         vertex 1.477159e+03 1.211829e+02 1.000000e+03
         vertex 1.477159e+03 1.211829e+02 0.000000e+00
      endloop
   endfacet
   facet normal 4.733154e-01 -8.808931e-01 0.000000e+00
      outer loop
         vertex 1.477159e+03 1.211829e+02 0.000000e+00
         vertex 1.477159e+03 1.211829e+02 1.000000e+03
         vertex 1.469472e+03 1.170524e+02 1.000000e+03
      endloop
   endfacet
   facet normal 4.733154e-01 -8.808931e-01 0.000000e+00
      outer loop
         vertex 1.477159e+03 1.211829e+02 0.000000e+00
         vertex 1.469472e+03 1.170524e+02 1.000000e+03
         vertex 1.469472e+03 1.170524e+02 0.000000e+00
      endloop
   endfacet
   facet normal 4.656141e-01 -8.849878e-01 0.000000e+00
      outer loop
         vertex 1.469472e+03 1.170524e+02 0.000000e+00
         vertex 1.469472e+03 1.170524e+02 1.000000e+03
         vertex 1.461749e+03 1.129892e+02 1.000000e+03
      endloop
   endfacet
   facet normal 4.656141e-01 -8.849878e-01 0.000000e+00
      outer loop
         vertex 1.469472e+03 1.170524e+02 0.000000e+00
         vertex 1.461749e+03 1.129892e+02 1.000000e+03
         vertex 1.461749e+03 1.129892e+02 0.000000e+00
      endloop
   endfacet
   facet normal 4.578764e-01 -8.890159e-01 0.000000e+00
      outer loop
         vertex 1.461749e+03 1.129892e+02 0.000000e+00
         vertex 1.461749e+03 1.129892e+02 1.000000e+03
         vertex 1.453990e+03 1.089935e+02 1.000000e+03
      endloop
   endfacet
   facet normal 4.578764e-01 -8.890159e-01 0.000000e+00
      outer loop
         vertex 1.461749e+03 1.129892e+02 0.000000e+00
         vertex 1.453990e+03 1.089935e+02 1.000000e+03
         vertex 1.453990e+03 1.089935e+02 0.000000e+00
      endloop
   endfacet
   facet normal 4.500977e-01 -8.929793e-01 0.000000e+00
      outer loop
         vertex 1.453990e+03 1.089935e+02 0.000000e+00
         vertex 1.453990e+03 1.089935e+02 1.000000e+03
         vertex 1.446198e+03 1.050656e+02 1.000000e+03
      endloop
   endfacet
   facet normal 4.500977e-01 -8.929793e-01 0.000000e+00
      outer loop
         vertex 1.453990e+03 1.089935e+02 0.000000e+00
         vertex 1.446198e+03 1.050656e+02 1.000000e+03
         vertex 1.446198e+03 1.050656e+02 0.000000e+00
      endloop
   endfacet
   facet normal 4.422905e-01 -8.968719e-01 0.000000e+00
      outer loop
         vertex 1.446198e+03 1.050656e+02 0.000000e+00
         vertex 1.446198e+03 1.050656e+02 1.000000e+03
         vertex 1.438371e+03 1.012059e+02 1.000000e+03
      endloop
   endfacet
   facet normal 4.344423e-01 9.006997e-01 0.000000e+00
      outer loop
         vertex 1.430511e+03 1.902585e+03 0.000000e+00
         vertex 1.438371e+03 1.898794e+03 1.000000e+03
         vertex 1.438371e+03 1.898794e+03 0.000000e+00
      endloop
   endfacet
   facet normal 4.422905e-01 8.968719e-01 -0.000000e+00
      outer loop
         vertex 1.438371e+03 1.898794e+03 0.000000e+00
         vertex 1.438371e+03 1.898794e+03 1.000000e+03
         vertex 1.446198e+03 1.894934e+03 1.000000e+03
      endloop
   endfacet
   facet normal 4.422905e-01 8.968719e-01 0.000000e+00
      outer loop
         vertex 1.438371e+03 1.898794e+03 0.000000e+00
         vertex 1.446198e+03 1.894934e+03 1.000000e+03
         vertex 1.446198e+03 1.894934e+03 0.000000e+00
      endloop
   endfacet
   facet normal 4.500977e-01 8.929793e-01 -0.000000e+00
      outer loop
         vertex 1.446198e+03 1.894934e+03 0.000000e+00
         vertex 1.446198e+03 1.894934e+03 1.000000e+03
         vertex 1.453990e+03 1.891007e+03 1.000000e+03
      endloop
   endfacet
   facet normal 4.500977e-01 8.929793e-01 0.000000e+00
      outer loop
         vertex 1.446198e+03 1.894934e+03 0.000000e+00
         vertex 1.453990e+03 1.891007e+03 1.000000e+03
         vertex 1.453990e+03 1.891007e+03 0.000000e+00
      endloop
   endfacet
   facet normal 4.578764e-01 8.890159e-01 -0.000000e+00
      outer loop
         vertex 1.453990e+03 1.891007e+03 0.000000e+00
         vertex 1.453990e+03 1.891007e+03 1.000000e+03
         vertex 1.461749e+03 1.887011e+03 1.000000e+03
      endloop
   endfacet
   facet normal 4.578764e-01 8.890159e-01 0.000000e+00
      outer loop
         vertex 1.453990e+03 1.891007e+03 0.000000e+00
         vertex 1.461749e+03 1.887011e+03 1.000000e+03
         vertex 1.461749e+03 1.887011e+03 0.000000e+00
      endloop
   endfacet
   facet normal 4.656141e-01 8.849878e-01 -0.000000e+00
      outer loop
         vertex 1.461749e+03 1.887011e+03 0.000000e+00
         vertex 1.461749e+03 1.887011e+03 1.000000e+03
         vertex 1.469472e+03 1.882948e+03 1.000000e+03
      endloop
   endfacet
   facet normal 4.656141e-01 8.849878e-01 0.000000e+00
      outer loop
         vertex 1.461749e+03 1.887011e+03 0.000000e+00
         vertex 1.469472e+03 1.882948e+03 1.000000e+03
         vertex 1.469472e+03 1.882948e+03 0.000000e+00
      endloop
   endfacet
   facet normal 4.733154e-01 8.808931e-01 -0.000000e+00
      outer loop
         vertex 1.469472e+03 1.882948e+03 0.000000e+00
         vertex 1.469472e+03 1.882948e+03 1.000000e+03
         vertex 1.477159e+03 1.878817e+03 1.000000e+03
      endloop
   endfacet
   facet normal 4.733154e-01 8.808931e-01 0.000000e+00
      outer loop
         vertex 1.469472e+03 1.882948e+03 0.000000e+00
         vertex 1.477159e+03 1.878817e+03 1.000000e+03
         vertex 1.477159e+03 1.878817e+03 0.000000e+00
      endloop
   endfacet
   facet normal 4.809903e-01 8.767259e-01 -0.000000e+00
      outer loop
         vertex 1.477159e+03 1.878817e+03 0.000000e+00
         vertex 1.477159e+03 1.878817e+03 1.000000e+03
         vertex 1.484810e+03 1.874620e+03 1.000000e+03
      endloop
   endfacet
   facet normal 4.809903e-01 8.767259e-01 0.000000e+00
      outer loop
         vertex 1.477159e+03 1.878817e+03 0.000000e+00
         vertex 1.484810e+03 1.874620e+03 1.000000e+03
         vertex 1.484810e+03 1.874620e+03 0.000000e+00
      endloop
   endfacet
   facet normal 4.886192e-01 8.724972e-01 -0.000000e+00
      outer loop
         vertex 1.484810e+03 1.874620e+03 0.000000e+00
         vertex 1.484810e+03 1.874620e+03 1.000000e+03
         vertex 1.492424e+03 1.870356e+03 1.000000e+03
      endloop
   endfacet
   facet normal 4.886192e-01 8.724972e-01 0.000000e+00
      outer loop
         vertex 1.484810e+03 1.874620e+03 0.000000e+00
         vertex 1.492424e+03 1.870356e+03 1.000000e+03
         vertex 1.492424e+03 1.870356e+03 0.000000e+00
      endloop
   endfacet
   facet normal 4.962206e-01 8.681965e-01 -0.000000e+00
      outer loop
         vertex 1.492424e+03 1.870356e+03 0.000000e+00
         vertex 1.492424e+03 1.870356e+03 1.000000e+03
         vertex 1.500000e+03 1.866025e+03 1.000000e+03
      endloop
   endfacet
   facet normal 4.962206e-01 8.681965e-01 0.000000e+00
      outer loop
         vertex 1.492424e+03 1.870356e+03 0.000000e+00
         vertex 1.500000e+03 1.866025e+03 1.000000e+03
         vertex 1.500000e+03 1.866025e+03 0.000000e+00
      endloop
   endfacet
   facet normal 5.037695e-01 8.638381e-01 -0.000000e+00
      outer loop
         vertex 1.500000e+03 1.866025e+03 0.000000e+00
         vertex 1.500000e+03 1.866025e+03 1.000000e+03
         vertex 1.507538e+03 1.861629e+03 1.000000e+03
      endloop
   endfacet
   facet normal 5.037695e-01 8.638381e-01 0.000000e+00
      outer loop
         vertex 1.500000e+03 1.866025e+03 0.000000e+00
         vertex 1.507538e+03 1.861629e+03 1.000000e+03
         vertex 1.507538e+03 1.861629e+03 0.000000e+00
      endloop
   endfacet
   facet normal 5.112960e-01 8.594047e-01 -0.000000e+00
      outer loop
         vertex 1.507538e+03 1.861629e+03 0.000000e+00
         vertex 1.507538e+03 1.861629e+03 1.000000e+03
         vertex 1.515038e+03 1.857167e+03 1.000000e+03
      endloop
   endfacet
   facet normal 5.112960e-01 8.594047e-01 0.000000e+00
      outer loop
         vertex 1.507538e+03 1.861629e+03 0.000000e+00
         vertex 1.515038e+03 1.857167e+03 1.000000e+03
         vertex 1.515038e+03 1.857167e+03 0.000000e+00
      endloop
   endfacet
   facet normal 5.187753e-01 8.549106e-01 -0.000000e+00
      outer loop
         vertex 1.515038e+03 1.857167e+03 0.000000e+00
         vertex 1.515038e+03 1.857167e+03 1.000000e+03
         vertex 1.522499e+03 1.852640e+03 1.000000e+03
      endloop
   endfacet
   facet normal 5.187753e-01 8.549106e-01 0.000000e+00
      outer loop
         vertex 1.515038e+03 1.857167e+03 0.000000e+00
         vertex 1.522499e+03 1.852640e+03 1.000000e+03
         vertex 1.522499e+03 1.852640e+03 0.000000e+00
      endloop
   endfacet
   facet normal 5.262123e-01 8.503532e-01 -0.000000e+00
      outer loop
         vertex 1.522499e+03 1.852640e+03 0.000000e+00
         vertex 1.522499e+03 1.852640e+03 1.000000e+03
         vertex 1.529919e+03 1.848048e+03 1.000000e+03
      endloop
   endfacet
   facet normal 5.262123e-01 8.503532e-01 0.000000e+00
      outer loop
         vertex 1.522499e+03 1.852640e+03 0.000000e+00
         vertex 1.529919e+03 1.848048e+03 1.000000e+03
         vertex 1.529919e+03 1.848048e+03 0.000000e+00
      endloop
   endfacet
   facet normal 5.336152e-01 8.457274e-01 -0.000000e+00
      outer loop
         vertex 1.529919e+03 1.848048e+03 0.000000e+00
         vertex 1.529919e+03 1.848048e+03 1.000000e+03
         vertex 1.537300e+03 1.843391e+03 1.000000e+03
      endloop
   endfacet
   facet normal 5.336152e-01 8.457274e-01 0.000000e+00
      outer loop
         vertex 1.529919e+03 1.848048e+03 0.000000e+00
         vertex 1.537300e+03 1.843391e+03 1.000000e+03
         vertex 1.537300e+03 1.843391e+03 0.000000e+00
      endloop
   endfacet
   facet normal 5.409740e-01 8.410393e-01 -0.000000e+00
      outer loop
         vertex 1.537300e+03 1.843391e+03 0.000000e+00
         vertex 1.537300e+03 1.843391e+03 1.000000e+03
         vertex 1.544639e+03 1.838671e+03 1.000000e+03
      endloop
   endfacet
   facet normal 5.409740e-01 8.410393e-01 0.000000e+00
      outer loop
         vertex 1.537300e+03 1.843391e+03 0.000000e+00
         vertex 1.544639e+03 1.838671e+03 1.000000e+03
         vertex 1.544639e+03 1.838671e+03 0.000000e+00
      endloop
   endfacet
   facet normal 5.482907e-01 8.362878e-01 -0.000000e+00
      outer loop
         vertex 1.544639e+03 1.838671e+03 0.000000e+00
         vertex 1.544639e+03 1.838671e+03 1.000000e+03
         vertex 1.551937e+03 1.833886e+03 1.000000e+03
      endloop
   endfacet
   facet normal 5.482907e-01 8.362878e-01 0.000000e+00
      outer loop
         vertex 1.544639e+03 1.838671e+03 0.000000e+00
         vertex 1.551937e+03 1.833886e+03 1.000000e+03
         vertex 1.551937e+03 1.833886e+03 0.000000e+00
      endloop
   endfacet
   facet normal 5.555747e-01 8.314666e-01 -0.000000e+00
      outer loop
         vertex 1.551937e+03 1.833886e+03 0.000000e+00
         vertex 1.551937e+03 1.833886e+03 1.000000e+03
         vertex 1.559193e+03 1.829038e+03 1.000000e+03
      endloop
   endfacet
   facet normal 5.555747e-01 8.314666e-01 0.000000e+00
      outer loop
         vertex 1.551937e+03 1.833886e+03 0.000000e+00
         vertex 1.559193e+03 1.829038e+03 1.000000e+03
         vertex 1.559193e+03 1.829038e+03 0.000000e+00
      endloop
   endfacet
   facet normal 5.628022e-01 8.265916e-01 -0.000000e+00
      outer loop
         vertex 1.559193e+03 1.829038e+03 0.000000e+00
         vertex 1.559193e+03 1.829038e+03 1.000000e+03
         vertex 1.566406e+03 1.824126e+03 1.000000e+03
      endloop
   endfacet
   facet normal 5.628022e-01 8.265916e-01 0.000000e+00
      outer loop
         vertex 1.559193e+03 1.829038e+03 0.000000e+00
         vertex 1.566406e+03 1.824126e+03 1.000000e+03
         vertex 1.566406e+03 1.824126e+03 0.000000e+00
      endloop
   endfacet
   facet normal 5.699954e-01 8.216479e-01 -0.000000e+00
      outer loop
         vertex 1.566406e+03 1.824126e+03 0.000000e+00
         vertex 1.566406e+03 1.824126e+03 1.000000e+03
         vertex 1.573576e+03 1.819152e+03 1.000000e+03
      endloop
   endfacet
   facet normal 5.699954e-01 8.216479e-01 0.000000e+00
      outer loop
         vertex 1.566406e+03 1.824126e+03 0.000000e+00
         vertex 1.573576e+03 1.819152e+03 1.000000e+03
         vertex 1.573576e+03 1.819152e+03 0.000000e+00
      endloop
   endfacet
   facet normal 5.771462e-01 8.166408e-01 -0.000000e+00
      outer loop
         vertex 1.573576e+03 1.819152e+03 0.000000e+00
         vertex 1.573576e+03 1.819152e+03 1.000000e+03
         vertex 1.580703e+03 1.814116e+03 1.000000e+03
      endloop
   endfacet
   facet normal 5.771462e-01 8.166408e-01 0.000000e+00
      outer loop
         vertex 1.573576e+03 1.819152e+03 0.000000e+00
         vertex 1.580703e+03 1.814116e+03 1.000000e+03
         vertex 1.580703e+03 1.814116e+03 0.000000e+00
      endloop
   endfacet
   facet normal 5.842502e-01 8.115736e-01 -0.000000e+00
      outer loop
         vertex 1.580703e+03 1.814116e+03 0.000000e+00
         vertex 1.580703e+03 1.814116e+03 1.000000e+03
         vertex 1.587785e+03 1.809017e+03 1.000000e+03
      endloop
   endfacet
   facet normal 5.842502e-01 8.115736e-01 0.000000e+00
      outer loop
         vertex 1.580703e+03 1.814116e+03 0.000000e+00
         vertex 1.587785e+03 1.809017e+03 1.000000e+03
         vertex 1.587785e+03 1.809017e+03 0.000000e+00
      endloop
   endfacet
   facet normal 5.913118e-01 8.064430e-01 -0.000000e+00
      outer loop
         vertex 1.587785e+03 1.809017e+03 0.000000e+00
         vertex 1.587785e+03 1.809017e+03 1.000000e+03
         vertex 1.594823e+03 1.803857e+03 1.000000e+03
      endloop
   endfacet
   facet normal 5.913118e-01 8.064430e-01 0.000000e+00
      outer loop
         vertex 1.587785e+03 1.809017e+03 0.000000e+00
         vertex 1.594823e+03 1.803857e+03 1.000000e+03
         vertex 1.594823e+03 1.803857e+03 0.000000e+00
      endloop
   endfacet
   facet normal 5.983234e-01 8.012547e-01 -0.000000e+00
      outer loop
         vertex 1.594823e+03 1.803857e+03 0.000000e+00
         vertex 1.594823e+03 1.803857e+03 1.000000e+03
         vertex 1.601815e+03 1.798635e+03 1.000000e+03
      endloop
   endfacet
   facet normal 5.983234e-01 8.012547e-01 0.000000e+00
      outer loop
         vertex 1.594823e+03 1.803857e+03 0.000000e+00
         vertex 1.601815e+03 1.798635e+03 1.000000e+03
         vertex 1.601815e+03 1.798635e+03 0.000000e+00
      endloop
   endfacet
   facet normal 6.052947e-01 7.960015e-01 -0.000000e+00
      outer loop
         vertex 1.601815e+03 1.798635e+03 0.000000e+00
         vertex 1.601815e+03 1.798635e+03 1.000000e+03
         vertex 1.608761e+03 1.793353e+03 1.000000e+03
      endloop
   endfacet
   facet normal 6.052947e-01 7.960015e-01 0.000000e+00
      outer loop
         vertex 1.601815e+03 1.798635e+03 0.000000e+00
         vertex 1.608761e+03 1.793353e+03 1.000000e+03
         vertex 1.608761e+03 1.793353e+03 0.000000e+00
      endloop
   endfacet
   facet normal 6.122127e-01 7.906931e-01 -0.000000e+00
      outer loop
         vertex 1.608761e+03 1.793353e+03 0.000000e+00
         vertex 1.608761e+03 1.793353e+03 1.000000e+03
         vertex 1.615662e+03 1.788011e+03 1.000000e+03
      endloop
   endfacet
   facet normal 6.122127e-01 7.906931e-01 0.000000e+00
      outer loop
         vertex 1.608761e+03 1.793353e+03 0.000000e+00
         vertex 1.615662e+03 1.788011e+03 1.000000e+03
         vertex 1.615662e+03 1.788011e+03 0.000000e+00
      endloop
   endfacet
   facet normal 6.190958e-01 7.853155e-01 -0.000000e+00
      outer loop
         vertex 1.615662e+03 1.788011e+03 0.000000e+00
         vertex 1.615662e+03 1.788011e+03 1.000000e+03
         vertex 1.622515e+03 1.782608e+03 1.000000e+03
      endloop
   endfacet
   facet normal 6.190958e-01 7.853155e-01 0.000000e+00
      outer loop
         vertex 1.615662e+03 1.788011e+03 0.000000e+00
         vertex 1.622515e+03 1.782608e+03 1.000000e+03
         vertex 1.622515e+03 1.782608e+03 0.000000e+00
      endloop
   endfacet
   facet normal 6.259237e-01 7.798843e-01 -0.000000e+00
      outer loop
         vertex 1.622515e+03 1.782608e+03 0.000000e+00
         vertex 1.622515e+03 1.782608e+03 1.000000e+03
         vertex 1.629320e+03 1.777146e+03 1.000000e+03
      endloop
   endfacet
   facet normal 6.259237e-01 7.798843e-01 0.000000e+00
      outer loop
         vertex 1.622515e+03 1.782608e+03 0.000000e+00
         vertex 1.629320e+03 1.777146e+03 1.000000e+03
         vertex 1.629320e+03 1.777146e+03 0.000000e+00
      endloop
   endfacet
   facet normal 6.327065e-01 7.743917e-01 -0.000000e+00
      outer loop
         vertex 1.629320e+03 1.777146e+03 0.000000e+00
         vertex 1.629320e+03 1.777146e+03 1.000000e+03
         vertex 1.636078e+03 1.771625e+03 1.000000e+03
      endloop
   endfacet
   facet normal 6.327065e-01 7.743917e-01 0.000000e+00
      outer loop
         vertex 1.629320e+03 1.777146e+03 0.000000e+00
         vertex 1.636078e+03 1.771625e+03 1.000000e+03
         vertex 1.636078e+03 1.771625e+03 0.000000e+00
      endloop
   endfacet
   facet normal 6.394377e-01 7.688429e-01 -0.000000e+00
      outer loop
         vertex 1.636078e+03 1.771625e+03 0.000000e+00
         vertex 1.636078e+03 1.771625e+03 1.000000e+03
         vertex 1.642788e+03 1.766044e+03 1.000000e+03
      endloop
   endfacet
   facet normal 6.394377e-01 7.688429e-01 0.000000e+00
      outer loop
         vertex 1.636078e+03 1.771625e+03 0.000000e+00
         vertex 1.642788e+03 1.766044e+03 1.000000e+03
         vertex 1.642788e+03 1.766044e+03 0.000000e+00
      endloop
   endfacet
   facet normal 6.461262e-01 7.632306e-01 -0.000000e+00
      outer loop
         vertex 1.642788e+03 1.766044e+03 0.000000e+00
         vertex 1.642788e+03 1.766044e+03 1.000000e+03
         vertex 1.649448e+03 1.760406e+03 1.000000e+03
      endloop
   endfacet
   facet normal 6.461262e-01 7.632306e-01 0.000000e+00
      outer loop
         vertex 1.642788e+03 1.766044e+03 0.000000e+00
         vertex 1.649448e+03 1.760406e+03 1.000000e+03
         vertex 1.649448e+03 1.760406e+03 0.000000e+00
      endloop
   endfacet
   facet normal 6.527573e-01 7.575671e-01 -0.000000e+00
      outer loop
         vertex 1.649448e+03 1.760406e+03 0.000000e+00
         vertex 1.649448e+03 1.760406e+03 1.000000e+03
         vertex 1.656059e+03 1.754710e+03 1.000000e+03
      endloop
   endfacet
   facet normal 6.527573e-01 7.575671e-01 0.000000e+00
      outer loop
         vertex 1.649448e+03 1.760406e+03 0.000000e+00
         vertex 1.656059e+03 1.754710e+03 1.000000e+03
         vertex 1.656059e+03 1.754710e+03 0.000000e+00
      endloop
   endfacet
   facet normal 6.593456e-01 7.518400e-01 -0.000000e+00
      outer loop
         vertex 1.656059e+03 1.754710e+03 0.000000e+00
         vertex 1.656059e+03 1.754710e+03 1.000000e+03
         vertex 1.662620e+03 1.748956e+03 1.000000e+03
      endloop
   endfacet
   facet normal 6.593456e-01 7.518400e-01 0.000000e+00
      outer loop
         vertex 1.656059e+03 1.754710e+03 0.000000e+00
         vertex 1.662620e+03 1.748956e+03 1.000000e+03
         vertex 1.662620e+03 1.748956e+03 0.000000e+00
      endloop
   endfacet
   facet normal 6.658831e-01 7.460561e-01 -0.000000e+00
      outer loop
         vertex 1.662620e+03 1.748956e+03 0.000000e+00
         vertex 1.662620e+03 1.748956e+03 1.000000e+03
         vertex 1.669131e+03 1.743145e+03 1.000000e+03
      endloop
   endfacet
   facet normal 6.658831e-01 7.460561e-01 0.000000e+00
      outer loop
         vertex 1.662620e+03 1.748956e+03 0.000000e+00
         vertex 1.669131e+03 1.743145e+03 1.000000e+03
         vertex 1.669131e+03 1.743145e+03 0.000000e+00
      endloop
   endfacet
   facet normal 6.723668e-01 7.402182e-01 -0.000000e+00
      outer loop
         vertex 1.669131e+03 1.743145e+03 0.000000e+00
         vertex 1.669131e+03 1.743145e+03 1.000000e+03
         vertex 1.675590e+03 1.737277e+03 1.000000e+03
      endloop
   endfacet
   facet normal 6.723668e-01 7.402182e-01 0.000000e+00
      outer loop
         vertex 1.669131e+03 1.743145e+03 0.000000e+00
         vertex 1.675590e+03 1.737277e+03 1.000000e+03
         vertex 1.675590e+03 1.737277e+03 0.000000e+00
      endloop
   endfacet
   facet normal 6.788002e-01 7.343230e-01 -0.000000e+00
      outer loop
         vertex 1.675590e+03 1.737277e+03 0.000000e+00
         vertex 1.675590e+03 1.737277e+03 1.000000e+03
         vertex 1.681998e+03 1.731354e+03 1.000000e+03
      endloop
   endfacet
   facet normal 6.788002e-01 7.343230e-01 0.000000e+00
      outer loop
         vertex 1.675590e+03 1.737277e+03 0.000000e+00
         vertex 1.681998e+03 1.731354e+03 1.000000e+03
         vertex 1.681998e+03 1.731354e+03 0.000000e+00
      endloop
   endfacet
   facet normal 6.851832e-01 7.283708e-01 -0.000000e+00
      outer loop
         vertex 1.681998e+03 1.731354e+03 0.000000e+00
         vertex 1.681998e+03 1.731354e+03 1.000000e+03
         vertex 1.688355e+03 1.725374e+03 1.000000e+03
      endloop
   endfacet
   facet normal 6.851832e-01 7.283708e-01 0.000000e+00
      outer loop
         vertex 1.681998e+03 1.731354e+03 0.000000e+00
         vertex 1.688355e+03 1.725374e+03 1.000000e+03
         vertex 1.688355e+03 1.725374e+03 0.000000e+00
      endloop
   endfacet
   facet normal 6.915126e-01 7.223644e-01 -0.000000e+00
      outer loop
         vertex 1.688355e+03 1.725374e+03 0.000000e+00
         vertex 1.688355e+03 1.725374e+03 1.000000e+03
         vertex 1.694658e+03 1.719340e+03 1.000000e+03
      endloop
   endfacet
   facet normal 6.915126e-01 7.223644e-01 0.000000e+00
      outer loop
         vertex 1.688355e+03 1.725374e+03 0.000000e+00
         vertex 1.694658e+03 1.719340e+03 1.000000e+03
         vertex 1.694658e+03 1.719340e+03 0.000000e+00
      endloop
   endfacet
   facet normal 6.977912e-01 7.163012e-01 -0.000000e+00
      outer loop
         vertex 1.694658e+03 1.719340e+03 0.000000e+00
         vertex 1.694658e+03 1.719340e+03 1.000000e+03
         vertex 1.700909e+03 1.713250e+03 1.000000e+03
      endloop
   endfacet
   facet normal 6.977912e-01 7.163012e-01 0.000000e+00
      outer loop
         vertex 1.694658e+03 1.719340e+03 0.000000e+00
         vertex 1.700909e+03 1.713250e+03 1.000000e+03
         vertex 1.700909e+03 1.713250e+03 0.000000e+00
      endloop
   endfacet
   facet normal 7.040162e-01 7.101839e-01 -0.000000e+00
      outer loop
         vertex 1.700909e+03 1.713250e+03 0.000000e+00
         vertex 1.700909e+03 1.713250e+03 1.000000e+03
         vertex 1.707107e+03 1.707107e+03 1.000000e+03
      endloop
   endfacet
   facet normal 7.040162e-01 7.101839e-01 0.000000e+00
      outer loop
         vertex 1.700909e+03 1.713250e+03 0.000000e+00
         vertex 1.707107e+03 1.707107e+03 1.000000e+03
         vertex 1.707107e+03 1.707107e+03 0.000000e+00
      endloop
   endfacet
   facet normal 7.101839e-01 7.040162e-01 -0.000000e+00
      outer loop
         vertex 1.707107e+03 1.707107e+03 0.000000e+00
         vertex 1.707107e+03 1.707107e+03 1.000000e+03
         vertex 1.713250e+03 1.700909e+03 1.000000e+03
      endloop
   endfacet
   facet normal 7.101839e-01 7.040162e-01 0.000000e+00
      outer loop
         vertex 1.707107e+03 1.707107e+03 0.000000e+00
         vertex 1.713250e+03 1.700909e+03 1.000000e+03
         vertex 1.713250e+03 1.700909e+03 0.000000e+00
      endloop
   endfacet
   facet normal 7.163012e-01 6.977912e-01 -0.000000e+00
      outer loop
         vertex 1.713250e+03 1.700909e+03 0.000000e+00
         vertex 1.713250e+03 1.700909e+03 1.000000e+03
         vertex 1.719340e+03 1.694658e+03 1.000000e+03
      endloop
   endfacet
   facet normal 7.163012e-01 6.977912e-01 0.000000e+00
      outer loop
         vertex 1.713250e+03 1.700909e+03 0.000000e+00
         vertex 1.719340e+03 1.694658e+03 1.000000e+03
         vertex 1.719340e+03 1.694658e+03 0.000000e+00
      endloop
   endfacet
   facet normal 7.223644e-01 6.915126e-01 -0.000000e+00
      outer loop
         vertex 1.719340e+03 1.694658e+03 0.000000e+00
         vertex 1.719340e+03 1.694658e+03 1.000000e+03
         vertex 1.725374e+03 1.688355e+03 1.000000e+03
      endloop
   endfacet
   facet normal 7.223644e-01 6.915126e-01 0.000000e+00
      outer loop
         vertex 1.719340e+03 1.694658e+03 0.000000e+00
         vertex 1.725374e+03 1.688355e+03 1.000000e+03
         vertex 1.725374e+03 1.688355e+03 0.000000e+00
      endloop
   endfacet
   facet normal 7.283708e-01 6.851832e-01 -0.000000e+00
      outer loop
         vertex 1.725374e+03 1.688355e+03 0.000000e+00
         vertex 1.725374e+03 1.688355e+03 1.000000e+03
         vertex 1.731354e+03 1.681998e+03 1.000000e+03
      endloop
   endfacet
   facet normal 7.283708e-01 6.851832e-01 0.000000e+00
      outer loop
         vertex 1.725374e+03 1.688355e+03 0.000000e+00
         vertex 1.731354e+03 1.681998e+03 1.000000e+03
         vertex 1.731354e+03 1.681998e+03 0.000000e+00
      endloop
   endfacet
   facet normal 7.343230e-01 6.788002e-01 -0.000000e+00
      outer loop
         vertex 1.731354e+03 1.681998e+03 0.000000e+00
         vertex 1.731354e+03 1.681998e+03 1.000000e+03
         vertex 1.737277e+03 1.675590e+03 1.000000e+03
      endloop
   endfacet
   facet normal 7.343230e-01 6.788002e-01 0.000000e+00
      outer loop
         vertex 1.731354e+03 1.681998e+03 0.000000e+00
         vertex 1.737277e+03 1.675590e+03 1.000000e+03
         vertex 1.737277e+03 1.675590e+03 0.000000e+00
      endloop
   endfacet
   facet normal 7.402182e-01 6.723668e-01 -0.000000e+00
      outer loop
         vertex 1.737277e+03 1.675590e+03 0.000000e+00
         vertex 1.737277e+03 1.675590e+03 1.000000e+03
         vertex 1.743145e+03 1.669131e+03 1.000000e+03
      endloop
   endfacet
   facet normal 7.402182e-01 6.723668e-01 0.000000e+00
      outer loop
         vertex 1.737277e+03 1.675590e+03 0.000000e+00
         vertex 1.743145e+03 1.669131e+03 1.000000e+03
         vertex 1.743145e+03 1.669131e+03 0.000000e+00
      endloop
   endfacet
   facet normal 7.460561e-01 6.658831e-01 -0.000000e+00
      outer loop
         vertex 1.743145e+03 1.669131e+03 0.000000e+00
         vertex 1.743145e+03 1.669131e+03 1.000000e+03
         vertex 1.748956e+03 1.662620e+03 1.000000e+03
      endloop
   endfacet
   facet normal 7.460561e-01 6.658831e-01 0.000000e+00
      outer loop
         vertex 1.743145e+03 1.669131e+03 0.000000e+00
         vertex 1.748956e+03 1.662620e+03 1.000000e+03
         vertex 1.748956e+03 1.662620e+03 0.000000e+00
      endloop
   endfacet
   facet normal 7.518400e-01 6.593456e-01 -0.000000e+00
      outer loop
         vertex 1.748956e+03 1.662620e+03 0.000000e+00
         vertex 1.748956e+03 1.662620e+03 1.000000e+03
         vertex 1.754710e+03 1.656059e+03 1.000000e+03
      endloop
   endfacet
   facet normal 7.518400e-01 6.593456e-01 0.000000e+00
      outer loop
         vertex 1.748956e+03 1.662620e+03 0.000000e+00
         vertex 1.754710e+03 1.656059e+03 1.000000e+03
         vertex 1.754710e+03 1.656059e+03 0.000000e+00
      endloop
   endfacet
   facet normal 7.575671e-01 6.527573e-01 -0.000000e+00
      outer loop
         vertex 1.754710e+03 1.656059e+03 0.000000e+00
         vertex 1.754710e+03 1.656059e+03 1.000000e+03
         vertex 1.760406e+03 1.649448e+03 1.000000e+03
      endloop
   endfacet
   facet normal 7.575671e-01 6.527573e-01 0.000000e+00
      outer loop
         vertex 1.754710e+03 1.656059e+03 0.000000e+00
         vertex 1.760406e+03 1.649448e+03 1.000000e+03
         vertex 1.760406e+03 1.649448e+03 0.000000e+00
      endloop
   endfacet
   facet normal 7.632306e-01 6.461262e-01 -0.000000e+00
      outer loop
         vertex 1.760406e+03 1.649448e+03 0.000000e+00
         vertex 1.760406e+03 1.649448e+03 1.000000e+03
         vertex 1.766044e+03 1.642788e+03 1.000000e+03
      endloop
   endfacet
   facet normal 7.632306e-01 6.461262e-01 0.000000e+00
      outer loop
         vertex 1.760406e+03 1.649448e+03 0.000000e+00
         vertex 1.766044e+03 1.642788e+03 1.000000e+03
         vertex 1.766044e+03 1.642788e+03 0.000000e+00
      endloop
   endfacet
   facet normal 7.688429e-01 6.394377e-01 -0.000000e+00
      outer loop
         vertex 1.766044e+03 1.642788e+03 0.000000e+00
         vertex 1.766044e+03 1.642788e+03 1.000000e+03
         vertex 1.771625e+03 1.636078e+03 1.000000e+03
      endloop
   endfacet
   facet normal 7.688429e-01 6.394377e-01 0.000000e+00
      outer loop
         vertex 1.766044e+03 1.642788e+03 0.000000e+00
         vertex 1.771625e+03 1.636078e+03 1.000000e+03
         vertex 1.771625e+03 1.636078e+03 0.000000e+00
      endloop
   endfacet
   facet normal 7.743917e-01 6.327065e-01 -0.000000e+00
      outer loop
         vertex 1.771625e+03 1.636078e+03 0.000000e+00
         vertex 1.771625e+03 1.636078e+03 1.000000e+03
         vertex 1.777146e+03 1.629320e+03 1.000000e+03
      endloop
   endfacet
   facet normal 7.743917e-01 6.327065e-01 0.000000e+00
      outer loop
         vertex 1.771625e+03 1.636078e+03 0.000000e+00
         vertex 1.777146e+03 1.629320e+03 1.000000e+03
         vertex 1.777146e+03 1.629320e+03 0.000000e+00
      endloop
   endfacet
   facet normal 7.798843e-01 6.259237e-01 -0.000000e+00
      outer loop
         vertex 1.777146e+03 1.629320e+03 0.000000e+00
         vertex 1.777146e+03 1.629320e+03 1.000000e+03
         vertex 1.782608e+03 1.622515e+03 1.000000e+03
      endloop
   endfacet
   facet normal 7.798843e-01 6.259237e-01 0.000000e+00
      outer loop
         vertex 1.777146e+03 1.629320e+03 0.000000e+00
         vertex 1.782608e+03 1.622515e+03 1.000000e+03
         vertex 1.782608e+03 1.622515e+03 0.000000e+00
      endloop
   endfacet
   facet normal 7.853155e-01 6.190958e-01 -0.000000e+00
      outer loop
         vertex 1.782608e+03 1.622515e+03 0.000000e+00
         vertex 1.782608e+03 1.622515e+03 1.000000e+03
         vertex 1.788011e+03 1.615662e+03 1.000000e+03
      endloop
   endfacet
   facet normal 7.853155e-01 6.190958e-01 0.000000e+00
      outer loop
         vertex 1.782608e+03 1.622515e+03 0.000000e+00
         vertex 1.788011e+03 1.615662e+03 1.000000e+03
         vertex 1.788011e+03 1.615662e+03 0.000000e+00
      endloop
   endfacet
   facet normal 7.906931e-01 6.122127e-01 -0.000000e+00
      outer loop
         vertex 1.788011e+03 1.615662e+03 0.000000e+00
         vertex 1.788011e+03 1.615662e+03 1.000000e+03
         vertex 1.793353e+03 1.608761e+03 1.000000e+03
      endloop
   endfacet
   facet normal 7.906931e-01 6.122127e-01 0.000000e+00
      outer loop
         vertex 1.788011e+03 1.615662e+03 0.000000e+00
         vertex 1.793353e+03 1.608761e+03 1.000000e+03
         vertex 1.793353e+03 1.608761e+03 0.000000e+00
      endloop
   endfacet
   facet normal 7.960015e-01 6.052947e-01 -0.000000e+00
      outer loop
         vertex 1.793353e+03 1.608761e+03 0.000000e+00
         vertex 1.793353e+03 1.608761e+03 1.000000e+03
         vertex 1.798635e+03 1.601815e+03 1.000000e+03
      endloop
   endfacet
   facet normal 7.960015e-01 6.052947e-01 0.000000e+00
      outer loop
         vertex 1.793353e+03 1.608761e+03 0.000000e+00
         vertex 1.798635e+03 1.601815e+03 1.000000e+03
         vertex 1.798635e+03 1.601815e+03 0.000000e+00
      endloop
   endfacet
   facet normal 8.012547e-01 5.983234e-01 -0.000000e+00
      outer loop
         vertex 1.798635e+03 1.601815e+03 0.000000e+00
         vertex 1.798635e+03 1.601815e+03 1.000000e+03
         vertex 1.803857e+03 1.594823e+03 1.000000e+03
      endloop
   endfacet
   facet normal 8.012547e-01 5.983234e-01 0.000000e+00
      outer loop
         vertex 1.798635e+03 1.601815e+03 0.000000e+00
         vertex 1.803857e+03 1.594823e+03 1.000000e+03
         vertex 1.803857e+03 1.594823e+03 0.000000e+00
      endloop
   endfacet
   facet normal 8.064430e-01 5.913118e-01 -0.000000e+00
      outer loop
         vertex 1.803857e+03 1.594823e+03 0.000000e+00
         vertex 1.803857e+03 1.594823e+03 1.000000e+03
         vertex 1.809017e+03 1.587785e+03 1.000000e+03
      endloop
   endfacet
   facet normal 8.064430e-01 5.913118e-01 0.000000e+00
      outer loop
         vertex 1.803857e+03 1.594823e+03 0.000000e+00
         vertex 1.809017e+03 1.587785e+03 1.000000e+03
         vertex 1.809017e+03 1.587785e+03 0.000000e+00
      endloop
   endfacet
   facet normal 8.115736e-01 5.842502e-01 -0.000000e+00
      outer loop
         vertex 1.809017e+03 1.587785e+03 0.000000e+00
         vertex 1.809017e+03 1.587785e+03 1.000000e+03
         vertex 1.814116e+03 1.580703e+03 1.000000e+03
      endloop
   endfacet
   facet normal 8.115736e-01 5.842502e-01 0.000000e+00
      outer loop
         vertex 1.809017e+03 1.587785e+03 0.000000e+00
         vertex 1.814116e+03 1.580703e+03 1.000000e+03
         vertex 1.814116e+03 1.580703e+03 0.000000e+00
      endloop
   endfacet
   facet normal 8.166408e-01 5.771462e-01 -0.000000e+00
      outer loop
         vertex 1.814116e+03 1.580703e+03 0.000000e+00
         vertex 1.814116e+03 1.580703e+03 1.000000e+03
         vertex 1.819152e+03 1.573576e+03 1.000000e+03
      endloop
   endfacet
   facet normal 8.166408e-01 5.771462e-01 0.000000e+00
      outer loop
         vertex 1.814116e+03 1.580703e+03 0.000000e+00
         vertex 1.819152e+03 1.573576e+03 1.000000e+03
         vertex 1.819152e+03 1.573576e+03 0.000000e+00
      endloop
   endfacet
   facet normal 8.216479e-01 5.699954e-01 -0.000000e+00
      outer loop
         vertex 1.819152e+03 1.573576e+03 0.000000e+00
         vertex 1.819152e+03 1.573576e+03 1.000000e+03
         vertex 1.824126e+03 1.566406e+03 1.000000e+03
      endloop
   endfacet
   facet normal 8.216479e-01 5.699954e-01 0.000000e+00
      outer loop
         vertex 1.819152e+03 1.573576e+03 0.000000e+00
         vertex 1.824126e+03 1.566406e+03 1.000000e+03
         vertex 1.824126e+03 1.566406e+03 0.000000e+00
      endloop
   endfacet
   facet normal 8.265916e-01 5.628022e-01 -0.000000e+00
      outer loop
         vertex 1.824126e+03 1.566406e+03 0.000000e+00
         vertex 1.824126e+03 1.566406e+03 1.000000e+03
         vertex 1.829038e+03 1.559193e+03 1.000000e+03
      endloop
   endfacet
   facet normal 8.265916e-01 5.628022e-01 0.000000e+00
      outer loop
         vertex 1.824126e+03 1.566406e+03 0.000000e+00
         vertex 1.829038e+03 1.559193e+03 1.000000e+03
         vertex 1.829038e+03 1.559193e+03 0.000000e+00
      endloop
   endfacet
   facet normal 8.314666e-01 5.555747e-01 -0.000000e+00
      outer loop
         vertex 1.829038e+03 1.559193e+03 0.000000e+00
         vertex 1.829038e+03 1.559193e+03 1.000000e+03
         vertex 1.833886e+03 1.551937e+03 1.000000e+03
      endloop
   endfacet
   facet normal 8.314666e-01 5.555747e-01 0.000000e+00
      outer loop
         vertex 1.829038e+03 1.559193e+03 0.000000e+00
         vertex 1.833886e+03 1.551937e+03 1.000000e+03
         vertex 1.833886e+03 1.551937e+03 0.000000e+00
      endloop
   endfacet
   facet normal 8.362878e-01 5.482907e-01 -0.000000e+00
      outer loop
         vertex 1.833886e+03 1.551937e+03 0.000000e+00
         vertex 1.833886e+03 1.551937e+03 1.000000e+03
         vertex 1.838671e+03 1.544639e+03 1.000000e+03
      endloop
   endfacet
   facet normal 8.362878e-01 5.482907e-01 0.000000e+00
      outer loop
         vertex 1.833886e+03 1.551937e+03 0.000000e+00
         vertex 1.838671e+03 1.544639e+03 1.000000e+03
         vertex 1.838671e+03 1.544639e+03 0.000000e+00
      endloop
   endfacet
   facet normal 8.410393e-01 5.409740e-01 -0.000000e+00
      outer loop
         vertex 1.838671e+03 1.544639e+03 0.000000e+00
         vertex 1.838671e+03 1.544639e+03 1.000000e+03
         vertex 1.843391e+03 1.537300e+03 1.000000e+03
      endloop
   endfacet
   facet normal 8.410393e-01 5.409740e-01 0.000000e+00
      outer loop
         vertex 1.838671e+03 1.544639e+03 0.000000e+00
         vertex 1.843391e+03 1.537300e+03 1.000000e+03
         vertex 1.843391e+03 1.537300e+03 0.000000e+00
      endloop
   endfacet
   facet normal 8.457274e-01 5.336152e-01 -0.000000e+00
      outer loop
         vertex 1.843391e+03 1.537300e+03 0.000000e+00
         vertex 1.843391e+03 1.537300e+03 1.000000e+03
         vertex 1.848048e+03 1.529919e+03 1.000000e+03
      endloop
   endfacet
   facet normal 8.457274e-01 5.336152e-01 0.000000e+00
      outer loop
         vertex 1.843391e+03 1.537300e+03 0.000000e+00
         vertex 1.848048e+03 1.529919e+03 1.000000e+03
         vertex 1.848048e+03 1.529919e+03 0.000000e+00
      endloop
   endfacet
   facet normal 8.503532e-01 5.262123e-01 -0.000000e+00
      outer loop
         vertex 1.848048e+03 1.529919e+03 0.000000e+00
         vertex 1.848048e+03 1.529919e+03 1.000000e+03
         vertex 1.852640e+03 1.522499e+03 1.000000e+03
      endloop
   endfacet
   facet normal 8.503532e-01 5.262123e-01 0.000000e+00
      outer loop
         vertex 1.848048e+03 1.529919e+03 0.000000e+00
         vertex 1.852640e+03 1.522499e+03 1.000000e+03
         vertex 1.852640e+03 1.522499e+03 0.000000e+00
      endloop
   endfacet
   facet normal 8.549106e-01 5.187753e-01 -0.000000e+00
      outer loop
         vertex 1.852640e+03 1.522499e+03 0.000000e+00
         vertex 1.852640e+03 1.522499e+03 1.000000e+03
         vertex 1.857167e+03 1.515038e+03 1.000000e+03
      endloop
   endfacet
   facet normal 8.549106e-01 5.187753e-01 0.000000e+00
      outer loop
         vertex 1.852640e+03 1.522499e+03 0.000000e+00
         vertex 1.857167e+03 1.515038e+03 1.000000e+03
         vertex 1.857167e+03 1.515038e+03 0.000000e+00
      endloop
   endfacet
   facet normal 8.594047e-01 5.112960e-01 -0.000000e+00
      outer loop
         vertex 1.857167e+03 1.515038e+03 0.000000e+00
         vertex 1.857167e+03 1.515038e+03 1.000000e+03
         vertex 1.861629e+03 1.507538e+03 1.000000e+03
      endloop
   endfacet
   facet normal 8.594047e-01 5.112960e-01 0.000000e+00
      outer loop
         vertex 1.857167e+03 1.515038e+03 0.000000e+00
         vertex 1.861629e+03 1.507538e+03 1.000000e+03
         vertex 1.861629e+03 1.507538e+03 0.000000e+00
      endloop
   endfacet
   facet normal 8.638381e-01 5.037695e-01 -0.000000e+00
      outer loop
         vertex 1.861629e+03 1.507538e+03 0.000000e+00
         vertex 1.861629e+03 1.507538e+03 1.000000e+03
         vertex 1.866025e+03 1.500000e+03 1.000000e+03
      endloop
   endfacet
   facet normal 8.638381e-01 5.037695e-01 0.000000e+00
      outer loop
         vertex 1.861629e+03 1.507538e+03 0.000000e+00
         vertex 1.866025e+03 1.500000e+03 1.000000e+03
         vertex 1.866025e+03 1.500000e+03 0.000000e+00
      endloop
   endfacet
   facet normal 8.681965e-01 4.962206e-01 -0.000000e+00
      outer loop
         vertex 1.866025e+03 1.500000e+03 0.000000e+00
         vertex 1.866025e+03 1.500000e+03 1.000000e+03
         vertex 1.870356e+03 1.492424e+03 1.000000e+03
      endloop
   endfacet
   facet normal 8.681965e-01 4.962206e-01 0.000000e+00
      outer loop
         vertex 1.866025e+03 1.500000e+03 0.000000e+00
         vertex 1.870356e+03 1.492424e+03 1.000000e+03
         vertex 1.870356e+03 1.492424e+03 0.000000e+00
      endloop
   endfacet
   facet normal 8.724972e-01 4.886192e-01 -0.000000e+00
      outer loop
         vertex 1.870356e+03 1.492424e+03 0.000000e+00
         vertex 1.870356e+03 1.492424e+03 1.000000e+03
         vertex 1.874620e+03 1.484810e+03 1.000000e+03
      endloop
   endfacet
   facet normal 8.724972e-01 4.886192e-01 0.000000e+00
      outer loop
         vertex 1.870356e+03 1.492424e+03 0.000000e+00
         vertex 1.874620e+03 1.484810e+03 1.000000e+03
         vertex 1.874620e+03 1.484810e+03 0.000000e+00
      endloop
   endfacet
   facet normal 8.767259e-01 4.809903e-01 -0.000000e+00
      outer loop
         vertex 1.874620e+03 1.484810e+03 0.000000e+00
         vertex 1.874620e+03 1.484810e+03 1.000000e+03
         vertex 1.878817e+03 1.477159e+03 1.000000e+03
      endloop
   endfacet
   facet normal 8.767259e-01 4.809903e-01 0.000000e+00
      outer loop
         vertex 1.874620e+03 1.484810e+03 0.000000e+00
         vertex 1.878817e+03 1.477159e+03 1.000000e+03
         vertex 1.878817e+03 1.477159e+03 0.000000e+00
      endloop
   endfacet
   facet normal 8.808931e-01 4.733154e-01 -0.000000e+00
      outer loop
         vertex 1.878817e+03 1.477159e+03 0.000000e+00
         vertex 1.878817e+03 1.477159e+03 1.000000e+03
         vertex 1.882948e+03 1.469472e+03 1.000000e+03
      endloop
   endfacet
   facet normal 8.808931e-01 4.733154e-01 0.000000e+00
      outer loop
         vertex 1.878817e+03 1.477159e+03 0.000000e+00
         vertex 1.882948e+03 1.469472e+03 1.000000e+03
         vertex 1.882948e+03 1.469472e+03 0.000000e+00
      endloop
   endfacet
   facet normal 8.849878e-01 4.656141e-01 -0.000000e+00
      outer loop
         vertex 1.882948e+03 1.469472e+03 0.000000e+00
         vertex 1.882948e+03 1.469472e+03 1.000000e+03
         vertex 1.887011e+03 1.461749e+03 1.000000e+03
      endloop
   endfacet
   facet normal 8.849878e-01 4.656141e-01 0.000000e+00
      outer loop
         vertex 1.882948e+03 1.469472e+03 0.000000e+00
         vertex 1.887011e+03 1.461749e+03 1.000000e+03
         vertex 1.887011e+03 1.461749e+03 0.000000e+00
      endloop
   endfacet
   facet normal 8.890159e-01 4.578764e-01 -0.000000e+00
      outer loop
         vertex 1.887011e+03 1.461749e+03 0.000000e+00
         vertex 1.887011e+03 1.461749e+03 1.000000e+03
         vertex 1.891007e+03 1.453990e+03 1.000000e+03
      endloop
   endfacet
   facet normal 8.890159e-01 4.578764e-01 0.000000e+00
      outer loop
         vertex 1.887011e+03 1.461749e+03 0.000000e+00
         vertex 1.891007e+03 1.453990e+03 1.000000e+03
         vertex 1.891007e+03 1.453990e+03 0.000000e+00
      endloop
   endfacet
   facet normal 8.929793e-01 4.500977e-01 -0.000000e+00
      outer loop
         vertex 1.891007e+03 1.453990e+03 0.000000e+00
         vertex 1.891007e+03 1.453990e+03 1.000000e+03
         vertex 1.894934e+03 1.446198e+03 1.000000e+03
      endloop
   endfacet
   facet normal 8.929793e-01 4.500977e-01 0.000000e+00
      outer loop
         vertex 1.891007e+03 1.453990e+03 0.000000e+00
         vertex 1.894934e+03 1.446198e+03 1.000000e+03
         vertex 1.894934e+03 1.446198e+03 0.000000e+00
      endloop
   endfacet
   facet normal 8.968719e-01 4.422905e-01 -0.000000e+00
      outer loop
         vertex 1.894934e+03 1.446198e+03 0.000000e+00
         vertex 1.894934e+03 1.446198e+03 1.000000e+03
         vertex 1.898794e+03 1.438371e+03 1.000000e+03
      endloop
   endfacet
   facet normal 8.968719e-01 4.422905e-01 0.000000e+00
      outer loop
         vertex 1.894934e+03 1.446198e+03 0.000000e+00
         vertex 1.898794e+03 1.438371e+03 1.000000e+03
         vertex 1.898794e+03 1.438371e+03 0.000000e+00
      endloop
   endfacet
   facet normal 9.006997e-01 4.344423e-01 -0.000000e+00
      outer loop
         vertex 1.898794e+03 1.438371e+03 0.000000e+00
         vertex 1.898794e+03 1.438371e+03 1.000000e+03
         vertex 1.902585e+03 1.430511e+03 1.000000e+03
      endloop
   endfacet
   facet normal 9.006997e-01 4.344423e-01 0.000000e+00
      outer loop
         vertex 1.898794e+03 1.438371e+03 0.000000e+00
         vertex 1.902585e+03 1.430511e+03 1.000000e+03
         vertex 1.902585e+03 1.430511e+03 0.000000e+00
      endloop
   endfacet
   facet normal 9.044527e-01 4.265738e-01 -0.000000e+00
      outer loop
         vertex 1.902585e+03 1.430511e+03 0.000000e+00
         vertex 1.902585e+03 1.430511e+03 1.000000e+03
         vertex 1.906308e+03 1.422618e+03 1.000000e+03
      endloop
   endfacet
   facet normal 9.044527e-01 4.265738e-01 0.000000e+00
      outer loop
         vertex 1.902585e+03 1.430511e+03 0.000000e+00
         vertex 1.906308e+03 1.422618e+03 1.000000e+03
         vertex 1.906308e+03 1.422618e+03 0.000000e+00
      endloop
   endfacet
   facet normal 9.081442e-01 4.186575e-01 -0.000000e+00
      outer loop
         vertex 1.906308e+03 1.422618e+03 0.000000e+00
         vertex 1.906308e+03 1.422618e+03 1.000000e+03
         vertex 1.909961e+03 1.414693e+03 1.000000e+03
      endloop
   endfacet
   facet normal 9.081442e-01 4.186575e-01 0.000000e+00
      outer loop
         vertex 1.906308e+03 1.422618e+03 0.000000e+00
         vertex 1.909961e+03 1.414693e+03 1.000000e+03
         vertex 1.909961e+03 1.414693e+03 0.000000e+00
      endloop
   endfacet
   facet normal 9.117637e-01 4.107152e-01 -0.000000e+00
      outer loop
         vertex 1.909961e+03 1.414693e+03 0.000000e+00
         vertex 1.909961e+03 1.414693e+03 1.000000e+03
         vertex 1.913545e+03 1.406737e+03 1.000000e+03
      endloop
   endfacet
   facet normal 9.117637e-01 4.107152e-01 0.000000e+00
      outer loop
         vertex 1.909961e+03 1.414693e+03 0.000000e+00
         vertex 1.913545e+03 1.406737e+03 1.000000e+03
         vertex 1.913545e+03 1.406737e+03 0.000000e+00
      endloop
   endfacet
   facet normal 9.153099e-01 4.027503e-01 -0.000000e+00
      outer loop
         vertex 1.913545e+03 1.406737e+03 0.000000e+00
         vertex 1.913545e+03 1.406737e+03 1.000000e+03
         vertex 1.917060e+03 1.398749e+03 1.000000e+03
      endloop
   endfacet
   facet normal 9.153099e-01 4.027503e-01 0.000000e+00
      outer loop
         vertex 1.913545e+03 1.406737e+03 0.000000e+00
         vertex 1.917060e+03 1.398749e+03 1.000000e+03
         vertex 1.917060e+03 1.398749e+03 0.000000e+00
      endloop
   endfacet
   facet normal 9.187910e-01 3.947443e-01 -0.000000e+00
      outer loop
         vertex 1.917060e+03 1.398749e+03 0.000000e+00
         vertex 1.917060e+03 1.398749e+03 1.000000e+03
         vertex 1.920505e+03 1.390731e+03 1.000000e+03
      endloop
   endfacet
   facet normal 9.187910e-01 3.947443e-01 0.000000e+00
      outer loop
         vertex 1.917060e+03 1.398749e+03 0.000000e+00
         vertex 1.920505e+03 1.390731e+03 1.000000e+03
         vertex 1.920505e+03 1.390731e+03 0.000000e+00
      endloop
   endfacet
   facet normal 9.222028e-01 3.867066e-01 -0.000000e+00
      outer loop
         vertex 1.920505e+03 1.390731e+03 0.000000e+00
         vertex 1.920505e+03 1.390731e+03 1.000000e+03
         vertex 1.923880e+03 1.382683e+03 1.000000e+03
      endloop
   endfacet
   facet normal 9.222028e-01 3.867066e-01 0.000000e+00
      outer loop
         vertex 1.920505e+03 1.390731e+03 0.000000e+00
         vertex 1.923880e+03 1.382683e+03 1.000000e+03
         vertex 1.923880e+03 1.382683e+03 0.000000e+00
      endloop
   endfacet
   facet normal 9.255390e-01 3.786523e-01 -0.000000e+00
      outer loop
         vertex 1.923880e+03 1.382683e+03 0.000000e+00
         vertex 1.923880e+03 1.382683e+03 1.000000e+03
         vertex 1.927184e+03 1.374607e+03 1.000000e+03
      endloop
   endfacet
   facet normal 9.255390e-01 3.786523e-01 0.000000e+00
      outer loop
         vertex 1.923880e+03 1.382683e+03 0.000000e+00
         vertex 1.927184e+03 1.374607e+03 1.000000e+03
         vertex 1.927184e+03 1.374607e+03 0.000000e+00
      endloop
   endfacet
   facet normal 9.288089e-01 3.705591e-01 -0.000000e+00
      outer loop
         vertex 1.927184e+03 1.374607e+03 0.000000e+00
         vertex 1.927184e+03 1.374607e+03 1.000000e+03
         vertex 1.930418e+03 1.366501e+03 1.000000e+03
      endloop
   endfacet
   facet normal 9.288089e-01 3.705591e-01 0.000000e+00
      outer loop
         vertex 1.927184e+03 1.374607e+03 0.000000e+00
         vertex 1.930418e+03 1.366501e+03 1.000000e+03
         vertex 1.930418e+03 1.366501e+03 0.000000e+00
      endloop
   endfacet
   facet normal 9.320099e-01 3.624329e-01 -0.000000e+00
      outer loop
         vertex 1.930418e+03 1.366501e+03 0.000000e+00
         vertex 1.930418e+03 1.366501e+03 1.000000e+03
         vertex 1.933580e+03 1.358368e+03 1.000000e+03
      endloop
   endfacet
   facet normal 9.320099e-01 3.624329e-01 0.000000e+00
      outer loop
         vertex 1.930418e+03 1.366501e+03 0.000000e+00
         vertex 1.933580e+03 1.358368e+03 1.000000e+03
         vertex 1.933580e+03 1.358368e+03 0.000000e+00
      endloop
   endfacet
   facet normal 9.351332e-01 3.542963e-01 -0.000000e+00
      outer loop
         vertex 1.933580e+03 1.358368e+03 0.000000e+00
         vertex 1.933580e+03 1.358368e+03 1.000000e+03
         vertex 1.936672e+03 1.350207e+03 1.000000e+03
      endloop
   endfacet
   facet normal 9.351332e-01 3.542963e-01 0.000000e+00
      outer loop
         vertex 1.933580e+03 1.358368e+03 0.000000e+00
         vertex 1.936672e+03 1.350207e+03 1.000000e+03
         vertex 1.936672e+03 1.350207e+03 0.000000e+00
      endloop
   endfacet
   facet normal 9.381922e-01 3.461146e-01 -0.000000e+00
      outer loop
         vertex 1.936672e+03 1.350207e+03 0.000000e+00
         vertex 1.936672e+03 1.350207e+03 1.000000e+03
         vertex 1.939693e+03 1.342020e+03 1.000000e+03
      endloop
   endfacet
   facet normal 9.381922e-01 3.461146e-01 0.000000e+00
      outer loop
         vertex 1.936672e+03 1.350207e+03 0.000000e+00
         vertex 1.939693e+03 1.342020e+03 1.000000e+03
         vertex 1.939693e+03 1.342020e+03 0.000000e+00
      endloop
   endfacet
   facet normal 9.411756e-01 3.379178e-01 -0.000000e+00
      outer loop
         vertex 1.939693e+03 1.342020e+03 0.000000e+00
         vertex 1.939693e+03 1.342020e+03 1.000000e+03
         vertex 1.942641e+03 1.333807e+03 1.000000e+03
      endloop
   endfacet
   facet normal 9.411756e-01 3.379178e-01 0.000000e+00
      outer loop
         vertex 1.939693e+03 1.342020e+03 0.000000e+00
         vertex 1.942641e+03 1.333807e+03 1.000000e+03
         vertex 1.942641e+03 1.333807e+03 0.000000e+00
      endloop
   endfacet
   facet normal 9.440900e-01 3.296879e-01 -0.000000e+00
      outer loop
         vertex 1.942641e+03 1.333807e+03 0.000000e+00
         vertex 1.942641e+03 1.333807e+03 1.000000e+03
         vertex 1.945519e+03 1.325568e+03 1.000000e+03
      endloop
   endfacet
   facet normal 9.440900e-01 3.296879e-01 0.000000e+00
      outer loop
         vertex 1.942641e+03 1.333807e+03 0.000000e+00
         vertex 1.945519e+03 1.325568e+03 1.000000e+03
         vertex 1.945519e+03 1.325568e+03 0.000000e+00
      endloop
   endfacet
   facet normal 9.469289e-01 3.214430e-01 -0.000000e+00
      outer loop
         vertex 1.945519e+03 1.325568e+03 0.000000e+00
         vertex 1.945519e+03 1.325568e+03 1.000000e+03
         vertex 1.948324e+03 1.317305e+03 1.000000e+03
      endloop
   endfacet
   facet normal 9.469289e-01 3.214430e-01 0.000000e+00
      outer loop
         vertex 1.945519e+03 1.325568e+03 0.000000e+00
         vertex 1.948324e+03 1.317305e+03 1.000000e+03
         vertex 1.948324e+03 1.317305e+03 0.000000e+00
      endloop
   endfacet
   facet normal 9.496988e-01 3.131648e-01 -0.000000e+00
      outer loop
         vertex 1.948324e+03 1.317305e+03 0.000000e+00
         vertex 1.948324e+03 1.317305e+03 1.000000e+03
         vertex 1.951057e+03 1.309017e+03 1.000000e+03
      endloop
   endfacet
   facet normal 9.496988e-01 3.131648e-01 0.000000e+00
      outer loop
         vertex 1.948324e+03 1.317305e+03 0.000000e+00
         vertex 1.951057e+03 1.309017e+03 1.000000e+03
         vertex 1.951057e+03 1.309017e+03 0.000000e+00
      endloop
   endfacet
   facet normal 9.523973e-01 3.048595e-01 -0.000000e+00
      outer loop
         vertex 1.951057e+03 1.309017e+03 0.000000e+00
         vertex 1.951057e+03 1.309017e+03 1.000000e+03
         vertex 1.953717e+03 1.300706e+03 1.000000e+03
      endloop
   endfacet
   facet normal 9.523973e-01 3.048595e-01 0.000000e+00
      outer loop
         vertex 1.951057e+03 1.309017e+03 0.000000e+00
         vertex 1.953717e+03 1.300706e+03 1.000000e+03
         vertex 1.953717e+03 1.300706e+03 0.000000e+00
      endloop
   endfacet
   facet normal 9.550203e-01 2.965404e-01 -0.000000e+00
      outer loop
         vertex 1.953717e+03 1.300706e+03 0.000000e+00
         vertex 1.953717e+03 1.300706e+03 1.000000e+03
         vertex 1.956305e+03 1.292372e+03 1.000000e+03
      endloop
   endfacet
   facet normal 9.550203e-01 2.965404e-01 0.000000e+00
      outer loop
         vertex 1.953717e+03 1.300706e+03 0.000000e+00
         vertex 1.956305e+03 1.292372e+03 1.000000e+03
         vertex 1.956305e+03 1.292372e+03 0.000000e+00
      endloop
   endfacet
   facet normal 9.575699e-01 2.882012e-01 -0.000000e+00
      outer loop
         vertex 1.956305e+03 1.292372e+03 0.000000e+00
         vertex 1.956305e+03 1.292372e+03 1.000000e+03
         vertex 1.958820e+03 1.284015e+03 1.000000e+03
      endloop
   endfacet
   facet normal 9.575699e-01 2.882012e-01 0.000000e+00
      outer loop
         vertex 1.956305e+03 1.292372e+03 0.000000e+00
         vertex 1.958820e+03 1.284015e+03 1.000000e+03
         vertex 1.958820e+03 1.284015e+03 0.000000e+00
      endloop
   endfacet
   facet normal 9.600505e-01 2.798268e-01 -0.000000e+00
      outer loop
         vertex 1.958820e+03 1.284015e+03 0.000000e+00
         vertex 1.958820e+03 1.284015e+03 1.000000e+03
         vertex 1.961262e+03 1.275637e+03 1.000000e+03
      endloop
   endfacet
   facet normal 9.600505e-01 2.798268e-01 0.000000e+00
      outer loop
         vertex 1.958820e+03 1.284015e+03 0.000000e+00
         vertex 1.961262e+03 1.275637e+03 1.000000e+03
         vertex 1.961262e+03 1.275637e+03 0.000000e+00
      endloop
   endfacet
   facet normal 9.624555e-01 2.714395e-01 -0.000000e+00
      outer loop
         vertex 1.961262e+03 1.275637e+03 0.000000e+00
         vertex 1.961262e+03 1.275637e+03 1.000000e+03
         vertex 1.963630e+03 1.267238e+03 1.000000e+03
      endloop
   endfacet
   facet normal 9.624555e-01 2.714395e-01 0.000000e+00
      outer loop
         vertex 1.961262e+03 1.275637e+03 0.000000e+00
         vertex 1.963630e+03 1.267238e+03 1.000000e+03
         vertex 1.963630e+03 1.267238e+03 0.000000e+00
      endloop
   endfacet
   facet normal 9.647873e-01 2.630313e-01 -0.000000e+00
      outer loop
         vertex 1.963630e+03 1.267238e+03 0.000000e+00
         vertex 1.963630e+03 1.267238e+03 1.000000e+03
         vertex 1.965926e+03 1.258819e+03 1.000000e+03
      endloop
   endfacet
   facet normal 9.647873e-01 2.630313e-01 0.000000e+00
      outer loop
         vertex 1.963630e+03 1.267238e+03 0.000000e+00
         vertex 1.965926e+03 1.258819e+03 1.000000e+03
         vertex 1.965926e+03 1.258819e+03 0.000000e+00
      endloop
   endfacet
   facet normal 9.670456e-01 2.546031e-01 -0.000000e+00
      outer loop
         vertex 1.965926e+03 1.258819e+03 0.000000e+00
         vertex 1.965926e+03 1.258819e+03 1.000000e+03
         vertex 1.968148e+03 1.250380e+03 1.000000e+03
      endloop
   endfacet
   facet normal 9.670456e-01 2.546031e-01 0.000000e+00
      outer loop
         vertex 1.965926e+03 1.258819e+03 0.000000e+00
         vertex 1.968148e+03 1.250380e+03 1.000000e+03
         vertex 1.968148e+03 1.250380e+03 0.000000e+00
      endloop
   endfacet
   facet normal 9.692307e-01 2.461539e-01 -0.000000e+00
      outer loop
         vertex 1.968148e+03 1.250380e+03 0.000000e+00
         vertex 1.968148e+03 1.250380e+03 1.000000e+03
         vertex 1.970296e+03 1.241922e+03 1.000000e+03
      endloop
   endfacet
   facet normal 9.692307e-01 2.461539e-01 0.000000e+00
      outer loop
         vertex 1.968148e+03 1.250380e+03 0.000000e+00
         vertex 1.970296e+03 1.241922e+03 1.000000e+03
         vertex 1.970296e+03 1.241922e+03 0.000000e+00
      endloop
   endfacet
   facet normal 9.713424e-01 2.376844e-01 -0.000000e+00
      outer loop
         vertex 1.970296e+03 1.241922e+03 0.000000e+00
         vertex 1.970296e+03 1.241922e+03 1.000000e+03
         vertex 1.972370e+03 1.233445e+03 1.000000e+03
      endloop
   endfacet
   facet normal 9.713424e-01 2.376844e-01 0.000000e+00
      outer loop
         vertex 1.970296e+03 1.241922e+03 0.000000e+00
         vertex 1.972370e+03 1.233445e+03 1.000000e+03
         vertex 1.972370e+03 1.233445e+03 0.000000e+00
      endloop
   endfacet
   facet normal 9.733790e-01 2.292015e-01 -0.000000e+00
      outer loop
         vertex 1.972370e+03 1.233445e+03 0.000000e+00
         vertex 1.972370e+03 1.233445e+03 1.000000e+03
         vertex 1.974370e+03 1.224951e+03 1.000000e+03
      endloop
   endfacet
   facet normal 9.733790e-01 2.292015e-01 0.000000e+00
      outer loop
         vertex 1.972370e+03 1.233445e+03 0.000000e+00
         vertex 1.974370e+03 1.224951e+03 1.000000e+03
         vertex 1.974370e+03 1.224951e+03 0.000000e+00
      endloop
   endfacet
   facet normal 9.753422e-01 2.206978e-01 -0.000000e+00
      outer loop
         vertex 1.974370e+03 1.224951e+03 0.000000e+00
         vertex 1.974370e+03 1.224951e+03 1.000000e+03
         vertex 1.976296e+03 1.216440e+03 1.000000e+03
      endloop
   endfacet
   facet normal 9.753422e-01 2.206978e-01 0.000000e+00
      outer loop
         vertex 1.974370e+03 1.224951e+03 0.000000e+00
         vertex 1.976296e+03 1.216440e+03 1.000000e+03
         vertex 1.976296e+03 1.216440e+03 0.000000e+00
      endloop
   endfacet
   facet normal 9.772306e-01 2.121801e-01 -0.000000e+00
      outer loop
         vertex 1.976296e+03 1.216440e+03 0.000000e+00
         vertex 1.976296e+03 1.216440e+03 1.000000e+03
         vertex 1.978148e+03 1.207912e+03 1.000000e+03
      endloop
   endfacet
   facet normal 9.772306e-01 2.121801e-01 0.000000e+00
      outer loop
         vertex 1.976296e+03 1.216440e+03 0.000000e+00
         vertex 1.978148e+03 1.207912e+03 1.000000e+03
         vertex 1.978148e+03 1.207912e+03 0.000000e+00
      endloop
   endfacet
   facet normal 9.790466e-01 2.036364e-01 -0.000000e+00
      outer loop
         vertex 1.978148e+03 1.207912e+03 0.000000e+00
         vertex 1.978148e+03 1.207912e+03 1.000000e+03
         vertex 1.979925e+03 1.199368e+03 1.000000e+03
      endloop
   endfacet
   facet normal 9.790466e-01 2.036364e-01 0.000000e+00
      outer loop
         vertex 1.978148e+03 1.207912e+03 0.000000e+00
         vertex 1.979925e+03 1.199368e+03 1.000000e+03
         vertex 1.979925e+03 1.199368e+03 0.000000e+00
      endloop
   endfacet
   facet normal 9.807851e-01 1.950912e-01 -0.000000e+00
      outer loop
         vertex 1.979925e+03 1.199368e+03 0.000000e+00
         vertex 1.979925e+03 1.199368e+03 1.000000e+03
         vertex 1.981627e+03 1.190809e+03 1.000000e+03
      endloop
   endfacet
   facet normal 9.807851e-01 1.950912e-01 0.000000e+00
      outer loop
         vertex 1.979925e+03 1.199368e+03 0.000000e+00
         vertex 1.981627e+03 1.190809e+03 1.000000e+03
         vertex 1.981627e+03 1.190809e+03 0.000000e+00
      endloop
   endfacet
   facet normal 9.824500e-01 1.865261e-01 -0.000000e+00
      outer loop
         vertex 1.981627e+03 1.190809e+03 0.000000e+00
         vertex 1.981627e+03 1.190809e+03 1.000000e+03
         vertex 1.983255e+03 1.182236e+03 1.000000e+03
      endloop
   endfacet
   facet normal 9.824500e-01 1.865261e-01 0.000000e+00
      outer loop
         vertex 1.981627e+03 1.190809e+03 0.000000e+00
         vertex 1.983255e+03 1.182236e+03 1.000000e+03
         vertex 1.983255e+03 1.182236e+03 0.000000e+00
      endloop
   endfacet
   facet normal 9.840412e-01 1.779408e-01 -0.000000e+00
      outer loop
         vertex 1.983255e+03 1.182236e+03 0.000000e+00
         vertex 1.983255e+03 1.182236e+03 1.000000e+03
         vertex 1.984808e+03 1.173648e+03 1.000000e+03
      endloop
   endfacet
   facet normal 9.840412e-01 1.779408e-01 0.000000e+00
      outer loop
         vertex 1.983255e+03 1.182236e+03 0.000000e+00
         vertex 1.984808e+03 1.173648e+03 1.000000e+03
         vertex 1.984808e+03 1.173648e+03 0.000000e+00
      endloop
   endfacet
   facet normal 9.855551e-01 1.693548e-01 -0.000000e+00
      outer loop
         vertex 1.984808e+03 1.173648e+03 0.000000e+00
         vertex 1.984808e+03 1.173648e+03 1.000000e+03
         vertex 1.986286e+03 1.165048e+03 1.000000e+03
      endloop
   endfacet
   facet normal 9.855551e-01 1.693548e-01 0.000000e+00
      outer loop
         vertex 1.984808e+03 1.173648e+03 0.000000e+00
         vertex 1.986286e+03 1.165048e+03 1.000000e+03
         vertex 1.986286e+03 1.165048e+03 0.000000e+00
      endloop
   endfacet
   facet normal 9.869964e-01 1.607422e-01 -0.000000e+00
      outer loop
         vertex 1.986286e+03 1.165048e+03 0.000000e+00
         vertex 1.986286e+03 1.165048e+03 1.000000e+03
         vertex 1.987688e+03 1.156434e+03 1.000000e+03
      endloop
   endfacet
   facet normal 9.869964e-01 1.607422e-01 0.000000e+00
      outer loop
         vertex 1.986286e+03 1.165048e+03 0.000000e+00
         vertex 1.987688e+03 1.156434e+03 1.000000e+03
         vertex 1.987688e+03 1.156434e+03 0.000000e+00
      endloop
   endfacet
   facet normal 9.883616e-01 1.521226e-01 -0.000000e+00
      outer loop
         vertex 1.987688e+03 1.156434e+03 0.000000e+00
         vertex 1.987688e+03 1.156434e+03 1.000000e+03
         vertex 1.989016e+03 1.147809e+03 1.000000e+03
      endloop
   endfacet
   facet normal 9.883616e-01 1.521226e-01 0.000000e+00
      outer loop
         vertex 1.987688e+03 1.156434e+03 0.000000e+00
         vertex 1.989016e+03 1.147809e+03 1.000000e+03
         vertex 1.989016e+03 1.147809e+03 0.000000e+00
      endloop
   endfacet
   facet normal 9.896519e-01 1.434891e-01 -0.000000e+00
      outer loop
         vertex 1.989016e+03 1.147809e+03 0.000000e+00
         vertex 1.989016e+03 1.147809e+03 1.000000e+03
         vertex 1.990268e+03 1.139173e+03 1.000000e+03
      endloop
   endfacet
   facet normal 9.896519e-01 1.434891e-01 0.000000e+00
      outer loop
         vertex 1.989016e+03 1.147809e+03 0.000000e+00
         vertex 1.990268e+03 1.139173e+03 1.000000e+03
         vertex 1.990268e+03 1.139173e+03 0.000000e+00
      endloop
   endfacet
   facet normal 9.908653e-01 1.348554e-01 -0.000000e+00
      outer loop
         vertex 1.990268e+03 1.139173e+03 0.000000e+00
         vertex 1.990268e+03 1.139173e+03 1.000000e+03
         vertex 1.991445e+03 1.130526e+03 1.000000e+03
      endloop
   endfacet
   facet normal 9.908653e-01 1.348554e-01 0.000000e+00
      outer loop
         vertex 1.990268e+03 1.139173e+03 0.000000e+00
         vertex 1.991445e+03 1.130526e+03 1.000000e+03
         vertex 1.991445e+03 1.130526e+03 0.000000e+00
      endloop
   endfacet
   facet normal 9.920054e-01 1.261951e-01 -0.000000e+00
      outer loop
         vertex 1.991445e+03 1.130526e+03 0.000000e+00
         vertex 1.991445e+03 1.130526e+03 1.000000e+03
         vertex 1.992546e+03 1.121869e+03 1.000000e+03
      endloop
   endfacet
   facet normal 9.920054e-01 1.261951e-01 0.000000e+00
      outer loop
         vertex 1.991445e+03 1.130526e+03 0.000000e+00
         vertex 1.992546e+03 1.121869e+03 1.000000e+03
         vertex 1.992546e+03 1.121869e+03 0.000000e+00
      endloop
   endfacet
   facet normal 9.930680e-01 1.175411e-01 -0.000000e+00
      outer loop
         vertex 1.992546e+03 1.121869e+03 0.000000e+00
         vertex 1.992546e+03 1.121869e+03 1.000000e+03
         vertex 1.993572e+03 1.113203e+03 1.000000e+03
      endloop
   endfacet
   facet normal 9.930680e-01 1.175411e-01 0.000000e+00
      outer loop
         vertex 1.992546e+03 1.121869e+03 0.000000e+00
         vertex 1.993572e+03 1.113203e+03 1.000000e+03
         vertex 1.993572e+03 1.113203e+03 0.000000e+00
      endloop
   endfacet
   facet normal 9.940564e-01 1.088668e-01 -0.000000e+00
      outer loop
         vertex 1.993572e+03 1.113203e+03 0.000000e+00
         vertex 1.993572e+03 1.113203e+03 1.000000e+03
         vertex 1.994522e+03 1.104528e+03 1.000000e+03
      endloop
   endfacet
   facet normal 9.940564e-01 1.088668e-01 0.000000e+00
      outer loop
         vertex 1.993572e+03 1.113203e+03 0.000000e+00
         vertex 1.994522e+03 1.104528e+03 1.000000e+03
         vertex 1.994522e+03 1.104528e+03 0.000000e+00
      endloop
   endfacet
   facet normal 9.949688e-01 1.001855e-01 -0.000000e+00
      outer loop
         vertex 1.994522e+03 1.104528e+03 0.000000e+00
         vertex 1.994522e+03 1.104528e+03 1.000000e+03
         vertex 1.995396e+03 1.095846e+03 1.000000e+03
      endloop
   endfacet
   facet normal 9.949688e-01 1.001855e-01 0.000000e+00
      outer loop
         vertex 1.994522e+03 1.104528e+03 0.000000e+00
         vertex 1.995396e+03 1.095846e+03 1.000000e+03
         vertex 1.995396e+03 1.095846e+03 0.000000e+00
      endloop
   endfacet
   facet normal 9.958047e-01 9.150434e-02 -0.000000e+00
      outer loop
         vertex 1.995396e+03 1.095846e+03 0.000000e+00
         vertex 1.995396e+03 1.095846e+03 1.000000e+03
         vertex 1.996195e+03 1.087156e+03 1.000000e+03
      endloop
   endfacet
   facet normal 9.958047e-01 9.150434e-02 0.000000e+00
      outer loop
         vertex 1.995396e+03 1.095846e+03 0.000000e+00
         vertex 1.996195e+03 1.087156e+03 1.000000e+03
         vertex 1.996195e+03 1.087156e+03 0.000000e+00
      endloop
   endfacet
   facet normal 9.965660e-01 8.280270e-02 -0.000000e+00
      outer loop
         vertex 1.996195e+03 1.087156e+03 0.000000e+00
         vertex 1.996195e+03 1.087156e+03 1.000000e+03
         vertex 1.996917e+03 1.078459e+03 1.000000e+03
      endloop
   endfacet
   facet normal 9.965660e-01 8.280270e-02 0.000000e+00
      outer loop
         vertex 1.996195e+03 1.087156e+03 0.000000e+00
         vertex 1.996917e+03 1.078459e+03 1.000000e+03
         vertex 1.996917e+03 1.078459e+03 0.000000e+00
      endloop
   endfacet
   facet normal 9.972497e-01 7.411453e-02 -0.000000e+00
      outer loop
         vertex 1.996917e+03 1.078459e+03 0.000000e+00
         vertex 1.996917e+03 1.078459e+03 1.000000e+03
         vertex 1.997564e+03 1.069756e+03 1.000000e+03
      endloop
   endfacet
   facet normal 9.972497e-01 7.411453e-02 0.000000e+00
      outer loop
         vertex 1.996917e+03 1.078459e+03 0.000000e+00
         vertex 1.997564e+03 1.069756e+03 1.000000e+03
         vertex 1.997564e+03 1.069756e+03 0.000000e+00
      endloop
   endfacet
   facet normal 9.978592e-01 6.539932e-02 -0.000000e+00
      outer loop
         vertex 1.997564e+03 1.069756e+03 0.000000e+00
         vertex 1.997564e+03 1.069756e+03 1.000000e+03
         vertex 1.998135e+03 1.061049e+03 1.000000e+03
      endloop
   endfacet
   facet normal 9.978592e-01 6.539932e-02 0.000000e+00
      outer loop
         vertex 1.997564e+03 1.069756e+03 0.000000e+00
         vertex 1.998135e+03 1.061049e+03 1.000000e+03
         vertex 1.998135e+03 1.061049e+03 0.000000e+00
      endloop
   endfacet
   facet normal 9.983918e-01 5.669074e-02 -0.000000e+00
      outer loop
         vertex 1.998135e+03 1.061049e+03 0.000000e+00
         vertex 1.998135e+03 1.061049e+03 1.000000e+03
         vertex 1.998630e+03 1.052336e+03 1.000000e+03
      endloop
   endfacet
   facet normal 9.983918e-01 5.669074e-02 0.000000e+00
      outer loop
         vertex 1.998135e+03 1.061049e+03 0.000000e+00
         vertex 1.998630e+03 1.052336e+03 1.000000e+03
         vertex 1.998630e+03 1.052336e+03 0.000000e+00
      endloop
   endfacet
   facet normal 9.988482e-01 4.798222e-02 -0.000000e+00
      outer loop
         vertex 1.998630e+03 1.052336e+03 0.000000e+00
         vertex 1.998630e+03 1.052336e+03 1.000000e+03
         vertex 1.999048e+03 1.043619e+03 1.000000e+03
      endloop
   endfacet
   facet normal 9.988482e-01 4.798222e-02 0.000000e+00
      outer loop
         vertex 1.998630e+03 1.052336e+03 0.000000e+00
         vertex 1.999048e+03 1.043619e+03 1.000000e+03
         vertex 1.999048e+03 1.043619e+03 0.000000e+00
      endloop
   endfacet
   facet normal 9.992290e-01 3.926005e-02 -0.000000e+00
      outer loop
         vertex 1.999048e+03 1.043619e+03 0.000000e+00
         vertex 1.999048e+03 1.043619e+03 1.000000e+03
         vertex 1.999391e+03 1.034899e+03 1.000000e+03
      endloop
   endfacet
   facet normal 9.992290e-01 3.926005e-02 0.000000e+00
      outer loop
         vertex 1.999048e+03 1.043619e+03 0.000000e+00
         vertex 1.999391e+03 1.034899e+03 1.000000e+03
         vertex 1.999391e+03 1.034899e+03 0.000000e+00
      endloop
   endfacet
   facet normal 9.995336e-01 3.053788e-02 -0.000000e+00
      outer loop
         vertex 1.999391e+03 1.034899e+03 0.000000e+00
         vertex 1.999391e+03 1.034899e+03 1.000000e+03
         vertex 1.999657e+03 1.026177e+03 1.000000e+03
      endloop
   endfacet
   facet normal 9.995336e-01 3.053788e-02 0.000000e+00
      outer loop
         vertex 1.999391e+03 1.034899e+03 0.000000e+00
         vertex 1.999657e+03 1.026177e+03 1.000000e+03
         vertex 1.999657e+03 1.026177e+03 0.000000e+00
      endloop
   endfacet
   facet normal 9.997620e-01 2.181569e-02 -0.000000e+00
      outer loop
         vertex 1.999657e+03 1.026177e+03 0.000000e+00
         vertex 1.999657e+03 1.026177e+03 1.000000e+03
         vertex 1.999848e+03 1.017452e+03 1.000000e+03
      endloop
   endfacet
   facet normal 9.997620e-01 2.181569e-02 0.000000e+00
      outer loop
         vertex 1.999657e+03 1.026177e+03 0.000000e+00
         vertex 1.999848e+03 1.017452e+03 1.000000e+03
         vertex 1.999848e+03 1.017452e+03 0.000000e+00
      endloop
   endfacet
   facet normal 9.999144e-01 1.308669e-02 -0.000000e+00
      outer loop
         vertex 1.999848e+03 1.017452e+03 0.000000e+00
         vertex 1.999848e+03 1.017452e+03 1.000000e+03
         vertex 1.999962e+03 1.008727e+03 1.000000e+03
      endloop
   endfacet
   facet normal 9.999144e-01 1.308669e-02 0.000000e+00
      outer loop
         vertex 1.999848e+03 1.017452e+03 0.000000e+00
         vertex 1.999962e+03 1.008727e+03 1.000000e+03
         vertex 1.999962e+03 1.008727e+03 0.000000e+00
      endloop
   endfacet
   facet normal 9.999905e-01 4.364505e-03 -0.000000e+00
      outer loop
         vertex 1.999962e+03 1.008727e+03 0.000000e+00
         vertex 1.999962e+03 1.008727e+03 1.000000e+03
         vertex 2.000000e+03 1.000000e+03 1.000000e+03
      endloop
   endfacet
   facet normal 0.000000e+00 -0.000000e+00 -1.000000e+00
      outer loop
         vertex 1.999848e+03 1.017452e+03 0.000000e+00
         vertex 1.999962e+03 1.008727e+03 0.000000e+00
         vertex 1.000000e+03 1.000000e+03 0.000000e+00
      endloop
   endfacet
   facet normal 0.000000e+00 0.000000e+00 -1.000000e+00
      outer loop
         vertex 1.000000e+03 1.000000e+03 0.000000e+00
         vertex 1.999962e+03 1.008727e+03 0.000000e+00
         vertex 2.000000e+03 1.000000e+03 0.000000e+00
      endloop
   endfacet
   facet normal 0.000000e+00 0.000000e+00 -1.000000e+00
      outer loop
         vertex 1.000000e+03 1.000000e+03 0.000000e+00
         vertex 2.000000e+03 1.000000e+03 0.000000e+00
         vertex 1.999962e+03 9.912735e+02 0.000000e+00
      endloop
   endfacet
   facet normal 0.000000e+00 -0.000000e+00 -1.000000e+00
      outer loop
         vertex 1.999048e+03 1.043619e+03 0.000000e+00
         vertex 1.999391e+03 1.034899e+03 0.000000e+00
         vertex 1.000000e+03 1.000000e+03 0.000000e+00
      endloop
   endfacet
   facet normal 0.000000e+00 0.000000e+00 -1.000000e+00
      outer loop
         vertex 1.000000e+03 1.000000e+03 0.000000e+00
         vertex 1.999391e+03 1.034899e+03 0.000000e+00
         vertex 1.999657e+03 1.026177e+03 0.000000e+00
      endloop
   endfacet
   facet normal 0.000000e+00 0.000000e+00 -1.000000e+00
      outer loop
         vertex 1.000000e+03 1.000000e+03 0.000000e+00
         vertex 1.999657e+03 1.026177e+03 0.000000e+00
         vertex 1.999848e+03 1.017452e+03 0.000000e+00
      endloop
   endfacet
   facet normal 0.000000e+00 -0.000000e+00 -1.000000e+00
      outer loop
         vertex 1.997564e+03 1.069756e+03 0.000000e+00
         vertex 1.998135e+03 1.061049e+03 0.000000e+00
         vertex 1.000000e+03 1.000000e+03 0.000000e+00
      endloop
   endfacet
   facet normal 0.000000e+00 0.000000e+00 -1.000000e+00
      outer loop
         vertex 1.000000e+03 1.000000e+03 0.000000e+00
         vertex 1.998135e+03 1.061049e+03 0.000000e+00
         vertex 1.998630e+03 1.052336e+03 0.000000e+00
      endloop
   endfacet
   facet normal 0.000000e+00 0.000000e+00 -1.000000e+00
      outer loop
         vertex 1.000000e+03 1.000000e+03 0.000000e+00
         vertex 1.998630e+03 1.052336e+03 0.000000e+00
         vertex 1.999048e+03 1.043619e+03 0.000000e+00
      endloop
   endfacet
   facet normal 0.000000e+00 -0.000000e+00 -1.000000e+00
      outer loop
         vertex 1.995396e+03 1.095846e+03 0.000000e+00
         vertex 1.996195e+03 1.087156e+03 0.000000e+00
         vertex 1.000000e+03 1.000000e+03 0.000000e+00
      endloop
   endfacet
   facet normal 0.000000e+00 0.000000e+00 -1.000000e+00
      outer loop
         vertex 1.000000e+03 1.000000e+03 0.000000e+00
         vertex 1.996195e+03 1.087156e+03 0.000000e+00
         vertex 1.996917e+03 1.078459e+03 0.000000e+00
      endloop
   endfacet
   facet normal 0.000000e+00 0.000000e+00 -1.000000e+00
      outer loop
         vertex 1.000000e+03 1.000000e+03 0.000000e+00
         vertex 1.996917e+03 1.078459e+03 0.000000e+00
         vertex 1.997564e+03 1.069756e+03 0.000000e+00
      endloop
   endfacet
   facet normal 0.000000e+00 -0.000000e+00 -1.000000e+00
      outer loop
         vertex 1.992546e+03 1.121869e+03 0.000000e+00
         vertex 1.993572e+03 1.113203e+03 0.000000e+00
         vertex 1.000000e+03 1.000000e+03 0.000000e+00
      endloop
   endfacet
   facet normal 0.000000e+00 0.000000e+00 -1.000000e+00
      outer loop
         vertex 1.000000e+03 1.000000e+03 0.000000e+00
         vertex 1.993572e+03 1.113203e+03 0.000000e+00
         vertex 1.994522e+03 1.104528e+03 0.000000e+00
      endloop
   endfacet
   facet normal 0.000000e+00 0.000000e+00 -1.000000e+00
      outer loop
         vertex 1.000000e+03 1.000000e+03 0.000000e+00
         vertex 1.994522e+03 1.104528e+03 0.000000e+00
         vertex 1.995396e+03 1.095846e+03 0.000000e+00
      endloop
   endfacet
   facet normal 0.000000e+00 -0.000000e+00 -1.000000e+00
      outer loop
         vertex 1.989016e+03 1.147809e+03 0.000000e+00
         vertex 1.990268e+03 1.139173e+03 0.000000e+00
         vertex 1.000000e+03 1.000000e+03 0.000000e+00
      endloop
   endfacet
   facet normal 0.000000e+00 0.000000e+00 -1.000000e+00
      outer loop
         vertex 1.000000e+03 1.000000e+03 0.000000e+00
         vertex 1.990268e+03 1.139173e+03 0.000000e+00
         vertex 1.991445e+03 1.130526e+03 0.000000e+00
      endloop
   endfacet
   facet normal 0.000000e+00 0.000000e+00 -1.000000e+00
      outer loop
         vertex 1.000000e+03 1.000000e+03 0.000000e+00
         vertex 1.991445e+03 1.130526e+03 0.000000e+00
         vertex 1.992546e+03 1.121869e+03 0.000000e+00
      endloop
   endfacet
   facet normal 0.000000e+00 -0.000000e+00 -1.000000e+00
      outer loop
         vertex 1.984808e+03 1.173648e+03 0.000000e+00
         vertex 1.986286e+03 1.165048e+03 0.000000e+00
         vertex 1.000000e+03 1.000000e+03 0.000000e+00
      endloop
   endfacet
   facet normal 0.000000e+00 0.000000e+00 -1.000000e+00
      outer loop
         vertex 1.000000e+03 1.000000e+03 0.000000e+00
         vertex 1.986286e+03 1.165048e+03 0.000000e+00
         vertex 1.987688e+03 1.156434e+03 0.000000e+00
      endloop
   endfacet
   facet normal 0.000000e+00 0.000000e+00 -1.000000e+00
      outer loop
         vertex 1.000000e+03 1.000000e+03 0.000000e+00
         vertex 1.987688e+03 1.156434e+03 0.000000e+00
         vertex 1.989016e+03 1.147809e+03 0.000000e+00
      endloop
   endfacet
   facet normal 0.000000e+00 -0.000000e+00 -1.000000e+00
      outer loop
         vertex 1.979925e+03 1.199368e+03 0.000000e+00
         vertex 1.981627e+03 1.190809e+03 0.000000e+00
         vertex 1.000000e+03 1.000000e+03 0.000000e+00
      endloop
   endfacet
   facet normal 0.000000e+00 0.000000e+00 -1.000000e+00
      outer loop
         vertex 1.000000e+03 1.000000e+03 0.000000e+00
         vertex 1.981627e+03 1.190809e+03 0.000000e+00
         vertex 1.983255e+03 1.182236e+03 0.000000e+00
      endloop
   endfacet
   facet normal 0.000000e+00 0.000000e+00 -1.000000e+00
      outer loop
         vertex 1.000000e+03 1.000000e+03 0.000000e+00
         vertex 1.983255e+03 1.182236e+03 0.000000e+00
         vertex 1.984808e+03 1.173648e+03 0.000000e+00
      endloop
   endfacet
   facet normal 0.000000e+00 -0.000000e+00 -1.000000e+00
      outer loop
         vertex 1.974370e+03 1.224951e+03 0.000000e+00
         vertex 1.976296e+03 1.216440e+03 0.000000e+00
         vertex 1.000000e+03 1.000000e+03 0.000000e+00
      endloop
   endfacet
   facet normal 0.000000e+00 0.000000e+00 -1.000000e+00
      outer loop
         vertex 1.000000e+03 1.000000e+03 0.000000e+00
         vertex 1.976296e+03 1.216440e+03 0.000000e+00
         vertex 1.978148e+03 1.207912e+03 0.000000e+00
      endloop
   endfacet
   facet normal 0.000000e+00 0.000000e+00 -1.000000e+00
      outer loop
         vertex 1.000000e+03 1.000000e+03 0.000000e+00
         vertex 1.978148e+03 1.207912e+03 0.000000e+00
         vertex 1.979925e+03 1.199368e+03 0.000000e+00
      endloop
   endfacet
   facet normal 0.000000e+00 -0.000000e+00 -1.000000e+00
      outer loop
         vertex 1.968148e+03 1.250380e+03 0.000000e+00
         vertex 1.970296e+03 1.241922e+03 0.000000e+00
         vertex 1.000000e+03 1.000000e+03 0.000000e+00
      endloop
   endfacet
   facet normal 0.000000e+00 0.000000e+00 -1.000000e+00
      outer loop
         vertex 1.000000e+03 1.000000e+03 0.000000e+00
         vertex 1.970296e+03 1.241922e+03 0.000000e+00
         vertex 1.972370e+03 1.233445e+03 0.000000e+00
      endloop
   endfacet
   facet normal 0.000000e+00 0.000000e+00 -1.000000e+00
      outer loop
         vertex 1.000000e+03 1.000000e+03 0.000000e+00
         vertex 1.972370e+03 1.233445e+03 0.000000e+00
         vertex 1.974370e+03 1.224951e+03 0.000000e+00
      endloop
   endfacet
   facet normal 0.000000e+00 -0.000000e+00 -1.000000e+00
      outer loop
         vertex 1.961262e+03 1.275637e+03 0.000000e+00
         vertex 1.963630e+03 1.267238e+03 0.000000e+00
         vertex 1.000000e+03 1.000000e+03 0.000000e+00
      endloop
   endfacet
   facet normal 0.000000e+00 0.000000e+00 -1.000000e+00
      outer loop
         vertex 1.000000e+03 1.000000e+03 0.000000e+00
         vertex 1.963630e+03 1.267238e+03 0.000000e+00
         vertex 1.965926e+03 1.258819e+03 0.000000e+00
      endloop
   endfacet
   facet normal 0.000000e+00 0.000000e+00 -1.000000e+00
      outer loop
         vertex 1.000000e+03 1.000000e+03 0.000000e+00
         vertex 1.965926e+03 1.258819e+03 0.000000e+00
         vertex 1.968148e+03 1.250380e+03 0.000000e+00
      endloop
   endfacet
   facet normal 0.000000e+00 -0.000000e+00 -1.000000e+00
      outer loop
         vertex 1.953717e+03 1.300706e+03 0.000000e+00
         vertex 1.956305e+03 1.292372e+03 0.000000e+00
         vertex 1.000000e+03 1.000000e+03 0.000000e+00
      endloop
   endfacet
   facet normal 0.000000e+00 0.000000e+00 -1.000000e+00
      outer loop
         vertex 1.000000e+03 1.000000e+03 0.000000e+00
         vertex 1.956305e+03 1.292372e+03 0.000000e+00
         vertex 1.958820e+03 1.284015e+03 0.000000e+00
      endloop
   endfacet
   facet normal 0.000000e+00 0.000000e+00 -1.000000e+00
      outer loop
         vertex 1.000000e+03 1.000000e+03 0.000000e+00
         vertex 1.958820e+03 1.284015e+03 0.000000e+00
         vertex 1.961262e+03 1.275637e+03 0.000000e+00
      endloop
   endfacet
   facet normal 0.000000e+00 -0.000000e+00 -1.000000e+00
      outer loop
         vertex 1.945519e+03 1.325568e+03 0.000000e+00
         vertex 1.948324e+03 1.317305e+03 0.000000e+00
         vertex 1.000000e+03 1.000000e+03 0.000000e+00
      endloop
   endfacet
   facet normal 0.000000e+00 0.000000e+00 -1.000000e+00
      outer loop
         vertex 1.000000e+03 1.000000e+03 0.000000e+00
         vertex 1.948324e+03 1.317305e+03 0.000000e+00
         vertex 1.951057e+03 1.309017e+03 0.000000e+00
      endloop
   endfacet
   facet normal 0.000000e+00 0.000000e+00 -1.000000e+00
      outer loop
         vertex 1.000000e+03 1.000000e+03 0.000000e+00
         vertex 1.951057e+03 1.309017e+03 0.000000e+00
         vertex 1.953717e+03 1.300706e+03 0.000000e+00
      endloop
   endfacet
   facet normal 0.000000e+00 -0.000000e+00 -1.000000e+00
      outer loop
         vertex 1.936672e+03 1.350207e+03 0.000000e+00
         vertex 1.939693e+03 1.342020e+03 0.000000e+00
         vertex 1.000000e+03 1.000000e+03 0.000000e+00
      endloop
   endfacet
   facet normal 0.000000e+00 0.000000e+00 -1.000000e+00
      outer loop
         vertex 1.000000e+03 1.000000e+03 0.000000e+00
         vertex 1.939693e+03 1.342020e+03 0.000000e+00
         vertex 1.942641e+03 1.333807e+03 0.000000e+00
      endloop
   endfacet
   facet normal 0.000000e+00 0.000000e+00 -1.000000e+00
      outer loop
         vertex 1.000000e+03 1.000000e+03 0.000000e+00
         vertex 1.942641e+03 1.333807e+03 0.000000e+00
         vertex 1.945519e+03 1.325568e+03 0.000000e+00
      endloop
   endfacet
   facet normal 0.000000e+00 -0.000000e+00 -1.000000e+00
      outer loop
         vertex 1.927184e+03 1.374607e+03 0.000000e+00
         vertex 1.930418e+03 1.366501e+03 0.000000e+00
         vertex 1.000000e+03 1.000000e+03 0.000000e+00
      endloop
   endfacet
   facet normal 0.000000e+00 0.000000e+00 -1.000000e+00
      outer loop
         vertex 1.000000e+03 1.000000e+03 0.000000e+00
         vertex 1.930418e+03 1.366501e+03 0.000000e+00
         vertex 1.933580e+03 1.358368e+03 0.000000e+00
      endloop
   endfacet
   facet normal 0.000000e+00 0.000000e+00 -1.000000e+00
      outer loop
         vertex 1.000000e+03 1.000000e+03 0.000000e+00
         vertex 1.933580e+03 1.358368e+03 0.000000e+00
         vertex 1.936672e+03 1.350207e+03 0.000000e+00
      endloop
   endfacet
   facet normal 0.000000e+00 -0.000000e+00 -1.000000e+00
      outer loop
         vertex 1.917060e+03 1.398749e+03 0.000000e+00
         vertex 1.920505e+03 1.390731e+03 0.000000e+00
         vertex 1.000000e+03 1.000000e+03 0.000000e+00
      endloop
   endfacet
   facet normal 0.000000e+00 0.000000e+00 -1.000000e+00
      outer loop
         vertex 1.000000e+03 1.000000e+03 0.000000e+00
         vertex 1.920505e+03 1.390731e+03 0.000000e+00
         vertex 1.923880e+03 1.382683e+03 0.000000e+00
      endloop
   endfacet
   facet normal 0.000000e+00 0.000000e+00 -1.000000e+00
      outer loop
         vertex 1.000000e+03 1.000000e+03 0.000000e+00
         vertex 1.923880e+03 1.382683e+03 0.000000e+00
         vertex 1.927184e+03 1.374607e+03 0.000000e+00
      endloop
   endfacet
   facet normal 0.000000e+00 -0.000000e+00 -1.000000e+00
      outer loop
         vertex 1.906308e+03 1.422618e+03 0.000000e+00
         vertex 1.909961e+03 1.414693e+03 0.000000e+00
         vertex 1.000000e+03 1.000000e+03 0.000000e+00
      endloop
   endfacet
   facet normal 0.000000e+00 0.000000e+00 -1.000000e+00
      outer loop
         vertex 1.000000e+03 1.000000e+03 0.000000e+00
         vertex 1.909961e+03 1.414693e+03 0.000000e+00
         vertex 1.913545e+03 1.406737e+03 0.000000e+00
      endloop
   endfacet
   facet normal 0.000000e+00 0.000000e+00 -1.000000e+00
      outer loop
         vertex 1.000000e+03 1.000000e+03 0.000000e+00
         vertex 1.913545e+03 1.406737e+03 0.000000e+00
         vertex 1.917060e+03 1.398749e+03 0.000000e+00
      endloop
   endfacet
   facet normal 0.000000e+00 -0.000000e+00 -1.000000e+00
      outer loop
         vertex 1.894934e+03 1.446198e+03 0.000000e+00
         vertex 1.898794e+03 1.438371e+03 0.000000e+00
         vertex 1.000000e+03 1.000000e+03 0.000000e+00
      endloop
   endfacet
   facet normal 0.000000e+00 0.000000e+00 -1.000000e+00
      outer loop
         vertex 1.000000e+03 1.000000e+03 0.000000e+00
         vertex 1.898794e+03 1.438371e+03 0.000000e+00
         vertex 1.902585e+03 1.430511e+03 0.000000e+00
      endloop
   endfacet
   facet normal 0.000000e+00 0.000000e+00 -1.000000e+00
      outer loop
         vertex 1.000000e+03 1.000000e+03 0.000000e+00
         vertex 1.902585e+03 1.430511e+03 0.000000e+00
         vertex 1.906308e+03 1.422618e+03 0.000000e+00
      endloop
   endfacet
   facet normal 0.000000e+00 -0.000000e+00 -1.000000e+00
      outer loop
         vertex 1.882948e+03 1.469472e+03 0.000000e+00
         vertex 1.887011e+03 1.461749e+03 0.000000e+00
         vertex 1.000000e+03 1.000000e+03 0.000000e+00
      endloop
   endfacet
   facet normal 0.000000e+00 0.000000e+00 -1.000000e+00
      outer loop
         vertex 1.000000e+03 1.000000e+03 0.000000e+00
         vertex 1.887011e+03 1.461749e+03 0.000000e+00
         vertex 1.891007e+03 1.453990e+03 0.000000e+00
      endloop
   endfacet
   facet normal 0.000000e+00 0.000000e+00 -1.000000e+00
      outer loop
         vertex 1.000000e+03 1.000000e+03 0.000000e+00
         vertex 1.891007e+03 1.453990e+03 0.000000e+00
         vertex 1.894934e+03 1.446198e+03 0.000000e+00
      endloop
   endfacet
   facet normal 0.000000e+00 -0.000000e+00 -1.000000e+00
      outer loop
         vertex 1.870356e+03 1.492424e+03 0.000000e+00
         vertex 1.874620e+03 1.484810e+03 0.000000e+00
         vertex 1.000000e+03 1.000000e+03 0.000000e+00
      endloop
   endfacet
   facet normal 0.000000e+00 0.000000e+00 -1.000000e+00
      outer loop
         vertex 1.000000e+03 1.000000e+03 0.000000e+00
         vertex 1.874620e+03 1.484810e+03 0.000000e+00
         vertex 1.878817e+03 1.477159e+03 0.000000e+00
      endloop
   endfacet
   facet normal 0.000000e+00 0.000000e+00 -1.000000e+00
      outer loop
         vertex 1.000000e+03 1.000000e+03 0.000000e+00
         vertex 1.878817e+03 1.477159e+03 0.000000e+00
         vertex 1.882948e+03 1.469472e+03 0.000000e+00
      endloop
   endfacet
   facet normal 0.000000e+00 -0.000000e+00 -1.000000e+00
      outer loop
         vertex 1.857167e+03 1.515038e+03 0.000000e+00
         vertex 1.861629e+03 1.507538e+03 0.000000e+00
         vertex 1.000000e+03 1.000000e+03 0.000000e+00
      endloop
   endfacet
   facet normal 0.000000e+00 0.000000e+00 -1.000000e+00
      outer loop
         vertex 1.000000e+03 1.000000e+03 0.000000e+00
         vertex 1.861629e+03 1.507538e+03 0.000000e+00
         vertex 1.866025e+03 1.500000e+03 0.000000e+00
      endloop
   endfacet
   facet normal 0.000000e+00 0.000000e+00 -1.000000e+00
      outer loop
         vertex 1.000000e+03 1.000000e+03 0.000000e+00
         vertex 1.866025e+03 1.500000e+03 0.000000e+00
         vertex 1.870356e+03 1.492424e+03 0.000000e+00
      endloop
   endfacet
   facet normal 0.000000e+00 -0.000000e+00 -1.000000e+00
      outer loop
         vertex 1.843391e+03 1.537300e+03 0.000000e+00
         vertex 1.848048e+03 1.529919e+03 0.000000e+00
         vertex 1.000000e+03 1.000000e+03 0.000000e+00
      endloop
   endfacet
   facet normal 0.000000e+00 0.000000e+00 -1.000000e+00
      outer loop
         vertex 1.000000e+03 1.000000e+03 0.000000e+00
         vertex 1.848048e+03 1.529919e+03 0.000000e+00
         vertex 1.852640e+03 1.522499e+03 0.000000e+00
      endloop
   endfacet
   facet normal 0.000000e+00 0.000000e+00 -1.000000e+00
      outer loop
         vertex 1.000000e+03 1.000000e+03 0.000000e+00
         vertex 1.852640e+03 1.522499e+03 0.000000e+00
         vertex 1.857167e+03 1.515038e+03 0.000000e+00
      endloop
   endfacet
   facet normal 0.000000e+00 -0.000000e+00 -1.000000e+00
      outer loop
         vertex 1.829038e+03 1.559193e+03 0.000000e+00
         vertex 1.833886e+03 1.551937e+03 0.000000e+00
         vertex 1.000000e+03 1.000000e+03 0.000000e+00
      endloop
   endfacet
   facet normal 0.000000e+00 0.000000e+00 -1.000000e+00
      outer loop
         vertex 1.000000e+03 1.000000e+03 0.000000e+00
         vertex 1.833886e+03 1.551937e+03 0.000000e+00
         vertex 1.838671e+03 1.544639e+03 0.000000e+00
      endloop
   endfacet
   facet normal 0.000000e+00 0.000000e+00 -1.000000e+00
      outer loop
         vertex 1.000000e+03 1.000000e+03 0.000000e+00
         vertex 1.838671e+03 1.544639e+03 0.000000e+00
         vertex 1.843391e+03 1.537300e+03 0.000000e+00
      endloop
   endfacet
   facet normal 0.000000e+00 -0.000000e+00 -1.000000e+00
      outer loop
         vertex 1.814116e+03 1.580703e+03 0.000000e+00
         vertex 1.819152e+03 1.573576e+03 0.000000e+00
         vertex 1.000000e+03 1.000000e+03 0.000000e+00
      endloop
   endfacet
   facet normal 0.000000e+00 0.000000e+00 -1.000000e+00
      outer loop
         vertex 1.000000e+03 1.000000e+03 0.000000e+00
         vertex 1.819152e+03 1.573576e+03 0.000000e+00
         vertex 1.824126e+03 1.566406e+03 0.000000e+00
      endloop
   endfacet
   facet normal 0.000000e+00 0.000000e+00 -1.000000e+00
      outer loop
         vertex 1.000000e+03 1.000000e+03 0.000000e+00
         vertex 1.824126e+03 1.566406e+03 0.000000e+00
         vertex 1.829038e+03 1.559193e+03 0.000000e+00
      endloop
   endfacet
   facet normal 0.000000e+00 -0.000000e+00 -1.000000e+00
      outer loop
         vertex 1.798635e+03 1.601815e+03 0.000000e+00
         vertex 1.803857e+03 1.594823e+03 0.000000e+00
         vertex 1.000000e+03 1.000000e+03 0.000000e+00
      endloop
   endfacet
   facet normal 0.000000e+00 0.000000e+00 -1.000000e+00
      outer loop
         vertex 1.000000e+03 1.000000e+03 0.000000e+00
         vertex 1.803857e+03 1.594823e+03 0.000000e+00
         vertex 1.809017e+03 1.587785e+03 0.000000e+00
      endloop
   endfacet
   facet normal 0.000000e+00 0.000000e+00 -1.000000e+00
      outer loop
         vertex 1.000000e+03 1.000000e+03 0.000000e+00
         vertex 1.809017e+03 1.587785e+03 0.000000e+00
         vertex 1.814116e+03 1.580703e+03 0.000000e+00
      endloop
   endfacet
   facet normal 0.000000e+00 -0.000000e+00 -1.000000e+00
      outer loop
         vertex 1.782608e+03 1.622515e+03 0.000000e+00
         vertex 1.788011e+03 1.615662e+03 0.000000e+00
         vertex 1.000000e+03 1.000000e+03 0.000000e+00
      endloop
   endfacet
   facet normal 0.000000e+00 0.000000e+00 -1.000000e+00
      outer loop
         vertex 1.000000e+03 1.000000e+03 0.000000e+00
         vertex 1.788011e+03 1.615662e+03 0.000000e+00
         vertex 1.793353e+03 1.608761e+03 0.000000e+00
      endloop
   endfacet
   facet normal 0.000000e+00 0.000000e+00 -1.000000e+00
      outer loop
         vertex 1.000000e+03 1.000000e+03 0.000000e+00
         vertex 1.793353e+03 1.608761e+03 0.000000e+00
         vertex 1.798635e+03 1.601815e+03 0.000000e+00
      endloop
   endfacet
   facet normal 0.000000e+00 -0.000000e+00 -1.000000e+00
      outer loop
         vertex 1.766044e+03 1.642788e+03 0.000000e+00
         vertex 1.771625e+03 1.636078e+03 0.000000e+00
         vertex 1.000000e+03 1.000000e+03 0.000000e+00
      endloop
   endfacet
   facet normal 0.000000e+00 0.000000e+00 -1.000000e+00
      outer loop
         vertex 1.000000e+03 1.000000e+03 0.000000e+00
         vertex 1.771625e+03 1.636078e+03 0.000000e+00
         vertex 1.777146e+03 1.629320e+03 0.000000e+00
      endloop
   endfacet
   facet normal 0.000000e+00 0.000000e+00 -1.000000e+00
      outer loop
         vertex 1.000000e+03 1.000000e+03 0.000000e+00
         vertex 1.777146e+03 1.629320e+03 0.000000e+00
         vertex 1.782608e+03 1.622515e+03 0.000000e+00
      endloop
   endfacet
   facet normal 0.000000e+00 -0.000000e+00 -1.000000e+00
      outer loop
         vertex 1.748956e+03 1.662620e+03 0.000000e+00
         vertex 1.754710e+03 1.656059e+03 0.000000e+00
         vertex 1.000000e+03 1.000000e+03 0.000000e+00
      endloop
   endfacet
   facet normal 0.000000e+00 0.000000e+00 -1.000000e+00
      outer loop
         vertex 1.000000e+03 1.000000e+03 0.000000e+00
         vertex 1.754710e+03 1.656059e+03 0.000000e+00
         vertex 1.760406e+03 1.649448e+03 0.000000e+00
      endloop
   endfacet
   facet normal 0.000000e+00 0.000000e+00 -1.000000e+00
      outer loop
         vertex 1.000000e+03 1.000000e+03 0.000000e+00
         vertex 1.760406e+03 1.649448e+03 0.000000e+00
         vertex 1.766044e+03 1.642788e+03 0.000000e+00
      endloop
   endfacet
   facet normal 0.000000e+00 -0.000000e+00 -1.000000e+00
      outer loop
         vertex 1.731354e+03 1.681998e+03 0.000000e+00
         vertex 1.737277e+03 1.675590e+03 0.000000e+00
         vertex 1.000000e+03 1.000000e+03 0.000000e+00
      endloop
   endfacet
   facet normal 0.000000e+00 0.000000e+00 -1.000000e+00
      outer loop
         vertex 1.000000e+03 1.000000e+03 0.000000e+00
         vertex 1.737277e+03 1.675590e+03 0.000000e+00
         vertex 1.743145e+03 1.669131e+03 0.000000e+00
      endloop
   endfacet
   facet normal 0.000000e+00 0.000000e+00 -1.000000e+00
      outer loop
         vertex 1.000000e+03 1.000000e+03 0.000000e+00
         vertex 1.743145e+03 1.669131e+03 0.000000e+00
         vertex 1.748956e+03 1.662620e+03 0.000000e+00
      endloop
   endfacet
   facet normal 0.000000e+00 -0.000000e+00 -1.000000e+00
      outer loop
         vertex 1.713250e+03 1.700909e+03 0.000000e+00
         vertex 1.719340e+03 1.694658e+03 0.000000e+00
         vertex 1.000000e+03 1.000000e+03 0.000000e+00
      endloop
   endfacet
   facet normal 0.000000e+00 0.000000e+00 -1.000000e+00
      outer loop
         vertex 1.000000e+03 1.000000e+03 0.000000e+00
         vertex 1.719340e+03 1.694658e+03 0.000000e+00
         vertex 1.725374e+03 1.688355e+03 0.000000e+00
      endloop
   endfacet
   facet normal 0.000000e+00 0.000000e+00 -1.000000e+00
      outer loop
         vertex 1.000000e+03 1.000000e+03 0.000000e+00
         vertex 1.725374e+03 1.688355e+03 0.000000e+00
         vertex 1.731354e+03 1.681998e+03 0.000000e+00
      endloop
   endfacet
   facet normal 0.000000e+00 -0.000000e+00 -1.000000e+00
      outer loop
         vertex 1.694658e+03 1.719340e+03 0.000000e+00
         vertex 1.700909e+03 1.713250e+03 0.000000e+00
         vertex 1.000000e+03 1.000000e+03 0.000000e+00
      endloop
   endfacet
   facet normal 0.000000e+00 0.000000e+00 -1.000000e+00
      outer loop
         vertex 1.000000e+03 1.000000e+03 0.000000e+00
         vertex 1.700909e+03 1.713250e+03 0.000000e+00
         vertex 1.707107e+03 1.707107e+03 0.000000e+00
      endloop
   endfacet
   facet normal 0.000000e+00 0.000000e+00 -1.000000e+00
      outer loop
         vertex 1.000000e+03 1.000000e+03 0.000000e+00
         vertex 1.707107e+03 1.707107e+03 0.000000e+00
         vertex 1.713250e+03 1.700909e+03 0.000000e+00
      endloop
   endfacet
   facet normal 0.000000e+00 -0.000000e+00 -1.000000e+00
      outer loop
         vertex 1.675590e+03 1.737277e+03 0.000000e+00
         vertex 1.681998e+03 1.731354e+03 0.000000e+00
         vertex 1.000000e+03 1.000000e+03 0.000000e+00
      endloop
   endfacet
   facet normal 0.000000e+00 0.000000e+00 -1.000000e+00
      outer loop
         vertex 1.000000e+03 1.000000e+03 0.000000e+00
         vertex 1.681998e+03 1.731354e+03 0.000000e+00
         vertex 1.688355e+03 1.725374e+03 0.000000e+00
      endloop
   endfacet
   facet normal 0.000000e+00 0.000000e+00 -1.000000e+00
      outer loop
         vertex 1.000000e+03 1.000000e+03 0.000000e+00
         vertex 1.688355e+03 1.725374e+03 0.000000e+00
         vertex 1.694658e+03 1.719340e+03 0.000000e+00
      endloop
   endfacet
   facet normal 0.000000e+00 -0.000000e+00 -1.000000e+00
      outer loop
         vertex 1.656059e+03 1.754710e+03 0.000000e+00
         vertex 1.662620e+03 1.748956e+03 0.000000e+00
         vertex 1.000000e+03 1.000000e+03 0.000000e+00
      endloop
   endfacet
   facet normal 0.000000e+00 0.000000e+00 -1.000000e+00
      outer loop
         vertex 1.000000e+03 1.000000e+03 0.000000e+00
         vertex 1.662620e+03 1.748956e+03 0.000000e+00
         vertex 1.669131e+03 1.743145e+03 0.000000e+00
      endloop
   endfacet
   facet normal 0.000000e+00 0.000000e+00 -1.000000e+00
      outer loop
         vertex 1.000000e+03 1.000000e+03 0.000000e+00
         vertex 1.669131e+03 1.743145e+03 0.000000e+00
         vertex 1.675590e+03 1.737277e+03 0.000000e+00
      endloop
   endfacet
   facet normal 0.000000e+00 -0.000000e+00 -1.000000e+00
      outer loop
         vertex 1.636078e+03 1.771625e+03 0.000000e+00
         vertex 1.642788e+03 1.766044e+03 0.000000e+00
         vertex 1.000000e+03 1.000000e+03 0.000000e+00
      endloop
   endfacet
   facet normal 0.000000e+00 0.000000e+00 -1.000000e+00
      outer loop
         vertex 1.000000e+03 1.000000e+03 0.000000e+00
         vertex 1.642788e+03 1.766044e+03 0.000000e+00
         vertex 1.649448e+03 1.760406e+03 0.000000e+00
      endloop
   endfacet
   facet normal 0.000000e+00 0.000000e+00 -1.000000e+00
      outer loop
         vertex 1.000000e+03 1.000000e+03 0.000000e+00
         vertex 1.649448e+03 1.760406e+03 0.000000e+00
         vertex 1.656059e+03 1.754710e+03 0.000000e+00
      endloop
   endfacet
   facet normal 0.000000e+00 -0.000000e+00 -1.000000e+00
      outer loop
         vertex 1.615662e+03 1.788011e+03 0.000000e+00
         vertex 1.622515e+03 1.782608e+03 0.000000e+00
         vertex 1.000000e+03 1.000000e+03 0.000000e+00
      endloop
   endfacet
   facet normal 0.000000e+00 0.000000e+00 -1.000000e+00
      outer loop
         vertex 1.000000e+03 1.000000e+03 0.000000e+00
         vertex 1.622515e+03 1.782608e+03 0.000000e+00
         vertex 1.629320e+03 1.777146e+03 0.000000e+00
      endloop
   endfacet
   facet normal 0.000000e+00 0.000000e+00 -1.000000e+00
      outer loop
         vertex 1.000000e+03 1.000000e+03 0.000000e+00
         vertex 1.629320e+03 1.777146e+03 0.000000e+00
         vertex 1.636078e+03 1.771625e+03 0.000000e+00
      endloop
   endfacet
   facet normal 0.000000e+00 -0.000000e+00 -1.000000e+00
      outer loop
         vertex 1.594823e+03 1.803857e+03 0.000000e+00
         vertex 1.601815e+03 1.798635e+03 0.000000e+00
         vertex 1.000000e+03 1.000000e+03 0.000000e+00
      endloop
   endfacet
   facet normal 0.000000e+00 0.000000e+00 -1.000000e+00
      outer loop
         vertex 1.000000e+03 1.000000e+03 0.000000e+00
         vertex 1.601815e+03 1.798635e+03 0.000000e+00
         vertex 1.608761e+03 1.793353e+03 0.000000e+00
      endloop
   endfacet
   facet normal 0.000000e+00 0.000000e+00 -1.000000e+00
      outer loop
         vertex 1.000000e+03 1.000000e+03 0.000000e+00
         vertex 1.608761e+03 1.793353e+03 0.000000e+00
         vertex 1.615662e+03 1.788011e+03 0.000000e+00
      endloop
   endfacet
   facet normal 0.000000e+00 -0.000000e+00 -1.000000e+00
      outer loop
         vertex 1.573576e+03 1.819152e+03 0.000000e+00
         vertex 1.580703e+03 1.814116e+03 0.000000e+00
         vertex 1.000000e+03 1.000000e+03 0.000000e+00
      endloop
   endfacet
   facet normal 0.000000e+00 0.000000e+00 -1.000000e+00
      outer loop
         vertex 1.000000e+03 1.000000e+03 0.000000e+00
         vertex 1.580703e+03 1.814116e+03 0.000000e+00
         vertex 1.587785e+03 1.809017e+03 0.000000e+00
      endloop
   endfacet
   facet normal 0.000000e+00 0.000000e+00 -1.000000e+00
      outer loop
         vertex 1.000000e+03 1.000000e+03 0.000000e+00
         vertex 1.587785e+03 1.809017e+03 0.000000e+00
         vertex 1.594823e+03 1.803857e+03 0.000000e+00
      endloop
   endfacet
   facet normal 0.000000e+00 -0.000000e+00 -1.000000e+00
      outer loop
         vertex 1.551937e+03 1.833886e+03 0.000000e+00
         vertex 1.559193e+03 1.829038e+03 0.000000e+00
         vertex 1.000000e+03 1.000000e+03 0.000000e+00
      endloop
   endfacet
   facet normal 0.000000e+00 0.000000e+00 -1.000000e+00
      outer loop
         vertex 1.000000e+03 1.000000e+03 0.000000e+00
         vertex 1.559193e+03 1.829038e+03 0.000000e+00
         vertex 1.566406e+03 1.824126e+03 0.000000e+00
      endloop
   endfacet
   facet normal 0.000000e+00 0.000000e+00 -1.000000e+00
      outer loop
         vertex 1.000000e+03 1.000000e+03 0.000000e+00
         vertex 1.566406e+03 1.824126e+03 0.000000e+00
         vertex 1.573576e+03 1.819152e+03 0.000000e+00
      endloop
   endfacet
   facet normal 0.000000e+00 -0.000000e+00 -1.000000e+00
      outer loop
         vertex 1.529919e+03 1.848048e+03 0.000000e+00
         vertex 1.537300e+03 1.843391e+03 0.000000e+00
         vertex 1.000000e+03 1.000000e+03 0.000000e+00
      endloop
   endfacet
   facet normal 0.000000e+00 0.000000e+00 -1.000000e+00
      outer loop
         vertex 1.000000e+03 1.000000e+03 0.000000e+00
         vertex 1.537300e+03 1.843391e+03 0.000000e+00
         vertex 1.544639e+03 1.838671e+03 0.000000e+00
      endloop
   endfacet
   facet normal 0.000000e+00 0.000000e+00 -1.000000e+00
      outer loop
         vertex 1.000000e+03 1.000000e+03 0.000000e+00
         vertex 1.544639e+03 1.838671e+03 0.000000e+00
         vertex 1.551937e+03 1.833886e+03 0.000000e+00
      endloop
   endfacet
   facet normal 0.000000e+00 -0.000000e+00 -1.000000e+00
      outer loop
         vertex 1.507538e+03 1.861629e+03 0.000000e+00
         vertex 1.515038e+03 1.857167e+03 0.000000e+00
         vertex 1.000000e+03 1.000000e+03 0.000000e+00
      endloop
   endfacet
   facet normal 0.000000e+00 0.000000e+00 -1.000000e+00
      outer loop
         vertex 1.000000e+03 1.000000e+03 0.000000e+00
         vertex 1.515038e+03 1.857167e+03 0.000000e+00
         vertex 1.522499e+03 1.852640e+03 0.000000e+00
      endloop
   endfacet
   facet normal 0.000000e+00 0.000000e+00 -1.000000e+00
      outer loop
         vertex 1.000000e+03 1.000000e+03 0.000000e+00
         vertex 1.522499e+03 1.852640e+03 0.000000e+00
         vertex 1.529919e+03 1.848048e+03 0.000000e+00
      endloop
   endfacet
   facet normal 0.000000e+00 -0.000000e+00 -1.000000e+00
      outer loop
         vertex 1.484810e+03 1.874620e+03 0.000000e+00
         vertex 1.492424e+03 1.870356e+03 0.000000e+00
         vertex 1.000000e+03 1.000000e+03 0.000000e+00
      endloop
   endfacet
   facet normal 0.000000e+00 0.000000e+00 -1.000000e+00
      outer loop
         vertex 1.000000e+03 1.000000e+03 0.000000e+00
         vertex 1.492424e+03 1.870356e+03 0.000000e+00
         vertex 1.500000e+03 1.866025e+03 0.000000e+00
      endloop
   endfacet
   facet normal 0.000000e+00 0.000000e+00 -1.000000e+00
      outer loop
         vertex 1.000000e+03 1.000000e+03 0.000000e+00
         vertex 1.500000e+03 1.866025e+03 0.000000e+00
         vertex 1.507538e+03 1.861629e+03 0.000000e+00
      endloop
   endfacet
   facet normal 0.000000e+00 -0.000000e+00 -1.000000e+00
      outer loop
         vertex 1.461749e+03 1.887011e+03 0.000000e+00
         vertex 1.469472e+03 1.882948e+03 0.000000e+00
         vertex 1.000000e+03 1.000000e+03 0.000000e+00
      endloop
   endfacet
   facet normal 0.000000e+00 0.000000e+00 -1.000000e+00
      outer loop
         vertex 1.000000e+03 1.000000e+03 0.000000e+00
         vertex 1.469472e+03 1.882948e+03 0.000000e+00
         vertex 1.477159e+03 1.878817e+03 0.000000e+00
      endloop
   endfacet
   facet normal 0.000000e+00 0.000000e+00 -1.000000e+00
      outer loop
         vertex 1.000000e+03 1.000000e+03 0.000000e+00
         vertex 1.477159e+03 1.878817e+03 0.000000e+00
         vertex 1.484810e+03 1.874620e+03 0.000000e+00
      endloop
   endfacet
   facet normal 0.000000e+00 -0.000000e+00 -1.000000e+00
      outer loop
         vertex 1.438371e+03 1.898794e+03 0.000000e+00
         vertex 1.446198e+03 1.894934e+03 0.000000e+00
         vertex 1.000000e+03 1.000000e+03 0.000000e+00
      endloop
   endfacet
   facet normal 0.000000e+00 0.000000e+00 -1.000000e+00
      outer loop
         vertex 1.000000e+03 1.000000e+03 0.000000e+00
         vertex 1.446198e+03 1.894934e+03 0.000000e+00
         vertex 1.453990e+03 1.891007e+03 0.000000e+00
      endloop
   endfacet
   facet normal 0.000000e+00 0.000000e+00 -1.000000e+00
      outer loop
         vertex 1.000000e+03 1.000000e+03 0.000000e+00
         vertex 1.453990e+03 1.891007e+03 0.000000e+00
         vertex 1.461749e+03 1.887011e+03 0.000000e+00
      endloop
   endfacet
   facet normal 0.000000e+00 -0.000000e+00 -1.000000e+00
      outer loop
         vertex 1.414693e+03 1.909961e+03 0.000000e+00
         vertex 1.422618e+03 1.906308e+03 0.000000e+00
         vertex 1.000000e+03 1.000000e+03 0.000000e+00
      endloop
   endfacet
   facet normal 0.000000e+00 0.000000e+00 -1.000000e+00
      outer loop
         vertex 1.000000e+03 1.000000e+03 0.000000e+00
         vertex 1.422618e+03 1.906308e+03 0.000000e+00
         vertex 1.430511e+03 1.902585e+03 0.000000e+00
      endloop
   endfacet
   facet normal 0.000000e+00 0.000000e+00 -1.000000e+00
      outer loop
         vertex 1.000000e+03 1.000000e+03 0.000000e+00
         vertex 1.430511e+03 1.902585e+03 0.000000e+00
         vertex 1.438371e+03 1.898794e+03 0.000000e+00
      endloop
   endfacet
   facet normal 0.000000e+00 -0.000000e+00 -1.000000e+00
      outer loop
         vertex 1.390731e+03 1.920505e+03 0.000000e+00
         vertex 1.398749e+03 1.917060e+03 0.000000e+00
         vertex 1.000000e+03 1.000000e+03 0.000000e+00
      endloop
   endfacet
   facet normal 0.000000e+00 0.000000e+00 -1.000000e+00
      outer loop
         vertex 1.000000e+03 1.000000e+03 0.000000e+00
         vertex 1.398749e+03 1.917060e+03 0.000000e+00
         vertex 1.406737e+03 1.913545e+03 0.000000e+00
      endloop
   endfacet
   facet normal 0.000000e+00 0.000000e+00 -1.000000e+00
      outer loop
         vertex 1.000000e+03 1.000000e+03 0.000000e+00
         vertex 1.406737e+03 1.913545e+03 0.000000e+00
         vertex 1.414693e+03 1.909961e+03 0.000000e+00
      endloop
   endfacet
   facet normal 0.000000e+00 -0.000000e+00 -1.000000e+00
      outer loop
         vertex 1.366501e+03 1.930418e+03 0.000000e+00
         vertex 1.374607e+03 1.927184e+03 0.000000e+00
         vertex 1.000000e+03 1.000000e+03 0.000000e+00
      endloop
   endfacet
   facet normal 0.000000e+00 0.000000e+00 -1.000000e+00
      outer loop
         vertex 1.000000e+03 1.000000e+03 0.000000e+00
         vertex 1.374607e+03 1.927184e+03 0.000000e+00
         vertex 1.382683e+03 1.923880e+03 0.000000e+00
      endloop
   endfacet
   facet normal 0.000000e+00 0.000000e+00 -1.000000e+00
      outer loop
         vertex 1.000000e+03 1.000000e+03 0.000000e+00
         vertex 1.382683e+03 1.923880e+03 0.000000e+00
         vertex 1.390731e+03 1.920505e+03 0.000000e+00
      endloop
   endfacet
   facet normal 0.000000e+00 -0.000000e+00 -1.000000e+00
      outer loop
         vertex 1.342020e+03 1.939693e+03 0.000000e+00
         vertex 1.350207e+03 1.936672e+03 0.000000e+00
         vertex 1.000000e+03 1.000000e+03 0.000000e+00
      endloop
   endfacet
   facet normal 0.000000e+00 0.000000e+00 -1.000000e+00
      outer loop
         vertex 1.000000e+03 1.000000e+03 0.000000e+00
         vertex 1.350207e+03 1.936672e+03 0.000000e+00
         vertex 1.358368e+03 1.933580e+03 0.000000e+00
      endloop
   endfacet
   facet normal 0.000000e+00 0.000000e+00 -1.000000e+00
      outer loop
         vertex 1.000000e+03 1.000000e+03 0.000000e+00
         vertex 1.358368e+03 1.933580e+03 0.000000e+00
         vertex 1.366501e+03 1.930418e+03 0.000000e+00
      endloop
   endfacet
   facet normal 0.000000e+00 -0.000000e+00 -1.000000e+00
      outer loop
         vertex 1.317305e+03 1.948324e+03 0.000000e+00
         vertex 1.325568e+03 1.945519e+03 0.000000e+00
         vertex 1.000000e+03 1.000000e+03 0.000000e+00
      endloop
   endfacet
   facet normal 0.000000e+00 0.000000e+00 -1.000000e+00
      outer loop
         vertex 1.000000e+03 1.000000e+03 0.000000e+00
         vertex 1.325568e+03 1.945519e+03 0.000000e+00
         vertex 1.333807e+03 1.942641e+03 0.000000e+00
      endloop
   endfacet
   facet normal 0.000000e+00 0.000000e+00 -1.000000e+00
      outer loop
         vertex 1.000000e+03 1.000000e+03 0.000000e+00
         vertex 1.333807e+03 1.942641e+03 0.000000e+00
         vertex 1.342020e+03 1.939693e+03 0.000000e+00
      endloop
   endfacet
   facet normal 0.000000e+00 -0.000000e+00 -1.000000e+00
      outer loop
         vertex 1.292372e+03 1.956305e+03 0.000000e+00
         vertex 1.300706e+03 1.953717e+03 0.000000e+00
         vertex 1.000000e+03 1.000000e+03 0.000000e+00
      endloop
   endfacet
   facet normal 0.000000e+00 0.000000e+00 -1.000000e+00
      outer loop
         vertex 1.000000e+03 1.000000e+03 0.000000e+00
         vertex 1.300706e+03 1.953717e+03 0.000000e+00
         vertex 1.309017e+03 1.951057e+03 0.000000e+00
      endloop
   endfacet
   facet normal 0.000000e+00 0.000000e+00 -1.000000e+00
      outer loop
         vertex 1.000000e+03 1.000000e+03 0.000000e+00
         vertex 1.309017e+03 1.951057e+03 0.000000e+00
         vertex 1.317305e+03 1.948324e+03 0.000000e+00
      endloop
   endfacet
   facet normal 0.000000e+00 -0.000000e+00 -1.000000e+00
      outer loop
         vertex 1.267238e+03 1.963630e+03 0.000000e+00
         vertex 1.275637e+03 1.961262e+03 0.000000e+00
         vertex 1.000000e+03 1.000000e+03 0.000000e+00
      endloop
   endfacet
   facet normal 0.000000e+00 0.000000e+00 -1.000000e+00
      outer loop
         vertex 1.000000e+03 1.000000e+03 0.000000e+00
         vertex 1.275637e+03 1.961262e+03 0.000000e+00
         vertex 1.284015e+03 1.958820e+03 0.000000e+00
      endloop
   endfacet
   facet normal 0.000000e+00 0.000000e+00 -1.000000e+00
      outer loop
         vertex 1.000000e+03 1.000000e+03 0.000000e+00
         vertex 1.284015e+03 1.958820e+03 0.000000e+00
         vertex 1.292372e+03 1.956305e+03 0.000000e+00
      endloop
   endfacet
   facet normal 0.000000e+00 -0.000000e+00 -1.000000e+00
      outer loop
         vertex 1.241922e+03 1.970296e+03 0.000000e+00
         vertex 1.250380e+03 1.968148e+03 0.000000e+00
         vertex 1.000000e+03 1.000000e+03 0.000000e+00
      endloop
   endfacet
   facet normal 0.000000e+00 0.000000e+00 -1.000000e+00
      outer loop
         vertex 1.000000e+03 1.000000e+03 0.000000e+00
         vertex 1.250380e+03 1.968148e+03 0.000000e+00
         vertex 1.258819e+03 1.965926e+03 0.000000e+00
      endloop
   endfacet
   facet normal 0.000000e+00 0.000000e+00 -1.000000e+00
      outer loop
         vertex 1.000000e+03 1.000000e+03 0.000000e+00
         vertex 1.258819e+03 1.965926e+03 0.000000e+00
         vertex 1.267238e+03 1.963630e+03 0.000000e+00
      endloop
   endfacet
   facet normal 0.000000e+00 -0.000000e+00 -1.000000e+00
      outer loop
         vertex 1.216440e+03 1.976296e+03 0.000000e+00
         vertex 1.224951e+03 1.974370e+03 0.000000e+00
         vertex 1.000000e+03 1.000000e+03 0.000000e+00
      endloop
   endfacet
   facet normal 0.000000e+00 0.000000e+00 -1.000000e+00
      outer loop
         vertex 1.000000e+03 1.000000e+03 0.000000e+00
         vertex 1.224951e+03 1.974370e+03 0.000000e+00
         vertex 1.233445e+03 1.972370e+03 0.000000e+00
      endloop
   endfacet
   facet normal 0.000000e+00 0.000000e+00 -1.000000e+00
      outer loop
         vertex 1.000000e+03 1.000000e+03 0.000000e+00
         vertex 1.233445e+03 1.972370e+03 0.000000e+00
         vertex 1.241922e+03 1.970296e+03 0.000000e+00
      endloop
   endfacet
   facet normal 0.000000e+00 -0.000000e+00 -1.000000e+00
      outer loop
         vertex 1.190809e+03 1.981627e+03 0.000000e+00
         vertex 1.199368e+03 1.979925e+03 0.000000e+00
         vertex 1.000000e+03 1.000000e+03 0.000000e+00
      endloop
   endfacet
   facet normal 0.000000e+00 0.000000e+00 -1.000000e+00
      outer loop
         vertex 1.000000e+03 1.000000e+03 0.000000e+00
         vertex 1.199368e+03 1.979925e+03 0.000000e+00
         vertex 1.207912e+03 1.978148e+03 0.000000e+00
      endloop
   endfacet
   facet normal 0.000000e+00 0.000000e+00 -1.000000e+00
      outer loop
         vertex 1.000000e+03 1.000000e+03 0.000000e+00
         vertex 1.207912e+03 1.978148e+03 0.000000e+00
         vertex 1.216440e+03 1.976296e+03 0.000000e+00
      endloop
   endfacet
   facet normal 0.000000e+00 -0.000000e+00 -1.000000e+00
      outer loop
         vertex 1.165048e+03 1.986286e+03 0.000000e+00
         vertex 1.173648e+03 1.984808e+03 0.000000e+00
         vertex 1.000000e+03 1.000000e+03 0.000000e+00
      endloop
   endfacet
   facet normal 0.000000e+00 0.000000e+00 -1.000000e+00
      outer loop
         vertex 1.000000e+03 1.000000e+03 0.000000e+00
         vertex 1.173648e+03 1.984808e+03 0.000000e+00
         vertex 1.182236e+03 1.983255e+03 0.000000e+00
      endloop
   endfacet
   facet normal 0.000000e+00 0.000000e+00 -1.000000e+00
      outer loop
         vertex 1.000000e+03 1.000000e+03 0.000000e+00
         vertex 1.182236e+03 1.983255e+03 0.000000e+00
         vertex 1.190809e+03 1.981627e+03 0.000000e+00
      endloop
   endfacet
   facet normal 0.000000e+00 -0.000000e+00 -1.000000e+00
      outer loop
         vertex 1.139173e+03 1.990268e+03 0.000000e+00
         vertex 1.147809e+03 1.989016e+03 0.000000e+00
         vertex 1.000000e+03 1.000000e+03 0.000000e+00
      endloop
   endfacet
   facet normal 0.000000e+00 0.000000e+00 -1.000000e+00
      outer loop
         vertex 1.000000e+03 1.000000e+03 0.000000e+00
         vertex 1.147809e+03 1.989016e+03 0.000000e+00
         vertex 1.156434e+03 1.987688e+03 0.000000e+00
      endloop
   endfacet
   facet normal 0.000000e+00 0.000000e+00 -1.000000e+00
      outer loop
         vertex 1.000000e+03 1.000000e+03 0.000000e+00
         vertex 1.156434e+03 1.987688e+03 0.000000e+00
         vertex 1.165048e+03 1.986286e+03 0.000000e+00
      endloop
   endfacet
   facet normal 0.000000e+00 -0.000000e+00 -1.000000e+00
      outer loop
         vertex 1.113203e+03 1.993572e+03 0.000000e+00
         vertex 1.121869e+03 1.992546e+03 0.000000e+00
         vertex 1.000000e+03 1.000000e+03 0.000000e+00
      endloop
   endfacet
   facet normal 0.000000e+00 0.000000e+00 -1.000000e+00
      outer loop
         vertex 1.000000e+03 1.000000e+03 0.000000e+00
         vertex 1.121869e+03 1.992546e+03 0.000000e+00
         vertex 1.130526e+03 1.991445e+03 0.000000e+00
      endloop
   endfacet
   facet normal 0.000000e+00 0.000000e+00 -1.000000e+00
      outer loop
         vertex 1.000000e+03 1.000000e+03 0.000000e+00
         vertex 1.130526e+03 1.991445e+03 0.000000e+00
         vertex 1.139173e+03 1.990268e+03 0.000000e+00
      endloop
   endfacet
   facet normal 0.000000e+00 -0.000000e+00 -1.000000e+00
      outer loop
         vertex 1.087156e+03 1.996195e+03 0.000000e+00
         vertex 1.095846e+03 1.995396e+03 0.000000e+00
         vertex 1.000000e+03 1.000000e+03 0.000000e+00
      endloop
   endfacet
   facet normal 0.000000e+00 0.000000e+00 -1.000000e+00
      outer loop
         vertex 1.000000e+03 1.000000e+03 0.000000e+00
         vertex 1.095846e+03 1.995396e+03 0.000000e+00
         vertex 1.104528e+03 1.994522e+03 0.000000e+00
      endloop
   endfacet
   facet normal 0.000000e+00 0.000000e+00 -1.000000e+00
      outer loop
         vertex 1.000000e+03 1.000000e+03 0.000000e+00
         vertex 1.104528e+03 1.994522e+03 0.000000e+00
         vertex 1.113203e+03 1.993572e+03 0.000000e+00
      endloop
   endfacet
   facet normal 0.000000e+00 -0.000000e+00 -1.000000e+00
      outer loop
         vertex 1.061049e+03 1.998135e+03 0.000000e+00
         vertex 1.069756e+03 1.997564e+03 0.000000e+00
         vertex 1.000000e+03 1.000000e+03 0.000000e+00
      endloop
   endfacet
   facet normal 0.000000e+00 0.000000e+00 -1.000000e+00
      outer loop
         vertex 1.000000e+03 1.000000e+03 0.000000e+00
         vertex 1.069756e+03 1.997564e+03 0.000000e+00
         vertex 1.078459e+03 1.996917e+03 0.000000e+00
      endloop
   endfacet
   facet normal 0.000000e+00 0.000000e+00 -1.000000e+00
      outer loop
         vertex 1.000000e+03 1.000000e+03 0.000000e+00
         vertex 1.078459e+03 1.996917e+03 0.000000e+00
         vertex 1.087156e+03 1.996195e+03 0.000000e+00
      endloop
   endfacet
   facet normal 0.000000e+00 -0.000000e+00 -1.000000e+00
      outer loop
         vertex 1.034899e+03 1.999391e+03 0.000000e+00
         vertex 1.043619e+03 1.999048e+03 0.000000e+00
         vertex 1.000000e+03 1.000000e+03 0.000000e+00
      endloop
   endfacet
   facet normal 0.000000e+00 0.000000e+00 -1.000000e+00
      outer loop
         vertex 1.000000e+03 1.000000e+03 0.000000e+00
         vertex 1.043619e+03 1.999048e+03 0.000000e+00
         vertex 1.052336e+03 1.998630e+03 0.000000e+00
      endloop
   endfacet
   facet normal 0.000000e+00 0.000000e+00 -1.000000e+00
      outer loop
         vertex 1.000000e+03 1.000000e+03 0.000000e+00
         vertex 1.052336e+03 1.998630e+03 0.000000e+00
         vertex 1.061049e+03 1.998135e+03 0.000000e+00
      endloop
   endfacet
   facet normal 0.000000e+00 -0.000000e+00 -1.000000e+00
      outer loop
         vertex 1.008727e+03 1.999962e+03 0.000000e+00
         vertex 1.017452e+03 1.999848e+03 0.000000e+00
         vertex 1.000000e+03 1.000000e+03 0.000000e+00
      endloop
   endfacet
   facet normal 0.000000e+00 0.000000e+00 -1.000000e+00
      outer loop
         vertex 1.000000e+03 1.000000e+03 0.000000e+00
         vertex 1.017452e+03 1.999848e+03 0.000000e+00
         vertex 1.026177e+03 1.999657e+03 0.000000e+00
      endloop
   endfacet
   facet normal 0.000000e+00 0.000000e+00 -1.000000e+00
      outer loop
         vertex 1.000000e+03 1.000000e+03 0.000000e+00
         vertex 1.026177e+03 1.999657e+03 0.000000e+00
         vertex 1.034899e+03 1.999391e+03 0.000000e+00
      endloop
   endfacet
   facet normal 0.000000e+00 0.000000e+00 -1.000000e+00
      outer loop
         vertex 9.825476e+02 1.999848e+03 0.000000e+00
         vertex 9.912735e+02 1.999962e+03 0.000000e+00
         vertex 1.000000e+03 1.000000e+03 0.000000e+00
      endloop
   endfacet
   facet normal 0.000000e+00 0.000000e+00 -1.000000e+00
      outer loop
         vertex 1.000000e+03 1.000000e+03 0.000000e+00
         vertex 9.912735e+02 1.999962e+03 0.000000e+00
         vertex 1.000000e+03 2.000000e+03 0.000000e+00
      endloop
   endfacet
   facet normal 0.000000e+00 0.000000e+00 -1.000000e+00
      outer loop
         vertex 1.000000e+03 1.000000e+03 0.000000e+00
         vertex 1.000000e+03 2.000000e+03 0.000000e+00
         vertex 1.008727e+03 1.999962e+03 0.000000e+00
      endloop
   endfacet
   facet normal 0.000000e+00 0.000000e+00 -1.000000e+00
      outer loop
         vertex 9.563806e+02 1.999048e+03 0.000000e+00
         vertex 9.651005e+02 1.999391e+03 0.000000e+00
         vertex 1.000000e+03 1.000000e+03 0.000000e+00
      endloop
   endfacet
   facet normal 0.000000e+00 0.000000e+00 -1.000000e+00
      outer loop
         vertex 1.000000e+03 1.000000e+03 0.000000e+00
         vertex 9.651005e+02 1.999391e+03 0.000000e+00
         vertex 9.738231e+02 1.999657e+03 0.000000e+00
      endloop
   endfacet
   facet normal 0.000000e+00 0.000000e+00 -1.000000e+00
      outer loop
         vertex 1.000000e+03 1.000000e+03 0.000000e+00
         vertex 9.738231e+02 1.999657e+03 0.000000e+00
         vertex 9.825476e+02 1.999848e+03 0.000000e+00
      endloop
   endfacet
   facet normal 0.000000e+00 0.000000e+00 -1.000000e+00
      outer loop
         vertex 9.302435e+02 1.997564e+03 0.000000e+00
         vertex 9.389515e+02 1.998135e+03 0.000000e+00
         vertex 1.000000e+03 1.000000e+03 0.000000e+00
      endloop
   endfacet
   facet normal 0.000000e+00 0.000000e+00 -1.000000e+00
      outer loop
         vertex 1.000000e+03 1.000000e+03 0.000000e+00
         vertex 9.389515e+02 1.998135e+03 0.000000e+00
         vertex 9.476640e+02 1.998630e+03 0.000000e+00
      endloop
   endfacet
   facet normal 0.000000e+00 0.000000e+00 -1.000000e+00
      outer loop
         vertex 1.000000e+03 1.000000e+03 0.000000e+00
         vertex 9.476640e+02 1.998630e+03 0.000000e+00
         vertex 9.563806e+02 1.999048e+03 0.000000e+00
      endloop
   endfacet
   facet normal 0.000000e+00 0.000000e+00 -1.000000e+00
      outer loop
         vertex 9.041542e+02 1.995396e+03 0.000000e+00
         vertex 9.128443e+02 1.996195e+03 0.000000e+00
         vertex 1.000000e+03 1.000000e+03 0.000000e+00
      endloop
   endfacet
   facet normal 0.000000e+00 0.000000e+00 -1.000000e+00
      outer loop
         vertex 1.000000e+03 1.000000e+03 0.000000e+00
         vertex 9.128443e+02 1.996195e+03 0.000000e+00
         vertex 9.215409e+02 1.996917e+03 0.000000e+00
      endloop
   endfacet
   facet normal 0.000000e+00 0.000000e+00 -1.000000e+00
      outer loop
         vertex 1.000000e+03 1.000000e+03 0.000000e+00
         vertex 9.215409e+02 1.996917e+03 0.000000e+00
         vertex 9.302435e+02 1.997564e+03 0.000000e+00
      endloop
   endfacet
   facet normal 0.000000e+00 0.000000e+00 -1.000000e+00
      outer loop
         vertex 8.781307e+02 1.992546e+03 0.000000e+00
         vertex 8.867968e+02 1.993572e+03 0.000000e+00
         vertex 1.000000e+03 1.000000e+03 0.000000e+00
      endloop
   endfacet
   facet normal 0.000000e+00 0.000000e+00 -1.000000e+00
      outer loop
         vertex 1.000000e+03 1.000000e+03 0.000000e+00
         vertex 8.867968e+02 1.993572e+03 0.000000e+00
         vertex 8.954715e+02 1.994522e+03 0.000000e+00
      endloop
   endfacet
   facet normal 0.000000e+00 0.000000e+00 -1.000000e+00
      outer loop
         vertex 1.000000e+03 1.000000e+03 0.000000e+00
         vertex 8.954715e+02 1.994522e+03 0.000000e+00
         vertex 9.041542e+02 1.995396e+03 0.000000e+00
      endloop
   endfacet
   facet normal 0.000000e+00 0.000000e+00 -1.000000e+00
      outer loop
         vertex 8.521906e+02 1.989016e+03 0.000000e+00
         vertex 8.608269e+02 1.990268e+03 0.000000e+00
         vertex 1.000000e+03 1.000000e+03 0.000000e+00
      endloop
   endfacet
   facet normal 0.000000e+00 0.000000e+00 -1.000000e+00
      outer loop
         vertex 1.000000e+03 1.000000e+03 0.000000e+00
         vertex 8.608269e+02 1.990268e+03 0.000000e+00
         vertex 8.694738e+02 1.991445e+03 0.000000e+00
      endloop
   endfacet
   facet normal 0.000000e+00 0.000000e+00 -1.000000e+00
      outer loop
         vertex 1.000000e+03 1.000000e+03 0.000000e+00
         vertex 8.694738e+02 1.991445e+03 0.000000e+00
         vertex 8.781307e+02 1.992546e+03 0.000000e+00
      endloop
   endfacet
   facet normal 0.000000e+00 0.000000e+00 -1.000000e+00
      outer loop
         vertex 8.263518e+02 1.984808e+03 0.000000e+00
         vertex 8.349524e+02 1.986286e+03 0.000000e+00
         vertex 1.000000e+03 1.000000e+03 0.000000e+00
      endloop
   endfacet
   facet normal 0.000000e+00 0.000000e+00 -1.000000e+00
      outer loop
         vertex 1.000000e+03 1.000000e+03 0.000000e+00
         vertex 8.349524e+02 1.986286e+03 0.000000e+00
         vertex 8.435655e+02 1.987688e+03 0.000000e+00
      endloop
   endfacet
   facet normal 0.000000e+00 0.000000e+00 -1.000000e+00
      outer loop
         vertex 1.000000e+03 1.000000e+03 0.000000e+00
         vertex 8.435655e+02 1.987688e+03 0.000000e+00
         vertex 8.521906e+02 1.989016e+03 0.000000e+00
      endloop
   endfacet
   facet normal 0.000000e+00 0.000000e+00 -1.000000e+00
      outer loop
         vertex 8.006321e+02 1.979925e+03 0.000000e+00
         vertex 8.091910e+02 1.981627e+03 0.000000e+00
         vertex 1.000000e+03 1.000000e+03 0.000000e+00
      endloop
   endfacet
   facet normal 0.000000e+00 0.000000e+00 -1.000000e+00
      outer loop
         vertex 1.000000e+03 1.000000e+03 0.000000e+00
         vertex 8.091910e+02 1.981627e+03 0.000000e+00
         vertex 8.177645e+02 1.983255e+03 0.000000e+00
      endloop
   endfacet
   facet normal 0.000000e+00 0.000000e+00 -1.000000e+00
      outer loop
         vertex 1.000000e+03 1.000000e+03 0.000000e+00
         vertex 8.177645e+02 1.983255e+03 0.000000e+00
         vertex 8.263518e+02 1.984808e+03 0.000000e+00
      endloop
   endfacet
   facet normal 0.000000e+00 0.000000e+00 -1.000000e+00
      outer loop
         vertex 7.750489e+02 1.974370e+03 0.000000e+00
         vertex 7.835604e+02 1.976296e+03 0.000000e+00
         vertex 1.000000e+03 1.000000e+03 0.000000e+00
      endloop
   endfacet
   facet normal 0.000000e+00 0.000000e+00 -1.000000e+00
      outer loop
         vertex 1.000000e+03 1.000000e+03 0.000000e+00
         vertex 7.835604e+02 1.976296e+03 0.000000e+00
         vertex 7.920883e+02 1.978148e+03 0.000000e+00
      endloop
   endfacet
   facet normal 0.000000e+00 0.000000e+00 -1.000000e+00
      outer loop
         vertex 1.000000e+03 1.000000e+03 0.000000e+00
         vertex 7.920883e+02 1.978148e+03 0.000000e+00
         vertex 8.006321e+02 1.979925e+03 0.000000e+00
      endloop
   endfacet
   facet normal 0.000000e+00 0.000000e+00 -1.000000e+00
      outer loop
         vertex 7.496200e+02 1.968148e+03 0.000000e+00
         vertex 7.580781e+02 1.970296e+03 0.000000e+00
         vertex 1.000000e+03 1.000000e+03 0.000000e+00
      endloop
   endfacet
   facet normal 0.000000e+00 0.000000e+00 -1.000000e+00
      outer loop
         vertex 1.000000e+03 1.000000e+03 0.000000e+00
         vertex 7.580781e+02 1.970296e+03 0.000000e+00
         vertex 7.665546e+02 1.972370e+03 0.000000e+00
      endloop
   endfacet
   facet normal 0.000000e+00 0.000000e+00 -1.000000e+00
      outer loop
         vertex 1.000000e+03 1.000000e+03 0.000000e+00
         vertex 7.665546e+02 1.972370e+03 0.000000e+00
         vertex 7.750489e+02 1.974370e+03 0.000000e+00
      endloop
   endfacet
   facet normal 0.000000e+00 0.000000e+00 -1.000000e+00
      outer loop
         vertex 7.243626e+02 1.961262e+03 0.000000e+00
         vertex 7.327616e+02 1.963630e+03 0.000000e+00
         vertex 1.000000e+03 1.000000e+03 0.000000e+00
      endloop
   endfacet
   facet normal 0.000000e+00 0.000000e+00 -1.000000e+00
      outer loop
         vertex 1.000000e+03 1.000000e+03 0.000000e+00
         vertex 7.327616e+02 1.963630e+03 0.000000e+00
         vertex 7.411810e+02 1.965926e+03 0.000000e+00
      endloop
   endfacet
   facet normal 0.000000e+00 0.000000e+00 -1.000000e+00
      outer loop
         vertex 1.000000e+03 1.000000e+03 0.000000e+00
         vertex 7.411810e+02 1.965926e+03 0.000000e+00
         vertex 7.496200e+02 1.968148e+03 0.000000e+00
      endloop
   endfacet
   facet normal 0.000000e+00 0.000000e+00 -1.000000e+00
      outer loop
         vertex 6.992942e+02 1.953717e+03 0.000000e+00
         vertex 7.076283e+02 1.956305e+03 0.000000e+00
         vertex 1.000000e+03 1.000000e+03 0.000000e+00
      endloop
   endfacet
   facet normal 0.000000e+00 0.000000e+00 -1.000000e+00
      outer loop
         vertex 1.000000e+03 1.000000e+03 0.000000e+00
         vertex 7.076283e+02 1.956305e+03 0.000000e+00
         vertex 7.159846e+02 1.958820e+03 0.000000e+00
      endloop
   endfacet
   facet normal 0.000000e+00 0.000000e+00 -1.000000e+00
      outer loop
         vertex 1.000000e+03 1.000000e+03 0.000000e+00
         vertex 7.159846e+02 1.958820e+03 0.000000e+00
         vertex 7.243626e+02 1.961262e+03 0.000000e+00
      endloop
   endfacet
   facet normal 0.000000e+00 0.000000e+00 -1.000000e+00
      outer loop
         vertex 6.744318e+02 1.945519e+03 0.000000e+00
         vertex 6.826953e+02 1.948324e+03 0.000000e+00
         vertex 1.000000e+03 1.000000e+03 0.000000e+00
      endloop
   endfacet
   facet normal 0.000000e+00 0.000000e+00 -1.000000e+00
      outer loop
         vertex 1.000000e+03 1.000000e+03 0.000000e+00
         vertex 6.826953e+02 1.948324e+03 0.000000e+00
         vertex 6.909830e+02 1.951057e+03 0.000000e+00
      endloop
   endfacet
   facet normal 0.000000e+00 0.000000e+00 -1.000000e+00
      outer loop
         vertex 1.000000e+03 1.000000e+03 0.000000e+00
         vertex 6.909830e+02 1.951057e+03 0.000000e+00
         vertex 6.992942e+02 1.953717e+03 0.000000e+00
      endloop
   endfacet
   facet normal 0.000000e+00 0.000000e+00 -1.000000e+00
      outer loop
         vertex 6.497926e+02 1.936672e+03 0.000000e+00
         vertex 6.579798e+02 1.939693e+03 0.000000e+00
         vertex 1.000000e+03 1.000000e+03 0.000000e+00
      endloop
   endfacet
   facet normal 0.000000e+00 0.000000e+00 -1.000000e+00
      outer loop
         vertex 1.000000e+03 1.000000e+03 0.000000e+00
         vertex 6.579798e+02 1.939693e+03 0.000000e+00
         vertex 6.661931e+02 1.942641e+03 0.000000e+00
      endloop
   endfacet
   facet normal 0.000000e+00 0.000000e+00 -1.000000e+00
      outer loop
         vertex 1.000000e+03 1.000000e+03 0.000000e+00
         vertex 6.661931e+02 1.942641e+03 0.000000e+00
         vertex 6.744318e+02 1.945519e+03 0.000000e+00
      endloop
   endfacet
   facet normal 0.000000e+00 0.000000e+00 -1.000000e+00
      outer loop
         vertex 6.253934e+02 1.927184e+03 0.000000e+00
         vertex 6.334988e+02 1.930418e+03 0.000000e+00
         vertex 1.000000e+03 1.000000e+03 0.000000e+00
      endloop
   endfacet
   facet normal 0.000000e+00 0.000000e+00 -1.000000e+00
      outer loop
         vertex 1.000000e+03 1.000000e+03 0.000000e+00
         vertex 6.334988e+02 1.930418e+03 0.000000e+00
         vertex 6.416321e+02 1.933580e+03 0.000000e+00
      endloop
   endfacet
   facet normal 0.000000e+00 0.000000e+00 -1.000000e+00
      outer loop
         vertex 1.000000e+03 1.000000e+03 0.000000e+00
         vertex 6.416321e+02 1.933580e+03 0.000000e+00
         vertex 6.497926e+02 1.936672e+03 0.000000e+00
      endloop
   endfacet
   facet normal 0.000000e+00 0.000000e+00 -1.000000e+00
      outer loop
         vertex 6.012509e+02 1.917060e+03 0.000000e+00
         vertex 6.092689e+02 1.920505e+03 0.000000e+00
         vertex 1.000000e+03 1.000000e+03 0.000000e+00
      endloop
   endfacet
   facet normal 0.000000e+00 0.000000e+00 -1.000000e+00
      outer loop
         vertex 1.000000e+03 1.000000e+03 0.000000e+00
         vertex 6.092689e+02 1.920505e+03 0.000000e+00
         vertex 6.173166e+02 1.923880e+03 0.000000e+00
      endloop
   endfacet
   facet normal 0.000000e+00 0.000000e+00 -1.000000e+00
      outer loop
         vertex 1.000000e+03 1.000000e+03 0.000000e+00
         vertex 6.173166e+02 1.923880e+03 0.000000e+00
         vertex 6.253934e+02 1.927184e+03 0.000000e+00
      endloop
   endfacet
   facet normal 0.000000e+00 0.000000e+00 -1.000000e+00
      outer loop
         vertex 5.773817e+02 1.906308e+03 0.000000e+00
         vertex 5.853068e+02 1.909961e+03 0.000000e+00
         vertex 1.000000e+03 1.000000e+03 0.000000e+00
      endloop
   endfacet
   facet normal 0.000000e+00 0.000000e+00 -1.000000e+00
      outer loop
         vertex 1.000000e+03 1.000000e+03 0.000000e+00
         vertex 5.853068e+02 1.909961e+03 0.000000e+00
         vertex 5.932634e+02 1.913545e+03 0.000000e+00
      endloop
   endfacet
   facet normal 0.000000e+00 0.000000e+00 -1.000000e+00
      outer loop
         vertex 1.000000e+03 1.000000e+03 0.000000e+00
         vertex 5.932634e+02 1.913545e+03 0.000000e+00
         vertex 6.012509e+02 1.917060e+03 0.000000e+00
      endloop
   endfacet
   facet normal 0.000000e+00 0.000000e+00 -1.000000e+00
      outer loop
         vertex 5.538022e+02 1.894934e+03 0.000000e+00
         vertex 5.616288e+02 1.898794e+03 0.000000e+00
         vertex 1.000000e+03 1.000000e+03 0.000000e+00
      endloop
   endfacet
   facet normal 0.000000e+00 0.000000e+00 -1.000000e+00
      outer loop
         vertex 1.000000e+03 1.000000e+03 0.000000e+00
         vertex 5.616288e+02 1.898794e+03 0.000000e+00
         vertex 5.694889e+02 1.902585e+03 0.000000e+00
      endloop
   endfacet
   facet normal 0.000000e+00 0.000000e+00 -1.000000e+00
      outer loop
         vertex 1.000000e+03 1.000000e+03 0.000000e+00
         vertex 5.694889e+02 1.902585e+03 0.000000e+00
         vertex 5.773817e+02 1.906308e+03 0.000000e+00
      endloop
   endfacet
   facet normal 0.000000e+00 0.000000e+00 -1.000000e+00
      outer loop
         vertex 5.305284e+02 1.882948e+03 0.000000e+00
         vertex 5.382514e+02 1.887011e+03 0.000000e+00
         vertex 1.000000e+03 1.000000e+03 0.000000e+00
      endloop
   endfacet
   facet normal 0.000000e+00 0.000000e+00 -1.000000e+00
      outer loop
         vertex 1.000000e+03 1.000000e+03 0.000000e+00
         vertex 5.382514e+02 1.887011e+03 0.000000e+00
         vertex 5.460095e+02 1.891007e+03 0.000000e+00
      endloop
   endfacet
   facet normal 0.000000e+00 0.000000e+00 -1.000000e+00
      outer loop
         vertex 1.000000e+03 1.000000e+03 0.000000e+00
         vertex 5.460095e+02 1.891007e+03 0.000000e+00
         vertex 5.538022e+02 1.894934e+03 0.000000e+00
      endloop
   endfacet
   facet normal 0.000000e+00 0.000000e+00 -1.000000e+00
      outer loop
         vertex 5.075764e+02 1.870356e+03 0.000000e+00
         vertex 5.151904e+02 1.874620e+03 0.000000e+00
         vertex 1.000000e+03 1.000000e+03 0.000000e+00
      endloop
   endfacet
   facet normal 0.000000e+00 0.000000e+00 -1.000000e+00
      outer loop
         vertex 1.000000e+03 1.000000e+03 0.000000e+00
         vertex 5.151904e+02 1.874620e+03 0.000000e+00
         vertex 5.228412e+02 1.878817e+03 0.000000e+00
      endloop
   endfacet
   facet normal 0.000000e+00 0.000000e+00 -1.000000e+00
      outer loop
         vertex 1.000000e+03 1.000000e+03 0.000000e+00
         vertex 5.228412e+02 1.878817e+03 0.000000e+00
         vertex 5.305284e+02 1.882948e+03 0.000000e+00
      endloop
   endfacet
   facet normal 0.000000e+00 0.000000e+00 -1.000000e+00
      outer loop
         vertex 4.849619e+02 1.857167e+03 0.000000e+00
         vertex 4.924616e+02 1.861629e+03 0.000000e+00
         vertex 1.000000e+03 1.000000e+03 0.000000e+00
      endloop
   endfacet
   facet normal 0.000000e+00 0.000000e+00 -1.000000e+00
      outer loop
         vertex 1.000000e+03 1.000000e+03 0.000000e+00
         vertex 4.924616e+02 1.861629e+03 0.000000e+00
         vertex 5.000000e+02 1.866025e+03 0.000000e+00
      endloop
   endfacet
   facet normal 0.000000e+00 0.000000e+00 -1.000000e+00
      outer loop
         vertex 1.000000e+03 1.000000e+03 0.000000e+00
         vertex 5.000000e+02 1.866025e+03 0.000000e+00
         vertex 5.075764e+02 1.870356e+03 0.000000e+00
      endloop
   endfacet
   facet normal 0.000000e+00 0.000000e+00 -1.000000e+00
      outer loop
         vertex 4.627004e+02 1.843391e+03 0.000000e+00
         vertex 4.700807e+02 1.848048e+03 0.000000e+00
         vertex 1.000000e+03 1.000000e+03 0.000000e+00
      endloop
   endfacet
   facet normal 0.000000e+00 0.000000e+00 -1.000000e+00
      outer loop
         vertex 1.000000e+03 1.000000e+03 0.000000e+00
         vertex 4.700807e+02 1.848048e+03 0.000000e+00
         vertex 4.775015e+02 1.852640e+03 0.000000e+00
      endloop
   endfacet
   facet normal 0.000000e+00 0.000000e+00 -1.000000e+00
      outer loop
         vertex 1.000000e+03 1.000000e+03 0.000000e+00
         vertex 4.775015e+02 1.852640e+03 0.000000e+00
         vertex 4.849619e+02 1.857167e+03 0.000000e+00
      endloop
   endfacet
   facet normal 0.000000e+00 0.000000e+00 -1.000000e+00
      outer loop
         vertex 4.408071e+02 1.829038e+03 0.000000e+00
         vertex 4.480630e+02 1.833886e+03 0.000000e+00
         vertex 1.000000e+03 1.000000e+03 0.000000e+00
      endloop
   endfacet
   facet normal 0.000000e+00 0.000000e+00 -1.000000e+00
      outer loop
         vertex 1.000000e+03 1.000000e+03 0.000000e+00
         vertex 4.480630e+02 1.833886e+03 0.000000e+00
         vertex 4.553609e+02 1.838671e+03 0.000000e+00
      endloop
   endfacet
   facet normal 0.000000e+00 0.000000e+00 -1.000000e+00
      outer loop
         vertex 1.000000e+03 1.000000e+03 0.000000e+00
         vertex 4.553609e+02 1.838671e+03 0.000000e+00
         vertex 4.627004e+02 1.843391e+03 0.000000e+00
      endloop
   endfacet
   facet normal 0.000000e+00 0.000000e+00 -1.000000e+00
      outer loop
         vertex 4.192970e+02 1.814116e+03 0.000000e+00
         vertex 4.264235e+02 1.819152e+03 0.000000e+00
         vertex 1.000000e+03 1.000000e+03 0.000000e+00
      endloop
   endfacet
   facet normal 0.000000e+00 0.000000e+00 -1.000000e+00
      outer loop
         vertex 1.000000e+03 1.000000e+03 0.000000e+00
         vertex 4.264235e+02 1.819152e+03 0.000000e+00
         vertex 4.335938e+02 1.824126e+03 0.000000e+00
      endloop
   endfacet
   facet normal 0.000000e+00 0.000000e+00 -1.000000e+00
      outer loop
         vertex 1.000000e+03 1.000000e+03 0.000000e+00
         vertex 4.335938e+02 1.824126e+03 0.000000e+00
         vertex 4.408071e+02 1.829038e+03 0.000000e+00
      endloop
   endfacet
   facet normal 0.000000e+00 0.000000e+00 -1.000000e+00
      outer loop
         vertex 3.981850e+02 1.798635e+03 0.000000e+00
         vertex 4.051772e+02 1.803857e+03 0.000000e+00
         vertex 1.000000e+03 1.000000e+03 0.000000e+00
      endloop
   endfacet
   facet normal 0.000000e+00 0.000000e+00 -1.000000e+00
      outer loop
         vertex 1.000000e+03 1.000000e+03 0.000000e+00
         vertex 4.051772e+02 1.803857e+03 0.000000e+00
         vertex 4.122148e+02 1.809017e+03 0.000000e+00
      endloop
   endfacet
   facet normal 0.000000e+00 0.000000e+00 -1.000000e+00
      outer loop
         vertex 1.000000e+03 1.000000e+03 0.000000e+00
         vertex 4.122148e+02 1.809017e+03 0.000000e+00
         vertex 4.192970e+02 1.814116e+03 0.000000e+00
      endloop
   endfacet
   facet normal 0.000000e+00 0.000000e+00 -1.000000e+00
      outer loop
         vertex 3.774853e+02 1.782608e+03 0.000000e+00
         vertex 3.843385e+02 1.788011e+03 0.000000e+00
         vertex 1.000000e+03 1.000000e+03 0.000000e+00
      endloop
   endfacet
   facet normal 0.000000e+00 0.000000e+00 -1.000000e+00
      outer loop
         vertex 1.000000e+03 1.000000e+03 0.000000e+00
         vertex 3.843385e+02 1.788011e+03 0.000000e+00
         vertex 3.912386e+02 1.793353e+03 0.000000e+00
      endloop
   endfacet
   facet normal 0.000000e+00 0.000000e+00 -1.000000e+00
      outer loop
         vertex 1.000000e+03 1.000000e+03 0.000000e+00
         vertex 3.912386e+02 1.793353e+03 0.000000e+00
         vertex 3.981850e+02 1.798635e+03 0.000000e+00
      endloop
   endfacet
   facet normal 0.000000e+00 0.000000e+00 -1.000000e+00
      outer loop
         vertex 3.572124e+02 1.766044e+03 0.000000e+00
         vertex 3.639218e+02 1.771625e+03 0.000000e+00
         vertex 1.000000e+03 1.000000e+03 0.000000e+00
      endloop
   endfacet
   facet normal 0.000000e+00 0.000000e+00 -1.000000e+00
      outer loop
         vertex 1.000000e+03 1.000000e+03 0.000000e+00
         vertex 3.639218e+02 1.771625e+03 0.000000e+00
         vertex 3.706796e+02 1.777146e+03 0.000000e+00
      endloop
   endfacet
   facet normal 0.000000e+00 0.000000e+00 -1.000000e+00
      outer loop
         vertex 1.000000e+03 1.000000e+03 0.000000e+00
         vertex 3.706796e+02 1.777146e+03 0.000000e+00
         vertex 3.774853e+02 1.782608e+03 0.000000e+00
      endloop
   endfacet
   facet normal 0.000000e+00 0.000000e+00 -1.000000e+00
      outer loop
         vertex 3.373799e+02 1.748956e+03 0.000000e+00
         vertex 3.439410e+02 1.754710e+03 0.000000e+00
         vertex 1.000000e+03 1.000000e+03 0.000000e+00
      endloop
   endfacet
   facet normal 0.000000e+00 0.000000e+00 -1.000000e+00
      outer loop
         vertex 1.000000e+03 1.000000e+03 0.000000e+00
         vertex 3.439410e+02 1.754710e+03 0.000000e+00
         vertex 3.505520e+02 1.760406e+03 0.000000e+00
      endloop
   endfacet
   facet normal 0.000000e+00 0.000000e+00 -1.000000e+00
      outer loop
         vertex 1.000000e+03 1.000000e+03 0.000000e+00
         vertex 3.505520e+02 1.760406e+03 0.000000e+00
         vertex 3.572124e+02 1.766044e+03 0.000000e+00
      endloop
   endfacet
   facet normal 0.000000e+00 0.000000e+00 -1.000000e+00
      outer loop
         vertex 3.180016e+02 1.731354e+03 0.000000e+00
         vertex 3.244098e+02 1.737277e+03 0.000000e+00
         vertex 1.000000e+03 1.000000e+03 0.000000e+00
      endloop
   endfacet
   facet normal 0.000000e+00 0.000000e+00 -1.000000e+00
      outer loop
         vertex 1.000000e+03 1.000000e+03 0.000000e+00
         vertex 3.244098e+02 1.737277e+03 0.000000e+00
         vertex 3.308694e+02 1.743145e+03 0.000000e+00
      endloop
   endfacet
   facet normal 0.000000e+00 0.000000e+00 -1.000000e+00
      outer loop
         vertex 1.000000e+03 1.000000e+03 0.000000e+00
         vertex 3.308694e+02 1.743145e+03 0.000000e+00
         vertex 3.373799e+02 1.748956e+03 0.000000e+00
      endloop
   endfacet
   facet normal 0.000000e+00 0.000000e+00 -1.000000e+00
      outer loop
         vertex 2.990907e+02 1.713250e+03 0.000000e+00
         vertex 3.053416e+02 1.719340e+03 0.000000e+00
         vertex 1.000000e+03 1.000000e+03 0.000000e+00
      endloop
   endfacet
   facet normal 0.000000e+00 0.000000e+00 -1.000000e+00
      outer loop
         vertex 1.000000e+03 1.000000e+03 0.000000e+00
         vertex 3.053416e+02 1.719340e+03 0.000000e+00
         vertex 3.116454e+02 1.725374e+03 0.000000e+00
      endloop
   endfacet
   facet normal 0.000000e+00 0.000000e+00 -1.000000e+00
      outer loop
         vertex 1.000000e+03 1.000000e+03 0.000000e+00
         vertex 3.116454e+02 1.725374e+03 0.000000e+00
         vertex 3.180016e+02 1.731354e+03 0.000000e+00
      endloop
   endfacet
   facet normal 0.000000e+00 0.000000e+00 -1.000000e+00
      outer loop
         vertex 2.806602e+02 1.694658e+03 0.000000e+00
         vertex 2.867495e+02 1.700909e+03 0.000000e+00
         vertex 1.000000e+03 1.000000e+03 0.000000e+00
      endloop
   endfacet
   facet normal 0.000000e+00 0.000000e+00 -1.000000e+00
      outer loop
         vertex 1.000000e+03 1.000000e+03 0.000000e+00
         vertex 2.867495e+02 1.700909e+03 0.000000e+00
         vertex 2.928932e+02 1.707107e+03 0.000000e+00
      endloop
   endfacet
   facet normal 0.000000e+00 0.000000e+00 -1.000000e+00
      outer loop
         vertex 1.000000e+03 1.000000e+03 0.000000e+00
         vertex 2.928932e+02 1.707107e+03 0.000000e+00
         vertex 2.990907e+02 1.713250e+03 0.000000e+00
      endloop
   endfacet
   facet normal 0.000000e+00 0.000000e+00 -1.000000e+00
      outer loop
         vertex 2.627227e+02 1.675590e+03 0.000000e+00
         vertex 2.686463e+02 1.681998e+03 0.000000e+00
         vertex 1.000000e+03 1.000000e+03 0.000000e+00
      endloop
   endfacet
   facet normal 0.000000e+00 0.000000e+00 -1.000000e+00
      outer loop
         vertex 1.000000e+03 1.000000e+03 0.000000e+00
         vertex 2.686463e+02 1.681998e+03 0.000000e+00
         vertex 2.746256e+02 1.688355e+03 0.000000e+00
      endloop
   endfacet
   facet normal 0.000000e+00 0.000000e+00 -1.000000e+00
      outer loop
         vertex 1.000000e+03 1.000000e+03 0.000000e+00
         vertex 2.746256e+02 1.688355e+03 0.000000e+00
         vertex 2.806602e+02 1.694658e+03 0.000000e+00
      endloop
   endfacet
   facet normal 0.000000e+00 0.000000e+00 -1.000000e+00
      outer loop
         vertex 2.452904e+02 1.656059e+03 0.000000e+00
         vertex 2.510443e+02 1.662620e+03 0.000000e+00
         vertex 1.000000e+03 1.000000e+03 0.000000e+00
      endloop
   endfacet
   facet normal 0.000000e+00 0.000000e+00 -1.000000e+00
      outer loop
         vertex 1.000000e+03 1.000000e+03 0.000000e+00
         vertex 2.510443e+02 1.662620e+03 0.000000e+00
         vertex 2.568552e+02 1.669131e+03 0.000000e+00
      endloop
   endfacet
   facet normal 0.000000e+00 0.000000e+00 -1.000000e+00
      outer loop
         vertex 1.000000e+03 1.000000e+03 0.000000e+00
         vertex 2.568552e+02 1.669131e+03 0.000000e+00
         vertex 2.627227e+02 1.675590e+03 0.000000e+00
      endloop
   endfacet
   facet normal 0.000000e+00 0.000000e+00 -1.000000e+00
      outer loop
         vertex 2.283754e+02 1.636078e+03 0.000000e+00
         vertex 2.339556e+02 1.642788e+03 0.000000e+00
         vertex 1.000000e+03 1.000000e+03 0.000000e+00
      endloop
   endfacet
   facet normal 0.000000e+00 0.000000e+00 -1.000000e+00
      outer loop
         vertex 1.000000e+03 1.000000e+03 0.000000e+00
         vertex 2.339556e+02 1.642788e+03 0.000000e+00
         vertex 2.395940e+02 1.649448e+03 0.000000e+00
      endloop
   endfacet
   facet normal 0.000000e+00 0.000000e+00 -1.000000e+00
      outer loop
         vertex 1.000000e+03 1.000000e+03 0.000000e+00
         vertex 2.395940e+02 1.649448e+03 0.000000e+00
         vertex 2.452904e+02 1.656059e+03 0.000000e+00
      endloop
   endfacet
   facet normal 0.000000e+00 0.000000e+00 -1.000000e+00
      outer loop
         vertex 2.119892e+02 1.615662e+03 0.000000e+00
         vertex 2.173918e+02 1.622515e+03 0.000000e+00
         vertex 1.000000e+03 1.000000e+03 0.000000e+00
      endloop
   endfacet
   facet normal 0.000000e+00 0.000000e+00 -1.000000e+00
      outer loop
         vertex 1.000000e+03 1.000000e+03 0.000000e+00
         vertex 2.173918e+02 1.622515e+03 0.000000e+00
         vertex 2.228540e+02 1.629320e+03 0.000000e+00
      endloop
   endfacet
   facet normal 0.000000e+00 0.000000e+00 -1.000000e+00
      outer loop
         vertex 1.000000e+03 1.000000e+03 0.000000e+00
         vertex 2.228540e+02 1.629320e+03 0.000000e+00
         vertex 2.283754e+02 1.636078e+03 0.000000e+00
      endloop
   endfacet
   facet normal 0.000000e+00 0.000000e+00 -1.000000e+00
      outer loop
         vertex 1.961432e+02 1.594823e+03 0.000000e+00
         vertex 2.013645e+02 1.601815e+03 0.000000e+00
         vertex 1.000000e+03 1.000000e+03 0.000000e+00
      endloop
   endfacet
   facet normal 0.000000e+00 0.000000e+00 -1.000000e+00
      outer loop
         vertex 1.000000e+03 1.000000e+03 0.000000e+00
         vertex 2.013645e+02 1.601815e+03 0.000000e+00
         vertex 2.066467e+02 1.608761e+03 0.000000e+00
      endloop
   endfacet
   facet normal 0.000000e+00 0.000000e+00 -1.000000e+00
      outer loop
         vertex 1.000000e+03 1.000000e+03 0.000000e+00
         vertex 2.066467e+02 1.608761e+03 0.000000e+00
         vertex 2.119892e+02 1.615662e+03 0.000000e+00
      endloop
   endfacet
   facet normal 0.000000e+00 0.000000e+00 -1.000000e+00
      outer loop
         vertex 1.808479e+02 1.573576e+03 0.000000e+00
         vertex 1.858845e+02 1.580703e+03 0.000000e+00
         vertex 1.000000e+03 1.000000e+03 0.000000e+00
      endloop
   endfacet
   facet normal 0.000000e+00 0.000000e+00 -1.000000e+00
      outer loop
         vertex 1.000000e+03 1.000000e+03 0.000000e+00
         vertex 1.858845e+02 1.580703e+03 0.000000e+00
         vertex 1.909830e+02 1.587785e+03 0.000000e+00
      endloop
   endfacet
   facet normal 0.000000e+00 0.000000e+00 -1.000000e+00
      outer loop
         vertex 1.000000e+03 1.000000e+03 0.000000e+00
         vertex 1.909830e+02 1.587785e+03 0.000000e+00
         vertex 1.961432e+02 1.594823e+03 0.000000e+00
      endloop
   endfacet
   facet normal 0.000000e+00 0.000000e+00 -1.000000e+00
      outer loop
         vertex 1.661142e+02 1.551937e+03 0.000000e+00
         vertex 1.709625e+02 1.559193e+03 0.000000e+00
         vertex 1.000000e+03 1.000000e+03 0.000000e+00
      endloop
   endfacet
   facet normal 0.000000e+00 0.000000e+00 -1.000000e+00
      outer loop
         vertex 1.000000e+03 1.000000e+03 0.000000e+00
         vertex 1.709625e+02 1.559193e+03 0.000000e+00
         vertex 1.758738e+02 1.566406e+03 0.000000e+00
      endloop
   endfacet
   facet normal 0.000000e+00 0.000000e+00 -1.000000e+00
      outer loop
         vertex 1.000000e+03 1.000000e+03 0.000000e+00
         vertex 1.758738e+02 1.566406e+03 0.000000e+00
         vertex 1.808479e+02 1.573576e+03 0.000000e+00
      endloop
   endfacet
   facet normal 0.000000e+00 0.000000e+00 -1.000000e+00
      outer loop
         vertex 1.519519e+02 1.529919e+03 0.000000e+00
         vertex 1.566086e+02 1.537300e+03 0.000000e+00
         vertex 1.000000e+03 1.000000e+03 0.000000e+00
      endloop
   endfacet
   facet normal 0.000000e+00 0.000000e+00 -1.000000e+00
      outer loop
         vertex 1.000000e+03 1.000000e+03 0.000000e+00
         vertex 1.566086e+02 1.537300e+03 0.000000e+00
         vertex 1.613294e+02 1.544639e+03 0.000000e+00
      endloop
   endfacet
   facet normal 0.000000e+00 0.000000e+00 -1.000000e+00
      outer loop
         vertex 1.000000e+03 1.000000e+03 0.000000e+00
         vertex 1.613294e+02 1.544639e+03 0.000000e+00
         vertex 1.661142e+02 1.551937e+03 0.000000e+00
      endloop
   endfacet
   facet normal 0.000000e+00 0.000000e+00 -1.000000e+00
      outer loop
         vertex 1.383708e+02 1.507538e+03 0.000000e+00
         vertex 1.428327e+02 1.515038e+03 0.000000e+00
         vertex 1.000000e+03 1.000000e+03 0.000000e+00
      endloop
   endfacet
   facet normal 0.000000e+00 0.000000e+00 -1.000000e+00
      outer loop
         vertex 1.000000e+03 1.000000e+03 0.000000e+00
         vertex 1.428327e+02 1.515038e+03 0.000000e+00
         vertex 1.473598e+02 1.522499e+03 0.000000e+00
      endloop
   endfacet
   facet normal 0.000000e+00 0.000000e+00 -1.000000e+00
      outer loop
         vertex 1.000000e+03 1.000000e+03 0.000000e+00
         vertex 1.473598e+02 1.522499e+03 0.000000e+00
         vertex 1.519519e+02 1.529919e+03 0.000000e+00
      endloop
   endfacet
   facet normal 0.000000e+00 0.000000e+00 -1.000000e+00
      outer loop
         vertex 1.253803e+02 1.484810e+03 0.000000e+00
         vertex 1.296443e+02 1.492424e+03 0.000000e+00
         vertex 1.000000e+03 1.000000e+03 0.000000e+00
      endloop
   endfacet
   facet normal 0.000000e+00 0.000000e+00 -1.000000e+00
      outer loop
         vertex 1.000000e+03 1.000000e+03 0.000000e+00
         vertex 1.296443e+02 1.492424e+03 0.000000e+00
         vertex 1.339746e+02 1.500000e+03 0.000000e+00
      endloop
   endfacet
   facet normal 0.000000e+00 0.000000e+00 -1.000000e+00
      outer loop
         vertex 1.000000e+03 1.000000e+03 0.000000e+00
         vertex 1.339746e+02 1.500000e+03 0.000000e+00
         vertex 1.383708e+02 1.507538e+03 0.000000e+00
      endloop
   endfacet
   facet normal 0.000000e+00 0.000000e+00 -1.000000e+00
      outer loop
         vertex 1.129892e+02 1.461749e+03 0.000000e+00
         vertex 1.170524e+02 1.469472e+03 0.000000e+00
         vertex 1.000000e+03 1.000000e+03 0.000000e+00
      endloop
   endfacet
   facet normal 0.000000e+00 0.000000e+00 -1.000000e+00
      outer loop
         vertex 1.000000e+03 1.000000e+03 0.000000e+00
         vertex 1.170524e+02 1.469472e+03 0.000000e+00
         vertex 1.211829e+02 1.477159e+03 0.000000e+00
      endloop
   endfacet
   facet normal 0.000000e+00 0.000000e+00 -1.000000e+00
      outer loop
         vertex 1.000000e+03 1.000000e+03 0.000000e+00
         vertex 1.211829e+02 1.477159e+03 0.000000e+00
         vertex 1.253803e+02 1.484810e+03 0.000000e+00
      endloop
   endfacet
   facet normal 0.000000e+00 0.000000e+00 -1.000000e+00
      outer loop
         vertex 1.012059e+02 1.438371e+03 0.000000e+00
         vertex 1.050656e+02 1.446198e+03 0.000000e+00
         vertex 1.000000e+03 1.000000e+03 0.000000e+00
      endloop
   endfacet
   facet normal 0.000000e+00 0.000000e+00 -1.000000e+00
      outer loop
         vertex 1.000000e+03 1.000000e+03 0.000000e+00
         vertex 1.050656e+02 1.446198e+03 0.000000e+00
         vertex 1.089935e+02 1.453990e+03 0.000000e+00
      endloop
   endfacet
   facet normal 0.000000e+00 0.000000e+00 -1.000000e+00
      outer loop
         vertex 1.000000e+03 1.000000e+03 0.000000e+00
         vertex 1.089935e+02 1.453990e+03 0.000000e+00
         vertex 1.129892e+02 1.461749e+03 0.000000e+00
      endloop
   endfacet
   facet normal 0.000000e+00 0.000000e+00 -1.000000e+00
      outer loop
         vertex 9.003872e+01 1.414693e+03 0.000000e+00
         vertex 9.369218e+01 1.422618e+03 0.000000e+00
         vertex 1.000000e+03 1.000000e+03 0.000000e+00
      endloop
   endfacet
   facet normal 0.000000e+00 0.000000e+00 -1.000000e+00
      outer loop
         vertex 1.000000e+03 1.000000e+03 0.000000e+00
         vertex 9.369218e+01 1.422618e+03 0.000000e+00
         vertex 9.741473e+01 1.430511e+03 0.000000e+00
      endloop
   endfacet
   facet normal 0.000000e+00 0.000000e+00 -1.000000e+00
      outer loop
         vertex 1.000000e+03 1.000000e+03 0.000000e+00
         vertex 9.741473e+01 1.430511e+03 0.000000e+00
         vertex 1.012059e+02 1.438371e+03 0.000000e+00
      endloop
   endfacet
   facet normal 0.000000e+00 0.000000e+00 -1.000000e+00
      outer loop
         vertex 7.949513e+01 1.390731e+03 0.000000e+00
         vertex 8.293992e+01 1.398749e+03 0.000000e+00
         vertex 1.000000e+03 1.000000e+03 0.000000e+00
      endloop
   endfacet
   facet normal 0.000000e+00 0.000000e+00 -1.000000e+00
      outer loop
         vertex 1.000000e+03 1.000000e+03 0.000000e+00
         vertex 8.293992e+01 1.398749e+03 0.000000e+00
         vertex 8.645457e+01 1.406737e+03 0.000000e+00
      endloop
   endfacet
   facet normal 0.000000e+00 0.000000e+00 -1.000000e+00
      outer loop
         vertex 1.000000e+03 1.000000e+03 0.000000e+00
         vertex 8.645457e+01 1.406737e+03 0.000000e+00
         vertex 9.003872e+01 1.414693e+03 0.000000e+00
      endloop
   endfacet
   facet normal 0.000000e+00 0.000000e+00 -1.000000e+00
      outer loop
         vertex 6.958240e+01 1.366501e+03 0.000000e+00
         vertex 7.281613e+01 1.374607e+03 0.000000e+00
         vertex 1.000000e+03 1.000000e+03 0.000000e+00
      endloop
   endfacet
   facet normal 0.000000e+00 0.000000e+00 -1.000000e+00
      outer loop
         vertex 1.000000e+03 1.000000e+03 0.000000e+00
         vertex 7.281613e+01 1.374607e+03 0.000000e+00
         vertex 7.612050e+01 1.382683e+03 0.000000e+00
      endloop
   endfacet
   facet normal 0.000000e+00 0.000000e+00 -1.000000e+00
      outer loop
         vertex 1.000000e+03 1.000000e+03 0.000000e+00
         vertex 7.612050e+01 1.382683e+03 0.000000e+00
         vertex 7.949513e+01 1.390731e+03 0.000000e+00
      endloop
   endfacet
   facet normal 0.000000e+00 0.000000e+00 -1.000000e+00
      outer loop
         vertex 6.030738e+01 1.342020e+03 0.000000e+00
         vertex 6.332779e+01 1.350207e+03 0.000000e+00
         vertex 1.000000e+03 1.000000e+03 0.000000e+00
      endloop
   endfacet
   facet normal 0.000000e+00 0.000000e+00 -1.000000e+00
      outer loop
         vertex 1.000000e+03 1.000000e+03 0.000000e+00
         vertex 6.332779e+01 1.350207e+03 0.000000e+00
         vertex 6.641960e+01 1.358368e+03 0.000000e+00
      endloop
   endfacet
   facet normal 0.000000e+00 0.000000e+00 -1.000000e+00
      outer loop
         vertex 1.000000e+03 1.000000e+03 0.000000e+00
         vertex 6.641960e+01 1.358368e+03 0.000000e+00
         vertex 6.958240e+01 1.366501e+03 0.000000e+00
      endloop
   endfacet
   facet normal 0.000000e+00 0.000000e+00 -1.000000e+00
      outer loop
         vertex 5.167633e+01 1.317305e+03 0.000000e+00
         vertex 5.448145e+01 1.325568e+03 0.000000e+00
         vertex 1.000000e+03 1.000000e+03 0.000000e+00
      endloop
   endfacet
   facet normal 0.000000e+00 0.000000e+00 -1.000000e+00
      outer loop
         vertex 1.000000e+03 1.000000e+03 0.000000e+00
         vertex 5.448145e+01 1.325568e+03 0.000000e+00
         vertex 5.735850e+01 1.333807e+03 0.000000e+00
      endloop
   endfacet
   facet normal 0.000000e+00 0.000000e+00 -1.000000e+00
      outer loop
         vertex 1.000000e+03 1.000000e+03 0.000000e+00
         vertex 5.735850e+01 1.333807e+03 0.000000e+00
         vertex 6.030738e+01 1.342020e+03 0.000000e+00
      endloop
   endfacet
   facet normal 0.000000e+00 0.000000e+00 -1.000000e+00
      outer loop
         vertex 4.369527e+01 1.292372e+03 0.000000e+00
         vertex 4.628307e+01 1.300706e+03 0.000000e+00
         vertex 1.000000e+03 1.000000e+03 0.000000e+00
      endloop
   endfacet
   facet normal 0.000000e+00 0.000000e+00 -1.000000e+00
      outer loop
         vertex 1.000000e+03 1.000000e+03 0.000000e+00
         vertex 4.628307e+01 1.300706e+03 0.000000e+00
         vertex 4.894346e+01 1.309017e+03 0.000000e+00
      endloop
   endfacet
   facet normal 0.000000e+00 0.000000e+00 -1.000000e+00
      outer loop
         vertex 1.000000e+03 1.000000e+03 0.000000e+00
         vertex 4.894346e+01 1.309017e+03 0.000000e+00
         vertex 5.167633e+01 1.317305e+03 0.000000e+00
      endloop
   endfacet
   facet normal 0.000000e+00 0.000000e+00 -1.000000e+00
      outer loop
         vertex 3.636956e+01 1.267238e+03 0.000000e+00
         vertex 3.873831e+01 1.275637e+03 0.000000e+00
         vertex 1.000000e+03 1.000000e+03 0.000000e+00
      endloop
   endfacet
   facet normal 0.000000e+00 0.000000e+00 -1.000000e+00
      outer loop
         vertex 1.000000e+03 1.000000e+03 0.000000e+00
         vertex 3.873831e+01 1.275637e+03 0.000000e+00
         vertex 4.118025e+01 1.284015e+03 0.000000e+00
      endloop
   endfacet
   facet normal 0.000000e+00 0.000000e+00 -1.000000e+00
      outer loop
         vertex 1.000000e+03 1.000000e+03 0.000000e+00
         vertex 4.118025e+01 1.284015e+03 0.000000e+00
         vertex 4.369527e+01 1.292372e+03 0.000000e+00
      endloop
   endfacet
   facet normal 0.000000e+00 0.000000e+00 -1.000000e+00
      outer loop
         vertex 2.970427e+01 1.241922e+03 0.000000e+00
         vertex 3.185236e+01 1.250380e+03 0.000000e+00
         vertex 1.000000e+03 1.000000e+03 0.000000e+00
      endloop
   endfacet
   facet normal 0.000000e+00 0.000000e+00 -1.000000e+00
      outer loop
         vertex 1.000000e+03 1.000000e+03 0.000000e+00
         vertex 3.185236e+01 1.250380e+03 0.000000e+00
         vertex 3.407419e+01 1.258819e+03 0.000000e+00
      endloop
   endfacet
   facet normal 0.000000e+00 0.000000e+00 -1.000000e+00
      outer loop
         vertex 1.000000e+03 1.000000e+03 0.000000e+00
         vertex 3.407419e+01 1.258819e+03 0.000000e+00
         vertex 3.636956e+01 1.267238e+03 0.000000e+00
      endloop
   endfacet
   facet normal 0.000000e+00 0.000000e+00 -1.000000e+00
      outer loop
         vertex 2.370399e+01 1.216440e+03 0.000000e+00
         vertex 2.562994e+01 1.224951e+03 0.000000e+00
         vertex 1.000000e+03 1.000000e+03 0.000000e+00
      endloop
   endfacet
   facet normal 0.000000e+00 0.000000e+00 -1.000000e+00
      outer loop
         vertex 1.000000e+03 1.000000e+03 0.000000e+00
         vertex 2.562994e+01 1.224951e+03 0.000000e+00
         vertex 2.763009e+01 1.233445e+03 0.000000e+00
      endloop
   endfacet
   facet normal 0.000000e+00 0.000000e+00 -1.000000e+00
      outer loop
         vertex 1.000000e+03 1.000000e+03 0.000000e+00
         vertex 2.763009e+01 1.233445e+03 0.000000e+00
         vertex 2.970427e+01 1.241922e+03 0.000000e+00
      endloop
   endfacet
   facet normal 0.000000e+00 0.000000e+00 -1.000000e+00
      outer loop
         vertex 1.837283e+01 1.190809e+03 0.000000e+00
         vertex 2.007532e+01 1.199368e+03 0.000000e+00
         vertex 1.000000e+03 1.000000e+03 0.000000e+00
      endloop
   endfacet
   facet normal 0.000000e+00 0.000000e+00 -1.000000e+00
      outer loop
         vertex 1.000000e+03 1.000000e+03 0.000000e+00
         vertex 2.007532e+01 1.199368e+03 0.000000e+00
         vertex 2.185237e+01 1.207912e+03 0.000000e+00
      endloop
   endfacet
   facet normal 0.000000e+00 0.000000e+00 -1.000000e+00
      outer loop
         vertex 1.000000e+03 1.000000e+03 0.000000e+00
         vertex 2.185237e+01 1.207912e+03 0.000000e+00
         vertex 2.370399e+01 1.216440e+03 0.000000e+00
      endloop
   endfacet
   facet normal 0.000000e+00 0.000000e+00 -1.000000e+00
      outer loop
         vertex 1.371437e+01 1.165048e+03 0.000000e+00
         vertex 1.519227e+01 1.173648e+03 0.000000e+00
         vertex 1.000000e+03 1.000000e+03 0.000000e+00
      endloop
   endfacet
   facet normal 0.000000e+00 0.000000e+00 -1.000000e+00
      outer loop
         vertex 1.000000e+03 1.000000e+03 0.000000e+00
         vertex 1.519227e+01 1.173648e+03 0.000000e+00
         vertex 1.674509e+01 1.182236e+03 0.000000e+00
      endloop
   endfacet
   facet normal 0.000000e+00 0.000000e+00 -1.000000e+00
      outer loop
         vertex 1.000000e+03 1.000000e+03 0.000000e+00
         vertex 1.674509e+01 1.182236e+03 0.000000e+00
         vertex 1.837283e+01 1.190809e+03 0.000000e+00
      endloop
   endfacet
   facet normal 0.000000e+00 0.000000e+00 -1.000000e+00
      outer loop
         vertex 9.731948e+00 1.139173e+03 0.000000e+00
         vertex 1.098412e+01 1.147809e+03 0.000000e+00
         vertex 1.000000e+03 1.000000e+03 0.000000e+00
      endloop
   endfacet
   facet normal 0.000000e+00 0.000000e+00 -1.000000e+00
      outer loop
         vertex 1.000000e+03 1.000000e+03 0.000000e+00
         vertex 1.098412e+01 1.147809e+03 0.000000e+00
         vertex 1.231164e+01 1.156434e+03 0.000000e+00
      endloop
   endfacet
   facet normal 0.000000e+00 0.000000e+00 -1.000000e+00
      outer loop
         vertex 1.000000e+03 1.000000e+03 0.000000e+00
         vertex 1.231164e+01 1.156434e+03 0.000000e+00
         vertex 1.371437e+01 1.165048e+03 0.000000e+00
      endloop
   endfacet
   facet normal 0.000000e+00 0.000000e+00 -1.000000e+00
      outer loop
         vertex 6.428123e+00 1.113203e+03 0.000000e+00
         vertex 7.453859e+00 1.121869e+03 0.000000e+00
         vertex 1.000000e+03 1.000000e+03 0.000000e+00
      endloop
   endfacet
   facet normal 0.000000e+00 0.000000e+00 -1.000000e+00
      outer loop
         vertex 1.000000e+03 1.000000e+03 0.000000e+00
         vertex 7.453859e+00 1.121869e+03 0.000000e+00
         vertex 8.555114e+00 1.130526e+03 0.000000e+00
      endloop
   endfacet
   facet normal 0.000000e+00 0.000000e+00 -1.000000e+00
      outer loop
         vertex 1.000000e+03 1.000000e+03 0.000000e+00
         vertex 8.555114e+00 1.130526e+03 0.000000e+00
         vertex 9.731948e+00 1.139173e+03 0.000000e+00
      endloop
   endfacet
   facet normal 0.000000e+00 0.000000e+00 -1.000000e+00
      outer loop
         vertex 3.805280e+00 1.087156e+03 0.000000e+00
         vertex 4.603803e+00 1.095846e+03 0.000000e+00
         vertex 1.000000e+03 1.000000e+03 0.000000e+00
      endloop
   endfacet
   facet normal 0.000000e+00 0.000000e+00 -1.000000e+00
      outer loop
         vertex 1.000000e+03 1.000000e+03 0.000000e+00
         vertex 4.603803e+00 1.095846e+03 0.000000e+00
         vertex 5.478084e+00 1.104528e+03 0.000000e+00
      endloop
   endfacet
   facet normal 0.000000e+00 0.000000e+00 -1.000000e+00
      outer loop
         vertex 1.000000e+03 1.000000e+03 0.000000e+00
         vertex 5.478084e+00 1.104528e+03 0.000000e+00
         vertex 6.428123e+00 1.113203e+03 0.000000e+00
      endloop
   endfacet
   facet normal 0.000000e+00 0.000000e+00 -1.000000e+00
      outer loop
         vertex 1.865208e+00 1.061049e+03 0.000000e+00
         vertex 2.435923e+00 1.069756e+03 0.000000e+00
         vertex 1.000000e+03 1.000000e+03 0.000000e+00
      endloop
   endfacet
   facet normal 0.000000e+00 0.000000e+00 -1.000000e+00
      outer loop
         vertex 1.000000e+03 1.000000e+03 0.000000e+00
         vertex 2.435923e+00 1.069756e+03 0.000000e+00
         vertex 3.082693e+00 1.078459e+03 0.000000e+00
      endloop
   endfacet
   facet normal 0.000000e+00 0.000000e+00 -1.000000e+00
      outer loop
         vertex 1.000000e+03 1.000000e+03 0.000000e+00
         vertex 3.082693e+00 1.078459e+03 0.000000e+00
         vertex 3.805280e+00 1.087156e+03 0.000000e+00
      endloop
   endfacet
   facet normal 0.000000e+00 0.000000e+00 -1.000000e+00
      outer loop
         vertex 6.091595e-01 1.034899e+03 0.000000e+00
         vertex 9.517670e-01 1.043619e+03 0.000000e+00
         vertex 1.000000e+03 1.000000e+03 0.000000e+00
      endloop
   endfacet
   facet normal 0.000000e+00 0.000000e+00 -1.000000e+00
      outer loop
         vertex 1.000000e+03 1.000000e+03 0.000000e+00
         vertex 9.517670e-01 1.043619e+03 0.000000e+00
         vertex 1.370490e+00 1.052336e+03 0.000000e+00
      endloop
   endfacet
   facet normal 0.000000e+00 0.000000e+00 -1.000000e+00
      outer loop
         vertex 1.000000e+03 1.000000e+03 0.000000e+00
         vertex 1.370490e+00 1.052336e+03 0.000000e+00
         vertex 1.865208e+00 1.061049e+03 0.000000e+00
      endloop
   endfacet
   facet normal 0.000000e+00 0.000000e+00 -1.000000e+00
      outer loop
         vertex 3.808737e-02 1.008727e+03 0.000000e+00
         vertex 1.522899e-01 1.017452e+03 0.000000e+00
         vertex 1.000000e+03 1.000000e+03 0.000000e+00
      endloop
   endfacet
   facet normal 0.000000e+00 0.000000e+00 -1.000000e+00
      outer loop
         vertex 1.000000e+03 1.000000e+03 0.000000e+00
         vertex 1.522899e-01 1.017452e+03 0.000000e+00
         vertex 3.426671e-01 1.026177e+03 0.000000e+00
      endloop
   endfacet
   facet normal 0.000000e+00 0.000000e+00 -1.000000e+00
      outer loop
         vertex 1.000000e+03 1.000000e+03 0.000000e+00
         vertex 3.426671e-01 1.026177e+03 0.000000e+00
         vertex 6.091595e-01 1.034899e+03 0.000000e+00
      endloop
   endfacet
   facet normal 0.000000e+00 0.000000e+00 -1.000000e+00
      outer loop
         vertex 1.522899e-01 9.825476e+02 0.000000e+00
         vertex 3.808737e-02 9.912735e+02 0.000000e+00
         vertex 1.000000e+03 1.000000e+03 0.000000e+00
      endloop
   endfacet
   facet normal -0.000000e+00 0.000000e+00 -1.000000e+00
      outer loop
         vertex 1.000000e+03 1.000000e+03 0.000000e+00
         vertex 3.808737e-02 9.912735e+02 0.000000e+00
         vertex 0.000000e+00 1.000000e+03 0.000000e+00
      endloop
   endfacet
   facet normal 0.000000e+00 0.000000e+00 -1.000000e+00
      outer loop
         vertex 1.000000e+03 1.000000e+03 0.000000e+00
         vertex 0.000000e+00 1.000000e+03 0.000000e+00
         vertex 3.808737e-02 1.008727e+03 0.000000e+00
      endloop
   endfacet
   facet normal 0.000000e+00 0.000000e+00 -1.000000e+00
      outer loop
         vertex 9.517670e-01 9.563806e+02 0.000000e+00
         vertex 6.091595e-01 9.651005e+02 0.000000e+00
         vertex 1.000000e+03 1.000000e+03 0.000000e+00
      endloop
   endfacet
   facet normal 0.000000e+00 0.000000e+00 -1.000000e+00
      outer loop
         vertex 1.000000e+03 1.000000e+03 0.000000e+00
         vertex 6.091595e-01 9.651005e+02 0.000000e+00
         vertex 3.426671e-01 9.738231e+02 0.000000e+00
      endloop
   endfacet
   facet normal 0.000000e+00 0.000000e+00 -1.000000e+00
      outer loop
         vertex 1.000000e+03 1.000000e+03 0.000000e+00
         vertex 3.426671e-01 9.738231e+02 0.000000e+00
         vertex 1.522899e-01 9.825476e+02 0.000000e+00
      endloop
   endfacet
   facet normal 0.000000e+00 0.000000e+00 -1.000000e+00
      outer loop
         vertex 2.435923e+00 9.302435e+02 0.000000e+00
         vertex 1.865208e+00 9.389515e+02 0.000000e+00
         vertex 1.000000e+03 1.000000e+03 0.000000e+00
      endloop
   endfacet
   facet normal 0.000000e+00 0.000000e+00 -1.000000e+00
      outer loop
         vertex 1.000000e+03 1.000000e+03 0.000000e+00
         vertex 1.865208e+00 9.389515e+02 0.000000e+00
         vertex 1.370490e+00 9.476640e+02 0.000000e+00
      endloop
   endfacet
   facet normal 0.000000e+00 0.000000e+00 -1.000000e+00
      outer loop
         vertex 1.000000e+03 1.000000e+03 0.000000e+00
         vertex 1.370490e+00 9.476640e+02 0.000000e+00
         vertex 9.517670e-01 9.563806e+02 0.000000e+00
      endloop
   endfacet
   facet normal 0.000000e+00 0.000000e+00 -1.000000e+00
      outer loop
         vertex 4.603803e+00 9.041542e+02 0.000000e+00
         vertex 3.805280e+00 9.128443e+02 0.000000e+00
         vertex 1.000000e+03 1.000000e+03 0.000000e+00
      endloop
   endfacet
   facet normal 0.000000e+00 0.000000e+00 -1.000000e+00
      outer loop
         vertex 1.000000e+03 1.000000e+03 0.000000e+00
         vertex 3.805280e+00 9.128443e+02 0.000000e+00
         vertex 3.082693e+00 9.215409e+02 0.000000e+00
      endloop
   endfacet
   facet normal 0.000000e+00 0.000000e+00 -1.000000e+00
      outer loop
         vertex 1.000000e+03 1.000000e+03 0.000000e+00
         vertex 3.082693e+00 9.215409e+02 0.000000e+00
         vertex 2.435923e+00 9.302435e+02 0.000000e+00
      endloop
   endfacet
   facet normal 0.000000e+00 0.000000e+00 -1.000000e+00
      outer loop
         vertex 7.453859e+00 8.781307e+02 0.000000e+00
         vertex 6.428123e+00 8.867968e+02 0.000000e+00
         vertex 1.000000e+03 1.000000e+03 0.000000e+00
      endloop
   endfacet
   facet normal 0.000000e+00 0.000000e+00 -1.000000e+00
      outer loop
         vertex 1.000000e+03 1.000000e+03 0.000000e+00
         vertex 6.428123e+00 8.867968e+02 0.000000e+00
         vertex 5.478084e+00 8.954715e+02 0.000000e+00
      endloop
   endfacet
   facet normal 0.000000e+00 0.000000e+00 -1.000000e+00
      outer loop
         vertex 1.000000e+03 1.000000e+03 0.000000e+00
         vertex 5.478084e+00 8.954715e+02 0.000000e+00
         vertex 4.603803e+00 9.041542e+02 0.000000e+00
      endloop
   endfacet
   facet normal 0.000000e+00 0.000000e+00 -1.000000e+00
      outer loop
         vertex 1.098412e+01 8.521906e+02 0.000000e+00
         vertex 9.731948e+00 8.608269e+02 0.000000e+00
         vertex 1.000000e+03 1.000000e+03 0.000000e+00
      endloop
   endfacet
   facet normal 0.000000e+00 0.000000e+00 -1.000000e+00
      outer loop
         vertex 1.000000e+03 1.000000e+03 0.000000e+00
         vertex 9.731948e+00 8.608269e+02 0.000000e+00
         vertex 8.555114e+00 8.694738e+02 0.000000e+00
      endloop
   endfacet
   facet normal 0.000000e+00 0.000000e+00 -1.000000e+00
      outer loop
         vertex 1.000000e+03 1.000000e+03 0.000000e+00
         vertex 8.555114e+00 8.694738e+02 0.000000e+00
         vertex 7.453859e+00 8.781307e+02 0.000000e+00
      endloop
   endfacet
   facet normal 0.000000e+00 0.000000e+00 -1.000000e+00
      outer loop
         vertex 1.519227e+01 8.263518e+02 0.000000e+00
         vertex 1.371437e+01 8.349524e+02 0.000000e+00
         vertex 1.000000e+03 1.000000e+03 0.000000e+00
      endloop
   endfacet
   facet normal 0.000000e+00 0.000000e+00 -1.000000e+00
      outer loop
         vertex 1.000000e+03 1.000000e+03 0.000000e+00
         vertex 1.371437e+01 8.349524e+02 0.000000e+00
         vertex 1.231164e+01 8.435655e+02 0.000000e+00
      endloop
   endfacet
   facet normal 0.000000e+00 0.000000e+00 -1.000000e+00
      outer loop
         vertex 1.000000e+03 1.000000e+03 0.000000e+00
         vertex 1.231164e+01 8.435655e+02 0.000000e+00
         vertex 1.098412e+01 8.521906e+02 0.000000e+00
      endloop
   endfacet
   facet normal 0.000000e+00 0.000000e+00 -1.000000e+00
      outer loop
         vertex 2.007532e+01 8.006321e+02 0.000000e+00
         vertex 1.837283e+01 8.091910e+02 0.000000e+00
         vertex 1.000000e+03 1.000000e+03 0.000000e+00
      endloop
   endfacet
   facet normal 0.000000e+00 0.000000e+00 -1.000000e+00
      outer loop
         vertex 1.000000e+03 1.000000e+03 0.000000e+00
         vertex 1.837283e+01 8.091910e+02 0.000000e+00
         vertex 1.674509e+01 8.177645e+02 0.000000e+00
      endloop
   endfacet
   facet normal 0.000000e+00 0.000000e+00 -1.000000e+00
      outer loop
         vertex 1.000000e+03 1.000000e+03 0.000000e+00
         vertex 1.674509e+01 8.177645e+02 0.000000e+00
         vertex 1.519227e+01 8.263518e+02 0.000000e+00
      endloop
   endfacet
   facet normal 0.000000e+00 0.000000e+00 -1.000000e+00
      outer loop
         vertex 2.562994e+01 7.750489e+02 0.000000e+00
         vertex 2.370399e+01 7.835604e+02 0.000000e+00
         vertex 1.000000e+03 1.000000e+03 0.000000e+00
      endloop
   endfacet
   facet normal 0.000000e+00 0.000000e+00 -1.000000e+00
      outer loop
         vertex 1.000000e+03 1.000000e+03 0.000000e+00
         vertex 2.370399e+01 7.835604e+02 0.000000e+00
         vertex 2.185237e+01 7.920883e+02 0.000000e+00
      endloop
   endfacet
   facet normal 0.000000e+00 0.000000e+00 -1.000000e+00
      outer loop
         vertex 1.000000e+03 1.000000e+03 0.000000e+00
         vertex 2.185237e+01 7.920883e+02 0.000000e+00
         vertex 2.007532e+01 8.006321e+02 0.000000e+00
      endloop
   endfacet
   facet normal 0.000000e+00 0.000000e+00 -1.000000e+00
      outer loop
         vertex 3.185236e+01 7.496200e+02 0.000000e+00
         vertex 2.970427e+01 7.580781e+02 0.000000e+00
         vertex 1.000000e+03 1.000000e+03 0.000000e+00
      endloop
   endfacet
   facet normal 0.000000e+00 0.000000e+00 -1.000000e+00
      outer loop
         vertex 1.000000e+03 1.000000e+03 0.000000e+00
         vertex 2.970427e+01 7.580781e+02 0.000000e+00
         vertex 2.763009e+01 7.665546e+02 0.000000e+00
      endloop
   endfacet
   facet normal 0.000000e+00 0.000000e+00 -1.000000e+00
      outer loop
         vertex 1.000000e+03 1.000000e+03 0.000000e+00
         vertex 2.763009e+01 7.665546e+02 0.000000e+00
         vertex 2.562994e+01 7.750489e+02 0.000000e+00
      endloop
   endfacet
   facet normal 0.000000e+00 0.000000e+00 -1.000000e+00
      outer loop
         vertex 3.873831e+01 7.243626e+02 0.000000e+00
         vertex 3.636956e+01 7.327616e+02 0.000000e+00
         vertex 1.000000e+03 1.000000e+03 0.000000e+00
      endloop
   endfacet
   facet normal 0.000000e+00 0.000000e+00 -1.000000e+00
      outer loop
         vertex 1.000000e+03 1.000000e+03 0.000000e+00
         vertex 3.636956e+01 7.327616e+02 0.000000e+00
         vertex 3.407419e+01 7.411810e+02 0.000000e+00
      endloop
   endfacet
   facet normal 0.000000e+00 0.000000e+00 -1.000000e+00
      outer loop
         vertex 1.000000e+03 1.000000e+03 0.000000e+00
         vertex 3.407419e+01 7.411810e+02 0.000000e+00
         vertex 3.185236e+01 7.496200e+02 0.000000e+00
      endloop
   endfacet
   facet normal 0.000000e+00 0.000000e+00 -1.000000e+00
      outer loop
         vertex 4.628307e+01 6.992942e+02 0.000000e+00
         vertex 4.369527e+01 7.076283e+02 0.000000e+00
         vertex 1.000000e+03 1.000000e+03 0.000000e+00
      endloop
   endfacet
   facet normal 0.000000e+00 0.000000e+00 -1.000000e+00
      outer loop
         vertex 1.000000e+03 1.000000e+03 0.000000e+00
         vertex 4.369527e+01 7.076283e+02 0.000000e+00
         vertex 4.118025e+01 7.159846e+02 0.000000e+00
      endloop
   endfacet
   facet normal 0.000000e+00 0.000000e+00 -1.000000e+00
      outer loop
         vertex 1.000000e+03 1.000000e+03 0.000000e+00
         vertex 4.118025e+01 7.159846e+02 0.000000e+00
         vertex 3.873831e+01 7.243626e+02 0.000000e+00
      endloop
   endfacet
   facet normal 0.000000e+00 0.000000e+00 -1.000000e+00
      outer loop
         vertex 5.448145e+01 6.744318e+02 0.000000e+00
         vertex 5.167633e+01 6.826953e+02 0.000000e+00
         vertex 1.000000e+03 1.000000e+03 0.000000e+00
      endloop
   endfacet
   facet normal 0.000000e+00 0.000000e+00 -1.000000e+00
      outer loop
         vertex 1.000000e+03 1.000000e+03 0.000000e+00
         vertex 5.167633e+01 6.826953e+02 0.000000e+00
         vertex 4.894346e+01 6.909830e+02 0.000000e+00
      endloop
   endfacet
   facet normal 0.000000e+00 0.000000e+00 -1.000000e+00
      outer loop
         vertex 1.000000e+03 1.000000e+03 0.000000e+00
         vertex 4.894346e+01 6.909830e+02 0.000000e+00
         vertex 4.628307e+01 6.992942e+02 0.000000e+00
      endloop
   endfacet
   facet normal 0.000000e+00 0.000000e+00 -1.000000e+00
      outer loop
         vertex 6.332779e+01 6.497926e+02 0.000000e+00
         vertex 6.030738e+01 6.579798e+02 0.000000e+00
         vertex 1.000000e+03 1.000000e+03 0.000000e+00
      endloop
   endfacet
   facet normal 0.000000e+00 0.000000e+00 -1.000000e+00
      outer loop
         vertex 1.000000e+03 1.000000e+03 0.000000e+00
         vertex 6.030738e+01 6.579798e+02 0.000000e+00
         vertex 5.735850e+01 6.661931e+02 0.000000e+00
      endloop
   endfacet
   facet normal 0.000000e+00 0.000000e+00 -1.000000e+00
      outer loop
         vertex 1.000000e+03 1.000000e+03 0.000000e+00
         vertex 5.735850e+01 6.661931e+02 0.000000e+00
         vertex 5.448145e+01 6.744318e+02 0.000000e+00
      endloop
   endfacet
   facet normal 0.000000e+00 0.000000e+00 -1.000000e+00
      outer loop
         vertex 7.281613e+01 6.253934e+02 0.000000e+00
         vertex 6.958240e+01 6.334988e+02 0.000000e+00
         vertex 1.000000e+03 1.000000e+03 0.000000e+00
      endloop
   endfacet
   facet normal 0.000000e+00 0.000000e+00 -1.000000e+00
      outer loop
         vertex 1.000000e+03 1.000000e+03 0.000000e+00
         vertex 6.958240e+01 6.334988e+02 0.000000e+00
         vertex 6.641960e+01 6.416321e+02 0.000000e+00
      endloop
   endfacet
   facet normal 0.000000e+00 0.000000e+00 -1.000000e+00
      outer loop
         vertex 1.000000e+03 1.000000e+03 0.000000e+00
         vertex 6.641960e+01 6.416321e+02 0.000000e+00
         vertex 6.332779e+01 6.497926e+02 0.000000e+00
      endloop
   endfacet
   facet normal 0.000000e+00 0.000000e+00 -1.000000e+00
      outer loop
         vertex 8.293992e+01 6.012509e+02 0.000000e+00
         vertex 7.949513e+01 6.092689e+02 0.000000e+00
         vertex 1.000000e+03 1.000000e+03 0.000000e+00
      endloop
   endfacet
   facet normal 0.000000e+00 0.000000e+00 -1.000000e+00
      outer loop
         vertex 1.000000e+03 1.000000e+03 0.000000e+00
         vertex 7.949513e+01 6.092689e+02 0.000000e+00
         vertex 7.612050e+01 6.173166e+02 0.000000e+00
      endloop
   endfacet
   facet normal 0.000000e+00 0.000000e+00 -1.000000e+00
      outer loop
         vertex 1.000000e+03 1.000000e+03 0.000000e+00
         vertex 7.612050e+01 6.173166e+02 0.000000e+00
         vertex 7.281613e+01 6.253934e+02 0.000000e+00
      endloop
   endfacet
   facet normal 0.000000e+00 0.000000e+00 -1.000000e+00
      outer loop
         vertex 9.369218e+01 5.773817e+02 0.000000e+00
         vertex 9.003872e+01 5.853068e+02 0.000000e+00
         vertex 1.000000e+03 1.000000e+03 0.000000e+00
      endloop
   endfacet
   facet normal 0.000000e+00 0.000000e+00 -1.000000e+00
      outer loop
         vertex 1.000000e+03 1.000000e+03 0.000000e+00
         vertex 9.003872e+01 5.853068e+02 0.000000e+00
         vertex 8.645457e+01 5.932634e+02 0.000000e+00
      endloop
   endfacet
   facet normal 0.000000e+00 0.000000e+00 -1.000000e+00
      outer loop
         vertex 1.000000e+03 1.000000e+03 0.000000e+00
         vertex 8.645457e+01 5.932634e+02 0.000000e+00
         vertex 8.293992e+01 6.012509e+02 0.000000e+00
      endloop
   endfacet
   facet normal 0.000000e+00 0.000000e+00 -1.000000e+00
      outer loop
         vertex 1.050656e+02 5.538022e+02 0.000000e+00
         vertex 1.012059e+02 5.616288e+02 0.000000e+00
         vertex 1.000000e+03 1.000000e+03 0.000000e+00
      endloop
   endfacet
   facet normal 0.000000e+00 0.000000e+00 -1.000000e+00
      outer loop
         vertex 1.000000e+03 1.000000e+03 0.000000e+00
         vertex 1.012059e+02 5.616288e+02 0.000000e+00
         vertex 9.741473e+01 5.694889e+02 0.000000e+00
      endloop
   endfacet
   facet normal 0.000000e+00 0.000000e+00 -1.000000e+00
      outer loop
         vertex 1.000000e+03 1.000000e+03 0.000000e+00
         vertex 9.741473e+01 5.694889e+02 0.000000e+00
         vertex 9.369218e+01 5.773817e+02 0.000000e+00
      endloop
   endfacet
   facet normal 0.000000e+00 0.000000e+00 -1.000000e+00
      outer loop
         vertex 1.170524e+02 5.305284e+02 0.000000e+00
         vertex 1.129892e+02 5.382514e+02 0.000000e+00
         vertex 1.000000e+03 1.000000e+03 0.000000e+00
      endloop
   endfacet
   facet normal 0.000000e+00 0.000000e+00 -1.000000e+00
      outer loop
         vertex 1.000000e+03 1.000000e+03 0.000000e+00
         vertex 1.129892e+02 5.382514e+02 0.000000e+00
         vertex 1.089935e+02 5.460095e+02 0.000000e+00
      endloop
   endfacet
   facet normal 0.000000e+00 0.000000e+00 -1.000000e+00
      outer loop
         vertex 1.000000e+03 1.000000e+03 0.000000e+00
         vertex 1.089935e+02 5.460095e+02 0.000000e+00
         vertex 1.050656e+02 5.538022e+02 0.000000e+00
      endloop
   endfacet
   facet normal 0.000000e+00 0.000000e+00 -1.000000e+00
      outer loop
         vertex 1.296443e+02 5.075764e+02 0.000000e+00
         vertex 1.253803e+02 5.151904e+02 0.000000e+00
         vertex 1.000000e+03 1.000000e+03 0.000000e+00
      endloop
   endfacet
   facet normal 0.000000e+00 0.000000e+00 -1.000000e+00
      outer loop
         vertex 1.000000e+03 1.000000e+03 0.000000e+00
         vertex 1.253803e+02 5.151904e+02 0.000000e+00
         vertex 1.211829e+02 5.228412e+02 0.000000e+00
      endloop
   endfacet
   facet normal 0.000000e+00 0.000000e+00 -1.000000e+00
      outer loop
         vertex 1.000000e+03 1.000000e+03 0.000000e+00
         vertex 1.211829e+02 5.228412e+02 0.000000e+00
         vertex 1.170524e+02 5.305284e+02 0.000000e+00
      endloop
   endfacet
   facet normal 0.000000e+00 0.000000e+00 -1.000000e+00
      outer loop
         vertex 1.428327e+02 4.849619e+02 0.000000e+00
         vertex 1.383708e+02 4.924616e+02 0.000000e+00
         vertex 1.000000e+03 1.000000e+03 0.000000e+00
      endloop
   endfacet
   facet normal 0.000000e+00 0.000000e+00 -1.000000e+00
      outer loop
         vertex 1.000000e+03 1.000000e+03 0.000000e+00
         vertex 1.383708e+02 4.924616e+02 0.000000e+00
         vertex 1.339746e+02 5.000000e+02 0.000000e+00
      endloop
   endfacet
   facet normal 0.000000e+00 0.000000e+00 -1.000000e+00
      outer loop
         vertex 1.000000e+03 1.000000e+03 0.000000e+00
         vertex 1.339746e+02 5.000000e+02 0.000000e+00
         vertex 1.296443e+02 5.075764e+02 0.000000e+00
      endloop
   endfacet
   facet normal 0.000000e+00 0.000000e+00 -1.000000e+00
      outer loop
         vertex 1.566086e+02 4.627004e+02 0.000000e+00
         vertex 1.519519e+02 4.700807e+02 0.000000e+00
         vertex 1.000000e+03 1.000000e+03 0.000000e+00
      endloop
   endfacet
   facet normal 0.000000e+00 0.000000e+00 -1.000000e+00
      outer loop
         vertex 1.000000e+03 1.000000e+03 0.000000e+00
         vertex 1.519519e+02 4.700807e+02 0.000000e+00
         vertex 1.473598e+02 4.775015e+02 0.000000e+00
      endloop
   endfacet
   facet normal 0.000000e+00 0.000000e+00 -1.000000e+00
      outer loop
         vertex 1.000000e+03 1.000000e+03 0.000000e+00
         vertex 1.473598e+02 4.775015e+02 0.000000e+00
         vertex 1.428327e+02 4.849619e+02 0.000000e+00
      endloop
   endfacet
   facet normal 0.000000e+00 0.000000e+00 -1.000000e+00
      outer loop
         vertex 1.709625e+02 4.408071e+02 0.000000e+00
         vertex 1.661142e+02 4.480630e+02 0.000000e+00
         vertex 1.000000e+03 1.000000e+03 0.000000e+00
      endloop
   endfacet
   facet normal 0.000000e+00 0.000000e+00 -1.000000e+00
      outer loop
         vertex 1.000000e+03 1.000000e+03 0.000000e+00
         vertex 1.661142e+02 4.480630e+02 0.000000e+00
         vertex 1.613294e+02 4.553609e+02 0.000000e+00
      endloop
   endfacet
   facet normal 0.000000e+00 0.000000e+00 -1.000000e+00
      outer loop
         vertex 1.000000e+03 1.000000e+03 0.000000e+00
         vertex 1.613294e+02 4.553609e+02 0.000000e+00
         vertex 1.566086e+02 4.627004e+02 0.000000e+00
      endloop
   endfacet
   facet normal 0.000000e+00 0.000000e+00 -1.000000e+00
      outer loop
         vertex 1.858845e+02 4.192970e+02 0.000000e+00
         vertex 1.808479e+02 4.264235e+02 0.000000e+00
         vertex 1.000000e+03 1.000000e+03 0.000000e+00
      endloop
   endfacet
   facet normal 0.000000e+00 0.000000e+00 -1.000000e+00
      outer loop
         vertex 1.000000e+03 1.000000e+03 0.000000e+00
         vertex 1.808479e+02 4.264235e+02 0.000000e+00
         vertex 1.758738e+02 4.335938e+02 0.000000e+00
      endloop
   endfacet
   facet normal 0.000000e+00 0.000000e+00 -1.000000e+00
      outer loop
         vertex 1.000000e+03 1.000000e+03 0.000000e+00
         vertex 1.758738e+02 4.335938e+02 0.000000e+00
         vertex 1.709625e+02 4.408071e+02 0.000000e+00
      endloop
   endfacet
   facet normal 0.000000e+00 0.000000e+00 -1.000000e+00
      outer loop
         vertex 2.013645e+02 3.981850e+02 0.000000e+00
         vertex 1.961432e+02 4.051772e+02 0.000000e+00
         vertex 1.000000e+03 1.000000e+03 0.000000e+00
      endloop
   endfacet
   facet normal 0.000000e+00 0.000000e+00 -1.000000e+00
      outer loop
         vertex 1.000000e+03 1.000000e+03 0.000000e+00
         vertex 1.961432e+02 4.051772e+02 0.000000e+00
         vertex 1.909830e+02 4.122148e+02 0.000000e+00
      endloop
   endfacet
   facet normal 0.000000e+00 0.000000e+00 -1.000000e+00
      outer loop
         vertex 1.000000e+03 1.000000e+03 0.000000e+00
         vertex 1.909830e+02 4.122148e+02 0.000000e+00
         vertex 1.858845e+02 4.192970e+02 0.000000e+00
      endloop
   endfacet
   facet normal 0.000000e+00 0.000000e+00 -1.000000e+00
      outer loop
         vertex 2.173918e+02 3.774853e+02 0.000000e+00
         vertex 2.119892e+02 3.843385e+02 0.000000e+00
         vertex 1.000000e+03 1.000000e+03 0.000000e+00
      endloop
   endfacet
   facet normal 0.000000e+00 0.000000e+00 -1.000000e+00
      outer loop
         vertex 1.000000e+03 1.000000e+03 0.000000e+00
         vertex 2.119892e+02 3.843385e+02 0.000000e+00
         vertex 2.066467e+02 3.912386e+02 0.000000e+00
      endloop
   endfacet
   facet normal 0.000000e+00 0.000000e+00 -1.000000e+00
      outer loop
         vertex 1.000000e+03 1.000000e+03 0.000000e+00
         vertex 2.066467e+02 3.912386e+02 0.000000e+00
         vertex 2.013645e+02 3.981850e+02 0.000000e+00
      endloop
   endfacet
   facet normal 0.000000e+00 0.000000e+00 -1.000000e+00
      outer loop
         vertex 2.339556e+02 3.572124e+02 0.000000e+00
         vertex 2.283754e+02 3.639218e+02 0.000000e+00
         vertex 1.000000e+03 1.000000e+03 0.000000e+00
      endloop
   endfacet
   facet normal 0.000000e+00 0.000000e+00 -1.000000e+00
      outer loop
         vertex 1.000000e+03 1.000000e+03 0.000000e+00
         vertex 2.283754e+02 3.639218e+02 0.000000e+00
         vertex 2.228540e+02 3.706796e+02 0.000000e+00
      endloop
   endfacet
   facet normal 0.000000e+00 0.000000e+00 -1.000000e+00
      outer loop
         vertex 1.000000e+03 1.000000e+03 0.000000e+00
         vertex 2.228540e+02 3.706796e+02 0.000000e+00
         vertex 2.173918e+02 3.774853e+02 0.000000e+00
      endloop
   endfacet
   facet normal 0.000000e+00 0.000000e+00 -1.000000e+00
      outer loop
         vertex 2.510443e+02 3.373799e+02 0.000000e+00
         vertex 2.452904e+02 3.439410e+02 0.000000e+00
         vertex 1.000000e+03 1.000000e+03 0.000000e+00
      endloop
   endfacet
   facet normal 0.000000e+00 0.000000e+00 -1.000000e+00
      outer loop
         vertex 1.000000e+03 1.000000e+03 0.000000e+00
         vertex 2.452904e+02 3.439410e+02 0.000000e+00
         vertex 2.395940e+02 3.505520e+02 0.000000e+00
      endloop
   endfacet
   facet normal 0.000000e+00 0.000000e+00 -1.000000e+00
      outer loop
         vertex 1.000000e+03 1.000000e+03 0.000000e+00
         vertex 2.395940e+02 3.505520e+02 0.000000e+00
         vertex 2.339556e+02 3.572124e+02 0.000000e+00
      endloop
   endfacet
   facet normal 0.000000e+00 0.000000e+00 -1.000000e+00
      outer loop
         vertex 2.686463e+02 3.180016e+02 0.000000e+00
         vertex 2.627227e+02 3.244098e+02 0.000000e+00
         vertex 1.000000e+03 1.000000e+03 0.000000e+00
      endloop
   endfacet
   facet normal 0.000000e+00 0.000000e+00 -1.000000e+00
      outer loop
         vertex 1.000000e+03 1.000000e+03 0.000000e+00
         vertex 2.627227e+02 3.244098e+02 0.000000e+00
         vertex 2.568552e+02 3.308694e+02 0.000000e+00
      endloop
   endfacet
   facet normal 0.000000e+00 0.000000e+00 -1.000000e+00
      outer loop
         vertex 1.000000e+03 1.000000e+03 0.000000e+00
         vertex 2.568552e+02 3.308694e+02 0.000000e+00
         vertex 2.510443e+02 3.373799e+02 0.000000e+00
      endloop
   endfacet
   facet normal 0.000000e+00 0.000000e+00 -1.000000e+00
      outer loop
         vertex 2.867495e+02 2.990907e+02 0.000000e+00
         vertex 2.806602e+02 3.053416e+02 0.000000e+00
         vertex 1.000000e+03 1.000000e+03 0.000000e+00
      endloop
   endfacet
   facet normal 0.000000e+00 0.000000e+00 -1.000000e+00
      outer loop
         vertex 1.000000e+03 1.000000e+03 0.000000e+00
         vertex 2.806602e+02 3.053416e+02 0.000000e+00
         vertex 2.746256e+02 3.116454e+02 0.000000e+00
      endloop
   endfacet
   facet normal 0.000000e+00 0.000000e+00 -1.000000e+00
      outer loop
         vertex 1.000000e+03 1.000000e+03 0.000000e+00
         vertex 2.746256e+02 3.116454e+02 0.000000e+00
         vertex 2.686463e+02 3.180016e+02 0.000000e+00
      endloop
   endfacet
   facet normal 0.000000e+00 0.000000e+00 -1.000000e+00
      outer loop
         vertex 3.053416e+02 2.806602e+02 0.000000e+00
         vertex 2.990907e+02 2.867495e+02 0.000000e+00
         vertex 1.000000e+03 1.000000e+03 0.000000e+00
      endloop
   endfacet
   facet normal 0.000000e+00 0.000000e+00 -1.000000e+00
      outer loop
         vertex 1.000000e+03 1.000000e+03 0.000000e+00
         vertex 2.990907e+02 2.867495e+02 0.000000e+00
         vertex 2.928932e+02 2.928932e+02 0.000000e+00
      endloop
   endfacet
   facet normal 0.000000e+00 0.000000e+00 -1.000000e+00
      outer loop
         vertex 1.000000e+03 1.000000e+03 0.000000e+00
         vertex 2.928932e+02 2.928932e+02 0.000000e+00
         vertex 2.867495e+02 2.990907e+02 0.000000e+00
      endloop
   endfacet
   facet normal 0.000000e+00 0.000000e+00 -1.000000e+00
      outer loop
         vertex 3.244098e+02 2.627227e+02 0.000000e+00
         vertex 3.180016e+02 2.686463e+02 0.000000e+00
         vertex 1.000000e+03 1.000000e+03 0.000000e+00
      endloop
   endfacet
   facet normal 0.000000e+00 0.000000e+00 -1.000000e+00
      outer loop
         vertex 1.000000e+03 1.000000e+03 0.000000e+00
         vertex 3.180016e+02 2.686463e+02 0.000000e+00
         vertex 3.116454e+02 2.746256e+02 0.000000e+00
      endloop
   endfacet
   facet normal 0.000000e+00 0.000000e+00 -1.000000e+00
      outer loop
         vertex 1.000000e+03 1.000000e+03 0.000000e+00
         vertex 3.116454e+02 2.746256e+02 0.000000e+00
         vertex 3.053416e+02 2.806602e+02 0.000000e+00
      endloop
   endfacet
   facet normal 0.000000e+00 0.000000e+00 -1.000000e+00
      outer loop
         vertex 3.439410e+02 2.452904e+02 0.000000e+00
         vertex 3.373799e+02 2.510443e+02 0.000000e+00
         vertex 1.000000e+03 1.000000e+03 0.000000e+00
      endloop
   endfacet
   facet normal 0.000000e+00 0.000000e+00 -1.000000e+00
      outer loop
         vertex 1.000000e+03 1.000000e+03 0.000000e+00
         vertex 3.373799e+02 2.510443e+02 0.000000e+00
         vertex 3.308694e+02 2.568552e+02 0.000000e+00
      endloop
   endfacet
   facet normal 0.000000e+00 0.000000e+00 -1.000000e+00
      outer loop
         vertex 1.000000e+03 1.000000e+03 0.000000e+00
         vertex 3.308694e+02 2.568552e+02 0.000000e+00
         vertex 3.244098e+02 2.627227e+02 0.000000e+00
      endloop
   endfacet
   facet normal 0.000000e+00 0.000000e+00 -1.000000e+00
      outer loop
         vertex 3.639218e+02 2.283754e+02 0.000000e+00
         vertex 3.572124e+02 2.339556e+02 0.000000e+00
         vertex 1.000000e+03 1.000000e+03 0.000000e+00
      endloop
   endfacet
   facet normal 0.000000e+00 0.000000e+00 -1.000000e+00
      outer loop
         vertex 1.000000e+03 1.000000e+03 0.000000e+00
         vertex 3.572124e+02 2.339556e+02 0.000000e+00
         vertex 3.505520e+02 2.395940e+02 0.000000e+00
      endloop
   endfacet
   facet normal 0.000000e+00 0.000000e+00 -1.000000e+00
      outer loop
         vertex 1.000000e+03 1.000000e+03 0.000000e+00
         vertex 3.505520e+02 2.395940e+02 0.000000e+00
         vertex 3.439410e+02 2.452904e+02 0.000000e+00
      endloop
   endfacet
   facet normal 0.000000e+00 0.000000e+00 -1.000000e+00
      outer loop
         vertex 3.843385e+02 2.119892e+02 0.000000e+00
         vertex 3.774853e+02 2.173918e+02 0.000000e+00
         vertex 1.000000e+03 1.000000e+03 0.000000e+00
      endloop
   endfacet
   facet normal 0.000000e+00 0.000000e+00 -1.000000e+00
      outer loop
         vertex 1.000000e+03 1.000000e+03 0.000000e+00
         vertex 3.774853e+02 2.173918e+02 0.000000e+00
         vertex 3.706796e+02 2.228540e+02 0.000000e+00
      endloop
   endfacet
   facet normal 0.000000e+00 0.000000e+00 -1.000000e+00
      outer loop
         vertex 1.000000e+03 1.000000e+03 0.000000e+00
         vertex 3.706796e+02 2.228540e+02 0.000000e+00
         vertex 3.639218e+02 2.283754e+02 0.000000e+00
      endloop
   endfacet
   facet normal 0.000000e+00 0.000000e+00 -1.000000e+00
      outer loop
         vertex 4.051772e+02 1.961432e+02 0.000000e+00
         vertex 3.981850e+02 2.013645e+02 0.000000e+00
         vertex 1.000000e+03 1.000000e+03 0.000000e+00
      endloop
   endfacet
   facet normal 0.000000e+00 0.000000e+00 -1.000000e+00
      outer loop
         vertex 1.000000e+03 1.000000e+03 0.000000e+00
         vertex 3.981850e+02 2.013645e+02 0.000000e+00
         vertex 3.912386e+02 2.066467e+02 0.000000e+00
      endloop
   endfacet
   facet normal 0.000000e+00 0.000000e+00 -1.000000e+00
      outer loop
         vertex 1.000000e+03 1.000000e+03 0.000000e+00
         vertex 3.912386e+02 2.066467e+02 0.000000e+00
         vertex 3.843385e+02 2.119892e+02 0.000000e+00
      endloop
   endfacet
   facet normal 0.000000e+00 0.000000e+00 -1.000000e+00
      outer loop
         vertex 4.264235e+02 1.808479e+02 0.000000e+00
         vertex 4.192970e+02 1.858845e+02 0.000000e+00
         vertex 1.000000e+03 1.000000e+03 0.000000e+00
      endloop
   endfacet
   facet normal 0.000000e+00 0.000000e+00 -1.000000e+00
      outer loop
         vertex 1.000000e+03 1.000000e+03 0.000000e+00
         vertex 4.192970e+02 1.858845e+02 0.000000e+00
         vertex 4.122148e+02 1.909830e+02 0.000000e+00
      endloop
   endfacet
   facet normal 0.000000e+00 0.000000e+00 -1.000000e+00
      outer loop
         vertex 1.000000e+03 1.000000e+03 0.000000e+00
         vertex 4.122148e+02 1.909830e+02 0.000000e+00
         vertex 4.051772e+02 1.961432e+02 0.000000e+00
      endloop
   endfacet
   facet normal 0.000000e+00 0.000000e+00 -1.000000e+00
      outer loop
         vertex 4.480630e+02 1.661142e+02 0.000000e+00
         vertex 4.408071e+02 1.709625e+02 0.000000e+00
         vertex 1.000000e+03 1.000000e+03 0.000000e+00
      endloop
   endfacet
   facet normal 0.000000e+00 0.000000e+00 -1.000000e+00
      outer loop
         vertex 1.000000e+03 1.000000e+03 0.000000e+00
         vertex 4.408071e+02 1.709625e+02 0.000000e+00
         vertex 4.335938e+02 1.758738e+02 0.000000e+00
      endloop
   endfacet
   facet normal 0.000000e+00 0.000000e+00 -1.000000e+00
      outer loop
         vertex 1.000000e+03 1.000000e+03 0.000000e+00
         vertex 4.335938e+02 1.758738e+02 0.000000e+00
         vertex 4.264235e+02 1.808479e+02 0.000000e+00
      endloop
   endfacet
   facet normal 0.000000e+00 0.000000e+00 -1.000000e+00
      outer loop
         vertex 4.700807e+02 1.519519e+02 0.000000e+00
         vertex 4.627004e+02 1.566086e+02 0.000000e+00
         vertex 1.000000e+03 1.000000e+03 0.000000e+00
      endloop
   endfacet
   facet normal 0.000000e+00 0.000000e+00 -1.000000e+00
      outer loop
         vertex 1.000000e+03 1.000000e+03 0.000000e+00
         vertex 4.627004e+02 1.566086e+02 0.000000e+00
         vertex 4.553609e+02 1.613294e+02 0.000000e+00
      endloop
   endfacet
   facet normal 0.000000e+00 0.000000e+00 -1.000000e+00
      outer loop
         vertex 1.000000e+03 1.000000e+03 0.000000e+00
         vertex 4.553609e+02 1.613294e+02 0.000000e+00
         vertex 4.480630e+02 1.661142e+02 0.000000e+00
      endloop
   endfacet
   facet normal 0.000000e+00 0.000000e+00 -1.000000e+00
      outer loop
         vertex 4.924616e+02 1.383708e+02 0.000000e+00
         vertex 4.849619e+02 1.428327e+02 0.000000e+00
         vertex 1.000000e+03 1.000000e+03 0.000000e+00
      endloop
   endfacet
   facet normal 0.000000e+00 0.000000e+00 -1.000000e+00
      outer loop
         vertex 1.000000e+03 1.000000e+03 0.000000e+00
         vertex 4.849619e+02 1.428327e+02 0.000000e+00
         vertex 4.775015e+02 1.473598e+02 0.000000e+00
      endloop
   endfacet
   facet normal 0.000000e+00 0.000000e+00 -1.000000e+00
      outer loop
         vertex 1.000000e+03 1.000000e+03 0.000000e+00
         vertex 4.775015e+02 1.473598e+02 0.000000e+00
         vertex 4.700807e+02 1.519519e+02 0.000000e+00
      endloop
   endfacet
   facet normal 0.000000e+00 0.000000e+00 -1.000000e+00
      outer loop
         vertex 5.151904e+02 1.253803e+02 0.000000e+00
         vertex 5.075764e+02 1.296443e+02 0.000000e+00
         vertex 1.000000e+03 1.000000e+03 0.000000e+00
      endloop
   endfacet
   facet normal 0.000000e+00 0.000000e+00 -1.000000e+00
      outer loop
         vertex 1.000000e+03 1.000000e+03 0.000000e+00
         vertex 5.075764e+02 1.296443e+02 0.000000e+00
         vertex 5.000000e+02 1.339746e+02 0.000000e+00
      endloop
   endfacet
   facet normal 0.000000e+00 0.000000e+00 -1.000000e+00
      outer loop
         vertex 1.000000e+03 1.000000e+03 0.000000e+00
         vertex 5.000000e+02 1.339746e+02 0.000000e+00
         vertex 4.924616e+02 1.383708e+02 0.000000e+00
      endloop
   endfacet
   facet normal 0.000000e+00 0.000000e+00 -1.000000e+00
      outer loop
         vertex 5.382514e+02 1.129892e+02 0.000000e+00
         vertex 5.305284e+02 1.170524e+02 0.000000e+00
         vertex 1.000000e+03 1.000000e+03 0.000000e+00
      endloop
   endfacet
   facet normal 0.000000e+00 0.000000e+00 -1.000000e+00
      outer loop
         vertex 1.000000e+03 1.000000e+03 0.000000e+00
         vertex 5.305284e+02 1.170524e+02 0.000000e+00
         vertex 5.228412e+02 1.211829e+02 0.000000e+00
      endloop
   endfacet
   facet normal 0.000000e+00 0.000000e+00 -1.000000e+00
      outer loop
         vertex 1.000000e+03 1.000000e+03 0.000000e+00
         vertex 5.228412e+02 1.211829e+02 0.000000e+00
         vertex 5.151904e+02 1.253803e+02 0.000000e+00
      endloop
   endfacet
   facet normal 0.000000e+00 0.000000e+00 -1.000000e+00
      outer loop
         vertex 5.616288e+02 1.012059e+02 0.000000e+00
         vertex 5.538022e+02 1.050656e+02 0.000000e+00
         vertex 1.000000e+03 1.000000e+03 0.000000e+00
      endloop
   endfacet
   facet normal 0.000000e+00 0.000000e+00 -1.000000e+00
      outer loop
         vertex 1.000000e+03 1.000000e+03 0.000000e+00
         vertex 5.538022e+02 1.050656e+02 0.000000e+00
         vertex 5.460095e+02 1.089935e+02 0.000000e+00
      endloop
   endfacet
   facet normal 0.000000e+00 0.000000e+00 -1.000000e+00
      outer loop
         vertex 1.000000e+03 1.000000e+03 0.000000e+00
         vertex 5.460095e+02 1.089935e+02 0.000000e+00
         vertex 5.382514e+02 1.129892e+02 0.000000e+00
      endloop
   endfacet
   facet normal 0.000000e+00 0.000000e+00 -1.000000e+00
      outer loop
         vertex 5.853068e+02 9.003872e+01 0.000000e+00
         vertex 5.773817e+02 9.369218e+01 0.000000e+00
         vertex 1.000000e+03 1.000000e+03 0.000000e+00
      endloop
   endfacet
   facet normal 0.000000e+00 0.000000e+00 -1.000000e+00
      outer loop
         vertex 1.000000e+03 1.000000e+03 0.000000e+00
         vertex 5.773817e+02 9.369218e+01 0.000000e+00
         vertex 5.694889e+02 9.741473e+01 0.000000e+00
      endloop
   endfacet
   facet normal 0.000000e+00 0.000000e+00 -1.000000e+00
      outer loop
         vertex 1.000000e+03 1.000000e+03 0.000000e+00
         vertex 5.694889e+02 9.741473e+01 0.000000e+00
         vertex 5.616288e+02 1.012059e+02 0.000000e+00
      endloop
   endfacet
   facet normal 0.000000e+00 0.000000e+00 -1.000000e+00
      outer loop
         vertex 6.092689e+02 7.949513e+01 0.000000e+00
         vertex 6.012509e+02 8.293992e+01 0.000000e+00
         vertex 1.000000e+03 1.000000e+03 0.000000e+00
      endloop
   endfacet
   facet normal 0.000000e+00 0.000000e+00 -1.000000e+00
      outer loop
         vertex 1.000000e+03 1.000000e+03 0.000000e+00
         vertex 6.012509e+02 8.293992e+01 0.000000e+00
         vertex 5.932634e+02 8.645457e+01 0.000000e+00
      endloop
   endfacet
   facet normal 0.000000e+00 0.000000e+00 -1.000000e+00
      outer loop
         vertex 1.000000e+03 1.000000e+03 0.000000e+00
         vertex 5.932634e+02 8.645457e+01 0.000000e+00
         vertex 5.853068e+02 9.003872e+01 0.000000e+00
      endloop
   endfacet
   facet normal 0.000000e+00 0.000000e+00 -1.000000e+00
      outer loop
         vertex 6.334988e+02 6.958240e+01 0.000000e+00
         vertex 6.253934e+02 7.281613e+01 0.000000e+00
         vertex 1.000000e+03 1.000000e+03 0.000000e+00
      endloop
   endfacet
   facet normal 0.000000e+00 0.000000e+00 -1.000000e+00
      outer loop
         vertex 1.000000e+03 1.000000e+03 0.000000e+00
         vertex 6.253934e+02 7.281613e+01 0.000000e+00
         vertex 6.173166e+02 7.612050e+01 0.000000e+00
      endloop
   endfacet
   facet normal 0.000000e+00 0.000000e+00 -1.000000e+00
      outer loop
         vertex 1.000000e+03 1.000000e+03 0.000000e+00
         vertex 6.173166e+02 7.612050e+01 0.000000e+00
         vertex 6.092689e+02 7.949513e+01 0.000000e+00
      endloop
   endfacet
   facet normal 0.000000e+00 0.000000e+00 -1.000000e+00
      outer loop
         vertex 6.579798e+02 6.030738e+01 0.000000e+00
         vertex 6.497926e+02 6.332779e+01 0.000000e+00
         vertex 1.000000e+03 1.000000e+03 0.000000e+00
      endloop
   endfacet
   facet normal 0.000000e+00 0.000000e+00 -1.000000e+00
      outer loop
         vertex 1.000000e+03 1.000000e+03 0.000000e+00
         vertex 6.497926e+02 6.332779e+01 0.000000e+00
         vertex 6.416321e+02 6.641960e+01 0.000000e+00
      endloop
   endfacet
   facet normal 0.000000e+00 0.000000e+00 -1.000000e+00
      outer loop
         vertex 1.000000e+03 1.000000e+03 0.000000e+00
         vertex 6.416321e+02 6.641960e+01 0.000000e+00
         vertex 6.334988e+02 6.958240e+01 0.000000e+00
      endloop
   endfacet
   facet normal 0.000000e+00 0.000000e+00 -1.000000e+00
      outer loop
         vertex 6.826953e+02 5.167633e+01 0.000000e+00
         vertex 6.744318e+02 5.448145e+01 0.000000e+00
         vertex 1.000000e+03 1.000000e+03 0.000000e+00
      endloop
   endfacet
   facet normal 0.000000e+00 0.000000e+00 -1.000000e+00
      outer loop
         vertex 1.000000e+03 1.000000e+03 0.000000e+00
         vertex 6.744318e+02 5.448145e+01 0.000000e+00
         vertex 6.661931e+02 5.735850e+01 0.000000e+00
      endloop
   endfacet
   facet normal 0.000000e+00 0.000000e+00 -1.000000e+00
      outer loop
         vertex 1.000000e+03 1.000000e+03 0.000000e+00
         vertex 6.661931e+02 5.735850e+01 0.000000e+00
         vertex 6.579798e+02 6.030738e+01 0.000000e+00
      endloop
   endfacet
   facet normal 0.000000e+00 0.000000e+00 -1.000000e+00
      outer loop
         vertex 7.076283e+02 4.369527e+01 0.000000e+00
         vertex 6.992942e+02 4.628307e+01 0.000000e+00
         vertex 1.000000e+03 1.000000e+03 0.000000e+00
      endloop
   endfacet
   facet normal 0.000000e+00 0.000000e+00 -1.000000e+00
      outer loop
         vertex 1.000000e+03 1.000000e+03 0.000000e+00
         vertex 6.992942e+02 4.628307e+01 0.000000e+00
         vertex 6.909830e+02 4.894346e+01 0.000000e+00
      endloop
   endfacet
   facet normal 0.000000e+00 0.000000e+00 -1.000000e+00
      outer loop
         vertex 1.000000e+03 1.000000e+03 0.000000e+00
         vertex 6.909830e+02 4.894346e+01 0.000000e+00
         vertex 6.826953e+02 5.167633e+01 0.000000e+00
      endloop
   endfacet
   facet normal 0.000000e+00 0.000000e+00 -1.000000e+00
      outer loop
         vertex 7.327616e+02 3.636956e+01 0.000000e+00
         vertex 7.243626e+02 3.873831e+01 0.000000e+00
         vertex 1.000000e+03 1.000000e+03 0.000000e+00
      endloop
   endfacet
   facet normal 0.000000e+00 0.000000e+00 -1.000000e+00
      outer loop
         vertex 1.000000e+03 1.000000e+03 0.000000e+00
         vertex 7.243626e+02 3.873831e+01 0.000000e+00
         vertex 7.159846e+02 4.118025e+01 0.000000e+00
      endloop
   endfacet
   facet normal 0.000000e+00 0.000000e+00 -1.000000e+00
      outer loop
         vertex 1.000000e+03 1.000000e+03 0.000000e+00
         vertex 7.159846e+02 4.118025e+01 0.000000e+00
         vertex 7.076283e+02 4.369527e+01 0.000000e+00
      endloop
   endfacet
   facet normal 0.000000e+00 0.000000e+00 -1.000000e+00
      outer loop
         vertex 7.580781e+02 2.970427e+01 0.000000e+00
         vertex 7.496200e+02 3.185236e+01 0.000000e+00
         vertex 1.000000e+03 1.000000e+03 0.000000e+00
      endloop
   endfacet
   facet normal 0.000000e+00 0.000000e+00 -1.000000e+00
      outer loop
         vertex 1.000000e+03 1.000000e+03 0.000000e+00
         vertex 7.496200e+02 3.185236e+01 0.000000e+00
         vertex 7.411810e+02 3.407419e+01 0.000000e+00
      endloop
   endfacet
   facet normal 0.000000e+00 0.000000e+00 -1.000000e+00
      outer loop
         vertex 1.000000e+03 1.000000e+03 0.000000e+00
         vertex 7.411810e+02 3.407419e+01 0.000000e+00
         vertex 7.327616e+02 3.636956e+01 0.000000e+00
      endloop
   endfacet
   facet normal 0.000000e+00 0.000000e+00 -1.000000e+00
      outer loop
         vertex 7.835604e+02 2.370399e+01 0.000000e+00
         vertex 7.750489e+02 2.562994e+01 0.000000e+00
         vertex 1.000000e+03 1.000000e+03 0.000000e+00
      endloop
   endfacet
   facet normal 0.000000e+00 0.000000e+00 -1.000000e+00
      outer loop
         vertex 1.000000e+03 1.000000e+03 0.000000e+00
         vertex 7.750489e+02 2.562994e+01 0.000000e+00
         vertex 7.665546e+02 2.763009e+01 0.000000e+00
      endloop
   endfacet
   facet normal 0.000000e+00 0.000000e+00 -1.000000e+00
      outer loop
         vertex 1.000000e+03 1.000000e+03 0.000000e+00
         vertex 7.665546e+02 2.763009e+01 0.000000e+00
         vertex 7.580781e+02 2.970427e+01 0.000000e+00
      endloop
   endfacet
   facet normal 0.000000e+00 0.000000e+00 -1.000000e+00
      outer loop
         vertex 8.091910e+02 1.837283e+01 0.000000e+00
         vertex 8.006321e+02 2.007532e+01 0.000000e+00
         vertex 1.000000e+03 1.000000e+03 0.000000e+00
      endloop
   endfacet
   facet normal 0.000000e+00 0.000000e+00 -1.000000e+00
      outer loop
         vertex 1.000000e+03 1.000000e+03 0.000000e+00
         vertex 8.006321e+02 2.007532e+01 0.000000e+00
         vertex 7.920883e+02 2.185237e+01 0.000000e+00
      endloop
   endfacet
   facet normal 0.000000e+00 0.000000e+00 -1.000000e+00
      outer loop
         vertex 1.000000e+03 1.000000e+03 0.000000e+00
         vertex 7.920883e+02 2.185237e+01 0.000000e+00
         vertex 7.835604e+02 2.370399e+01 0.000000e+00
      endloop
   endfacet
   facet normal 0.000000e+00 0.000000e+00 -1.000000e+00
      outer loop
         vertex 8.349524e+02 1.371437e+01 0.000000e+00
         vertex 8.263518e+02 1.519227e+01 0.000000e+00
         vertex 1.000000e+03 1.000000e+03 0.000000e+00
      endloop
   endfacet
   facet normal 0.000000e+00 0.000000e+00 -1.000000e+00
      outer loop
         vertex 1.000000e+03 1.000000e+03 0.000000e+00
         vertex 8.263518e+02 1.519227e+01 0.000000e+00
         vertex 8.177645e+02 1.674509e+01 0.000000e+00
      endloop
   endfacet
   facet normal 0.000000e+00 0.000000e+00 -1.000000e+00
      outer loop
         vertex 1.000000e+03 1.000000e+03 0.000000e+00
         vertex 8.177645e+02 1.674509e+01 0.000000e+00
         vertex 8.091910e+02 1.837283e+01 0.000000e+00
      endloop
   endfacet
   facet normal 0.000000e+00 0.000000e+00 -1.000000e+00
      outer loop
         vertex 8.608269e+02 9.731948e+00 0.000000e+00
         vertex 8.521906e+02 1.098412e+01 0.000000e+00
         vertex 1.000000e+03 1.000000e+03 0.000000e+00
      endloop
   endfacet
   facet normal 0.000000e+00 0.000000e+00 -1.000000e+00
      outer loop
         vertex 1.000000e+03 1.000000e+03 0.000000e+00
         vertex 8.521906e+02 1.098412e+01 0.000000e+00
         vertex 8.435655e+02 1.231164e+01 0.000000e+00
      endloop
   endfacet
   facet normal 0.000000e+00 0.000000e+00 -1.000000e+00
      outer loop
         vertex 1.000000e+03 1.000000e+03 0.000000e+00
         vertex 8.435655e+02 1.231164e+01 0.000000e+00
         vertex 8.349524e+02 1.371437e+01 0.000000e+00
      endloop
   endfacet
   facet normal 0.000000e+00 0.000000e+00 -1.000000e+00
      outer loop
         vertex 8.867968e+02 6.428123e+00 0.000000e+00
         vertex 8.781307e+02 7.453859e+00 0.000000e+00
         vertex 1.000000e+03 1.000000e+03 0.000000e+00
      endloop
   endfacet
   facet normal 0.000000e+00 0.000000e+00 -1.000000e+00
      outer loop
         vertex 1.000000e+03 1.000000e+03 0.000000e+00
         vertex 8.781307e+02 7.453859e+00 0.000000e+00
         vertex 8.694738e+02 8.555114e+00 0.000000e+00
      endloop
   endfacet
   facet normal 0.000000e+00 0.000000e+00 -1.000000e+00
      outer loop
         vertex 1.000000e+03 1.000000e+03 0.000000e+00
         vertex 8.694738e+02 8.555114e+00 0.000000e+00
         vertex 8.608269e+02 9.731948e+00 0.000000e+00
      endloop
   endfacet
   facet normal 0.000000e+00 0.000000e+00 -1.000000e+00
      outer loop
         vertex 9.128443e+02 3.805280e+00 0.000000e+00
         vertex 9.041542e+02 4.603803e+00 0.000000e+00
         vertex 1.000000e+03 1.000000e+03 0.000000e+00
      endloop
   endfacet
   facet normal 0.000000e+00 0.000000e+00 -1.000000e+00
      outer loop
         vertex 1.000000e+03 1.000000e+03 0.000000e+00
         vertex 9.041542e+02 4.603803e+00 0.000000e+00
         vertex 8.954715e+02 5.478084e+00 0.000000e+00
      endloop
   endfacet
   facet normal 0.000000e+00 0.000000e+00 -1.000000e+00
      outer loop
         vertex 1.000000e+03 1.000000e+03 0.000000e+00
         vertex 8.954715e+02 5.478084e+00 0.000000e+00
         vertex 8.867968e+02 6.428123e+00 0.000000e+00
      endloop
   endfacet
   facet normal 0.000000e+00 0.000000e+00 -1.000000e+00
      outer loop
         vertex 9.389515e+02 1.865208e+00 0.000000e+00
         vertex 9.302435e+02 2.435923e+00 0.000000e+00
         vertex 1.000000e+03 1.000000e+03 0.000000e+00
      endloop
   endfacet
   facet normal 0.000000e+00 0.000000e+00 -1.000000e+00
      outer loop
         vertex 1.000000e+03 1.000000e+03 0.000000e+00
         vertex 9.302435e+02 2.435923e+00 0.000000e+00
         vertex 9.215409e+02 3.082693e+00 0.000000e+00
      endloop
   endfacet
   facet normal 0.000000e+00 0.000000e+00 -1.000000e+00
      outer loop
         vertex 1.000000e+03 1.000000e+03 0.000000e+00
         vertex 9.215409e+02 3.082693e+00 0.000000e+00
         vertex 9.128443e+02 3.805280e+00 0.000000e+00
      endloop
   endfacet
   facet normal 0.000000e+00 0.000000e+00 -1.000000e+00
      outer loop
         vertex 9.651005e+02 6.091595e-01 0.000000e+00
         vertex 9.563806e+02 9.517670e-01 0.000000e+00
         vertex 1.000000e+03 1.000000e+03 0.000000e+00
      endloop
   endfacet
   facet normal 0.000000e+00 0.000000e+00 -1.000000e+00
      outer loop
         vertex 1.000000e+03 1.000000e+03 0.000000e+00
         vertex 9.563806e+02 9.517670e-01 0.000000e+00
         vertex 9.476640e+02 1.370490e+00 0.000000e+00
      endloop
   endfacet
   facet normal 0.000000e+00 0.000000e+00 -1.000000e+00
      outer loop
         vertex 1.000000e+03 1.000000e+03 0.000000e+00
         vertex 9.476640e+02 1.370490e+00 0.000000e+00
         vertex 9.389515e+02 1.865208e+00 0.000000e+00
      endloop
   endfacet
   facet normal 0.000000e+00 0.000000e+00 -1.000000e+00
      outer loop
         vertex 9.912735e+02 3.808737e-02 0.000000e+00
         vertex 9.825476e+02 1.522899e-01 0.000000e+00
         vertex 1.000000e+03 1.000000e+03 0.000000e+00
      endloop
   endfacet
   facet normal 0.000000e+00 0.000000e+00 -1.000000e+00
      outer loop
         vertex 1.000000e+03 1.000000e+03 0.000000e+00
         vertex 9.825476e+02 1.522899e-01 0.000000e+00
         vertex 9.738231e+02 3.426671e-01 0.000000e+00
      endloop
   endfacet
   facet normal 0.000000e+00 0.000000e+00 -1.000000e+00
      outer loop
         vertex 1.000000e+03 1.000000e+03 0.000000e+00
         vertex 9.738231e+02 3.426671e-01 0.000000e+00
         vertex 9.651005e+02 6.091595e-01 0.000000e+00
      endloop
   endfacet
   facet normal -0.000000e+00 0.000000e+00 -1.000000e+00
      outer loop
         vertex 1.017452e+03 1.522899e-01 0.000000e+00
         vertex 1.008727e+03 3.808737e-02 0.000000e+00
         vertex 1.000000e+03 1.000000e+03 0.000000e+00
      endloop
   endfacet
   facet normal 0.000000e+00 -0.000000e+00 -1.000000e+00
      outer loop
         vertex 1.000000e+03 1.000000e+03 0.000000e+00
         vertex 1.008727e+03 3.808737e-02 0.000000e+00
         vertex 1.000000e+03 0.000000e+00 0.000000e+00
      endloop
   endfacet
   facet normal 0.000000e+00 0.000000e+00 -1.000000e+00
      outer loop
         vertex 1.000000e+03 1.000000e+03 0.000000e+00
         vertex 1.000000e+03 0.000000e+00 0.000000e+00
         vertex 9.912735e+02 3.808737e-02 0.000000e+00
      endloop
   endfacet
   facet normal -0.000000e+00 0.000000e+00 -1.000000e+00
      outer loop
         vertex 1.043619e+03 9.517670e-01 0.000000e+00
         vertex 1.034899e+03 6.091595e-01 0.000000e+00
         vertex 1.000000e+03 1.000000e+03 0.000000e+00
      endloop
   endfacet
   facet normal 0.000000e+00 0.000000e+00 -1.000000e+00
      outer loop
         vertex 1.000000e+03 1.000000e+03 0.000000e+00
         vertex 1.034899e+03 6.091595e-01 0.000000e+00
         vertex 1.026177e+03 3.426671e-01 0.000000e+00
      endloop
   endfacet
   facet normal 0.000000e+00 0.000000e+00 -1.000000e+00
      outer loop
         vertex 1.000000e+03 1.000000e+03 0.000000e+00
         vertex 1.026177e+03 3.426671e-01 0.000000e+00
         vertex 1.017452e+03 1.522899e-01 0.000000e+00
      endloop
   endfacet
   facet normal -0.000000e+00 0.000000e+00 -1.000000e+00
      outer loop
         vertex 1.069756e+03 2.435923e+00 0.000000e+00
         vertex 1.061049e+03 1.865208e+00 0.000000e+00
         vertex 1.000000e+03 1.000000e+03 0.000000e+00
      endloop
   endfacet
   facet normal 0.000000e+00 0.000000e+00 -1.000000e+00
      outer loop
         vertex 1.000000e+03 1.000000e+03 0.000000e+00
         vertex 1.061049e+03 1.865208e+00 0.000000e+00
         vertex 1.052336e+03 1.370490e+00 0.000000e+00
      endloop
   endfacet
   facet normal 0.000000e+00 0.000000e+00 -1.000000e+00
      outer loop
         vertex 1.000000e+03 1.000000e+03 0.000000e+00
         vertex 1.052336e+03 1.370490e+00 0.000000e+00
         vertex 1.043619e+03 9.517670e-01 0.000000e+00
      endloop
   endfacet
   facet normal -0.000000e+00 0.000000e+00 -1.000000e+00
      outer loop
         vertex 1.095846e+03 4.603803e+00 0.000000e+00
         vertex 1.087156e+03 3.805280e+00 0.000000e+00
         vertex 1.000000e+03 1.000000e+03 0.000000e+00
      endloop
   endfacet
   facet normal 0.000000e+00 0.000000e+00 -1.000000e+00
      outer loop
         vertex 1.000000e+03 1.000000e+03 0.000000e+00
         vertex 1.087156e+03 3.805280e+00 0.000000e+00
         vertex 1.078459e+03 3.082693e+00 0.000000e+00
      endloop
   endfacet
   facet normal 0.000000e+00 0.000000e+00 -1.000000e+00
      outer loop
         vertex 1.000000e+03 1.000000e+03 0.000000e+00
         vertex 1.078459e+03 3.082693e+00 0.000000e+00
         vertex 1.069756e+03 2.435923e+00 0.000000e+00
      endloop
   endfacet
   facet normal -0.000000e+00 0.000000e+00 -1.000000e+00
      outer loop
         vertex 1.121869e+03 7.453859e+00 0.000000e+00
         vertex 1.113203e+03 6.428123e+00 0.000000e+00
         vertex 1.000000e+03 1.000000e+03 0.000000e+00
      endloop
   endfacet
   facet normal 0.000000e+00 0.000000e+00 -1.000000e+00
      outer loop
         vertex 1.000000e+03 1.000000e+03 0.000000e+00
         vertex 1.113203e+03 6.428123e+00 0.000000e+00
         vertex 1.104528e+03 5.478084e+00 0.000000e+00
      endloop
   endfacet
   facet normal 0.000000e+00 0.000000e+00 -1.000000e+00
      outer loop
         vertex 1.000000e+03 1.000000e+03 0.000000e+00
         vertex 1.104528e+03 5.478084e+00 0.000000e+00
         vertex 1.095846e+03 4.603803e+00 0.000000e+00
      endloop
   endfacet
   facet normal -0.000000e+00 0.000000e+00 -1.000000e+00
      outer loop
         vertex 1.147809e+03 1.098412e+01 0.000000e+00
         vertex 1.139173e+03 9.731948e+00 0.000000e+00
         vertex 1.000000e+03 1.000000e+03 0.000000e+00
      endloop
   endfacet
   facet normal 0.000000e+00 0.000000e+00 -1.000000e+00
      outer loop
         vertex 1.000000e+03 1.000000e+03 0.000000e+00
         vertex 1.139173e+03 9.731948e+00 0.000000e+00
         vertex 1.130526e+03 8.555114e+00 0.000000e+00
      endloop
   endfacet
   facet normal 0.000000e+00 0.000000e+00 -1.000000e+00
      outer loop
         vertex 1.000000e+03 1.000000e+03 0.000000e+00
         vertex 1.130526e+03 8.555114e+00 0.000000e+00
         vertex 1.121869e+03 7.453859e+00 0.000000e+00
      endloop
   endfacet
   facet normal -0.000000e+00 0.000000e+00 -1.000000e+00
      outer loop
         vertex 1.173648e+03 1.519227e+01 0.000000e+00
         vertex 1.165048e+03 1.371437e+01 0.000000e+00
         vertex 1.000000e+03 1.000000e+03 0.000000e+00
      endloop
   endfacet
   facet normal 0.000000e+00 0.000000e+00 -1.000000e+00
      outer loop
         vertex 1.000000e+03 1.000000e+03 0.000000e+00
         vertex 1.165048e+03 1.371437e+01 0.000000e+00
         vertex 1.156434e+03 1.231164e+01 0.000000e+00
      endloop
   endfacet
   facet normal 0.000000e+00 0.000000e+00 -1.000000e+00
      outer loop
         vertex 1.000000e+03 1.000000e+03 0.000000e+00
         vertex 1.156434e+03 1.231164e+01 0.000000e+00
         vertex 1.147809e+03 1.098412e+01 0.000000e+00
      endloop
   endfacet
   facet normal -0.000000e+00 0.000000e+00 -1.000000e+00
      outer loop
         vertex 1.199368e+03 2.007532e+01 0.000000e+00
         vertex 1.190809e+03 1.837283e+01 0.000000e+00
         vertex 1.000000e+03 1.000000e+03 0.000000e+00
      endloop
   endfacet
   facet normal 0.000000e+00 0.000000e+00 -1.000000e+00
      outer loop
         vertex 1.000000e+03 1.000000e+03 0.000000e+00
         vertex 1.190809e+03 1.837283e+01 0.000000e+00
         vertex 1.182236e+03 1.674509e+01 0.000000e+00
      endloop
   endfacet
   facet normal 0.000000e+00 0.000000e+00 -1.000000e+00
      outer loop
         vertex 1.000000e+03 1.000000e+03 0.000000e+00
         vertex 1.182236e+03 1.674509e+01 0.000000e+00
         vertex 1.173648e+03 1.519227e+01 0.000000e+00
      endloop
   endfacet
   facet normal -0.000000e+00 0.000000e+00 -1.000000e+00
      outer loop
         vertex 1.224951e+03 2.562994e+01 0.000000e+00
         vertex 1.216440e+03 2.370399e+01 0.000000e+00
         vertex 1.000000e+03 1.000000e+03 0.000000e+00
      endloop
   endfacet
   facet normal 0.000000e+00 0.000000e+00 -1.000000e+00
      outer loop
         vertex 1.000000e+03 1.000000e+03 0.000000e+00
         vertex 1.216440e+03 2.370399e+01 0.000000e+00
         vertex 1.207912e+03 2.185237e+01 0.000000e+00
      endloop
   endfacet
   facet normal 0.000000e+00 0.000000e+00 -1.000000e+00
      outer loop
         vertex 1.000000e+03 1.000000e+03 0.000000e+00
         vertex 1.207912e+03 2.185237e+01 0.000000e+00
         vertex 1.199368e+03 2.007532e+01 0.000000e+00
      endloop
   endfacet
   facet normal -0.000000e+00 0.000000e+00 -1.000000e+00
      outer loop
         vertex 1.250380e+03 3.185236e+01 0.000000e+00
         vertex 1.241922e+03 2.970427e+01 0.000000e+00
         vertex 1.000000e+03 1.000000e+03 0.000000e+00
      endloop
   endfacet
   facet normal 0.000000e+00 0.000000e+00 -1.000000e+00
      outer loop
         vertex 1.000000e+03 1.000000e+03 0.000000e+00
         vertex 1.241922e+03 2.970427e+01 0.000000e+00
         vertex 1.233445e+03 2.763009e+01 0.000000e+00
      endloop
   endfacet
   facet normal 0.000000e+00 0.000000e+00 -1.000000e+00
      outer loop
         vertex 1.000000e+03 1.000000e+03 0.000000e+00
         vertex 1.233445e+03 2.763009e+01 0.000000e+00
         vertex 1.224951e+03 2.562994e+01 0.000000e+00
      endloop
   endfacet
   facet normal -0.000000e+00 0.000000e+00 -1.000000e+00
      outer loop
         vertex 1.275637e+03 3.873831e+01 0.000000e+00
         vertex 1.267238e+03 3.636956e+01 0.000000e+00
         vertex 1.000000e+03 1.000000e+03 0.000000e+00
      endloop
   endfacet
   facet normal 0.000000e+00 0.000000e+00 -1.000000e+00
      outer loop
         vertex 1.000000e+03 1.000000e+03 0.000000e+00
         vertex 1.267238e+03 3.636956e+01 0.000000e+00
         vertex 1.258819e+03 3.407419e+01 0.000000e+00
      endloop
   endfacet
   facet normal 0.000000e+00 0.000000e+00 -1.000000e+00
      outer loop
         vertex 1.000000e+03 1.000000e+03 0.000000e+00
         vertex 1.258819e+03 3.407419e+01 0.000000e+00
         vertex 1.250380e+03 3.185236e+01 0.000000e+00
      endloop
   endfacet
   facet normal -0.000000e+00 0.000000e+00 -1.000000e+00
      outer loop
         vertex 1.300706e+03 4.628307e+01 0.000000e+00
         vertex 1.292372e+03 4.369527e+01 0.000000e+00
         vertex 1.000000e+03 1.000000e+03 0.000000e+00
      endloop
   endfacet
   facet normal 0.000000e+00 0.000000e+00 -1.000000e+00
      outer loop
         vertex 1.000000e+03 1.000000e+03 0.000000e+00
         vertex 1.292372e+03 4.369527e+01 0.000000e+00
         vertex 1.284015e+03 4.118025e+01 0.000000e+00
      endloop
   endfacet
   facet normal 0.000000e+00 0.000000e+00 -1.000000e+00
      outer loop
         vertex 1.000000e+03 1.000000e+03 0.000000e+00
         vertex 1.284015e+03 4.118025e+01 0.000000e+00
         vertex 1.275637e+03 3.873831e+01 0.000000e+00
      endloop
   endfacet
   facet normal -0.000000e+00 0.000000e+00 -1.000000e+00
      outer loop
         vertex 1.325568e+03 5.448145e+01 0.000000e+00
         vertex 1.317305e+03 5.167633e+01 0.000000e+00
         vertex 1.000000e+03 1.000000e+03 0.000000e+00
      endloop
   endfacet
   facet normal 0.000000e+00 0.000000e+00 -1.000000e+00
      outer loop
         vertex 1.000000e+03 1.000000e+03 0.000000e+00
         vertex 1.317305e+03 5.167633e+01 0.000000e+00
         vertex 1.309017e+03 4.894346e+01 0.000000e+00
      endloop
   endfacet
   facet normal 0.000000e+00 0.000000e+00 -1.000000e+00
      outer loop
         vertex 1.000000e+03 1.000000e+03 0.000000e+00
         vertex 1.309017e+03 4.894346e+01 0.000000e+00
         vertex 1.300706e+03 4.628307e+01 0.000000e+00
      endloop
   endfacet
   facet normal -0.000000e+00 0.000000e+00 -1.000000e+00
      outer loop
         vertex 1.350207e+03 6.332779e+01 0.000000e+00
         vertex 1.342020e+03 6.030738e+01 0.000000e+00
         vertex 1.000000e+03 1.000000e+03 0.000000e+00
      endloop
   endfacet
   facet normal 0.000000e+00 0.000000e+00 -1.000000e+00
      outer loop
         vertex 1.000000e+03 1.000000e+03 0.000000e+00
         vertex 1.342020e+03 6.030738e+01 0.000000e+00
         vertex 1.333807e+03 5.735850e+01 0.000000e+00
      endloop
   endfacet
   facet normal 0.000000e+00 0.000000e+00 -1.000000e+00
      outer loop
         vertex 1.000000e+03 1.000000e+03 0.000000e+00
         vertex 1.333807e+03 5.735850e+01 0.000000e+00
         vertex 1.325568e+03 5.448145e+01 0.000000e+00
      endloop
   endfacet
   facet normal -0.000000e+00 0.000000e+00 -1.000000e+00
      outer loop
         vertex 1.374607e+03 7.281613e+01 0.000000e+00
         vertex 1.366501e+03 6.958240e+01 0.000000e+00
         vertex 1.000000e+03 1.000000e+03 0.000000e+00
      endloop
   endfacet
   facet normal 0.000000e+00 0.000000e+00 -1.000000e+00
      outer loop
         vertex 1.000000e+03 1.000000e+03 0.000000e+00
         vertex 1.366501e+03 6.958240e+01 0.000000e+00
         vertex 1.358368e+03 6.641960e+01 0.000000e+00
      endloop
   endfacet
   facet normal 0.000000e+00 0.000000e+00 -1.000000e+00
      outer loop
         vertex 1.000000e+03 1.000000e+03 0.000000e+00
         vertex 1.358368e+03 6.641960e+01 0.000000e+00
         vertex 1.350207e+03 6.332779e+01 0.000000e+00
      endloop
   endfacet
   facet normal -0.000000e+00 0.000000e+00 -1.000000e+00
      outer loop
         vertex 1.398749e+03 8.293992e+01 0.000000e+00
         vertex 1.390731e+03 7.949513e+01 0.000000e+00
         vertex 1.000000e+03 1.000000e+03 0.000000e+00
      endloop
   endfacet
   facet normal 0.000000e+00 0.000000e+00 -1.000000e+00
      outer loop
         vertex 1.000000e+03 1.000000e+03 0.000000e+00
         vertex 1.390731e+03 7.949513e+01 0.000000e+00
         vertex 1.382683e+03 7.612050e+01 0.000000e+00
      endloop
   endfacet
   facet normal 0.000000e+00 0.000000e+00 -1.000000e+00
      outer loop
         vertex 1.000000e+03 1.000000e+03 0.000000e+00
         vertex 1.382683e+03 7.612050e+01 0.000000e+00
         vertex 1.374607e+03 7.281613e+01 0.000000e+00
      endloop
   endfacet
   facet normal -0.000000e+00 0.000000e+00 -1.000000e+00
      outer loop
         vertex 1.422618e+03 9.369218e+01 0.000000e+00
         vertex 1.414693e+03 9.003872e+01 0.000000e+00
         vertex 1.000000e+03 1.000000e+03 0.000000e+00
      endloop
   endfacet
   facet normal 0.000000e+00 0.000000e+00 -1.000000e+00
      outer loop
         vertex 1.000000e+03 1.000000e+03 0.000000e+00
         vertex 1.414693e+03 9.003872e+01 0.000000e+00
         vertex 1.406737e+03 8.645457e+01 0.000000e+00
      endloop
   endfacet
   facet normal 0.000000e+00 0.000000e+00 -1.000000e+00
      outer loop
         vertex 1.000000e+03 1.000000e+03 0.000000e+00
         vertex 1.406737e+03 8.645457e+01 0.000000e+00
         vertex 1.398749e+03 8.293992e+01 0.000000e+00
      endloop
   endfacet
   facet normal -0.000000e+00 0.000000e+00 -1.000000e+00
      outer loop
         vertex 1.446198e+03 1.050656e+02 0.000000e+00
         vertex 1.438371e+03 1.012059e+02 0.000000e+00
         vertex 1.000000e+03 1.000000e+03 0.000000e+00
      endloop
   endfacet
   facet normal 0.000000e+00 0.000000e+00 -1.000000e+00
      outer loop
         vertex 1.000000e+03 1.000000e+03 0.000000e+00
         vertex 1.438371e+03 1.012059e+02 0.000000e+00
         vertex 1.430511e+03 9.741473e+01 0.000000e+00
      endloop
   endfacet
   facet normal 0.000000e+00 0.000000e+00 -1.000000e+00
      outer loop
         vertex 1.000000e+03 1.000000e+03 0.000000e+00
         vertex 1.430511e+03 9.741473e+01 0.000000e+00
         vertex 1.422618e+03 9.369218e+01 0.000000e+00
      endloop
   endfacet
   facet normal -0.000000e+00 0.000000e+00 -1.000000e+00
      outer loop
         vertex 1.469472e+03 1.170524e+02 0.000000e+00
         vertex 1.461749e+03 1.129892e+02 0.000000e+00
         vertex 1.000000e+03 1.000000e+03 0.000000e+00
      endloop
   endfacet
   facet normal 0.000000e+00 0.000000e+00 -1.000000e+00
      outer loop
         vertex 1.000000e+03 1.000000e+03 0.000000e+00
         vertex 1.461749e+03 1.129892e+02 0.000000e+00
         vertex 1.453990e+03 1.089935e+02 0.000000e+00
      endloop
   endfacet
   facet normal 0.000000e+00 0.000000e+00 -1.000000e+00
      outer loop
         vertex 1.000000e+03 1.000000e+03 0.000000e+00
         vertex 1.453990e+03 1.089935e+02 0.000000e+00
         vertex 1.446198e+03 1.050656e+02 0.000000e+00
      endloop
   endfacet
   facet normal -0.000000e+00 0.000000e+00 -1.000000e+00
      outer loop
         vertex 1.492424e+03 1.296443e+02 0.000000e+00
         vertex 1.484810e+03 1.253803e+02 0.000000e+00
         vertex 1.000000e+03 1.000000e+03 0.000000e+00
      endloop
   endfacet
   facet normal 0.000000e+00 0.000000e+00 -1.000000e+00
      outer loop
         vertex 1.000000e+03 1.000000e+03 0.000000e+00
         vertex 1.484810e+03 1.253803e+02 0.000000e+00
         vertex 1.477159e+03 1.211829e+02 0.000000e+00
      endloop
   endfacet
   facet normal 0.000000e+00 0.000000e+00 -1.000000e+00
      outer loop
         vertex 1.000000e+03 1.000000e+03 0.000000e+00
         vertex 1.477159e+03 1.211829e+02 0.000000e+00
         vertex 1.469472e+03 1.170524e+02 0.000000e+00
      endloop
   endfacet
   facet normal -0.000000e+00 0.000000e+00 -1.000000e+00
      outer loop
         vertex 1.515038e+03 1.428327e+02 0.000000e+00
         vertex 1.507538e+03 1.383708e+02 0.000000e+00
         vertex 1.000000e+03 1.000000e+03 0.000000e+00
      endloop
   endfacet
   facet normal 0.000000e+00 0.000000e+00 -1.000000e+00
      outer loop
         vertex 1.000000e+03 1.000000e+03 0.000000e+00
         vertex 1.507538e+03 1.383708e+02 0.000000e+00
         vertex 1.500000e+03 1.339746e+02 0.000000e+00
      endloop
   endfacet
   facet normal 0.000000e+00 0.000000e+00 -1.000000e+00
      outer loop
         vertex 1.000000e+03 1.000000e+03 0.000000e+00
         vertex 1.500000e+03 1.339746e+02 0.000000e+00
         vertex 1.492424e+03 1.296443e+02 0.000000e+00
      endloop
   endfacet
   facet normal -0.000000e+00 0.000000e+00 -1.000000e+00
      outer loop
         vertex 1.537300e+03 1.566086e+02 0.000000e+00
         vertex 1.529919e+03 1.519519e+02 0.000000e+00
         vertex 1.000000e+03 1.000000e+03 0.000000e+00
      endloop
   endfacet
   facet normal 0.000000e+00 0.000000e+00 -1.000000e+00
      outer loop
         vertex 1.000000e+03 1.000000e+03 0.000000e+00
         vertex 1.529919e+03 1.519519e+02 0.000000e+00
         vertex 1.522499e+03 1.473598e+02 0.000000e+00
      endloop
   endfacet
   facet normal 0.000000e+00 0.000000e+00 -1.000000e+00
      outer loop
         vertex 1.000000e+03 1.000000e+03 0.000000e+00
         vertex 1.522499e+03 1.473598e+02 0.000000e+00
         vertex 1.515038e+03 1.428327e+02 0.000000e+00
      endloop
   endfacet
   facet normal -0.000000e+00 0.000000e+00 -1.000000e+00
      outer loop
         vertex 1.559193e+03 1.709625e+02 0.000000e+00
         vertex 1.551937e+03 1.661142e+02 0.000000e+00
         vertex 1.000000e+03 1.000000e+03 0.000000e+00
      endloop
   endfacet
   facet normal 0.000000e+00 0.000000e+00 -1.000000e+00
      outer loop
         vertex 1.000000e+03 1.000000e+03 0.000000e+00
         vertex 1.551937e+03 1.661142e+02 0.000000e+00
         vertex 1.544639e+03 1.613294e+02 0.000000e+00
      endloop
   endfacet
   facet normal 0.000000e+00 0.000000e+00 -1.000000e+00
      outer loop
         vertex 1.000000e+03 1.000000e+03 0.000000e+00
         vertex 1.544639e+03 1.613294e+02 0.000000e+00
         vertex 1.537300e+03 1.566086e+02 0.000000e+00
      endloop
   endfacet
   facet normal -0.000000e+00 0.000000e+00 -1.000000e+00
      outer loop
         vertex 1.580703e+03 1.858845e+02 0.000000e+00
         vertex 1.573576e+03 1.808479e+02 0.000000e+00
         vertex 1.000000e+03 1.000000e+03 0.000000e+00
      endloop
   endfacet
   facet normal 0.000000e+00 0.000000e+00 -1.000000e+00
      outer loop
         vertex 1.000000e+03 1.000000e+03 0.000000e+00
         vertex 1.573576e+03 1.808479e+02 0.000000e+00
         vertex 1.566406e+03 1.758738e+02 0.000000e+00
      endloop
   endfacet
   facet normal 0.000000e+00 0.000000e+00 -1.000000e+00
      outer loop
         vertex 1.000000e+03 1.000000e+03 0.000000e+00
         vertex 1.566406e+03 1.758738e+02 0.000000e+00
         vertex 1.559193e+03 1.709625e+02 0.000000e+00
      endloop
   endfacet
   facet normal -0.000000e+00 0.000000e+00 -1.000000e+00
      outer loop
         vertex 1.601815e+03 2.013645e+02 0.000000e+00
         vertex 1.594823e+03 1.961432e+02 0.000000e+00
         vertex 1.000000e+03 1.000000e+03 0.000000e+00
      endloop
   endfacet
   facet normal 0.000000e+00 0.000000e+00 -1.000000e+00
      outer loop
         vertex 1.000000e+03 1.000000e+03 0.000000e+00
         vertex 1.594823e+03 1.961432e+02 0.000000e+00
         vertex 1.587785e+03 1.909830e+02 0.000000e+00
      endloop
   endfacet
   facet normal 0.000000e+00 0.000000e+00 -1.000000e+00
      outer loop
         vertex 1.000000e+03 1.000000e+03 0.000000e+00
         vertex 1.587785e+03 1.909830e+02 0.000000e+00
         vertex 1.580703e+03 1.858845e+02 0.000000e+00
      endloop
   endfacet
   facet normal -0.000000e+00 0.000000e+00 -1.000000e+00
      outer loop
         vertex 1.622515e+03 2.173918e+02 0.000000e+00
         vertex 1.615662e+03 2.119892e+02 0.000000e+00
         vertex 1.000000e+03 1.000000e+03 0.000000e+00
      endloop
   endfacet
   facet normal 0.000000e+00 0.000000e+00 -1.000000e+00
      outer loop
         vertex 1.000000e+03 1.000000e+03 0.000000e+00
         vertex 1.615662e+03 2.119892e+02 0.000000e+00
         vertex 1.608761e+03 2.066467e+02 0.000000e+00
      endloop
   endfacet
   facet normal 0.000000e+00 0.000000e+00 -1.000000e+00
      outer loop
         vertex 1.000000e+03 1.000000e+03 0.000000e+00
         vertex 1.608761e+03 2.066467e+02 0.000000e+00
         vertex 1.601815e+03 2.013645e+02 0.000000e+00
      endloop
   endfacet
   facet normal -0.000000e+00 0.000000e+00 -1.000000e+00
      outer loop
         vertex 1.642788e+03 2.339556e+02 0.000000e+00
         vertex 1.636078e+03 2.283754e+02 0.000000e+00
         vertex 1.000000e+03 1.000000e+03 0.000000e+00
      endloop
   endfacet
   facet normal 0.000000e+00 0.000000e+00 -1.000000e+00
      outer loop
         vertex 1.000000e+03 1.000000e+03 0.000000e+00
         vertex 1.636078e+03 2.283754e+02 0.000000e+00
         vertex 1.629320e+03 2.228540e+02 0.000000e+00
      endloop
   endfacet
   facet normal 0.000000e+00 0.000000e+00 -1.000000e+00
      outer loop
         vertex 1.000000e+03 1.000000e+03 0.000000e+00
         vertex 1.629320e+03 2.228540e+02 0.000000e+00
         vertex 1.622515e+03 2.173918e+02 0.000000e+00
      endloop
   endfacet
   facet normal -0.000000e+00 0.000000e+00 -1.000000e+00
      outer loop
         vertex 1.662620e+03 2.510443e+02 0.000000e+00
         vertex 1.656059e+03 2.452904e+02 0.000000e+00
         vertex 1.000000e+03 1.000000e+03 0.000000e+00
      endloop
   endfacet
   facet normal 0.000000e+00 0.000000e+00 -1.000000e+00
      outer loop
         vertex 1.000000e+03 1.000000e+03 0.000000e+00
         vertex 1.656059e+03 2.452904e+02 0.000000e+00
         vertex 1.649448e+03 2.395940e+02 0.000000e+00
      endloop
   endfacet
   facet normal 0.000000e+00 0.000000e+00 -1.000000e+00
      outer loop
         vertex 1.000000e+03 1.000000e+03 0.000000e+00
         vertex 1.649448e+03 2.395940e+02 0.000000e+00
         vertex 1.642788e+03 2.339556e+02 0.000000e+00
      endloop
   endfacet
   facet normal -0.000000e+00 0.000000e+00 -1.000000e+00
      outer loop
         vertex 1.681998e+03 2.686463e+02 0.000000e+00
         vertex 1.675590e+03 2.627227e+02 0.000000e+00
         vertex 1.000000e+03 1.000000e+03 0.000000e+00
      endloop
   endfacet
   facet normal 0.000000e+00 0.000000e+00 -1.000000e+00
      outer loop
         vertex 1.000000e+03 1.000000e+03 0.000000e+00
         vertex 1.675590e+03 2.627227e+02 0.000000e+00
         vertex 1.669131e+03 2.568552e+02 0.000000e+00
      endloop
   endfacet
   facet normal 0.000000e+00 0.000000e+00 -1.000000e+00
      outer loop
         vertex 1.000000e+03 1.000000e+03 0.000000e+00
         vertex 1.669131e+03 2.568552e+02 0.000000e+00
         vertex 1.662620e+03 2.510443e+02 0.000000e+00
      endloop
   endfacet
   facet normal -0.000000e+00 0.000000e+00 -1.000000e+00
      outer loop
         vertex 1.700909e+03 2.867495e+02 0.000000e+00
         vertex 1.694658e+03 2.806602e+02 0.000000e+00
         vertex 1.000000e+03 1.000000e+03 0.000000e+00
      endloop
   endfacet
   facet normal 0.000000e+00 0.000000e+00 -1.000000e+00
      outer loop
         vertex 1.000000e+03 1.000000e+03 0.000000e+00
         vertex 1.694658e+03 2.806602e+02 0.000000e+00
         vertex 1.688355e+03 2.746256e+02 0.000000e+00
      endloop
   endfacet
   facet normal 0.000000e+00 0.000000e+00 -1.000000e+00
      outer loop
         vertex 1.000000e+03 1.000000e+03 0.000000e+00
         vertex 1.688355e+03 2.746256e+02 0.000000e+00
         vertex 1.681998e+03 2.686463e+02 0.000000e+00
      endloop
   endfacet
   facet normal -0.000000e+00 0.000000e+00 -1.000000e+00
      outer loop
         vertex 1.719340e+03 3.053416e+02 0.000000e+00
         vertex 1.713250e+03 2.990907e+02 0.000000e+00
         vertex 1.000000e+03 1.000000e+03 0.000000e+00
      endloop
   endfacet
   facet normal 0.000000e+00 0.000000e+00 -1.000000e+00
      outer loop
         vertex 1.000000e+03 1.000000e+03 0.000000e+00
         vertex 1.713250e+03 2.990907e+02 0.000000e+00
         vertex 1.707107e+03 2.928932e+02 0.000000e+00
      endloop
   endfacet
   facet normal 0.000000e+00 0.000000e+00 -1.000000e+00
      outer loop
         vertex 1.000000e+03 1.000000e+03 0.000000e+00
         vertex 1.707107e+03 2.928932e+02 0.000000e+00
         vertex 1.700909e+03 2.867495e+02 0.000000e+00
      endloop
   endfacet
   facet normal -0.000000e+00 0.000000e+00 -1.000000e+00
      outer loop
         vertex 1.737277e+03 3.244098e+02 0.000000e+00
         vertex 1.731354e+03 3.180016e+02 0.000000e+00
         vertex 1.000000e+03 1.000000e+03 0.000000e+00
      endloop
   endfacet
   facet normal 0.000000e+00 0.000000e+00 -1.000000e+00
      outer loop
         vertex 1.000000e+03 1.000000e+03 0.000000e+00
         vertex 1.731354e+03 3.180016e+02 0.000000e+00
         vertex 1.725374e+03 3.116454e+02 0.000000e+00
      endloop
   endfacet
   facet normal 0.000000e+00 0.000000e+00 -1.000000e+00
      outer loop
         vertex 1.000000e+03 1.000000e+03 0.000000e+00
         vertex 1.725374e+03 3.116454e+02 0.000000e+00
         vertex 1.719340e+03 3.053416e+02 0.000000e+00
      endloop
   endfacet
   facet normal -0.000000e+00 0.000000e+00 -1.000000e+00
      outer loop
         vertex 1.754710e+03 3.439410e+02 0.000000e+00
         vertex 1.748956e+03 3.373799e+02 0.000000e+00
         vertex 1.000000e+03 1.000000e+03 0.000000e+00
      endloop
   endfacet
   facet normal 0.000000e+00 0.000000e+00 -1.000000e+00
      outer loop
         vertex 1.000000e+03 1.000000e+03 0.000000e+00
         vertex 1.748956e+03 3.373799e+02 0.000000e+00
         vertex 1.743145e+03 3.308694e+02 0.000000e+00
      endloop
   endfacet
   facet normal 0.000000e+00 0.000000e+00 -1.000000e+00
      outer loop
         vertex 1.000000e+03 1.000000e+03 0.000000e+00
         vertex 1.743145e+03 3.308694e+02 0.000000e+00
         vertex 1.737277e+03 3.244098e+02 0.000000e+00
      endloop
   endfacet
   facet normal -0.000000e+00 0.000000e+00 -1.000000e+00
      outer loop
         vertex 1.771625e+03 3.639218e+02 0.000000e+00
         vertex 1.766044e+03 3.572124e+02 0.000000e+00
         vertex 1.000000e+03 1.000000e+03 0.000000e+00
      endloop
   endfacet
   facet normal 0.000000e+00 0.000000e+00 -1.000000e+00
      outer loop
         vertex 1.000000e+03 1.000000e+03 0.000000e+00
         vertex 1.766044e+03 3.572124e+02 0.000000e+00
         vertex 1.760406e+03 3.505520e+02 0.000000e+00
      endloop
   endfacet
   facet normal 0.000000e+00 0.000000e+00 -1.000000e+00
      outer loop
         vertex 1.000000e+03 1.000000e+03 0.000000e+00
         vertex 1.760406e+03 3.505520e+02 0.000000e+00
         vertex 1.754710e+03 3.439410e+02 0.000000e+00
      endloop
   endfacet
   facet normal -0.000000e+00 0.000000e+00 -1.000000e+00
      outer loop
         vertex 1.788011e+03 3.843385e+02 0.000000e+00
         vertex 1.782608e+03 3.774853e+02 0.000000e+00
         vertex 1.000000e+03 1.000000e+03 0.000000e+00
      endloop
   endfacet
   facet normal 0.000000e+00 0.000000e+00 -1.000000e+00
      outer loop
         vertex 1.000000e+03 1.000000e+03 0.000000e+00
         vertex 1.782608e+03 3.774853e+02 0.000000e+00
         vertex 1.777146e+03 3.706796e+02 0.000000e+00
      endloop
   endfacet
   facet normal 0.000000e+00 0.000000e+00 -1.000000e+00
      outer loop
         vertex 1.000000e+03 1.000000e+03 0.000000e+00
         vertex 1.777146e+03 3.706796e+02 0.000000e+00
         vertex 1.771625e+03 3.639218e+02 0.000000e+00
      endloop
   endfacet
   facet normal -0.000000e+00 0.000000e+00 -1.000000e+00
      outer loop
         vertex 1.803857e+03 4.051772e+02 0.000000e+00
         vertex 1.798635e+03 3.981850e+02 0.000000e+00
         vertex 1.000000e+03 1.000000e+03 0.000000e+00
      endloop
   endfacet
   facet normal 0.000000e+00 0.000000e+00 -1.000000e+00
      outer loop
         vertex 1.000000e+03 1.000000e+03 0.000000e+00
         vertex 1.798635e+03 3.981850e+02 0.000000e+00
         vertex 1.793353e+03 3.912386e+02 0.000000e+00
      endloop
   endfacet
   facet normal 0.000000e+00 0.000000e+00 -1.000000e+00
      outer loop
         vertex 1.000000e+03 1.000000e+03 0.000000e+00
         vertex 1.793353e+03 3.912386e+02 0.000000e+00
         vertex 1.788011e+03 3.843385e+02 0.000000e+00
      endloop
   endfacet
   facet normal -0.000000e+00 0.000000e+00 -1.000000e+00
      outer loop
         vertex 1.819152e+03 4.264235e+02 0.000000e+00
         vertex 1.814116e+03 4.192970e+02 0.000000e+00
         vertex 1.000000e+03 1.000000e+03 0.000000e+00
      endloop
   endfacet
   facet normal 0.000000e+00 0.000000e+00 -1.000000e+00
      outer loop
         vertex 1.000000e+03 1.000000e+03 0.000000e+00
         vertex 1.814116e+03 4.192970e+02 0.000000e+00
         vertex 1.809017e+03 4.122148e+02 0.000000e+00
      endloop
   endfacet
   facet normal 0.000000e+00 0.000000e+00 -1.000000e+00
      outer loop
         vertex 1.000000e+03 1.000000e+03 0.000000e+00
         vertex 1.809017e+03 4.122148e+02 0.000000e+00
         vertex 1.803857e+03 4.051772e+02 0.000000e+00
      endloop
   endfacet
   facet normal -0.000000e+00 0.000000e+00 -1.000000e+00
      outer loop
         vertex 1.833886e+03 4.480630e+02 0.000000e+00
         vertex 1.829038e+03 4.408071e+02 0.000000e+00
         vertex 1.000000e+03 1.000000e+03 0.000000e+00
      endloop
   endfacet
   facet normal 0.000000e+00 0.000000e+00 -1.000000e+00
      outer loop
         vertex 1.000000e+03 1.000000e+03 0.000000e+00
         vertex 1.829038e+03 4.408071e+02 0.000000e+00
         vertex 1.824126e+03 4.335938e+02 0.000000e+00
      endloop
   endfacet
   facet normal 0.000000e+00 0.000000e+00 -1.000000e+00
      outer loop
         vertex 1.000000e+03 1.000000e+03 0.000000e+00
         vertex 1.824126e+03 4.335938e+02 0.000000e+00
         vertex 1.819152e+03 4.264235e+02 0.000000e+00
      endloop
   endfacet
   facet normal -0.000000e+00 0.000000e+00 -1.000000e+00
      outer loop
         vertex 1.848048e+03 4.700807e+02 0.000000e+00
         vertex 1.843391e+03 4.627004e+02 0.000000e+00
         vertex 1.000000e+03 1.000000e+03 0.000000e+00
      endloop
   endfacet
   facet normal 0.000000e+00 0.000000e+00 -1.000000e+00
      outer loop
         vertex 1.000000e+03 1.000000e+03 0.000000e+00
         vertex 1.843391e+03 4.627004e+02 0.000000e+00
         vertex 1.838671e+03 4.553609e+02 0.000000e+00
      endloop
   endfacet
   facet normal 0.000000e+00 0.000000e+00 -1.000000e+00
      outer loop
         vertex 1.000000e+03 1.000000e+03 0.000000e+00
         vertex 1.838671e+03 4.553609e+02 0.000000e+00
         vertex 1.833886e+03 4.480630e+02 0.000000e+00
      endloop
   endfacet
   facet normal -0.000000e+00 0.000000e+00 -1.000000e+00
      outer loop
         vertex 1.861629e+03 4.924616e+02 0.000000e+00
         vertex 1.857167e+03 4.849619e+02 0.000000e+00
         vertex 1.000000e+03 1.000000e+03 0.000000e+00
      endloop
   endfacet
   facet normal 0.000000e+00 0.000000e+00 -1.000000e+00
      outer loop
         vertex 1.000000e+03 1.000000e+03 0.000000e+00
         vertex 1.857167e+03 4.849619e+02 0.000000e+00
         vertex 1.852640e+03 4.775015e+02 0.000000e+00
      endloop
   endfacet
   facet normal 0.000000e+00 0.000000e+00 -1.000000e+00
      outer loop
         vertex 1.000000e+03 1.000000e+03 0.000000e+00
         vertex 1.852640e+03 4.775015e+02 0.000000e+00
         vertex 1.848048e+03 4.700807e+02 0.000000e+00
      endloop
   endfacet
   facet normal -0.000000e+00 0.000000e+00 -1.000000e+00
      outer loop
         vertex 1.874620e+03 5.151904e+02 0.000000e+00
         vertex 1.870356e+03 5.075764e+02 0.000000e+00
         vertex 1.000000e+03 1.000000e+03 0.000000e+00
      endloop
   endfacet
   facet normal 0.000000e+00 0.000000e+00 -1.000000e+00
      outer loop
         vertex 1.000000e+03 1.000000e+03 0.000000e+00
         vertex 1.870356e+03 5.075764e+02 0.000000e+00
         vertex 1.866025e+03 5.000000e+02 0.000000e+00
      endloop
   endfacet
   facet normal 0.000000e+00 0.000000e+00 -1.000000e+00
      outer loop
         vertex 1.000000e+03 1.000000e+03 0.000000e+00
         vertex 1.866025e+03 5.000000e+02 0.000000e+00
         vertex 1.861629e+03 4.924616e+02 0.000000e+00
      endloop
   endfacet
   facet normal -0.000000e+00 0.000000e+00 -1.000000e+00
      outer loop
         vertex 1.887011e+03 5.382514e+02 0.000000e+00
         vertex 1.882948e+03 5.305284e+02 0.000000e+00
         vertex 1.000000e+03 1.000000e+03 0.000000e+00
      endloop
   endfacet
   facet normal 0.000000e+00 0.000000e+00 -1.000000e+00
      outer loop
         vertex 1.000000e+03 1.000000e+03 0.000000e+00
         vertex 1.882948e+03 5.305284e+02 0.000000e+00
         vertex 1.878817e+03 5.228412e+02 0.000000e+00
      endloop
   endfacet
   facet normal 0.000000e+00 0.000000e+00 -1.000000e+00
      outer loop
         vertex 1.000000e+03 1.000000e+03 0.000000e+00
         vertex 1.878817e+03 5.228412e+02 0.000000e+00
         vertex 1.874620e+03 5.151904e+02 0.000000e+00
      endloop
   endfacet
   facet normal -0.000000e+00 0.000000e+00 -1.000000e+00
      outer loop
         vertex 1.898794e+03 5.616288e+02 0.000000e+00
         vertex 1.894934e+03 5.538022e+02 0.000000e+00
         vertex 1.000000e+03 1.000000e+03 0.000000e+00
      endloop
   endfacet
   facet normal 0.000000e+00 0.000000e+00 -1.000000e+00
      outer loop
         vertex 1.000000e+03 1.000000e+03 0.000000e+00
         vertex 1.894934e+03 5.538022e+02 0.000000e+00
         vertex 1.891007e+03 5.460095e+02 0.000000e+00
      endloop
   endfacet
   facet normal 0.000000e+00 0.000000e+00 -1.000000e+00
      outer loop
         vertex 1.000000e+03 1.000000e+03 0.000000e+00
         vertex 1.891007e+03 5.460095e+02 0.000000e+00
         vertex 1.887011e+03 5.382514e+02 0.000000e+00
      endloop
   endfacet
   facet normal -0.000000e+00 0.000000e+00 -1.000000e+00
      outer loop
         vertex 1.909961e+03 5.853068e+02 0.000000e+00
         vertex 1.906308e+03 5.773817e+02 0.000000e+00
         vertex 1.000000e+03 1.000000e+03 0.000000e+00
      endloop
   endfacet
   facet normal 0.000000e+00 0.000000e+00 -1.000000e+00
      outer loop
         vertex 1.000000e+03 1.000000e+03 0.000000e+00
         vertex 1.906308e+03 5.773817e+02 0.000000e+00
         vertex 1.902585e+03 5.694889e+02 0.000000e+00
      endloop
   endfacet
   facet normal 0.000000e+00 0.000000e+00 -1.000000e+00
      outer loop
         vertex 1.000000e+03 1.000000e+03 0.000000e+00
         vertex 1.902585e+03 5.694889e+02 0.000000e+00
         vertex 1.898794e+03 5.616288e+02 0.000000e+00
      endloop
   endfacet
   facet normal -0.000000e+00 0.000000e+00 -1.000000e+00
      outer loop
         vertex 1.920505e+03 6.092689e+02 0.000000e+00
         vertex 1.917060e+03 6.012509e+02 0.000000e+00
         vertex 1.000000e+03 1.000000e+03 0.000000e+00
      endloop
   endfacet
   facet normal 0.000000e+00 0.000000e+00 -1.000000e+00
      outer loop
         vertex 1.000000e+03 1.000000e+03 0.000000e+00
         vertex 1.917060e+03 6.012509e+02 0.000000e+00
         vertex 1.913545e+03 5.932634e+02 0.000000e+00
      endloop
   endfacet
   facet normal 0.000000e+00 0.000000e+00 -1.000000e+00
      outer loop
         vertex 1.000000e+03 1.000000e+03 0.000000e+00
         vertex 1.913545e+03 5.932634e+02 0.000000e+00
         vertex 1.909961e+03 5.853068e+02 0.000000e+00
      endloop
   endfacet
   facet normal -0.000000e+00 0.000000e+00 -1.000000e+00
      outer loop
         vertex 1.930418e+03 6.334988e+02 0.000000e+00
         vertex 1.927184e+03 6.253934e+02 0.000000e+00
         vertex 1.000000e+03 1.000000e+03 0.000000e+00
      endloop
   endfacet
   facet normal 0.000000e+00 0.000000e+00 -1.000000e+00
      outer loop
         vertex 1.000000e+03 1.000000e+03 0.000000e+00
         vertex 1.927184e+03 6.253934e+02 0.000000e+00
         vertex 1.923880e+03 6.173166e+02 0.000000e+00
      endloop
   endfacet
   facet normal 0.000000e+00 0.000000e+00 -1.000000e+00
      outer loop
         vertex 1.000000e+03 1.000000e+03 0.000000e+00
         vertex 1.923880e+03 6.173166e+02 0.000000e+00
         vertex 1.920505e+03 6.092689e+02 0.000000e+00
      endloop
   endfacet
   facet normal -0.000000e+00 0.000000e+00 -1.000000e+00
      outer loop
         vertex 1.939693e+03 6.579798e+02 0.000000e+00
         vertex 1.936672e+03 6.497926e+02 0.000000e+00
         vertex 1.000000e+03 1.000000e+03 0.000000e+00
      endloop
   endfacet
   facet normal 0.000000e+00 0.000000e+00 -1.000000e+00
      outer loop
         vertex 1.000000e+03 1.000000e+03 0.000000e+00
         vertex 1.936672e+03 6.497926e+02 0.000000e+00
         vertex 1.933580e+03 6.416321e+02 0.000000e+00
      endloop
   endfacet
   facet normal 0.000000e+00 0.000000e+00 -1.000000e+00
      outer loop
         vertex 1.000000e+03 1.000000e+03 0.000000e+00
         vertex 1.933580e+03 6.416321e+02 0.000000e+00
         vertex 1.930418e+03 6.334988e+02 0.000000e+00
      endloop
   endfacet
   facet normal -0.000000e+00 0.000000e+00 -1.000000e+00
      outer loop
         vertex 1.948324e+03 6.826953e+02 0.000000e+00
         vertex 1.945519e+03 6.744318e+02 0.000000e+00
         vertex 1.000000e+03 1.000000e+03 0.000000e+00
      endloop
   endfacet
   facet normal 0.000000e+00 0.000000e+00 -1.000000e+00
      outer loop
         vertex 1.000000e+03 1.000000e+03 0.000000e+00
         vertex 1.945519e+03 6.744318e+02 0.000000e+00
         vertex 1.942641e+03 6.661931e+02 0.000000e+00
      endloop
   endfacet
   facet normal 0.000000e+00 0.000000e+00 -1.000000e+00
      outer loop
         vertex 1.000000e+03 1.000000e+03 0.000000e+00
         vertex 1.942641e+03 6.661931e+02 0.000000e+00
         vertex 1.939693e+03 6.579798e+02 0.000000e+00
      endloop
   endfacet
   facet normal -0.000000e+00 0.000000e+00 -1.000000e+00
      outer loop
         vertex 1.956305e+03 7.076283e+02 0.000000e+00
         vertex 1.953717e+03 6.992942e+02 0.000000e+00
         vertex 1.000000e+03 1.000000e+03 0.000000e+00
      endloop
   endfacet
   facet normal 0.000000e+00 0.000000e+00 -1.000000e+00
      outer loop
         vertex 1.000000e+03 1.000000e+03 0.000000e+00
         vertex 1.953717e+03 6.992942e+02 0.000000e+00
         vertex 1.951057e+03 6.909830e+02 0.000000e+00
      endloop
   endfacet
   facet normal 0.000000e+00 0.000000e+00 -1.000000e+00
      outer loop
         vertex 1.000000e+03 1.000000e+03 0.000000e+00
         vertex 1.951057e+03 6.909830e+02 0.000000e+00
         vertex 1.948324e+03 6.826953e+02 0.000000e+00
      endloop
   endfacet
   facet normal -0.000000e+00 0.000000e+00 -1.000000e+00
      outer loop
         vertex 1.963630e+03 7.327616e+02 0.000000e+00
         vertex 1.961262e+03 7.243626e+02 0.000000e+00
         vertex 1.000000e+03 1.000000e+03 0.000000e+00
      endloop
   endfacet
   facet normal 0.000000e+00 0.000000e+00 -1.000000e+00
      outer loop
         vertex 1.000000e+03 1.000000e+03 0.000000e+00
         vertex 1.961262e+03 7.243626e+02 0.000000e+00
         vertex 1.958820e+03 7.159846e+02 0.000000e+00
      endloop
   endfacet
   facet normal 0.000000e+00 0.000000e+00 -1.000000e+00
      outer loop
         vertex 1.000000e+03 1.000000e+03 0.000000e+00
         vertex 1.958820e+03 7.159846e+02 0.000000e+00
         vertex 1.956305e+03 7.076283e+02 0.000000e+00
      endloop
   endfacet
   facet normal -0.000000e+00 0.000000e+00 -1.000000e+00
      outer loop
         vertex 1.970296e+03 7.580781e+02 0.000000e+00
         vertex 1.968148e+03 7.496200e+02 0.000000e+00
         vertex 1.000000e+03 1.000000e+03 0.000000e+00
      endloop
   endfacet
   facet normal 0.000000e+00 0.000000e+00 -1.000000e+00
      outer loop
         vertex 1.000000e+03 1.000000e+03 0.000000e+00
         vertex 1.968148e+03 7.496200e+02 0.000000e+00
         vertex 1.965926e+03 7.411810e+02 0.000000e+00
      endloop
   endfacet
   facet normal 0.000000e+00 0.000000e+00 -1.000000e+00
      outer loop
         vertex 1.000000e+03 1.000000e+03 0.000000e+00
         vertex 1.965926e+03 7.411810e+02 0.000000e+00
         vertex 1.963630e+03 7.327616e+02 0.000000e+00
      endloop
   endfacet
   facet normal -0.000000e+00 0.000000e+00 -1.000000e+00
      outer loop
         vertex 1.976296e+03 7.835604e+02 0.000000e+00
         vertex 1.974370e+03 7.750489e+02 0.000000e+00
         vertex 1.000000e+03 1.000000e+03 0.000000e+00
      endloop
   endfacet
   facet normal 0.000000e+00 0.000000e+00 -1.000000e+00
      outer loop
         vertex 1.000000e+03 1.000000e+03 0.000000e+00
         vertex 1.974370e+03 7.750489e+02 0.000000e+00
         vertex 1.972370e+03 7.665546e+02 0.000000e+00
      endloop
   endfacet
   facet normal 0.000000e+00 0.000000e+00 -1.000000e+00
      outer loop
         vertex 1.000000e+03 1.000000e+03 0.000000e+00
         vertex 1.972370e+03 7.665546e+02 0.000000e+00
         vertex 1.970296e+03 7.580781e+02 0.000000e+00
      endloop
   endfacet
   facet normal -0.000000e+00 0.000000e+00 -1.000000e+00
      outer loop
         vertex 1.981627e+03 8.091910e+02 0.000000e+00
         vertex 1.979925e+03 8.006321e+02 0.000000e+00
         vertex 1.000000e+03 1.000000e+03 0.000000e+00
      endloop
   endfacet
   facet normal 0.000000e+00 0.000000e+00 -1.000000e+00
      outer loop
         vertex 1.000000e+03 1.000000e+03 0.000000e+00
         vertex 1.979925e+03 8.006321e+02 0.000000e+00
         vertex 1.978148e+03 7.920883e+02 0.000000e+00
      endloop
   endfacet
   facet normal 0.000000e+00 0.000000e+00 -1.000000e+00
      outer loop
         vertex 1.000000e+03 1.000000e+03 0.000000e+00
         vertex 1.978148e+03 7.920883e+02 0.000000e+00
         vertex 1.976296e+03 7.835604e+02 0.000000e+00
      endloop
   endfacet
   facet normal -0.000000e+00 0.000000e+00 -1.000000e+00
      outer loop
         vertex 1.986286e+03 8.349524e+02 0.000000e+00
         vertex 1.984808e+03 8.263518e+02 0.000000e+00
         vertex 1.000000e+03 1.000000e+03 0.000000e+00
      endloop
   endfacet
   facet normal 0.000000e+00 0.000000e+00 -1.000000e+00
      outer loop
         vertex 1.000000e+03 1.000000e+03 0.000000e+00
         vertex 1.984808e+03 8.263518e+02 0.000000e+00
         vertex 1.983255e+03 8.177645e+02 0.000000e+00
      endloop
   endfacet
   facet normal 0.000000e+00 0.000000e+00 -1.000000e+00
      outer loop
         vertex 1.000000e+03 1.000000e+03 0.000000e+00
         vertex 1.983255e+03 8.177645e+02 0.000000e+00
         vertex 1.981627e+03 8.091910e+02 0.000000e+00
      endloop
   endfacet
   facet normal -0.000000e+00 0.000000e+00 -1.000000e+00
      outer loop
         vertex 1.990268e+03 8.608269e+02 0.000000e+00
         vertex 1.989016e+03 8.521906e+02 0.000000e+00
         vertex 1.000000e+03 1.000000e+03 0.000000e+00
      endloop
   endfacet
   facet normal 0.000000e+00 0.000000e+00 -1.000000e+00
      outer loop
         vertex 1.000000e+03 1.000000e+03 0.000000e+00
         vertex 1.989016e+03 8.521906e+02 0.000000e+00
         vertex 1.987688e+03 8.435655e+02 0.000000e+00
      endloop
   endfacet
   facet normal 0.000000e+00 0.000000e+00 -1.000000e+00
      outer loop
         vertex 1.000000e+03 1.000000e+03 0.000000e+00
         vertex 1.987688e+03 8.435655e+02 0.000000e+00
         vertex 1.986286e+03 8.349524e+02 0.000000e+00
      endloop
   endfacet
   facet normal -0.000000e+00 0.000000e+00 -1.000000e+00
      outer loop
         vertex 1.993572e+03 8.867968e+02 0.000000e+00
         vertex 1.992546e+03 8.781307e+02 0.000000e+00
         vertex 1.000000e+03 1.000000e+03 0.000000e+00
      endloop
   endfacet
   facet normal 0.000000e+00 0.000000e+00 -1.000000e+00
      outer loop
         vertex 1.000000e+03 1.000000e+03 0.000000e+00
         vertex 1.992546e+03 8.781307e+02 0.000000e+00
         vertex 1.991445e+03 8.694738e+02 0.000000e+00
      endloop
   endfacet
   facet normal 0.000000e+00 0.000000e+00 -1.000000e+00
      outer loop
         vertex 1.000000e+03 1.000000e+03 0.000000e+00
         vertex 1.991445e+03 8.694738e+02 0.000000e+00
         vertex 1.990268e+03 8.608269e+02 0.000000e+00
      endloop
   endfacet
   facet normal -0.000000e+00 0.000000e+00 -1.000000e+00
      outer loop
         vertex 1.996195e+03 9.128443e+02 0.000000e+00
         vertex 1.995396e+03 9.041542e+02 0.000000e+00
         vertex 1.000000e+03 1.000000e+03 0.000000e+00
      endloop
   endfacet
   facet normal 0.000000e+00 0.000000e+00 -1.000000e+00
      outer loop
         vertex 1.000000e+03 1.000000e+03 0.000000e+00
         vertex 1.995396e+03 9.041542e+02 0.000000e+00
         vertex 1.994522e+03 8.954715e+02 0.000000e+00
      endloop
   endfacet
   facet normal 0.000000e+00 0.000000e+00 -1.000000e+00
      outer loop
         vertex 1.000000e+03 1.000000e+03 0.000000e+00
         vertex 1.994522e+03 8.954715e+02 0.000000e+00
         vertex 1.993572e+03 8.867968e+02 0.000000e+00
      endloop
   endfacet
   facet normal -0.000000e+00 0.000000e+00 -1.000000e+00
      outer loop
         vertex 1.998135e+03 9.389515e+02 0.000000e+00
         vertex 1.997564e+03 9.302435e+02 0.000000e+00
         vertex 1.000000e+03 1.000000e+03 0.000000e+00
      endloop
   endfacet
   facet normal 0.000000e+00 0.000000e+00 -1.000000e+00
      outer loop
         vertex 1.000000e+03 1.000000e+03 0.000000e+00
         vertex 1.997564e+03 9.302435e+02 0.000000e+00
         vertex 1.996917e+03 9.215409e+02 0.000000e+00
      endloop
   endfacet
   facet normal 0.000000e+00 0.000000e+00 -1.000000e+00
      outer loop
         vertex 1.000000e+03 1.000000e+03 0.000000e+00
         vertex 1.996917e+03 9.215409e+02 0.000000e+00
         vertex 1.996195e+03 9.128443e+02 0.000000e+00
      endloop
   endfacet
   facet normal -0.000000e+00 0.000000e+00 -1.000000e+00
      outer loop
         vertex 1.999391e+03 9.651005e+02 0.000000e+00
         vertex 1.999048e+03 9.563806e+02 0.000000e+00
         vertex 1.000000e+03 1.000000e+03 0.000000e+00
      endloop
   endfacet
   facet normal 0.000000e+00 0.000000e+00 -1.000000e+00
      outer loop
         vertex 1.000000e+03 1.000000e+03 0.000000e+00
         vertex 1.999048e+03 9.563806e+02 0.000000e+00
         vertex 1.998630e+03 9.476640e+02 0.000000e+00
      endloop
   endfacet
   facet normal 0.000000e+00 0.000000e+00 -1.000000e+00
      outer loop
         vertex 1.000000e+03 1.000000e+03 0.000000e+00
         vertex 1.998630e+03 9.476640e+02 0.000000e+00
         vertex 1.998135e+03 9.389515e+02 0.000000e+00
      endloop
   endfacet
   facet normal -0.000000e+00 0.000000e+00 -1.000000e+00
      outer loop
         vertex 1.999962e+03 9.912735e+02 0.000000e+00
         vertex 1.999848e+03 9.825476e+02 0.000000e+00
         vertex 1.000000e+03 1.000000e+03 0.000000e+00
      endloop
   endfacet
   facet normal 0.000000e+00 0.000000e+00 -1.000000e+00
      outer loop
         vertex 1.000000e+03 1.000000e+03 0.000000e+00
         vertex 1.999848e+03 9.825476e+02 0.000000e+00
         vertex 1.999657e+03 9.738231e+02 0.000000e+00
      endloop
   endfacet
   facet normal 0.000000e+00 0.000000e+00 -1.000000e+00
      outer loop
         vertex 1.000000e+03 1.000000e+03 0.000000e+00
         vertex 1.999657e+03 9.738231e+02 0.000000e+00
         vertex 1.999391e+03 9.651005e+02 0.000000e+00
      endloop
   endfacet
   facet normal -0.000000e+00 0.000000e+00 1.000000e+00
      outer loop
         vertex 1.031275e+03 9.879947e+02 1.000000e+03
         vertex 1.933580e+03 6.416321e+02 1.000000e+03
         vertex 1.031379e+03 9.882681e+02 1.000000e+03
      endloop
   endfacet
   facet normal 0.000000e+00 0.000000e+00 1.000000e+00
      outer loop
         vertex 1.031379e+03 9.882681e+02 1.000000e+03
         vertex 1.933580e+03 6.416321e+02 1.000000e+03
         vertex 1.936672e+03 6.497926e+02 1.000000e+03
      endloop
   endfacet
   facet normal -0.000000e+00 0.000000e+00 1.000000e+00
      outer loop
         vertex 1.031379e+03 9.882681e+02 1.000000e+03
         vertex 1.936672e+03 6.497926e+02 1.000000e+03
         vertex 1.031480e+03 9.885423e+02 1.000000e+03
      endloop
   endfacet
   facet normal 0.000000e+00 0.000000e+00 1.000000e+00
      outer loop
         vertex 1.031480e+03 9.885423e+02 1.000000e+03
         vertex 1.936672e+03 6.497926e+02 1.000000e+03
         vertex 1.939693e+03 6.579798e+02 1.000000e+03
      endloop
   endfacet
   facet normal -0.000000e+00 0.000000e+00 1.000000e+00
      outer loop
         vertex 1.031480e+03 9.885423e+02 1.000000e+03
         vertex 1.939693e+03 6.579798e+02 1.000000e+03
         vertex 1.031578e+03 9.888175e+02 1.000000e+03
      endloop
   endfacet
   facet normal 0.000000e+00 0.000000e+00 1.000000e+00
      outer loop
         vertex 1.031578e+03 9.888175e+02 1.000000e+03
         vertex 1.939693e+03 6.579798e+02 1.000000e+03
         vertex 1.942641e+03 6.661931e+02 1.000000e+03
      endloop
   endfacet
   facet normal -0.000000e+00 0.000000e+00 1.000000e+00
      outer loop
         vertex 1.031578e+03 9.888175e+02 1.000000e+03
         vertex 1.942641e+03 6.661931e+02 1.000000e+03
         vertex 1.031675e+03 9.890935e+02 1.000000e+03
      endloop
   endfacet
   facet normal 0.000000e+00 0.000000e+00 1.000000e+00
      outer loop
         vertex 1.031675e+03 9.890935e+02 1.000000e+03
         vertex 1.942641e+03 6.661931e+02 1.000000e+03
         vertex 1.945519e+03 6.744318e+02 1.000000e+03
      endloop
   endfacet
   facet normal -0.000000e+00 0.000000e+00 1.000000e+00
      outer loop
         vertex 1.031675e+03 9.890935e+02 1.000000e+03
         vertex 1.945519e+03 6.744318e+02 1.000000e+03
         vertex 1.031769e+03 9.893703e+02 1.000000e+03
      endloop
   endfacet
   facet normal 0.000000e+00 0.000000e+00 1.000000e+00
      outer loop
         vertex 1.031769e+03 9.893703e+02 1.000000e+03
         vertex 1.945519e+03 6.744318e+02 1.000000e+03
         vertex 1.948324e+03 6.826953e+02 1.000000e+03
      endloop
   endfacet
   facet normal -0.000000e+00 0.000000e+00 1.000000e+00
      outer loop
         vertex 1.031769e+03 9.893703e+02 1.000000e+03
         vertex 1.948324e+03 6.826953e+02 1.000000e+03
         vertex 1.031860e+03 9.896479e+02 1.000000e+03
      endloop
   endfacet
   facet normal 0.000000e+00 0.000000e+00 1.000000e+00
      outer loop
         vertex 1.031860e+03 9.896479e+02 1.000000e+03
         vertex 1.948324e+03 6.826953e+02 1.000000e+03
         vertex 1.951057e+03 6.909830e+02 1.000000e+03
      endloop
   endfacet
   facet normal -0.000000e+00 0.000000e+00 1.000000e+00
      outer loop
         vertex 1.031860e+03 9.896479e+02 1.000000e+03
         vertex 1.951057e+03 6.909830e+02 1.000000e+03
         vertex 1.031950e+03 9.899264e+02 1.000000e+03
      endloop
   endfacet
   facet normal 0.000000e+00 0.000000e+00 1.000000e+00
      outer loop
         vertex 1.031950e+03 9.899264e+02 1.000000e+03
         vertex 1.951057e+03 6.909830e+02 1.000000e+03
         vertex 1.953717e+03 6.992942e+02 1.000000e+03
      endloop
   endfacet
   facet normal -0.000000e+00 0.000000e+00 1.000000e+00
      outer loop
         vertex 1.031950e+03 9.899264e+02 1.000000e+03
         vertex 1.953717e+03 6.992942e+02 1.000000e+03
         vertex 1.032036e+03 9.902055e+02 1.000000e+03
      endloop
   endfacet
   facet normal 0.000000e+00 0.000000e+00 1.000000e+00
      outer loop
         vertex 1.032036e+03 9.902055e+02 1.000000e+03
         vertex 1.953717e+03 6.992942e+02 1.000000e+03
         vertex 1.956305e+03 7.076283e+02 1.000000e+03
      endloop
   endfacet
   facet normal -0.000000e+00 0.000000e+00 1.000000e+00
      outer loop
         vertex 1.032036e+03 9.902055e+02 1.000000e+03
         vertex 1.956305e+03 7.076283e+02 1.000000e+03
         vertex 1.032120e+03 9.904855e+02 1.000000e+03
      endloop
   endfacet
   facet normal 0.000000e+00 0.000000e+00 1.000000e+00
      outer loop
         vertex 1.032120e+03 9.904855e+02 1.000000e+03
         vertex 1.956305e+03 7.076283e+02 1.000000e+03
         vertex 1.958820e+03 7.159846e+02 1.000000e+03
      endloop
   endfacet
   facet normal -0.000000e+00 0.000000e+00 1.000000e+00
      outer loop
         vertex 1.032120e+03 9.904855e+02 1.000000e+03
         vertex 1.958820e+03 7.159846e+02 1.000000e+03
         vertex 1.032202e+03 9.907661e+02 1.000000e+03
      endloop
   endfacet
   facet normal 0.000000e+00 0.000000e+00 1.000000e+00
      outer loop
         vertex 1.032202e+03 9.907661e+02 1.000000e+03
         vertex 1.958820e+03 7.159846e+02 1.000000e+03
         vertex 1.961262e+03 7.243626e+02 1.000000e+03
      endloop
   endfacet
   facet normal -0.000000e+00 0.000000e+00 1.000000e+00
      outer loop
         vertex 1.032202e+03 9.907661e+02 1.000000e+03
         vertex 1.961262e+03 7.243626e+02 1.000000e+03
         vertex 1.032282e+03 9.910475e+02 1.000000e+03
      endloop
   endfacet
   facet normal 0.000000e+00 0.000000e+00 1.000000e+00
      outer loop
         vertex 1.032282e+03 9.910475e+02 1.000000e+03
         vertex 1.961262e+03 7.243626e+02 1.000000e+03
         vertex 1.963630e+03 7.327616e+02 1.000000e+03
      endloop
   endfacet
   facet normal -0.000000e+00 0.000000e+00 1.000000e+00
      outer loop
         vertex 1.032282e+03 9.910475e+02 1.000000e+03
         vertex 1.963630e+03 7.327616e+02 1.000000e+03
         vertex 1.032359e+03 9.913296e+02 1.000000e+03
      endloop
   endfacet
   facet normal 0.000000e+00 0.000000e+00 1.000000e+00
      outer loop
         vertex 1.032359e+03 9.913296e+02 1.000000e+03
         vertex 1.963630e+03 7.327616e+02 1.000000e+03
         vertex 1.965926e+03 7.411810e+02 1.000000e+03
      endloop
   endfacet
   facet normal -0.000000e+00 0.000000e+00 1.000000e+00
      outer loop
         vertex 1.032359e+03 9.913296e+02 1.000000e+03
         vertex 1.965926e+03 7.411810e+02 1.000000e+03
         vertex 1.032433e+03 9.916123e+02 1.000000e+03
      endloop
   endfacet
   facet normal 0.000000e+00 0.000000e+00 1.000000e+00
      outer loop
         vertex 1.032433e+03 9.916123e+02 1.000000e+03
         vertex 1.965926e+03 7.411810e+02 1.000000e+03
         vertex 1.968148e+03 7.496200e+02 1.000000e+03
      endloop
   endfacet
   facet normal -0.000000e+00 0.000000e+00 1.000000e+00
      outer loop
         vertex 1.032433e+03 9.916123e+02 1.000000e+03
         vertex 1.968148e+03 7.496200e+02 1.000000e+03
         vertex 1.032505e+03 9.918956e+02 1.000000e+03
      endloop
   endfacet
   facet normal 0.000000e+00 0.000000e+00 1.000000e+00
      outer loop
         vertex 1.032505e+03 9.918956e+02 1.000000e+03
         vertex 1.968148e+03 7.496200e+02 1.000000e+03
         vertex 1.970296e+03 7.580781e+02 1.000000e+03
      endloop
   endfacet
   facet normal -0.000000e+00 0.000000e+00 1.000000e+00
      outer loop
         vertex 1.032505e+03 9.918956e+02 1.000000e+03
         vertex 1.970296e+03 7.580781e+02 1.000000e+03
         vertex 1.032574e+03 9.921796e+02 1.000000e+03
      endloop
   endfacet
   facet normal 0.000000e+00 0.000000e+00 1.000000e+00
      outer loop
         vertex 1.032574e+03 9.921796e+02 1.000000e+03
         vertex 1.970296e+03 7.580781e+02 1.000000e+03
         vertex 1.972370e+03 7.665546e+02 1.000000e+03
      endloop
   endfacet
   facet normal -0.000000e+00 0.000000e+00 1.000000e+00
      outer loop
         vertex 1.032574e+03 9.921796e+02 1.000000e+03
         vertex 1.972370e+03 7.665546e+02 1.000000e+03
         vertex 1.032641e+03 9.924641e+02 1.000000e+03
      endloop
   endfacet
   facet normal 0.000000e+00 0.000000e+00 1.000000e+00
      outer loop
         vertex 1.032641e+03 9.924641e+02 1.000000e+03
         vertex 1.972370e+03 7.665546e+02 1.000000e+03
         vertex 1.974370e+03 7.750489e+02 1.000000e+03
      endloop
   endfacet
   facet normal -0.000000e+00 0.000000e+00 1.000000e+00
      outer loop
         vertex 1.032641e+03 9.924641e+02 1.000000e+03
         vertex 1.974370e+03 7.750489e+02 1.000000e+03
         vertex 1.032706e+03 9.927493e+02 1.000000e+03
      endloop
   endfacet
   facet normal 0.000000e+00 0.000000e+00 1.000000e+00
      outer loop
         vertex 1.032706e+03 9.927493e+02 1.000000e+03
         vertex 1.974370e+03 7.750489e+02 1.000000e+03
         vertex 1.976296e+03 7.835604e+02 1.000000e+03
      endloop
   endfacet
   facet normal -0.000000e+00 0.000000e+00 1.000000e+00
      outer loop
         vertex 1.032706e+03 9.927493e+02 1.000000e+03
         vertex 1.976296e+03 7.835604e+02 1.000000e+03
         vertex 1.032768e+03 9.930350e+02 1.000000e+03
      endloop
   endfacet
   facet normal 0.000000e+00 0.000000e+00 1.000000e+00
      outer loop
         vertex 1.032768e+03 9.930350e+02 1.000000e+03
         vertex 1.976296e+03 7.835604e+02 1.000000e+03
         vertex 1.978148e+03 7.920883e+02 1.000000e+03
      endloop
   endfacet
   facet normal -0.000000e+00 0.000000e+00 1.000000e+00
      outer loop
         vertex 1.032768e+03 9.930350e+02 1.000000e+03
         vertex 1.978148e+03 7.920883e+02 1.000000e+03
         vertex 1.032827e+03 9.933212e+02 1.000000e+03
      endloop
   endfacet
   facet normal 0.000000e+00 0.000000e+00 1.000000e+00
      outer loop
         vertex 1.032827e+03 9.933212e+02 1.000000e+03
         vertex 1.978148e+03 7.920883e+02 1.000000e+03
         vertex 1.979925e+03 8.006321e+02 1.000000e+03
      endloop
   endfacet
   facet normal -0.000000e+00 0.000000e+00 1.000000e+00
      outer loop
         vertex 1.032827e+03 9.933212e+02 1.000000e+03
         vertex 1.979925e+03 8.006321e+02 1.000000e+03
         vertex 1.032885e+03 9.936079e+02 1.000000e+03
      endloop
   endfacet
   facet normal 0.000000e+00 0.000000e+00 1.000000e+00
      outer loop
         vertex 1.032885e+03 9.936079e+02 1.000000e+03
         vertex 1.979925e+03 8.006321e+02 1.000000e+03
         vertex 1.981627e+03 8.091910e+02 1.000000e+03
      endloop
   endfacet
   facet normal -0.000000e+00 0.000000e+00 1.000000e+00
      outer loop
         vertex 1.032885e+03 9.936079e+02 1.000000e+03
         vertex 1.981627e+03 8.091910e+02 1.000000e+03
         vertex 1.032939e+03 9.938951e+02 1.000000e+03
      endloop
   endfacet
   facet normal 0.000000e+00 0.000000e+00 1.000000e+00
      outer loop
         vertex 1.032939e+03 9.938951e+02 1.000000e+03
         vertex 1.981627e+03 8.091910e+02 1.000000e+03
         vertex 1.983255e+03 8.177645e+02 1.000000e+03
      endloop
   endfacet
   facet normal -0.000000e+00 0.000000e+00 1.000000e+00
      outer loop
         vertex 1.032939e+03 9.938951e+02 1.000000e+03
         vertex 1.983255e+03 8.177645e+02 1.000000e+03
         vertex 1.032991e+03 9.941828e+02 1.000000e+03
      endloop
   endfacet
   facet normal 0.000000e+00 0.000000e+00 1.000000e+00
      outer loop
         vertex 1.032991e+03 9.941828e+02 1.000000e+03
         vertex 1.983255e+03 8.177645e+02 1.000000e+03
         vertex 1.984808e+03 8.263518e+02 1.000000e+03
      endloop
   endfacet
   facet normal -0.000000e+00 0.000000e+00 1.000000e+00
      outer loop
         vertex 1.032991e+03 9.941828e+02 1.000000e+03
         vertex 1.984808e+03 8.263518e+02 1.000000e+03
         vertex 1.033041e+03 9.944709e+02 1.000000e+03
      endloop
   endfacet
   facet normal 0.000000e+00 0.000000e+00 1.000000e+00
      outer loop
         vertex 1.033041e+03 9.944709e+02 1.000000e+03
         vertex 1.984808e+03 8.263518e+02 1.000000e+03
         vertex 1.986286e+03 8.349524e+02 1.000000e+03
      endloop
   endfacet
   facet normal -0.000000e+00 0.000000e+00 1.000000e+00
      outer loop
         vertex 1.033041e+03 9.944709e+02 1.000000e+03
         vertex 1.986286e+03 8.349524e+02 1.000000e+03
         vertex 1.033088e+03 9.947594e+02 1.000000e+03
      endloop
   endfacet
   facet normal 0.000000e+00 0.000000e+00 1.000000e+00
      outer loop
         vertex 1.033088e+03 9.947594e+02 1.000000e+03
         vertex 1.986286e+03 8.349524e+02 1.000000e+03
         vertex 1.987688e+03 8.435655e+02 1.000000e+03
      endloop
   endfacet
   facet normal -0.000000e+00 0.000000e+00 1.000000e+00
      outer loop
         vertex 1.033088e+03 9.947594e+02 1.000000e+03
         vertex 1.987688e+03 8.435655e+02 1.000000e+03
         vertex 1.033132e+03 9.950484e+02 1.000000e+03
      endloop
   endfacet
   facet normal 0.000000e+00 0.000000e+00 1.000000e+00
      outer loop
         vertex 1.033132e+03 9.950484e+02 1.000000e+03
         vertex 1.987688e+03 8.435655e+02 1.000000e+03
         vertex 1.989016e+03 8.521906e+02 1.000000e+03
      endloop
   endfacet
   facet normal -0.000000e+00 0.000000e+00 1.000000e+00
      outer loop
         vertex 1.033132e+03 9.950484e+02 1.000000e+03
         vertex 1.989016e+03 8.521906e+02 1.000000e+03
         vertex 1.033174e+03 9.953377e+02 1.000000e+03
      endloop
   endfacet
   facet normal 0.000000e+00 0.000000e+00 1.000000e+00
      outer loop
         vertex 1.033174e+03 9.953377e+02 1.000000e+03
         vertex 1.989016e+03 8.521906e+02 1.000000e+03
         vertex 1.990268e+03 8.608269e+02 1.000000e+03
      endloop
   endfacet
   facet normal -0.000000e+00 0.000000e+00 1.000000e+00
      outer loop
         vertex 1.033174e+03 9.953377e+02 1.000000e+03
         vertex 1.990268e+03 8.608269e+02 1.000000e+03
         vertex 1.033213e+03 9.956274e+02 1.000000e+03
      endloop
   endfacet
   facet normal 0.000000e+00 0.000000e+00 1.000000e+00
      outer loop
         vertex 1.033213e+03 9.956274e+02 1.000000e+03
         vertex 1.990268e+03 8.608269e+02 1.000000e+03
         vertex 1.991445e+03 8.694738e+02 1.000000e+03
      endloop
   endfacet
   facet normal -0.000000e+00 0.000000e+00 1.000000e+00
      outer loop
         vertex 1.033213e+03 9.956274e+02 1.000000e+03
         vertex 1.991445e+03 8.694738e+02 1.000000e+03
         vertex 1.033250e+03 9.959174e+02 1.000000e+03
      endloop
   endfacet
   facet normal 0.000000e+00 0.000000e+00 1.000000e+00
      outer loop
         vertex 1.033250e+03 9.959174e+02 1.000000e+03
         vertex 1.991445e+03 8.694738e+02 1.000000e+03
         vertex 1.992546e+03 8.781307e+02 1.000000e+03
      endloop
   endfacet
   facet normal -0.000000e+00 0.000000e+00 1.000000e+00
      outer loop
         vertex 1.033250e+03 9.959174e+02 1.000000e+03
         vertex 1.992546e+03 8.781307e+02 1.000000e+03
         vertex 1.033285e+03 9.962077e+02 1.000000e+03
      endloop
   endfacet
   facet normal 0.000000e+00 0.000000e+00 1.000000e+00
      outer loop
         vertex 1.033285e+03 9.962077e+02 1.000000e+03
         vertex 1.992546e+03 8.781307e+02 1.000000e+03
         vertex 1.993572e+03 8.867968e+02 1.000000e+03
      endloop
   endfacet
   facet normal -0.000000e+00 0.000000e+00 1.000000e+00
      outer loop
         vertex 1.033285e+03 9.962077e+02 1.000000e+03
         vertex 1.993572e+03 8.867968e+02 1.000000e+03
         vertex 1.033316e+03 9.964983e+02 1.000000e+03
      endloop
   endfacet
   facet normal 0.000000e+00 0.000000e+00 1.000000e+00
      outer loop
         vertex 1.033316e+03 9.964983e+02 1.000000e+03
         vertex 1.993572e+03 8.867968e+02 1.000000e+03
         vertex 1.994522e+03 8.954715e+02 1.000000e+03
      endloop
   endfacet
   facet normal -0.000000e+00 0.000000e+00 1.000000e+00
      outer loop
         vertex 1.033316e+03 9.964983e+02 1.000000e+03
         vertex 1.994522e+03 8.954715e+02 1.000000e+03
         vertex 1.033346e+03 9.967892e+02 1.000000e+03
      endloop
   endfacet
   facet normal 0.000000e+00 0.000000e+00 1.000000e+00
      outer loop
         vertex 1.033346e+03 9.967892e+02 1.000000e+03
         vertex 1.994522e+03 8.954715e+02 1.000000e+03
         vertex 1.995396e+03 9.041542e+02 1.000000e+03
      endloop
   endfacet
   facet normal -0.000000e+00 0.000000e+00 1.000000e+00
      outer loop
         vertex 1.033346e+03 9.967892e+02 1.000000e+03
         vertex 1.995396e+03 9.041542e+02 1.000000e+03
         vertex 1.033373e+03 9.970803e+02 1.000000e+03
      endloop
   endfacet
   facet normal 0.000000e+00 0.000000e+00 1.000000e+00
      outer loop
         vertex 1.033373e+03 9.970803e+02 1.000000e+03
         vertex 1.995396e+03 9.041542e+02 1.000000e+03
         vertex 1.996195e+03 9.128443e+02 1.000000e+03
      endloop
   endfacet
   facet normal -0.000000e+00 0.000000e+00 1.000000e+00
      outer loop
         vertex 1.033373e+03 9.970803e+02 1.000000e+03
         vertex 1.996195e+03 9.128443e+02 1.000000e+03
         vertex 1.033397e+03 9.973716e+02 1.000000e+03
      endloop
   endfacet
   facet normal 0.000000e+00 0.000000e+00 1.000000e+00
      outer loop
         vertex 1.033397e+03 9.973716e+02 1.000000e+03
         vertex 1.996195e+03 9.128443e+02 1.000000e+03
         vertex 1.996917e+03 9.215409e+02 1.000000e+03
      endloop
   endfacet
   facet normal -0.000000e+00 0.000000e+00 1.000000e+00
      outer loop
         vertex 1.033397e+03 9.973716e+02 1.000000e+03
         vertex 1.996917e+03 9.215409e+02 1.000000e+03
         vertex 1.033418e+03 9.976632e+02 1.000000e+03
      endloop
   endfacet
   facet normal 0.000000e+00 0.000000e+00 1.000000e+00
      outer loop
         vertex 1.033418e+03 9.976632e+02 1.000000e+03
         vertex 1.996917e+03 9.215409e+02 1.000000e+03
         vertex 1.997564e+03 9.302435e+02 1.000000e+03
      endloop
   endfacet
   facet normal -0.000000e+00 0.000000e+00 1.000000e+00
      outer loop
         vertex 1.033418e+03 9.976632e+02 1.000000e+03
         vertex 1.997564e+03 9.302435e+02 1.000000e+03
         vertex 1.033438e+03 9.979549e+02 1.000000e+03
      endloop
   endfacet
   facet normal 0.000000e+00 0.000000e+00 1.000000e+00
      outer loop
         vertex 1.033438e+03 9.979549e+02 1.000000e+03
         vertex 1.997564e+03 9.302435e+02 1.000000e+03
         vertex 1.998135e+03 9.389515e+02 1.000000e+03
      endloop
   endfacet
   facet normal -0.000000e+00 0.000000e+00 1.000000e+00
      outer loop
         vertex 1.033438e+03 9.979549e+02 1.000000e+03
         vertex 1.998135e+03 9.389515e+02 1.000000e+03
         vertex 1.033454e+03 9.982467e+02 1.000000e+03
      endloop
   endfacet
   facet normal 0.000000e+00 0.000000e+00 1.000000e+00
      outer loop
         vertex 1.033454e+03 9.982467e+02 1.000000e+03
         vertex 1.998135e+03 9.389515e+02 1.000000e+03
         vertex 1.998630e+03 9.476640e+02 1.000000e+03
      endloop
   endfacet
   facet normal -0.000000e+00 0.000000e+00 1.000000e+00
      outer loop
         vertex 1.033454e+03 9.982467e+02 1.000000e+03
         vertex 1.998630e+03 9.476640e+02 1.000000e+03
         vertex 1.033468e+03 9.985388e+02 1.000000e+03
      endloop
   endfacet
   facet normal 0.000000e+00 0.000000e+00 1.000000e+00
      outer loop
         vertex 1.033468e+03 9.985388e+02 1.000000e+03
         vertex 1.998630e+03 9.476640e+02 1.000000e+03
         vertex 1.999048e+03 9.563806e+02 1.000000e+03
      endloop
   endfacet
   facet normal -0.000000e+00 0.000000e+00 1.000000e+00
      outer loop
         vertex 1.033468e+03 9.985388e+02 1.000000e+03
         vertex 1.999048e+03 9.563806e+02 1.000000e+03
         vertex 1.033480e+03 9.988309e+02 1.000000e+03
      endloop
   endfacet
   facet normal 0.000000e+00 0.000000e+00 1.000000e+00
      outer loop
         vertex 1.033480e+03 9.988309e+02 1.000000e+03
         vertex 1.999048e+03 9.563806e+02 1.000000e+03
         vertex 1.999391e+03 9.651005e+02 1.000000e+03
      endloop
   endfacet
   facet normal -0.000000e+00 0.000000e+00 1.000000e+00
      outer loop
         vertex 1.033480e+03 9.988309e+02 1.000000e+03
         vertex 1.999391e+03 9.651005e+02 1.000000e+03
         vertex 1.033489e+03 9.991231e+02 1.000000e+03
      endloop
   endfacet
   facet normal 0.000000e+00 0.000000e+00 1.000000e+00
      outer loop
         vertex 1.033489e+03 9.991231e+02 1.000000e+03
         vertex 1.999391e+03 9.651005e+02 1.000000e+03
         vertex 1.999657e+03 9.738231e+02 1.000000e+03
      endloop
   endfacet
   facet normal -0.000000e+00 0.000000e+00 1.000000e+00
      outer loop
         vertex 1.033489e+03 9.991231e+02 1.000000e+03
         vertex 1.999657e+03 9.738231e+02 1.000000e+03
         vertex 1.033495e+03 9.994153e+02 1.000000e+03
      endloop
   endfacet
   facet normal 0.000000e+00 0.000000e+00 1.000000e+00
      outer loop
         vertex 1.033495e+03 9.994153e+02 1.000000e+03
         vertex 1.999657e+03 9.738231e+02 1.000000e+03
         vertex 1.999848e+03 9.825476e+02 1.000000e+03
      endloop
   endfacet
   facet normal -0.000000e+00 0.000000e+00 1.000000e+00
      outer loop
         vertex 1.033495e+03 9.994153e+02 1.000000e+03
         vertex 1.999848e+03 9.825476e+02 1.000000e+03
         vertex 1.033499e+03 9.997077e+02 1.000000e+03
      endloop
   endfacet
   facet normal 0.000000e+00 0.000000e+00 1.000000e+00
      outer loop
         vertex 1.033499e+03 9.997077e+02 1.000000e+03
         vertex 1.999848e+03 9.825476e+02 1.000000e+03
         vertex 1.999962e+03 9.912735e+02 1.000000e+03
      endloop
   endfacet
   facet normal -0.000000e+00 0.000000e+00 1.000000e+00
      outer loop
         vertex 1.033499e+03 9.997077e+02 1.000000e+03
         vertex 1.999962e+03 9.912735e+02 1.000000e+03
         vertex 1.033500e+03 1.000000e+03 1.000000e+03
      endloop
   endfacet
   facet normal 0.000000e+00 0.000000e+00 1.000000e+00
      outer loop
         vertex 1.033500e+03 1.000000e+03 1.000000e+03
         vertex 1.999962e+03 9.912735e+02 1.000000e+03
         vertex 2.000000e+03 1.000000e+03 1.000000e+03
      endloop
   endfacet
   facet normal -0.000000e+00 -0.000000e+00 1.000000e+00
      outer loop
         vertex 1.033500e+03 1.000000e+03 1.000000e+03
         vertex 2.000000e+03 1.000000e+03 1.000000e+03
         vertex 1.033499e+03 1.000292e+03 1.000000e+03
      endloop
   endfacet
   facet normal -0.000000e+00 0.000000e+00 1.000000e+00
      outer loop
         vertex 1.033499e+03 1.000292e+03 1.000000e+03
         vertex 2.000000e+03 1.000000e+03 1.000000e+03
         vertex 1.999962e+03 1.008727e+03 1.000000e+03
      endloop
   endfacet
   facet normal 0.000000e+00 -0.000000e+00 1.000000e+00
      outer loop
         vertex 1.033499e+03 1.000292e+03 1.000000e+03
         vertex 1.999962e+03 1.008727e+03 1.000000e+03
         vertex 1.033495e+03 1.000585e+03 1.000000e+03
      endloop
   endfacet
   facet normal 0.000000e+00 0.000000e+00 1.000000e+00
      outer loop
         vertex 1.033495e+03 1.000585e+03 1.000000e+03
         vertex 1.999962e+03 1.008727e+03 1.000000e+03
         vertex 1.999848e+03 1.017452e+03 1.000000e+03
      endloop
   endfacet
   facet normal 0.000000e+00 -0.000000e+00 1.000000e+00
      outer loop
         vertex 1.033495e+03 1.000585e+03 1.000000e+03
         vertex 1.999848e+03 1.017452e+03 1.000000e+03
         vertex 1.033489e+03 1.000877e+03 1.000000e+03
      endloop
   endfacet
   facet normal 0.000000e+00 0.000000e+00 1.000000e+00
      outer loop
         vertex 1.033489e+03 1.000877e+03 1.000000e+03
         vertex 1.999848e+03 1.017452e+03 1.000000e+03
         vertex 1.999657e+03 1.026177e+03 1.000000e+03
      endloop
   endfacet
   facet normal 0.000000e+00 -0.000000e+00 1.000000e+00
      outer loop
         vertex 1.033489e+03 1.000877e+03 1.000000e+03
         vertex 1.999657e+03 1.026177e+03 1.000000e+03
         vertex 1.033480e+03 1.001169e+03 1.000000e+03
      endloop
   endfacet
   facet normal 0.000000e+00 0.000000e+00 1.000000e+00
      outer loop
         vertex 1.033480e+03 1.001169e+03 1.000000e+03
         vertex 1.999657e+03 1.026177e+03 1.000000e+03
         vertex 1.999391e+03 1.034899e+03 1.000000e+03
      endloop
   endfacet
   facet normal 0.000000e+00 -0.000000e+00 1.000000e+00
      outer loop
         vertex 1.033480e+03 1.001169e+03 1.000000e+03
         vertex 1.999391e+03 1.034899e+03 1.000000e+03
         vertex 1.033468e+03 1.001461e+03 1.000000e+03
      endloop
   endfacet
   facet normal 0.000000e+00 0.000000e+00 1.000000e+00
      outer loop
         vertex 1.033468e+03 1.001461e+03 1.000000e+03
         vertex 1.999391e+03 1.034899e+03 1.000000e+03
         vertex 1.999048e+03 1.043619e+03 1.000000e+03
      endloop
   endfacet
   facet normal 0.000000e+00 -0.000000e+00 1.000000e+00
      outer loop
         vertex 1.033468e+03 1.001461e+03 1.000000e+03
         vertex 1.999048e+03 1.043619e+03 1.000000e+03
         vertex 1.033454e+03 1.001753e+03 1.000000e+03
      endloop
   endfacet
   facet normal 0.000000e+00 0.000000e+00 1.000000e+00
      outer loop
         vertex 1.033454e+03 1.001753e+03 1.000000e+03
         vertex 1.999048e+03 1.043619e+03 1.000000e+03
         vertex 1.998630e+03 1.052336e+03 1.000000e+03
      endloop
   endfacet
   facet normal 0.000000e+00 -0.000000e+00 1.000000e+00
      outer loop
         vertex 1.033454e+03 1.001753e+03 1.000000e+03
         vertex 1.998630e+03 1.052336e+03 1.000000e+03
         vertex 1.033438e+03 1.002045e+03 1.000000e+03
      endloop
   endfacet
   facet normal 0.000000e+00 0.000000e+00 1.000000e+00
      outer loop
         vertex 1.033438e+03 1.002045e+03 1.000000e+03
         vertex 1.998630e+03 1.052336e+03 1.000000e+03
         vertex 1.998135e+03 1.061049e+03 1.000000e+03
      endloop
   endfacet
   facet normal 0.000000e+00 -0.000000e+00 1.000000e+00
      outer loop
         vertex 1.033438e+03 1.002045e+03 1.000000e+03
         vertex 1.998135e+03 1.061049e+03 1.000000e+03
         vertex 1.033418e+03 1.002337e+03 1.000000e+03
      endloop
   endfacet
   facet normal 0.000000e+00 0.000000e+00 1.000000e+00
      outer loop
         vertex 1.033418e+03 1.002337e+03 1.000000e+03
         vertex 1.998135e+03 1.061049e+03 1.000000e+03
         vertex 1.997564e+03 1.069756e+03 1.000000e+03
      endloop
   endfacet
   facet normal 0.000000e+00 -0.000000e+00 1.000000e+00
      outer loop
         vertex 1.033418e+03 1.002337e+03 1.000000e+03
         vertex 1.997564e+03 1.069756e+03 1.000000e+03
         vertex 1.033397e+03 1.002628e+03 1.000000e+03
      endloop
   endfacet
   facet normal 0.000000e+00 0.000000e+00 1.000000e+00
      outer loop
         vertex 1.033397e+03 1.002628e+03 1.000000e+03
         vertex 1.997564e+03 1.069756e+03 1.000000e+03
         vertex 1.996917e+03 1.078459e+03 1.000000e+03
      endloop
   endfacet
   facet normal 0.000000e+00 -0.000000e+00 1.000000e+00
      outer loop
         vertex 1.033397e+03 1.002628e+03 1.000000e+03
         vertex 1.996917e+03 1.078459e+03 1.000000e+03
         vertex 1.033373e+03 1.002920e+03 1.000000e+03
      endloop
   endfacet
   facet normal 0.000000e+00 0.000000e+00 1.000000e+00
      outer loop
         vertex 1.033373e+03 1.002920e+03 1.000000e+03
         vertex 1.996917e+03 1.078459e+03 1.000000e+03
         vertex 1.996195e+03 1.087156e+03 1.000000e+03
      endloop
   endfacet
   facet normal 0.000000e+00 -0.000000e+00 1.000000e+00
      outer loop
         vertex 1.033373e+03 1.002920e+03 1.000000e+03
         vertex 1.996195e+03 1.087156e+03 1.000000e+03
         vertex 1.033346e+03 1.003211e+03 1.000000e+03
      endloop
   endfacet
   facet normal 0.000000e+00 0.000000e+00 1.000000e+00
      outer loop
         vertex 1.033346e+03 1.003211e+03 1.000000e+03
         vertex 1.996195e+03 1.087156e+03 1.000000e+03
         vertex 1.995396e+03 1.095846e+03 1.000000e+03
      endloop
   endfacet
   facet normal 0.000000e+00 -0.000000e+00 1.000000e+00
      outer loop
         vertex 1.033346e+03 1.003211e+03 1.000000e+03
         vertex 1.995396e+03 1.095846e+03 1.000000e+03
         vertex 1.033316e+03 1.003502e+03 1.000000e+03
      endloop
   endfacet
   facet normal 0.000000e+00 0.000000e+00 1.000000e+00
      outer loop
         vertex 1.033316e+03 1.003502e+03 1.000000e+03
         vertex 1.995396e+03 1.095846e+03 1.000000e+03
         vertex 1.994522e+03 1.104528e+03 1.000000e+03
      endloop
   endfacet
   facet normal 0.000000e+00 -0.000000e+00 1.000000e+00
      outer loop
         vertex 1.033316e+03 1.003502e+03 1.000000e+03
         vertex 1.994522e+03 1.104528e+03 1.000000e+03
         vertex 1.033285e+03 1.003792e+03 1.000000e+03
      endloop
   endfacet
   facet normal 0.000000e+00 0.000000e+00 1.000000e+00
      outer loop
         vertex 1.033285e+03 1.003792e+03 1.000000e+03
         vertex 1.994522e+03 1.104528e+03 1.000000e+03
         vertex 1.993572e+03 1.113203e+03 1.000000e+03
      endloop
   endfacet
   facet normal 0.000000e+00 -0.000000e+00 1.000000e+00
      outer loop
         vertex 1.033285e+03 1.003792e+03 1.000000e+03
         vertex 1.993572e+03 1.113203e+03 1.000000e+03
         vertex 1.033250e+03 1.004083e+03 1.000000e+03
      endloop
   endfacet
   facet normal 0.000000e+00 0.000000e+00 1.000000e+00
      outer loop
         vertex 1.033250e+03 1.004083e+03 1.000000e+03
         vertex 1.993572e+03 1.113203e+03 1.000000e+03
         vertex 1.992546e+03 1.121869e+03 1.000000e+03
      endloop
   endfacet
   facet normal 0.000000e+00 -0.000000e+00 1.000000e+00
      outer loop
         vertex 1.033250e+03 1.004083e+03 1.000000e+03
         vertex 1.992546e+03 1.121869e+03 1.000000e+03
         vertex 1.033213e+03 1.004373e+03 1.000000e+03
      endloop
   endfacet
   facet normal 0.000000e+00 0.000000e+00 1.000000e+00
      outer loop
         vertex 1.033213e+03 1.004373e+03 1.000000e+03
         vertex 1.992546e+03 1.121869e+03 1.000000e+03
         vertex 1.991445e+03 1.130526e+03 1.000000e+03
      endloop
   endfacet
   facet normal 0.000000e+00 -0.000000e+00 1.000000e+00
      outer loop
         vertex 1.033213e+03 1.004373e+03 1.000000e+03
         vertex 1.991445e+03 1.130526e+03 1.000000e+03
         vertex 1.033174e+03 1.004662e+03 1.000000e+03
      endloop
   endfacet
   facet normal 0.000000e+00 0.000000e+00 1.000000e+00
      outer loop
         vertex 1.033174e+03 1.004662e+03 1.000000e+03
         vertex 1.991445e+03 1.130526e+03 1.000000e+03
         vertex 1.990268e+03 1.139173e+03 1.000000e+03
      endloop
   endfacet
   facet normal 0.000000e+00 -0.000000e+00 1.000000e+00
      outer loop
         vertex 1.033174e+03 1.004662e+03 1.000000e+03
         vertex 1.990268e+03 1.139173e+03 1.000000e+03
         vertex 1.033132e+03 1.004952e+03 1.000000e+03
      endloop
   endfacet
   facet normal 0.000000e+00 0.000000e+00 1.000000e+00
      outer loop
         vertex 1.033132e+03 1.004952e+03 1.000000e+03
         vertex 1.990268e+03 1.139173e+03 1.000000e+03
         vertex 1.989016e+03 1.147809e+03 1.000000e+03
      endloop
   endfacet
   facet normal 0.000000e+00 -0.000000e+00 1.000000e+00
      outer loop
         vertex 1.033132e+03 1.004952e+03 1.000000e+03
         vertex 1.989016e+03 1.147809e+03 1.000000e+03
         vertex 1.033088e+03 1.005241e+03 1.000000e+03
      endloop
   endfacet
   facet normal 0.000000e+00 0.000000e+00 1.000000e+00
      outer loop
         vertex 1.033088e+03 1.005241e+03 1.000000e+03
         vertex 1.989016e+03 1.147809e+03 1.000000e+03
         vertex 1.987688e+03 1.156434e+03 1.000000e+03
      endloop
   endfacet
   facet normal 0.000000e+00 -0.000000e+00 1.000000e+00
      outer loop
         vertex 1.033088e+03 1.005241e+03 1.000000e+03
         vertex 1.987688e+03 1.156434e+03 1.000000e+03
         vertex 1.033041e+03 1.005529e+03 1.000000e+03
      endloop
   endfacet
   facet normal 0.000000e+00 0.000000e+00 1.000000e+00
      outer loop
         vertex 1.033041e+03 1.005529e+03 1.000000e+03
         vertex 1.987688e+03 1.156434e+03 1.000000e+03
         vertex 1.986286e+03 1.165048e+03 1.000000e+03
      endloop
   endfacet
   facet normal 0.000000e+00 -0.000000e+00 1.000000e+00
      outer loop
         vertex 1.033041e+03 1.005529e+03 1.000000e+03
         vertex 1.986286e+03 1.165048e+03 1.000000e+03
         vertex 1.032991e+03 1.005817e+03 1.000000e+03
      endloop
   endfacet
   facet normal 0.000000e+00 0.000000e+00 1.000000e+00
      outer loop
         vertex 1.032991e+03 1.005817e+03 1.000000e+03
         vertex 1.986286e+03 1.165048e+03 1.000000e+03
         vertex 1.984808e+03 1.173648e+03 1.000000e+03
      endloop
   endfacet
   facet normal 0.000000e+00 0.000000e+00 1.000000e+00
      outer loop
         vertex 9.751046e+02 1.022416e+03 1.000000e+03
         vertex 2.568552e+02 1.669131e+03 1.000000e+03
         vertex 9.749100e+02 1.022198e+03 1.000000e+03
      endloop
   endfacet
   facet normal 0.000000e+00 0.000000e+00 1.000000e+00
      outer loop
         vertex 9.749100e+02 1.022198e+03 1.000000e+03
         vertex 2.568552e+02 1.669131e+03 1.000000e+03
         vertex 2.510443e+02 1.662620e+03 1.000000e+03
      endloop
   endfacet
   facet normal 0.000000e+00 0.000000e+00 1.000000e+00
      outer loop
         vertex 9.749100e+02 1.022198e+03 1.000000e+03
         vertex 2.510443e+02 1.662620e+03 1.000000e+03
         vertex 9.747172e+02 1.021978e+03 1.000000e+03
      endloop
   endfacet
   facet normal 0.000000e+00 0.000000e+00 1.000000e+00
      outer loop
         vertex 9.747172e+02 1.021978e+03 1.000000e+03
         vertex 2.510443e+02 1.662620e+03 1.000000e+03
         vertex 2.452904e+02 1.656059e+03 1.000000e+03
      endloop
   endfacet
   facet normal 0.000000e+00 0.000000e+00 1.000000e+00
      outer loop
         vertex 9.747172e+02 1.021978e+03 1.000000e+03
         vertex 2.452904e+02 1.656059e+03 1.000000e+03
         vertex 9.745264e+02 1.021757e+03 1.000000e+03
      endloop
   endfacet
   facet normal 0.000000e+00 0.000000e+00 1.000000e+00
      outer loop
         vertex 9.745264e+02 1.021757e+03 1.000000e+03
         vertex 2.452904e+02 1.656059e+03 1.000000e+03
         vertex 2.395940e+02 1.649448e+03 1.000000e+03
      endloop
   endfacet
   facet normal 0.000000e+00 0.000000e+00 1.000000e+00
      outer loop
         vertex 9.745264e+02 1.021757e+03 1.000000e+03
         vertex 2.395940e+02 1.649448e+03 1.000000e+03
         vertex 9.743375e+02 1.021533e+03 1.000000e+03
      endloop
   endfacet
   facet normal 0.000000e+00 0.000000e+00 1.000000e+00
      outer loop
         vertex 9.743375e+02 1.021533e+03 1.000000e+03
         vertex 2.395940e+02 1.649448e+03 1.000000e+03
         vertex 2.339556e+02 1.642788e+03 1.000000e+03
      endloop
   endfacet
   facet normal 0.000000e+00 0.000000e+00 1.000000e+00
      outer loop
         vertex 9.743375e+02 1.021533e+03 1.000000e+03
         vertex 2.339556e+02 1.642788e+03 1.000000e+03
         vertex 9.741506e+02 1.021309e+03 1.000000e+03
      endloop
   endfacet
   facet normal 0.000000e+00 0.000000e+00 1.000000e+00
      outer loop
         vertex 9.741506e+02 1.021309e+03 1.000000e+03
         vertex 2.339556e+02 1.642788e+03 1.000000e+03
         vertex 2.283754e+02 1.636078e+03 1.000000e+03
      endloop
   endfacet
   facet normal 0.000000e+00 0.000000e+00 1.000000e+00
      outer loop
         vertex 9.741506e+02 1.021309e+03 1.000000e+03
         vertex 2.283754e+02 1.636078e+03 1.000000e+03
         vertex 9.739656e+02 1.021082e+03 1.000000e+03
      endloop
   endfacet
   facet normal 0.000000e+00 0.000000e+00 1.000000e+00
      outer loop
         vertex 9.739656e+02 1.021082e+03 1.000000e+03
         vertex 2.283754e+02 1.636078e+03 1.000000e+03
         vertex 2.228540e+02 1.629320e+03 1.000000e+03
      endloop
   endfacet
   facet normal 0.000000e+00 0.000000e+00 1.000000e+00
      outer loop
         vertex 9.739656e+02 1.021082e+03 1.000000e+03
         vertex 2.228540e+02 1.629320e+03 1.000000e+03
         vertex 9.737826e+02 1.020854e+03 1.000000e+03
      endloop
   endfacet
   facet normal 0.000000e+00 0.000000e+00 1.000000e+00
      outer loop
         vertex 9.737826e+02 1.020854e+03 1.000000e+03
         vertex 2.228540e+02 1.629320e+03 1.000000e+03
         vertex 2.173918e+02 1.622515e+03 1.000000e+03
      endloop
   endfacet
   facet normal 0.000000e+00 0.000000e+00 1.000000e+00
      outer loop
         vertex 9.737826e+02 1.020854e+03 1.000000e+03
         vertex 2.173918e+02 1.622515e+03 1.000000e+03
         vertex 9.736016e+02 1.020625e+03 1.000000e+03
      endloop
   endfacet
   facet normal 0.000000e+00 0.000000e+00 1.000000e+00
      outer loop
         vertex 9.736016e+02 1.020625e+03 1.000000e+03
         vertex 2.173918e+02 1.622515e+03 1.000000e+03
         vertex 2.119892e+02 1.615662e+03 1.000000e+03
      endloop
   endfacet
   facet normal 0.000000e+00 0.000000e+00 1.000000e+00
      outer loop
         vertex 9.736016e+02 1.020625e+03 1.000000e+03
         vertex 2.119892e+02 1.615662e+03 1.000000e+03
         vertex 9.734227e+02 1.020394e+03 1.000000e+03
      endloop
   endfacet
   facet normal 0.000000e+00 0.000000e+00 1.000000e+00
      outer loop
         vertex 9.734227e+02 1.020394e+03 1.000000e+03
         vertex 2.119892e+02 1.615662e+03 1.000000e+03
         vertex 2.066467e+02 1.608761e+03 1.000000e+03
      endloop
   endfacet
   facet normal 0.000000e+00 0.000000e+00 1.000000e+00
      outer loop
         vertex 9.734227e+02 1.020394e+03 1.000000e+03
         vertex 2.066467e+02 1.608761e+03 1.000000e+03
         vertex 9.732457e+02 1.020161e+03 1.000000e+03
      endloop
   endfacet
   facet normal 0.000000e+00 0.000000e+00 1.000000e+00
      outer loop
         vertex 9.732457e+02 1.020161e+03 1.000000e+03
         vertex 2.066467e+02 1.608761e+03 1.000000e+03
         vertex 2.013645e+02 1.601815e+03 1.000000e+03
      endloop
   endfacet
   facet normal 0.000000e+00 0.000000e+00 1.000000e+00
      outer loop
         vertex 9.732457e+02 1.020161e+03 1.000000e+03
         vertex 2.013645e+02 1.601815e+03 1.000000e+03
         vertex 9.730708e+02 1.019927e+03 1.000000e+03
      endloop
   endfacet
   facet normal 0.000000e+00 0.000000e+00 1.000000e+00
      outer loop
         vertex 9.730708e+02 1.019927e+03 1.000000e+03
         vertex 2.013645e+02 1.601815e+03 1.000000e+03
         vertex 1.961432e+02 1.594823e+03 1.000000e+03
      endloop
   endfacet
   facet normal 0.000000e+00 0.000000e+00 1.000000e+00
      outer loop
         vertex 9.730708e+02 1.019927e+03 1.000000e+03
         vertex 1.961432e+02 1.594823e+03 1.000000e+03
         vertex 9.728979e+02 1.019691e+03 1.000000e+03
      endloop
   endfacet
   facet normal 0.000000e+00 0.000000e+00 1.000000e+00
      outer loop
         vertex 9.728979e+02 1.019691e+03 1.000000e+03
         vertex 1.961432e+02 1.594823e+03 1.000000e+03
         vertex 1.909830e+02 1.587785e+03 1.000000e+03
      endloop
   endfacet
   facet normal 0.000000e+00 0.000000e+00 1.000000e+00
      outer loop
         vertex 9.728979e+02 1.019691e+03 1.000000e+03
         vertex 1.909830e+02 1.587785e+03 1.000000e+03
         vertex 9.727271e+02 1.019454e+03 1.000000e+03
      endloop
   endfacet
   facet normal 0.000000e+00 0.000000e+00 1.000000e+00
      outer loop
         vertex 9.727271e+02 1.019454e+03 1.000000e+03
         vertex 1.909830e+02 1.587785e+03 1.000000e+03
         vertex 1.858845e+02 1.580703e+03 1.000000e+03
      endloop
   endfacet
   facet normal 0.000000e+00 0.000000e+00 1.000000e+00
      outer loop
         vertex 9.727271e+02 1.019454e+03 1.000000e+03
         vertex 1.858845e+02 1.580703e+03 1.000000e+03
         vertex 9.725584e+02 1.019215e+03 1.000000e+03
      endloop
   endfacet
   facet normal 0.000000e+00 0.000000e+00 1.000000e+00
      outer loop
         vertex 9.725584e+02 1.019215e+03 1.000000e+03
         vertex 1.858845e+02 1.580703e+03 1.000000e+03
         vertex 1.808479e+02 1.573576e+03 1.000000e+03
      endloop
   endfacet
   facet normal 0.000000e+00 0.000000e+00 1.000000e+00
      outer loop
         vertex 9.725584e+02 1.019215e+03 1.000000e+03
         vertex 1.808479e+02 1.573576e+03 1.000000e+03
         vertex 9.723918e+02 1.018975e+03 1.000000e+03
      endloop
   endfacet
   facet normal 0.000000e+00 0.000000e+00 1.000000e+00
      outer loop
         vertex 9.723918e+02 1.018975e+03 1.000000e+03
         vertex 1.808479e+02 1.573576e+03 1.000000e+03
         vertex 1.758738e+02 1.566406e+03 1.000000e+03
      endloop
   endfacet
   facet normal 0.000000e+00 0.000000e+00 1.000000e+00
      outer loop
         vertex 9.723918e+02 1.018975e+03 1.000000e+03
         vertex 1.758738e+02 1.566406e+03 1.000000e+03
         vertex 9.722272e+02 1.018733e+03 1.000000e+03
      endloop
   endfacet
   facet normal 0.000000e+00 0.000000e+00 1.000000e+00
      outer loop
         vertex 9.722272e+02 1.018733e+03 1.000000e+03
         vertex 1.758738e+02 1.566406e+03 1.000000e+03
         vertex 1.709625e+02 1.559193e+03 1.000000e+03
      endloop
   endfacet
   facet normal 0.000000e+00 0.000000e+00 1.000000e+00
      outer loop
         vertex 9.722272e+02 1.018733e+03 1.000000e+03
         vertex 1.709625e+02 1.559193e+03 1.000000e+03
         vertex 9.720648e+02 1.018490e+03 1.000000e+03
      endloop
   endfacet
   facet normal 0.000000e+00 0.000000e+00 1.000000e+00
      outer loop
         vertex 9.720648e+02 1.018490e+03 1.000000e+03
         vertex 1.709625e+02 1.559193e+03 1.000000e+03
         vertex 1.661142e+02 1.551937e+03 1.000000e+03
      endloop
   endfacet
   facet normal 0.000000e+00 0.000000e+00 1.000000e+00
      outer loop
         vertex 9.720648e+02 1.018490e+03 1.000000e+03
         vertex 1.661142e+02 1.551937e+03 1.000000e+03
         vertex 9.719045e+02 1.018245e+03 1.000000e+03
      endloop
   endfacet
   facet normal 0.000000e+00 0.000000e+00 1.000000e+00
      outer loop
         vertex 9.719045e+02 1.018245e+03 1.000000e+03
         vertex 1.661142e+02 1.551937e+03 1.000000e+03
         vertex 1.613294e+02 1.544639e+03 1.000000e+03
      endloop
   endfacet
   facet normal -0.000000e+00 0.000000e+00 1.000000e+00
      outer loop
         vertex 1.002920e+03 9.666275e+02 1.000000e+03
         vertex 1.087156e+03 3.805280e+00 1.000000e+03
         vertex 1.003211e+03 9.666542e+02 1.000000e+03
      endloop
   endfacet
   facet normal 0.000000e+00 0.000000e+00 1.000000e+00
      outer loop
         vertex 1.003211e+03 9.666542e+02 1.000000e+03
         vertex 1.087156e+03 3.805280e+00 1.000000e+03
         vertex 1.095846e+03 4.603803e+00 1.000000e+03
      endloop
   endfacet
   facet normal -0.000000e+00 0.000000e+00 1.000000e+00
      outer loop
         vertex 1.003211e+03 9.666542e+02 1.000000e+03
         vertex 1.095846e+03 4.603803e+00 1.000000e+03
         vertex 1.003502e+03 9.666835e+02 1.000000e+03
      endloop
   endfacet
   facet normal 0.000000e+00 0.000000e+00 1.000000e+00
      outer loop
         vertex 1.003502e+03 9.666835e+02 1.000000e+03
         vertex 1.095846e+03 4.603803e+00 1.000000e+03
         vertex 1.104528e+03 5.478084e+00 1.000000e+03
      endloop
   endfacet
   facet normal -0.000000e+00 0.000000e+00 1.000000e+00
      outer loop
         vertex 1.003502e+03 9.666835e+02 1.000000e+03
         vertex 1.104528e+03 5.478084e+00 1.000000e+03
         vertex 1.003792e+03 9.667153e+02 1.000000e+03
      endloop
   endfacet
   facet normal 0.000000e+00 0.000000e+00 1.000000e+00
      outer loop
         vertex 1.003792e+03 9.667153e+02 1.000000e+03
         vertex 1.104528e+03 5.478084e+00 1.000000e+03
         vertex 1.113203e+03 6.428123e+00 1.000000e+03
      endloop
   endfacet
   facet normal -0.000000e+00 0.000000e+00 1.000000e+00
      outer loop
         vertex 1.003792e+03 9.667153e+02 1.000000e+03
         vertex 1.113203e+03 6.428123e+00 1.000000e+03
         vertex 1.004083e+03 9.667497e+02 1.000000e+03
      endloop
   endfacet
   facet normal 0.000000e+00 0.000000e+00 1.000000e+00
      outer loop
         vertex 1.004083e+03 9.667497e+02 1.000000e+03
         vertex 1.113203e+03 6.428123e+00 1.000000e+03
         vertex 1.121869e+03 7.453859e+00 1.000000e+03
      endloop
   endfacet
   facet normal -0.000000e+00 0.000000e+00 1.000000e+00
      outer loop
         vertex 1.004083e+03 9.667497e+02 1.000000e+03
         vertex 1.121869e+03 7.453859e+00 1.000000e+03
         vertex 1.004373e+03 9.667866e+02 1.000000e+03
      endloop
   endfacet
   facet normal 0.000000e+00 0.000000e+00 1.000000e+00
      outer loop
         vertex 1.004373e+03 9.667866e+02 1.000000e+03
         vertex 1.121869e+03 7.453859e+00 1.000000e+03
         vertex 1.130526e+03 8.555114e+00 1.000000e+03
      endloop
   endfacet
   facet normal -0.000000e+00 0.000000e+00 1.000000e+00
      outer loop
         vertex 1.004373e+03 9.667866e+02 1.000000e+03
         vertex 1.130526e+03 8.555114e+00 1.000000e+03
         vertex 1.004662e+03 9.668260e+02 1.000000e+03
      endloop
   endfacet
   facet normal 0.000000e+00 0.000000e+00 1.000000e+00
      outer loop
         vertex 1.004662e+03 9.668260e+02 1.000000e+03
         vertex 1.130526e+03 8.555114e+00 1.000000e+03
         vertex 1.139173e+03 9.731948e+00 1.000000e+03
      endloop
   endfacet
   facet normal -0.000000e+00 0.000000e+00 1.000000e+00
      outer loop
         vertex 1.004662e+03 9.668260e+02 1.000000e+03
         vertex 1.139173e+03 9.731948e+00 1.000000e+03
         vertex 1.004952e+03 9.668680e+02 1.000000e+03
      endloop
   endfacet
   facet normal 0.000000e+00 0.000000e+00 1.000000e+00
      outer loop
         vertex 1.004952e+03 9.668680e+02 1.000000e+03
         vertex 1.139173e+03 9.731948e+00 1.000000e+03
         vertex 1.147809e+03 1.098412e+01 1.000000e+03
      endloop
   endfacet
   facet normal -0.000000e+00 0.000000e+00 1.000000e+00
      outer loop
         vertex 1.004952e+03 9.668680e+02 1.000000e+03
         vertex 1.147809e+03 1.098412e+01 1.000000e+03
         vertex 1.005241e+03 9.669124e+02 1.000000e+03
      endloop
   endfacet
   facet normal 0.000000e+00 0.000000e+00 1.000000e+00
      outer loop
         vertex 1.005241e+03 9.669124e+02 1.000000e+03
         vertex 1.147809e+03 1.098412e+01 1.000000e+03
         vertex 1.156434e+03 1.231164e+01 1.000000e+03
      endloop
   endfacet
   facet normal -0.000000e+00 0.000000e+00 1.000000e+00
      outer loop
         vertex 1.005241e+03 9.669124e+02 1.000000e+03
         vertex 1.156434e+03 1.231164e+01 1.000000e+03
         vertex 1.005529e+03 9.669594e+02 1.000000e+03
      endloop
   endfacet
   facet normal 0.000000e+00 0.000000e+00 1.000000e+00
      outer loop
         vertex 1.005529e+03 9.669594e+02 1.000000e+03
         vertex 1.156434e+03 1.231164e+01 1.000000e+03
         vertex 1.165048e+03 1.371437e+01 1.000000e+03
      endloop
   endfacet
   facet normal -0.000000e+00 0.000000e+00 1.000000e+00
      outer loop
         vertex 1.005529e+03 9.669594e+02 1.000000e+03
         vertex 1.165048e+03 1.371437e+01 1.000000e+03
         vertex 1.005817e+03 9.670089e+02 1.000000e+03
      endloop
   endfacet
   facet normal 0.000000e+00 0.000000e+00 1.000000e+00
      outer loop
         vertex 1.005817e+03 9.670089e+02 1.000000e+03
         vertex 1.165048e+03 1.371437e+01 1.000000e+03
         vertex 1.173648e+03 1.519227e+01 1.000000e+03
      endloop
   endfacet
   facet normal -0.000000e+00 0.000000e+00 1.000000e+00
      outer loop
         vertex 1.005817e+03 9.670089e+02 1.000000e+03
         vertex 1.173648e+03 1.519227e+01 1.000000e+03
         vertex 1.006105e+03 9.670610e+02 1.000000e+03
      endloop
   endfacet
   facet normal 0.000000e+00 0.000000e+00 1.000000e+00
      outer loop
         vertex 1.006105e+03 9.670610e+02 1.000000e+03
         vertex 1.173648e+03 1.519227e+01 1.000000e+03
         vertex 1.182236e+03 1.674509e+01 1.000000e+03
      endloop
   endfacet
   facet normal -0.000000e+00 0.000000e+00 1.000000e+00
      outer loop
         vertex 1.006105e+03 9.670610e+02 1.000000e+03
         vertex 1.182236e+03 1.674509e+01 1.000000e+03
         vertex 1.006392e+03 9.671155e+02 1.000000e+03
      endloop
   endfacet
   facet normal 0.000000e+00 0.000000e+00 1.000000e+00
      outer loop
         vertex 1.006392e+03 9.671155e+02 1.000000e+03
         vertex 1.182236e+03 1.674509e+01 1.000000e+03
         vertex 1.190809e+03 1.837283e+01 1.000000e+03
      endloop
   endfacet
   facet normal -0.000000e+00 0.000000e+00 1.000000e+00
      outer loop
         vertex 1.006392e+03 9.671155e+02 1.000000e+03
         vertex 1.190809e+03 1.837283e+01 1.000000e+03
         vertex 1.006679e+03 9.671725e+02 1.000000e+03
      endloop
   endfacet
   facet normal 0.000000e+00 0.000000e+00 1.000000e+00
      outer loop
         vertex 1.006679e+03 9.671725e+02 1.000000e+03
         vertex 1.190809e+03 1.837283e+01 1.000000e+03
         vertex 1.199368e+03 2.007532e+01 1.000000e+03
      endloop
   endfacet
   facet normal -0.000000e+00 0.000000e+00 1.000000e+00
      outer loop
         vertex 1.006679e+03 9.671725e+02 1.000000e+03
         vertex 1.199368e+03 2.007532e+01 1.000000e+03
         vertex 1.006965e+03 9.672321e+02 1.000000e+03
      endloop
   endfacet
   facet normal 0.000000e+00 0.000000e+00 1.000000e+00
      outer loop
         vertex 1.006965e+03 9.672321e+02 1.000000e+03
         vertex 1.199368e+03 2.007532e+01 1.000000e+03
         vertex 1.207912e+03 2.185237e+01 1.000000e+03
      endloop
   endfacet
   facet normal -0.000000e+00 0.000000e+00 1.000000e+00
      outer loop
         vertex 1.006965e+03 9.672321e+02 1.000000e+03
         vertex 1.207912e+03 2.185237e+01 1.000000e+03
         vertex 1.007251e+03 9.672941e+02 1.000000e+03
      endloop
   endfacet
   facet normal 0.000000e+00 0.000000e+00 1.000000e+00
      outer loop
         vertex 1.007251e+03 9.672941e+02 1.000000e+03
         vertex 1.207912e+03 2.185237e+01 1.000000e+03
         vertex 1.216440e+03 2.370399e+01 1.000000e+03
      endloop
   endfacet
   facet normal -0.000000e+00 0.000000e+00 1.000000e+00
      outer loop
         vertex 1.007251e+03 9.672941e+02 1.000000e+03
         vertex 1.216440e+03 2.370399e+01 1.000000e+03
         vertex 1.007536e+03 9.673586e+02 1.000000e+03
      endloop
   endfacet
   facet normal 0.000000e+00 0.000000e+00 1.000000e+00
      outer loop
         vertex 1.007536e+03 9.673586e+02 1.000000e+03
         vertex 1.216440e+03 2.370399e+01 1.000000e+03
         vertex 1.224951e+03 2.562994e+01 1.000000e+03
      endloop
   endfacet
   facet normal -0.000000e+00 0.000000e+00 1.000000e+00
      outer loop
         vertex 1.007536e+03 9.673586e+02 1.000000e+03
         vertex 1.224951e+03 2.562994e+01 1.000000e+03
         vertex 1.007820e+03 9.674256e+02 1.000000e+03
      endloop
   endfacet
   facet normal 0.000000e+00 0.000000e+00 1.000000e+00
      outer loop
         vertex 1.007820e+03 9.674256e+02 1.000000e+03
         vertex 1.224951e+03 2.562994e+01 1.000000e+03
         vertex 1.233445e+03 2.763009e+01 1.000000e+03
      endloop
   endfacet
   facet normal -0.000000e+00 0.000000e+00 1.000000e+00
      outer loop
         vertex 1.007820e+03 9.674256e+02 1.000000e+03
         vertex 1.233445e+03 2.763009e+01 1.000000e+03
         vertex 1.008104e+03 9.674951e+02 1.000000e+03
      endloop
   endfacet
   facet normal 0.000000e+00 0.000000e+00 1.000000e+00
      outer loop
         vertex 1.008104e+03 9.674951e+02 1.000000e+03
         vertex 1.233445e+03 2.763009e+01 1.000000e+03
         vertex 1.241922e+03 2.970427e+01 1.000000e+03
      endloop
   endfacet
   facet normal -0.000000e+00 0.000000e+00 1.000000e+00
      outer loop
         vertex 1.008104e+03 9.674951e+02 1.000000e+03
         vertex 1.241922e+03 2.970427e+01 1.000000e+03
         vertex 1.008388e+03 9.675671e+02 1.000000e+03
      endloop
   endfacet
   facet normal 0.000000e+00 0.000000e+00 1.000000e+00
      outer loop
         vertex 1.008388e+03 9.675671e+02 1.000000e+03
         vertex 1.241922e+03 2.970427e+01 1.000000e+03
         vertex 1.250380e+03 3.185236e+01 1.000000e+03
      endloop
   endfacet
   facet normal -0.000000e+00 0.000000e+00 1.000000e+00
      outer loop
         vertex 1.008388e+03 9.675671e+02 1.000000e+03
         vertex 1.250380e+03 3.185236e+01 1.000000e+03
         vertex 1.008670e+03 9.676415e+02 1.000000e+03
      endloop
   endfacet
   facet normal 0.000000e+00 0.000000e+00 1.000000e+00
      outer loop
         vertex 1.008670e+03 9.676415e+02 1.000000e+03
         vertex 1.250380e+03 3.185236e+01 1.000000e+03
         vertex 1.258819e+03 3.407419e+01 1.000000e+03
      endloop
   endfacet
   facet normal -0.000000e+00 0.000000e+00 1.000000e+00
      outer loop
         vertex 1.008670e+03 9.676415e+02 1.000000e+03
         vertex 1.258819e+03 3.407419e+01 1.000000e+03
         vertex 1.008952e+03 9.677184e+02 1.000000e+03
      endloop
   endfacet
   facet normal 0.000000e+00 0.000000e+00 1.000000e+00
      outer loop
         vertex 1.008952e+03 9.677184e+02 1.000000e+03
         vertex 1.258819e+03 3.407419e+01 1.000000e+03
         vertex 1.267238e+03 3.636956e+01 1.000000e+03
      endloop
   endfacet
   facet normal -0.000000e+00 0.000000e+00 1.000000e+00
      outer loop
         vertex 1.008952e+03 9.677184e+02 1.000000e+03
         vertex 1.267238e+03 3.636956e+01 1.000000e+03
         vertex 1.009234e+03 9.677977e+02 1.000000e+03
      endloop
   endfacet
   facet normal 0.000000e+00 0.000000e+00 1.000000e+00
      outer loop
         vertex 1.009234e+03 9.677977e+02 1.000000e+03
         vertex 1.267238e+03 3.636956e+01 1.000000e+03
         vertex 1.275637e+03 3.873831e+01 1.000000e+03
      endloop
   endfacet
   facet normal -0.000000e+00 0.000000e+00 1.000000e+00
      outer loop
         vertex 1.009234e+03 9.677977e+02 1.000000e+03
         vertex 1.275637e+03 3.873831e+01 1.000000e+03
         vertex 1.009515e+03 9.678795e+02 1.000000e+03
      endloop
   endfacet
   facet normal 0.000000e+00 0.000000e+00 1.000000e+00
      outer loop
         vertex 1.009515e+03 9.678795e+02 1.000000e+03
         vertex 1.275637e+03 3.873831e+01 1.000000e+03
         vertex 1.284015e+03 4.118025e+01 1.000000e+03
      endloop
   endfacet
   facet normal -0.000000e+00 0.000000e+00 1.000000e+00
      outer loop
         vertex 1.009515e+03 9.678795e+02 1.000000e+03
         vertex 1.284015e+03 4.118025e+01 1.000000e+03
         vertex 1.009794e+03 9.679638e+02 1.000000e+03
      endloop
   endfacet
   facet normal 0.000000e+00 0.000000e+00 1.000000e+00
      outer loop
         vertex 1.009794e+03 9.679638e+02 1.000000e+03
         vertex 1.284015e+03 4.118025e+01 1.000000e+03
         vertex 1.292372e+03 4.369527e+01 1.000000e+03
      endloop
   endfacet
   facet normal -0.000000e+00 0.000000e+00 1.000000e+00
      outer loop
         vertex 1.009794e+03 9.679638e+02 1.000000e+03
         vertex 1.292372e+03 4.369527e+01 1.000000e+03
         vertex 1.010074e+03 9.680505e+02 1.000000e+03
      endloop
   endfacet
   facet normal 0.000000e+00 0.000000e+00 1.000000e+00
      outer loop
         vertex 1.010074e+03 9.680505e+02 1.000000e+03
         vertex 1.292372e+03 4.369527e+01 1.000000e+03
         vertex 1.300706e+03 4.628307e+01 1.000000e+03
      endloop
   endfacet
   facet normal -0.000000e+00 0.000000e+00 1.000000e+00
      outer loop
         vertex 1.010074e+03 9.680505e+02 1.000000e+03
         vertex 1.300706e+03 4.628307e+01 1.000000e+03
         vertex 1.010352e+03 9.681396e+02 1.000000e+03
      endloop
   endfacet
   facet normal 0.000000e+00 0.000000e+00 1.000000e+00
      outer loop
         vertex 1.010352e+03 9.681396e+02 1.000000e+03
         vertex 1.300706e+03 4.628307e+01 1.000000e+03
         vertex 1.309017e+03 4.894346e+01 1.000000e+03
      endloop
   endfacet
   facet normal -0.000000e+00 0.000000e+00 1.000000e+00
      outer loop
         vertex 1.010352e+03 9.681396e+02 1.000000e+03
         vertex 1.309017e+03 4.894346e+01 1.000000e+03
         vertex 1.010630e+03 9.682312e+02 1.000000e+03
      endloop
   endfacet
   facet normal 0.000000e+00 0.000000e+00 1.000000e+00
      outer loop
         vertex 1.010630e+03 9.682312e+02 1.000000e+03
         vertex 1.309017e+03 4.894346e+01 1.000000e+03
         vertex 1.317305e+03 5.167633e+01 1.000000e+03
      endloop
   endfacet
   facet normal -0.000000e+00 0.000000e+00 1.000000e+00
      outer loop
         vertex 1.010630e+03 9.682312e+02 1.000000e+03
         vertex 1.317305e+03 5.167633e+01 1.000000e+03
         vertex 1.010907e+03 9.683251e+02 1.000000e+03
      endloop
   endfacet
   facet normal 0.000000e+00 0.000000e+00 1.000000e+00
      outer loop
         vertex 1.010907e+03 9.683251e+02 1.000000e+03
         vertex 1.317305e+03 5.167633e+01 1.000000e+03
         vertex 1.325568e+03 5.448145e+01 1.000000e+03
      endloop
   endfacet
   facet normal -0.000000e+00 0.000000e+00 1.000000e+00
      outer loop
         vertex 1.010907e+03 9.683251e+02 1.000000e+03
         vertex 1.325568e+03 5.448145e+01 1.000000e+03
         vertex 1.011183e+03 9.684215e+02 1.000000e+03
      endloop
   endfacet
   facet normal 0.000000e+00 0.000000e+00 1.000000e+00
      outer loop
         vertex 1.011183e+03 9.684215e+02 1.000000e+03
         vertex 1.325568e+03 5.448145e+01 1.000000e+03
         vertex 1.333807e+03 5.735850e+01 1.000000e+03
      endloop
   endfacet
   facet normal -0.000000e+00 0.000000e+00 1.000000e+00
      outer loop
         vertex 1.011183e+03 9.684215e+02 1.000000e+03
         vertex 1.333807e+03 5.735850e+01 1.000000e+03
         vertex 1.011458e+03 9.685203e+02 1.000000e+03
      endloop
   endfacet
   facet normal 0.000000e+00 0.000000e+00 1.000000e+00
      outer loop
         vertex 1.011458e+03 9.685203e+02 1.000000e+03
         vertex 1.333807e+03 5.735850e+01 1.000000e+03
         vertex 1.342020e+03 6.030738e+01 1.000000e+03
      endloop
   endfacet
   facet normal -0.000000e+00 0.000000e+00 1.000000e+00
      outer loop
         vertex 1.011458e+03 9.685203e+02 1.000000e+03
         vertex 1.342020e+03 6.030738e+01 1.000000e+03
         vertex 1.011732e+03 9.686215e+02 1.000000e+03
      endloop
   endfacet
   facet normal 0.000000e+00 0.000000e+00 1.000000e+00
      outer loop
         vertex 1.011732e+03 9.686215e+02 1.000000e+03
         vertex 1.342020e+03 6.030738e+01 1.000000e+03
         vertex 1.350207e+03 6.332779e+01 1.000000e+03
      endloop
   endfacet
   facet normal -0.000000e+00 0.000000e+00 1.000000e+00
      outer loop
         vertex 1.011732e+03 9.686215e+02 1.000000e+03
         vertex 1.350207e+03 6.332779e+01 1.000000e+03
         vertex 1.012005e+03 9.687251e+02 1.000000e+03
      endloop
   endfacet
   facet normal 0.000000e+00 0.000000e+00 1.000000e+00
      outer loop
         vertex 1.012005e+03 9.687251e+02 1.000000e+03
         vertex 1.350207e+03 6.332779e+01 1.000000e+03
         vertex 1.358368e+03 6.641960e+01 1.000000e+03
      endloop
   endfacet
   facet normal -0.000000e+00 0.000000e+00 1.000000e+00
      outer loop
         vertex 1.012005e+03 9.687251e+02 1.000000e+03
         vertex 1.358368e+03 6.641960e+01 1.000000e+03
         vertex 1.012278e+03 9.688310e+02 1.000000e+03
      endloop
   endfacet
   facet normal 0.000000e+00 0.000000e+00 1.000000e+00
      outer loop
         vertex 1.012278e+03 9.688310e+02 1.000000e+03
         vertex 1.358368e+03 6.641960e+01 1.000000e+03
         vertex 1.366501e+03 6.958240e+01 1.000000e+03
      endloop
   endfacet
   facet normal -0.000000e+00 0.000000e+00 1.000000e+00
      outer loop
         vertex 1.012278e+03 9.688310e+02 1.000000e+03
         vertex 1.366501e+03 6.958240e+01 1.000000e+03
         vertex 1.012549e+03 9.689393e+02 1.000000e+03
      endloop
   endfacet
   facet normal 0.000000e+00 0.000000e+00 1.000000e+00
      outer loop
         vertex 1.012549e+03 9.689393e+02 1.000000e+03
         vertex 1.366501e+03 6.958240e+01 1.000000e+03
         vertex 1.374607e+03 7.281613e+01 1.000000e+03
      endloop
   endfacet
   facet normal -0.000000e+00 0.000000e+00 1.000000e+00
      outer loop
         vertex 1.012549e+03 9.689393e+02 1.000000e+03
         vertex 1.374607e+03 7.281613e+01 1.000000e+03
         vertex 1.012820e+03 9.690500e+02 1.000000e+03
      endloop
   endfacet
   facet normal 0.000000e+00 0.000000e+00 1.000000e+00
      outer loop
         vertex 1.012820e+03 9.690500e+02 1.000000e+03
         vertex 1.374607e+03 7.281613e+01 1.000000e+03
         vertex 1.382683e+03 7.612050e+01 1.000000e+03
      endloop
   endfacet
   facet normal -0.000000e+00 0.000000e+00 1.000000e+00
      outer loop
         vertex 1.012820e+03 9.690500e+02 1.000000e+03
         vertex 1.382683e+03 7.612050e+01 1.000000e+03
         vertex 1.013089e+03 9.691631e+02 1.000000e+03
      endloop
   endfacet
   facet normal 0.000000e+00 0.000000e+00 1.000000e+00
      outer loop
         vertex 1.013089e+03 9.691631e+02 1.000000e+03
         vertex 1.382683e+03 7.612050e+01 1.000000e+03
         vertex 1.390731e+03 7.949513e+01 1.000000e+03
      endloop
   endfacet
   facet normal -0.000000e+00 0.000000e+00 1.000000e+00
      outer loop
         vertex 1.013089e+03 9.691631e+02 1.000000e+03
         vertex 1.390731e+03 7.949513e+01 1.000000e+03
         vertex 1.013358e+03 9.692785e+02 1.000000e+03
      endloop
   endfacet
   facet normal 0.000000e+00 0.000000e+00 1.000000e+00
      outer loop
         vertex 1.013358e+03 9.692785e+02 1.000000e+03
         vertex 1.390731e+03 7.949513e+01 1.000000e+03
         vertex 1.398749e+03 8.293992e+01 1.000000e+03
      endloop
   endfacet
   facet normal -0.000000e+00 0.000000e+00 1.000000e+00
      outer loop
         vertex 1.013358e+03 9.692785e+02 1.000000e+03
         vertex 1.398749e+03 8.293992e+01 1.000000e+03
         vertex 1.013626e+03 9.693962e+02 1.000000e+03
      endloop
   endfacet
   facet normal 0.000000e+00 0.000000e+00 1.000000e+00
      outer loop
         vertex 1.013626e+03 9.693962e+02 1.000000e+03
         vertex 1.398749e+03 8.293992e+01 1.000000e+03
         vertex 1.406737e+03 8.645457e+01 1.000000e+03
      endloop
   endfacet
   facet normal -0.000000e+00 0.000000e+00 1.000000e+00
      outer loop
         vertex 1.013626e+03 9.693962e+02 1.000000e+03
         vertex 1.406737e+03 8.645457e+01 1.000000e+03
         vertex 1.013892e+03 9.695163e+02 1.000000e+03
      endloop
   endfacet
   facet normal 0.000000e+00 0.000000e+00 1.000000e+00
      outer loop
         vertex 1.013892e+03 9.695163e+02 1.000000e+03
         vertex 1.406737e+03 8.645457e+01 1.000000e+03
         vertex 1.414693e+03 9.003872e+01 1.000000e+03
      endloop
   endfacet
   facet normal -0.000000e+00 0.000000e+00 1.000000e+00
      outer loop
         vertex 1.013892e+03 9.695163e+02 1.000000e+03
         vertex 1.414693e+03 9.003872e+01 1.000000e+03
         vertex 1.014158e+03 9.696387e+02 1.000000e+03
      endloop
   endfacet
   facet normal 0.000000e+00 0.000000e+00 1.000000e+00
      outer loop
         vertex 1.014158e+03 9.696387e+02 1.000000e+03
         vertex 1.414693e+03 9.003872e+01 1.000000e+03
         vertex 1.422618e+03 9.369218e+01 1.000000e+03
      endloop
   endfacet
   facet normal -0.000000e+00 0.000000e+00 1.000000e+00
      outer loop
         vertex 1.014158e+03 9.696387e+02 1.000000e+03
         vertex 1.422618e+03 9.369218e+01 1.000000e+03
         vertex 1.014422e+03 9.697634e+02 1.000000e+03
      endloop
   endfacet
   facet normal 0.000000e+00 0.000000e+00 1.000000e+00
      outer loop
         vertex 1.014422e+03 9.697634e+02 1.000000e+03
         vertex 1.422618e+03 9.369218e+01 1.000000e+03
         vertex 1.430511e+03 9.741473e+01 1.000000e+03
      endloop
   endfacet
   facet normal -0.000000e+00 0.000000e+00 1.000000e+00
      outer loop
         vertex 1.014422e+03 9.697634e+02 1.000000e+03
         vertex 1.430511e+03 9.741473e+01 1.000000e+03
         vertex 1.014685e+03 9.698904e+02 1.000000e+03
      endloop
   endfacet
   facet normal 0.000000e+00 0.000000e+00 1.000000e+00
      outer loop
         vertex 1.014685e+03 9.698904e+02 1.000000e+03
         vertex 1.430511e+03 9.741473e+01 1.000000e+03
         vertex 1.438371e+03 1.012059e+02 1.000000e+03
      endloop
   endfacet
   facet normal -0.000000e+00 0.000000e+00 1.000000e+00
      outer loop
         vertex 1.014685e+03 9.698904e+02 1.000000e+03
         vertex 1.438371e+03 1.012059e+02 1.000000e+03
         vertex 1.014948e+03 9.700197e+02 1.000000e+03
      endloop
   endfacet
   facet normal 0.000000e+00 0.000000e+00 1.000000e+00
      outer loop
         vertex 1.014948e+03 9.700197e+02 1.000000e+03
         vertex 1.438371e+03 1.012059e+02 1.000000e+03
         vertex 1.446198e+03 1.050656e+02 1.000000e+03
      endloop
   endfacet
   facet normal -0.000000e+00 0.000000e+00 1.000000e+00
      outer loop
         vertex 1.014948e+03 9.700197e+02 1.000000e+03
         vertex 1.446198e+03 1.050656e+02 1.000000e+03
         vertex 1.015209e+03 9.701513e+02 1.000000e+03
      endloop
   endfacet
   facet normal 0.000000e+00 0.000000e+00 1.000000e+00
      outer loop
         vertex 1.015209e+03 9.701513e+02 1.000000e+03
         vertex 1.446198e+03 1.050656e+02 1.000000e+03
         vertex 1.453990e+03 1.089935e+02 1.000000e+03
      endloop
   endfacet
   facet normal -0.000000e+00 0.000000e+00 1.000000e+00
      outer loop
         vertex 1.015209e+03 9.701513e+02 1.000000e+03
         vertex 1.453990e+03 1.089935e+02 1.000000e+03
         vertex 1.015469e+03 9.702851e+02 1.000000e+03
      endloop
   endfacet
   facet normal 0.000000e+00 0.000000e+00 1.000000e+00
      outer loop
         vertex 1.015469e+03 9.702851e+02 1.000000e+03
         vertex 1.453990e+03 1.089935e+02 1.000000e+03
         vertex 1.461749e+03 1.129892e+02 1.000000e+03
      endloop
   endfacet
   facet normal -0.000000e+00 0.000000e+00 1.000000e+00
      outer loop
         vertex 1.015469e+03 9.702851e+02 1.000000e+03
         vertex 1.461749e+03 1.129892e+02 1.000000e+03
         vertex 1.015727e+03 9.704213e+02 1.000000e+03
      endloop
   endfacet
   facet normal 0.000000e+00 0.000000e+00 1.000000e+00
      outer loop
         vertex 1.015727e+03 9.704213e+02 1.000000e+03
         vertex 1.461749e+03 1.129892e+02 1.000000e+03
         vertex 1.469472e+03 1.170524e+02 1.000000e+03
      endloop
   endfacet
   facet normal -0.000000e+00 0.000000e+00 1.000000e+00
      outer loop
         vertex 1.015727e+03 9.704213e+02 1.000000e+03
         vertex 1.469472e+03 1.170524e+02 1.000000e+03
         vertex 1.015985e+03 9.705596e+02 1.000000e+03
      endloop
   endfacet
   facet normal 0.000000e+00 0.000000e+00 1.000000e+00
      outer loop
         vertex 1.015985e+03 9.705596e+02 1.000000e+03
         vertex 1.469472e+03 1.170524e+02 1.000000e+03
         vertex 1.477159e+03 1.211829e+02 1.000000e+03
      endloop
   endfacet
   facet normal -0.000000e+00 0.000000e+00 1.000000e+00
      outer loop
         vertex 1.015985e+03 9.705596e+02 1.000000e+03
         vertex 1.477159e+03 1.211829e+02 1.000000e+03
         vertex 1.016241e+03 9.707002e+02 1.000000e+03
      endloop
   endfacet
   facet normal 0.000000e+00 0.000000e+00 1.000000e+00
      outer loop
         vertex 1.016241e+03 9.707002e+02 1.000000e+03
         vertex 1.477159e+03 1.211829e+02 1.000000e+03
         vertex 1.484810e+03 1.253803e+02 1.000000e+03
      endloop
   endfacet
   facet normal -0.000000e+00 0.000000e+00 1.000000e+00
      outer loop
         vertex 1.016241e+03 9.707002e+02 1.000000e+03
         vertex 1.484810e+03 1.253803e+02 1.000000e+03
         vertex 1.016496e+03 9.708431e+02 1.000000e+03
      endloop
   endfacet
   facet normal 0.000000e+00 0.000000e+00 1.000000e+00
      outer loop
         vertex 1.016496e+03 9.708431e+02 1.000000e+03
         vertex 1.484810e+03 1.253803e+02 1.000000e+03
         vertex 1.492424e+03 1.296443e+02 1.000000e+03
      endloop
   endfacet
   facet normal -0.000000e+00 0.000000e+00 1.000000e+00
      outer loop
         vertex 1.016496e+03 9.708431e+02 1.000000e+03
         vertex 1.492424e+03 1.296443e+02 1.000000e+03
         vertex 1.016750e+03 9.709881e+02 1.000000e+03
      endloop
   endfacet
   facet normal 0.000000e+00 0.000000e+00 1.000000e+00
      outer loop
         vertex 1.016750e+03 9.709881e+02 1.000000e+03
         vertex 1.492424e+03 1.296443e+02 1.000000e+03
         vertex 1.500000e+03 1.339746e+02 1.000000e+03
      endloop
   endfacet
   facet normal -0.000000e+00 0.000000e+00 1.000000e+00
      outer loop
         vertex 1.016750e+03 9.709881e+02 1.000000e+03
         vertex 1.500000e+03 1.339746e+02 1.000000e+03
         vertex 1.017003e+03 9.711354e+02 1.000000e+03
      endloop
   endfacet
   facet normal 0.000000e+00 0.000000e+00 1.000000e+00
      outer loop
         vertex 1.017003e+03 9.711354e+02 1.000000e+03
         vertex 1.500000e+03 1.339746e+02 1.000000e+03
         vertex 1.507538e+03 1.383708e+02 1.000000e+03
      endloop
   endfacet
   facet normal -0.000000e+00 0.000000e+00 1.000000e+00
      outer loop
         vertex 1.017003e+03 9.711354e+02 1.000000e+03
         vertex 1.507538e+03 1.383708e+02 1.000000e+03
         vertex 1.017254e+03 9.712849e+02 1.000000e+03
      endloop
   endfacet
   facet normal 0.000000e+00 0.000000e+00 1.000000e+00
      outer loop
         vertex 1.017254e+03 9.712849e+02 1.000000e+03
         vertex 1.507538e+03 1.383708e+02 1.000000e+03
         vertex 1.515038e+03 1.428327e+02 1.000000e+03
      endloop
   endfacet
   facet normal -0.000000e+00 0.000000e+00 1.000000e+00
      outer loop
         vertex 1.017254e+03 9.712849e+02 1.000000e+03
         vertex 1.515038e+03 1.428327e+02 1.000000e+03
         vertex 1.017504e+03 9.714366e+02 1.000000e+03
      endloop
   endfacet
   facet normal 0.000000e+00 0.000000e+00 1.000000e+00
      outer loop
         vertex 1.017504e+03 9.714366e+02 1.000000e+03
         vertex 1.515038e+03 1.428327e+02 1.000000e+03
         vertex 1.522499e+03 1.473598e+02 1.000000e+03
      endloop
   endfacet
   facet normal -0.000000e+00 0.000000e+00 1.000000e+00
      outer loop
         vertex 1.017504e+03 9.714366e+02 1.000000e+03
         vertex 1.522499e+03 1.473598e+02 1.000000e+03
         vertex 1.017752e+03 9.715904e+02 1.000000e+03
      endloop
   endfacet
   facet normal 0.000000e+00 0.000000e+00 1.000000e+00
      outer loop
         vertex 1.017752e+03 9.715904e+02 1.000000e+03
         vertex 1.522499e+03 1.473598e+02 1.000000e+03
         vertex 1.529919e+03 1.519519e+02 1.000000e+03
      endloop
   endfacet
   facet normal -0.000000e+00 0.000000e+00 1.000000e+00
      outer loop
         vertex 1.017752e+03 9.715904e+02 1.000000e+03
         vertex 1.529919e+03 1.519519e+02 1.000000e+03
         vertex 1.018000e+03 9.717464e+02 1.000000e+03
      endloop
   endfacet
   facet normal 0.000000e+00 0.000000e+00 1.000000e+00
      outer loop
         vertex 1.018000e+03 9.717464e+02 1.000000e+03
         vertex 1.529919e+03 1.519519e+02 1.000000e+03
         vertex 1.537300e+03 1.566086e+02 1.000000e+03
      endloop
   endfacet
   facet normal -0.000000e+00 0.000000e+00 1.000000e+00
      outer loop
         vertex 1.018000e+03 9.717464e+02 1.000000e+03
         vertex 1.537300e+03 1.566086e+02 1.000000e+03
         vertex 1.018245e+03 9.719045e+02 1.000000e+03
      endloop
   endfacet
   facet normal 0.000000e+00 0.000000e+00 1.000000e+00
      outer loop
         vertex 1.018245e+03 9.719045e+02 1.000000e+03
         vertex 1.537300e+03 1.566086e+02 1.000000e+03
         vertex 1.544639e+03 1.613294e+02 1.000000e+03
      endloop
   endfacet
   facet normal -0.000000e+00 0.000000e+00 1.000000e+00
      outer loop
         vertex 1.018245e+03 9.719045e+02 1.000000e+03
         vertex 1.544639e+03 1.613294e+02 1.000000e+03
         vertex 1.018490e+03 9.720648e+02 1.000000e+03
      endloop
   endfacet
   facet normal 0.000000e+00 0.000000e+00 1.000000e+00
      outer loop
         vertex 1.018490e+03 9.720648e+02 1.000000e+03
         vertex 1.544639e+03 1.613294e+02 1.000000e+03
         vertex 1.551937e+03 1.661142e+02 1.000000e+03
      endloop
   endfacet
   facet normal -0.000000e+00 0.000000e+00 1.000000e+00
      outer loop
         vertex 1.018490e+03 9.720648e+02 1.000000e+03
         vertex 1.551937e+03 1.661142e+02 1.000000e+03
         vertex 1.018733e+03 9.722272e+02 1.000000e+03
      endloop
   endfacet
   facet normal 0.000000e+00 0.000000e+00 1.000000e+00
      outer loop
         vertex 1.018733e+03 9.722272e+02 1.000000e+03
         vertex 1.551937e+03 1.661142e+02 1.000000e+03
         vertex 1.559193e+03 1.709625e+02 1.000000e+03
      endloop
   endfacet
   facet normal -0.000000e+00 0.000000e+00 1.000000e+00
      outer loop
         vertex 1.018733e+03 9.722272e+02 1.000000e+03
         vertex 1.559193e+03 1.709625e+02 1.000000e+03
         vertex 1.018975e+03 9.723918e+02 1.000000e+03
      endloop
   endfacet
   facet normal 0.000000e+00 0.000000e+00 1.000000e+00
      outer loop
         vertex 1.018975e+03 9.723918e+02 1.000000e+03
         vertex 1.559193e+03 1.709625e+02 1.000000e+03
         vertex 1.566406e+03 1.758738e+02 1.000000e+03
      endloop
   endfacet
   facet normal -0.000000e+00 0.000000e+00 1.000000e+00
      outer loop
         vertex 1.018975e+03 9.723918e+02 1.000000e+03
         vertex 1.566406e+03 1.758738e+02 1.000000e+03
         vertex 1.019215e+03 9.725584e+02 1.000000e+03
      endloop
   endfacet
   facet normal 0.000000e+00 0.000000e+00 1.000000e+00
      outer loop
         vertex 1.019215e+03 9.725584e+02 1.000000e+03
         vertex 1.566406e+03 1.758738e+02 1.000000e+03
         vertex 1.573576e+03 1.808479e+02 1.000000e+03
      endloop
   endfacet
   facet normal -0.000000e+00 0.000000e+00 1.000000e+00
      outer loop
         vertex 1.019215e+03 9.725584e+02 1.000000e+03
         vertex 1.573576e+03 1.808479e+02 1.000000e+03
         vertex 1.019454e+03 9.727271e+02 1.000000e+03
      endloop
   endfacet
   facet normal 0.000000e+00 0.000000e+00 1.000000e+00
      outer loop
         vertex 1.019454e+03 9.727271e+02 1.000000e+03
         vertex 1.573576e+03 1.808479e+02 1.000000e+03
         vertex 1.580703e+03 1.858845e+02 1.000000e+03
      endloop
   endfacet
   facet normal -0.000000e+00 0.000000e+00 1.000000e+00
      outer loop
         vertex 1.019454e+03 9.727271e+02 1.000000e+03
         vertex 1.580703e+03 1.858845e+02 1.000000e+03
         vertex 1.019691e+03 9.728979e+02 1.000000e+03
      endloop
   endfacet
   facet normal 0.000000e+00 0.000000e+00 1.000000e+00
      outer loop
         vertex 1.019691e+03 9.728979e+02 1.000000e+03
         vertex 1.580703e+03 1.858845e+02 1.000000e+03
         vertex 1.587785e+03 1.909830e+02 1.000000e+03
      endloop
   endfacet
   facet normal -0.000000e+00 0.000000e+00 1.000000e+00
      outer loop
         vertex 1.019691e+03 9.728979e+02 1.000000e+03
         vertex 1.587785e+03 1.909830e+02 1.000000e+03
         vertex 1.019927e+03 9.730708e+02 1.000000e+03
      endloop
   endfacet
   facet normal 0.000000e+00 0.000000e+00 1.000000e+00
      outer loop
         vertex 1.019927e+03 9.730708e+02 1.000000e+03
         vertex 1.587785e+03 1.909830e+02 1.000000e+03
         vertex 1.594823e+03 1.961432e+02 1.000000e+03
      endloop
   endfacet
   facet normal -0.000000e+00 0.000000e+00 1.000000e+00
      outer loop
         vertex 1.019927e+03 9.730708e+02 1.000000e+03
         vertex 1.594823e+03 1.961432e+02 1.000000e+03
         vertex 1.020161e+03 9.732457e+02 1.000000e+03
      endloop
   endfacet
   facet normal 0.000000e+00 0.000000e+00 1.000000e+00
      outer loop
         vertex 1.020161e+03 9.732457e+02 1.000000e+03
         vertex 1.594823e+03 1.961432e+02 1.000000e+03
         vertex 1.601815e+03 2.013645e+02 1.000000e+03
      endloop
   endfacet
   facet normal -0.000000e+00 0.000000e+00 1.000000e+00
      outer loop
         vertex 1.020161e+03 9.732457e+02 1.000000e+03
         vertex 1.601815e+03 2.013645e+02 1.000000e+03
         vertex 1.020394e+03 9.734227e+02 1.000000e+03
      endloop
   endfacet
   facet normal 0.000000e+00 0.000000e+00 1.000000e+00
      outer loop
         vertex 1.020394e+03 9.734227e+02 1.000000e+03
         vertex 1.601815e+03 2.013645e+02 1.000000e+03
         vertex 1.608761e+03 2.066467e+02 1.000000e+03
      endloop
   endfacet
   facet normal -0.000000e+00 0.000000e+00 1.000000e+00
      outer loop
         vertex 1.020394e+03 9.734227e+02 1.000000e+03
         vertex 1.608761e+03 2.066467e+02 1.000000e+03
         vertex 1.020625e+03 9.736016e+02 1.000000e+03
      endloop
   endfacet
   facet normal 0.000000e+00 0.000000e+00 1.000000e+00
      outer loop
         vertex 1.020625e+03 9.736016e+02 1.000000e+03
         vertex 1.608761e+03 2.066467e+02 1.000000e+03
         vertex 1.615662e+03 2.119892e+02 1.000000e+03
      endloop
   endfacet
   facet normal -0.000000e+00 0.000000e+00 1.000000e+00
      outer loop
         vertex 1.020625e+03 9.736016e+02 1.000000e+03
         vertex 1.615662e+03 2.119892e+02 1.000000e+03
         vertex 1.020854e+03 9.737826e+02 1.000000e+03
      endloop
   endfacet
   facet normal 0.000000e+00 0.000000e+00 1.000000e+00
      outer loop
         vertex 1.020854e+03 9.737826e+02 1.000000e+03
         vertex 1.615662e+03 2.119892e+02 1.000000e+03
         vertex 1.622515e+03 2.173918e+02 1.000000e+03
      endloop
   endfacet
   facet normal -0.000000e+00 0.000000e+00 1.000000e+00
      outer loop
         vertex 1.020854e+03 9.737826e+02 1.000000e+03
         vertex 1.622515e+03 2.173918e+02 1.000000e+03
         vertex 1.021082e+03 9.739656e+02 1.000000e+03
      endloop
   endfacet
   facet normal 0.000000e+00 0.000000e+00 1.000000e+00
      outer loop
         vertex 1.021082e+03 9.739656e+02 1.000000e+03
         vertex 1.622515e+03 2.173918e+02 1.000000e+03
         vertex 1.629320e+03 2.228540e+02 1.000000e+03
      endloop
   endfacet
   facet normal -0.000000e+00 0.000000e+00 1.000000e+00
      outer loop
         vertex 1.021082e+03 9.739656e+02 1.000000e+03
         vertex 1.629320e+03 2.228540e+02 1.000000e+03
         vertex 1.021309e+03 9.741506e+02 1.000000e+03
      endloop
   endfacet
   facet normal 0.000000e+00 0.000000e+00 1.000000e+00
      outer loop
         vertex 1.021309e+03 9.741506e+02 1.000000e+03
         vertex 1.629320e+03 2.228540e+02 1.000000e+03
         vertex 1.636078e+03 2.283754e+02 1.000000e+03
      endloop
   endfacet
   facet normal -0.000000e+00 0.000000e+00 1.000000e+00
      outer loop
         vertex 1.021309e+03 9.741506e+02 1.000000e+03
         vertex 1.636078e+03 2.283754e+02 1.000000e+03
         vertex 1.021533e+03 9.743375e+02 1.000000e+03
      endloop
   endfacet
   facet normal 0.000000e+00 0.000000e+00 1.000000e+00
      outer loop
         vertex 1.021533e+03 9.743375e+02 1.000000e+03
         vertex 1.636078e+03 2.283754e+02 1.000000e+03
         vertex 1.642788e+03 2.339556e+02 1.000000e+03
      endloop
   endfacet
   facet normal -0.000000e+00 0.000000e+00 1.000000e+00
      outer loop
         vertex 1.021533e+03 9.743375e+02 1.000000e+03
         vertex 1.642788e+03 2.339556e+02 1.000000e+03
         vertex 1.021757e+03 9.745264e+02 1.000000e+03
      endloop
   endfacet
   facet normal 0.000000e+00 0.000000e+00 1.000000e+00
      outer loop
         vertex 1.021757e+03 9.745264e+02 1.000000e+03
         vertex 1.642788e+03 2.339556e+02 1.000000e+03
         vertex 1.649448e+03 2.395940e+02 1.000000e+03
      endloop
   endfacet
   facet normal -0.000000e+00 0.000000e+00 1.000000e+00
      outer loop
         vertex 1.021757e+03 9.745264e+02 1.000000e+03
         vertex 1.649448e+03 2.395940e+02 1.000000e+03
         vertex 1.021978e+03 9.747172e+02 1.000000e+03
      endloop
   endfacet
   facet normal 0.000000e+00 0.000000e+00 1.000000e+00
      outer loop
         vertex 1.021978e+03 9.747172e+02 1.000000e+03
         vertex 1.649448e+03 2.395940e+02 1.000000e+03
         vertex 1.656059e+03 2.452904e+02 1.000000e+03
      endloop
   endfacet
   facet normal -0.000000e+00 0.000000e+00 1.000000e+00
      outer loop
         vertex 1.021978e+03 9.747172e+02 1.000000e+03
         vertex 1.656059e+03 2.452904e+02 1.000000e+03
         vertex 1.022198e+03 9.749100e+02 1.000000e+03
      endloop
   endfacet
   facet normal 0.000000e+00 0.000000e+00 1.000000e+00
      outer loop
         vertex 1.022198e+03 9.749100e+02 1.000000e+03
         vertex 1.656059e+03 2.452904e+02 1.000000e+03
         vertex 1.662620e+03 2.510443e+02 1.000000e+03
      endloop
   endfacet
   facet normal -0.000000e+00 0.000000e+00 1.000000e+00
      outer loop
         vertex 1.022198e+03 9.749100e+02 1.000000e+03
         vertex 1.662620e+03 2.510443e+02 1.000000e+03
         vertex 1.022416e+03 9.751046e+02 1.000000e+03
      endloop
   endfacet
   facet normal 0.000000e+00 0.000000e+00 1.000000e+00
      outer loop
         vertex 1.022416e+03 9.751046e+02 1.000000e+03
         vertex 1.662620e+03 2.510443e+02 1.000000e+03
         vertex 1.669131e+03 2.568552e+02 1.000000e+03
      endloop
   endfacet
   facet normal -0.000000e+00 0.000000e+00 1.000000e+00
      outer loop
         vertex 1.022416e+03 9.751046e+02 1.000000e+03
         vertex 1.669131e+03 2.568552e+02 1.000000e+03
         vertex 1.022632e+03 9.753012e+02 1.000000e+03
      endloop
   endfacet
   facet normal 0.000000e+00 0.000000e+00 1.000000e+00
      outer loop
         vertex 1.022632e+03 9.753012e+02 1.000000e+03
         vertex 1.669131e+03 2.568552e+02 1.000000e+03
         vertex 1.675590e+03 2.627227e+02 1.000000e+03
      endloop
   endfacet
   facet normal -0.000000e+00 0.000000e+00 1.000000e+00
      outer loop
         vertex 1.022632e+03 9.753012e+02 1.000000e+03
         vertex 1.675590e+03 2.627227e+02 1.000000e+03
         vertex 1.022847e+03 9.754997e+02 1.000000e+03
      endloop
   endfacet
   facet normal 0.000000e+00 0.000000e+00 1.000000e+00
      outer loop
         vertex 1.022847e+03 9.754997e+02 1.000000e+03
         vertex 1.675590e+03 2.627227e+02 1.000000e+03
         vertex 1.681998e+03 2.686463e+02 1.000000e+03
      endloop
   endfacet
   facet normal -0.000000e+00 0.000000e+00 1.000000e+00
      outer loop
         vertex 1.022847e+03 9.754997e+02 1.000000e+03
         vertex 1.681998e+03 2.686463e+02 1.000000e+03
         vertex 1.023060e+03 9.757000e+02 1.000000e+03
      endloop
   endfacet
   facet normal 0.000000e+00 0.000000e+00 1.000000e+00
      outer loop
         vertex 1.023060e+03 9.757000e+02 1.000000e+03
         vertex 1.681998e+03 2.686463e+02 1.000000e+03
         vertex 1.688355e+03 2.746256e+02 1.000000e+03
      endloop
   endfacet
   facet normal -0.000000e+00 0.000000e+00 1.000000e+00
      outer loop
         vertex 1.023060e+03 9.757000e+02 1.000000e+03
         vertex 1.688355e+03 2.746256e+02 1.000000e+03
         vertex 1.023271e+03 9.759021e+02 1.000000e+03
      endloop
   endfacet
   facet normal 0.000000e+00 0.000000e+00 1.000000e+00
      outer loop
         vertex 1.023271e+03 9.759021e+02 1.000000e+03
         vertex 1.688355e+03 2.746256e+02 1.000000e+03
         vertex 1.694658e+03 2.806602e+02 1.000000e+03
      endloop
   endfacet
   facet normal -0.000000e+00 0.000000e+00 1.000000e+00
      outer loop
         vertex 1.023271e+03 9.759021e+02 1.000000e+03
         vertex 1.694658e+03 2.806602e+02 1.000000e+03
         vertex 1.023480e+03 9.761061e+02 1.000000e+03
      endloop
   endfacet
   facet normal 0.000000e+00 0.000000e+00 1.000000e+00
      outer loop
         vertex 1.023480e+03 9.761061e+02 1.000000e+03
         vertex 1.694658e+03 2.806602e+02 1.000000e+03
         vertex 1.700909e+03 2.867495e+02 1.000000e+03
      endloop
   endfacet
   facet normal -0.000000e+00 0.000000e+00 1.000000e+00
      outer loop
         vertex 1.023480e+03 9.761061e+02 1.000000e+03
         vertex 1.700909e+03 2.867495e+02 1.000000e+03
         vertex 1.023688e+03 9.763119e+02 1.000000e+03
      endloop
   endfacet
   facet normal 0.000000e+00 0.000000e+00 1.000000e+00
      outer loop
         vertex 1.023688e+03 9.763119e+02 1.000000e+03
         vertex 1.700909e+03 2.867495e+02 1.000000e+03
         vertex 1.707107e+03 2.928932e+02 1.000000e+03
      endloop
   endfacet
   facet normal -0.000000e+00 0.000000e+00 1.000000e+00
      outer loop
         vertex 1.023688e+03 9.763119e+02 1.000000e+03
         vertex 1.707107e+03 2.928932e+02 1.000000e+03
         vertex 1.023894e+03 9.765195e+02 1.000000e+03
      endloop
   endfacet
   facet normal 0.000000e+00 0.000000e+00 1.000000e+00
      outer loop
         vertex 1.023894e+03 9.765195e+02 1.000000e+03
         vertex 1.707107e+03 2.928932e+02 1.000000e+03
         vertex 1.713250e+03 2.990907e+02 1.000000e+03
      endloop
   endfacet
   facet normal -0.000000e+00 0.000000e+00 1.000000e+00
      outer loop
         vertex 1.023894e+03 9.765195e+02 1.000000e+03
         vertex 1.713250e+03 2.990907e+02 1.000000e+03
         vertex 1.024098e+03 9.767289e+02 1.000000e+03
      endloop
   endfacet
   facet normal 0.000000e+00 0.000000e+00 1.000000e+00
      outer loop
         vertex 1.024098e+03 9.767289e+02 1.000000e+03
         vertex 1.713250e+03 2.990907e+02 1.000000e+03
         vertex 1.719340e+03 3.053416e+02 1.000000e+03
      endloop
   endfacet
   facet normal -0.000000e+00 0.000000e+00 1.000000e+00
      outer loop
         vertex 1.024098e+03 9.767289e+02 1.000000e+03
         vertex 1.719340e+03 3.053416e+02 1.000000e+03
         vertex 1.024300e+03 9.769401e+02 1.000000e+03
      endloop
   endfacet
   facet normal 0.000000e+00 0.000000e+00 1.000000e+00
      outer loop
         vertex 1.024300e+03 9.769401e+02 1.000000e+03
         vertex 1.719340e+03 3.053416e+02 1.000000e+03
         vertex 1.725374e+03 3.116454e+02 1.000000e+03
      endloop
   endfacet
   facet normal -0.000000e+00 0.000000e+00 1.000000e+00
      outer loop
         vertex 1.024300e+03 9.769401e+02 1.000000e+03
         vertex 1.725374e+03 3.116454e+02 1.000000e+03
         vertex 1.024500e+03 9.771531e+02 1.000000e+03
      endloop
   endfacet
   facet normal 0.000000e+00 0.000000e+00 1.000000e+00
      outer loop
         vertex 1.024500e+03 9.771531e+02 1.000000e+03
         vertex 1.725374e+03 3.116454e+02 1.000000e+03
         vertex 1.731354e+03 3.180016e+02 1.000000e+03
      endloop
   endfacet
   facet normal -0.000000e+00 0.000000e+00 1.000000e+00
      outer loop
         vertex 1.024500e+03 9.771531e+02 1.000000e+03
         vertex 1.731354e+03 3.180016e+02 1.000000e+03
         vertex 1.024699e+03 9.773677e+02 1.000000e+03
      endloop
   endfacet
   facet normal 0.000000e+00 0.000000e+00 1.000000e+00
      outer loop
         vertex 1.024699e+03 9.773677e+02 1.000000e+03
         vertex 1.731354e+03 3.180016e+02 1.000000e+03
         vertex 1.737277e+03 3.244098e+02 1.000000e+03
      endloop
   endfacet
   facet normal -0.000000e+00 0.000000e+00 1.000000e+00
      outer loop
         vertex 1.024699e+03 9.773677e+02 1.000000e+03
         vertex 1.737277e+03 3.244098e+02 1.000000e+03
         vertex 1.024895e+03 9.775841e+02 1.000000e+03
      endloop
   endfacet
   facet normal 0.000000e+00 0.000000e+00 1.000000e+00
      outer loop
         vertex 1.024895e+03 9.775841e+02 1.000000e+03
         vertex 1.737277e+03 3.244098e+02 1.000000e+03
         vertex 1.743145e+03 3.308694e+02 1.000000e+03
      endloop
   endfacet
   facet normal -0.000000e+00 0.000000e+00 1.000000e+00
      outer loop
         vertex 1.024895e+03 9.775841e+02 1.000000e+03
         vertex 1.743145e+03 3.308694e+02 1.000000e+03
         vertex 1.025090e+03 9.778022e+02 1.000000e+03
      endloop
   endfacet
   facet normal 0.000000e+00 0.000000e+00 1.000000e+00
      outer loop
         vertex 1.025090e+03 9.778022e+02 1.000000e+03
         vertex 1.743145e+03 3.308694e+02 1.000000e+03
         vertex 1.748956e+03 3.373799e+02 1.000000e+03
      endloop
   endfacet
   facet normal -0.000000e+00 0.000000e+00 1.000000e+00
      outer loop
         vertex 1.025090e+03 9.778022e+02 1.000000e+03
         vertex 1.748956e+03 3.373799e+02 1.000000e+03
         vertex 1.025283e+03 9.780220e+02 1.000000e+03
      endloop
   endfacet
   facet normal 0.000000e+00 0.000000e+00 1.000000e+00
      outer loop
         vertex 1.025283e+03 9.780220e+02 1.000000e+03
         vertex 1.748956e+03 3.373799e+02 1.000000e+03
         vertex 1.754710e+03 3.439410e+02 1.000000e+03
      endloop
   endfacet
   facet normal -0.000000e+00 0.000000e+00 1.000000e+00
      outer loop
         vertex 1.025283e+03 9.780220e+02 1.000000e+03
         vertex 1.754710e+03 3.439410e+02 1.000000e+03
         vertex 1.025474e+03 9.782435e+02 1.000000e+03
      endloop
   endfacet
   facet normal 0.000000e+00 0.000000e+00 1.000000e+00
      outer loop
         vertex 1.025474e+03 9.782435e+02 1.000000e+03
         vertex 1.754710e+03 3.439410e+02 1.000000e+03
         vertex 1.760406e+03 3.505520e+02 1.000000e+03
      endloop
   endfacet
   facet normal -0.000000e+00 0.000000e+00 1.000000e+00
      outer loop
         vertex 1.025474e+03 9.782435e+02 1.000000e+03
         vertex 1.760406e+03 3.505520e+02 1.000000e+03
         vertex 1.025662e+03 9.784666e+02 1.000000e+03
      endloop
   endfacet
   facet normal 0.000000e+00 0.000000e+00 1.000000e+00
      outer loop
         vertex 1.025662e+03 9.784666e+02 1.000000e+03
         vertex 1.760406e+03 3.505520e+02 1.000000e+03
         vertex 1.766044e+03 3.572124e+02 1.000000e+03
      endloop
   endfacet
   facet normal -0.000000e+00 0.000000e+00 1.000000e+00
      outer loop
         vertex 1.025662e+03 9.784666e+02 1.000000e+03
         vertex 1.766044e+03 3.572124e+02 1.000000e+03
         vertex 1.025849e+03 9.786914e+02 1.000000e+03
      endloop
   endfacet
   facet normal 0.000000e+00 0.000000e+00 1.000000e+00
      outer loop
         vertex 1.025849e+03 9.786914e+02 1.000000e+03
         vertex 1.766044e+03 3.572124e+02 1.000000e+03
         vertex 1.771625e+03 3.639218e+02 1.000000e+03
      endloop
   endfacet
   facet normal -0.000000e+00 0.000000e+00 1.000000e+00
      outer loop
         vertex 1.025849e+03 9.786914e+02 1.000000e+03
         vertex 1.771625e+03 3.639218e+02 1.000000e+03
         vertex 1.026034e+03 9.789178e+02 1.000000e+03
      endloop
   endfacet
   facet normal 0.000000e+00 0.000000e+00 1.000000e+00
      outer loop
         vertex 1.026034e+03 9.789178e+02 1.000000e+03
         vertex 1.771625e+03 3.639218e+02 1.000000e+03
         vertex 1.777146e+03 3.706796e+02 1.000000e+03
      endloop
   endfacet
   facet normal -0.000000e+00 0.000000e+00 1.000000e+00
      outer loop
         vertex 1.026034e+03 9.789178e+02 1.000000e+03
         vertex 1.777146e+03 3.706796e+02 1.000000e+03
         vertex 1.026217e+03 9.791458e+02 1.000000e+03
      endloop
   endfacet
   facet normal 0.000000e+00 0.000000e+00 1.000000e+00
      outer loop
         vertex 1.026217e+03 9.791458e+02 1.000000e+03
         vertex 1.777146e+03 3.706796e+02 1.000000e+03
         vertex 1.782608e+03 3.774853e+02 1.000000e+03
      endloop
   endfacet
   facet normal -0.000000e+00 0.000000e+00 1.000000e+00
      outer loop
         vertex 1.026217e+03 9.791458e+02 1.000000e+03
         vertex 1.782608e+03 3.774853e+02 1.000000e+03
         vertex 1.026398e+03 9.793753e+02 1.000000e+03
      endloop
   endfacet
   facet normal 0.000000e+00 0.000000e+00 1.000000e+00
      outer loop
         vertex 1.026398e+03 9.793753e+02 1.000000e+03
         vertex 1.782608e+03 3.774853e+02 1.000000e+03
         vertex 1.788011e+03 3.843385e+02 1.000000e+03
      endloop
   endfacet
   facet normal -0.000000e+00 0.000000e+00 1.000000e+00
      outer loop
         vertex 1.026398e+03 9.793753e+02 1.000000e+03
         vertex 1.788011e+03 3.843385e+02 1.000000e+03
         vertex 1.026577e+03 9.796065e+02 1.000000e+03
      endloop
   endfacet
   facet normal 0.000000e+00 0.000000e+00 1.000000e+00
      outer loop
         vertex 1.026577e+03 9.796065e+02 1.000000e+03
         vertex 1.788011e+03 3.843385e+02 1.000000e+03
         vertex 1.793353e+03 3.912386e+02 1.000000e+03
      endloop
   endfacet
   facet normal -0.000000e+00 0.000000e+00 1.000000e+00
      outer loop
         vertex 1.026577e+03 9.796065e+02 1.000000e+03
         vertex 1.793353e+03 3.912386e+02 1.000000e+03
         vertex 1.026754e+03 9.798392e+02 1.000000e+03
      endloop
   endfacet
   facet normal 0.000000e+00 0.000000e+00 1.000000e+00
      outer loop
         vertex 1.026754e+03 9.798392e+02 1.000000e+03
         vertex 1.793353e+03 3.912386e+02 1.000000e+03
         vertex 1.798635e+03 3.981850e+02 1.000000e+03
      endloop
   endfacet
   facet normal -0.000000e+00 0.000000e+00 1.000000e+00
      outer loop
         vertex 1.026754e+03 9.798392e+02 1.000000e+03
         vertex 1.798635e+03 3.981850e+02 1.000000e+03
         vertex 1.026929e+03 9.800734e+02 1.000000e+03
      endloop
   endfacet
   facet normal 0.000000e+00 0.000000e+00 1.000000e+00
      outer loop
         vertex 1.026929e+03 9.800734e+02 1.000000e+03
         vertex 1.798635e+03 3.981850e+02 1.000000e+03
         vertex 1.803857e+03 4.051772e+02 1.000000e+03
      endloop
   endfacet
   facet normal -0.000000e+00 0.000000e+00 1.000000e+00
      outer loop
         vertex 1.026929e+03 9.800734e+02 1.000000e+03
         vertex 1.803857e+03 4.051772e+02 1.000000e+03
         vertex 1.027102e+03 9.803092e+02 1.000000e+03
      endloop
   endfacet
   facet normal 0.000000e+00 0.000000e+00 1.000000e+00
      outer loop
         vertex 1.027102e+03 9.803092e+02 1.000000e+03
         vertex 1.803857e+03 4.051772e+02 1.000000e+03
         vertex 1.809017e+03 4.122148e+02 1.000000e+03
      endloop
   endfacet
   facet normal -0.000000e+00 0.000000e+00 1.000000e+00
      outer loop
         vertex 1.027102e+03 9.803092e+02 1.000000e+03
         vertex 1.809017e+03 4.122148e+02 1.000000e+03
         vertex 1.027273e+03 9.805465e+02 1.000000e+03
      endloop
   endfacet
   facet normal 0.000000e+00 0.000000e+00 1.000000e+00
      outer loop
         vertex 1.027273e+03 9.805465e+02 1.000000e+03
         vertex 1.809017e+03 4.122148e+02 1.000000e+03
         vertex 1.814116e+03 4.192970e+02 1.000000e+03
      endloop
   endfacet
   facet normal -0.000000e+00 0.000000e+00 1.000000e+00
      outer loop
         vertex 1.027273e+03 9.805465e+02 1.000000e+03
         vertex 1.814116e+03 4.192970e+02 1.000000e+03
         vertex 1.027442e+03 9.807852e+02 1.000000e+03
      endloop
   endfacet
   facet normal 0.000000e+00 0.000000e+00 1.000000e+00
      outer loop
         vertex 1.027442e+03 9.807852e+02 1.000000e+03
         vertex 1.814116e+03 4.192970e+02 1.000000e+03
         vertex 1.819152e+03 4.264235e+02 1.000000e+03
      endloop
   endfacet
   facet normal -0.000000e+00 0.000000e+00 1.000000e+00
      outer loop
         vertex 1.027442e+03 9.807852e+02 1.000000e+03
         vertex 1.819152e+03 4.264235e+02 1.000000e+03
         vertex 1.027608e+03 9.810254e+02 1.000000e+03
      endloop
   endfacet
   facet normal 0.000000e+00 0.000000e+00 1.000000e+00
      outer loop
         vertex 1.027608e+03 9.810254e+02 1.000000e+03
         vertex 1.819152e+03 4.264235e+02 1.000000e+03
         vertex 1.824126e+03 4.335938e+02 1.000000e+03
      endloop
   endfacet
   facet normal -0.000000e+00 0.000000e+00 1.000000e+00
      outer loop
         vertex 1.027608e+03 9.810254e+02 1.000000e+03
         vertex 1.824126e+03 4.335938e+02 1.000000e+03
         vertex 1.027773e+03 9.812670e+02 1.000000e+03
      endloop
   endfacet
   facet normal 0.000000e+00 0.000000e+00 1.000000e+00
      outer loop
         vertex 1.027773e+03 9.812670e+02 1.000000e+03
         vertex 1.824126e+03 4.335938e+02 1.000000e+03
         vertex 1.829038e+03 4.408071e+02 1.000000e+03
      endloop
   endfacet
   facet normal -0.000000e+00 0.000000e+00 1.000000e+00
      outer loop
         vertex 1.027773e+03 9.812670e+02 1.000000e+03
         vertex 1.829038e+03 4.408071e+02 1.000000e+03
         vertex 1.027935e+03 9.815101e+02 1.000000e+03
      endloop
   endfacet
   facet normal 0.000000e+00 0.000000e+00 1.000000e+00
      outer loop
         vertex 1.027935e+03 9.815101e+02 1.000000e+03
         vertex 1.829038e+03 4.408071e+02 1.000000e+03
         vertex 1.833886e+03 4.480630e+02 1.000000e+03
      endloop
   endfacet
   facet normal -0.000000e+00 0.000000e+00 1.000000e+00
      outer loop
         vertex 1.027935e+03 9.815101e+02 1.000000e+03
         vertex 1.833886e+03 4.480630e+02 1.000000e+03
         vertex 1.028095e+03 9.817546e+02 1.000000e+03
      endloop
   endfacet
   facet normal 0.000000e+00 0.000000e+00 1.000000e+00
      outer loop
         vertex 1.028095e+03 9.817546e+02 1.000000e+03
         vertex 1.833886e+03 4.480630e+02 1.000000e+03
         vertex 1.838671e+03 4.553609e+02 1.000000e+03
      endloop
   endfacet
   facet normal -0.000000e+00 0.000000e+00 1.000000e+00
      outer loop
         vertex 1.028095e+03 9.817546e+02 1.000000e+03
         vertex 1.838671e+03 4.553609e+02 1.000000e+03
         vertex 1.028254e+03 9.820005e+02 1.000000e+03
      endloop
   endfacet
   facet normal 0.000000e+00 0.000000e+00 1.000000e+00
      outer loop
         vertex 1.028254e+03 9.820005e+02 1.000000e+03
         vertex 1.838671e+03 4.553609e+02 1.000000e+03
         vertex 1.843391e+03 4.627004e+02 1.000000e+03
      endloop
   endfacet
   facet normal -0.000000e+00 0.000000e+00 1.000000e+00
      outer loop
         vertex 1.028254e+03 9.820005e+02 1.000000e+03
         vertex 1.843391e+03 4.627004e+02 1.000000e+03
         vertex 1.028410e+03 9.822477e+02 1.000000e+03
      endloop
   endfacet
   facet normal 0.000000e+00 0.000000e+00 1.000000e+00
      outer loop
         vertex 1.028410e+03 9.822477e+02 1.000000e+03
         vertex 1.843391e+03 4.627004e+02 1.000000e+03
         vertex 1.848048e+03 4.700807e+02 1.000000e+03
      endloop
   endfacet
   facet normal -0.000000e+00 0.000000e+00 1.000000e+00
      outer loop
         vertex 1.028410e+03 9.822477e+02 1.000000e+03
         vertex 1.848048e+03 4.700807e+02 1.000000e+03
         vertex 1.028563e+03 9.824963e+02 1.000000e+03
      endloop
   endfacet
   facet normal 0.000000e+00 0.000000e+00 1.000000e+00
      outer loop
         vertex 1.028563e+03 9.824963e+02 1.000000e+03
         vertex 1.848048e+03 4.700807e+02 1.000000e+03
         vertex 1.852640e+03 4.775015e+02 1.000000e+03
      endloop
   endfacet
   facet normal -0.000000e+00 0.000000e+00 1.000000e+00
      outer loop
         vertex 1.028563e+03 9.824963e+02 1.000000e+03
         vertex 1.852640e+03 4.775015e+02 1.000000e+03
         vertex 1.028715e+03 9.827462e+02 1.000000e+03
      endloop
   endfacet
   facet normal 0.000000e+00 0.000000e+00 1.000000e+00
      outer loop
         vertex 1.028715e+03 9.827462e+02 1.000000e+03
         vertex 1.852640e+03 4.775015e+02 1.000000e+03
         vertex 1.857167e+03 4.849619e+02 1.000000e+03
      endloop
   endfacet
   facet normal -0.000000e+00 0.000000e+00 1.000000e+00
      outer loop
         vertex 1.028715e+03 9.827462e+02 1.000000e+03
         vertex 1.857167e+03 4.849619e+02 1.000000e+03
         vertex 1.028865e+03 9.829975e+02 1.000000e+03
      endloop
   endfacet
   facet normal 0.000000e+00 0.000000e+00 1.000000e+00
      outer loop
         vertex 1.028865e+03 9.829975e+02 1.000000e+03
         vertex 1.857167e+03 4.849619e+02 1.000000e+03
         vertex 1.861629e+03 4.924616e+02 1.000000e+03
      endloop
   endfacet
   facet normal -0.000000e+00 0.000000e+00 1.000000e+00
      outer loop
         vertex 1.028865e+03 9.829975e+02 1.000000e+03
         vertex 1.861629e+03 4.924616e+02 1.000000e+03
         vertex 1.029012e+03 9.832500e+02 1.000000e+03
      endloop
   endfacet
   facet normal 0.000000e+00 0.000000e+00 1.000000e+00
      outer loop
         vertex 1.029012e+03 9.832500e+02 1.000000e+03
         vertex 1.861629e+03 4.924616e+02 1.000000e+03
         vertex 1.866025e+03 5.000000e+02 1.000000e+03
      endloop
   endfacet
   facet normal -0.000000e+00 0.000000e+00 1.000000e+00
      outer loop
         vertex 1.029012e+03 9.832500e+02 1.000000e+03
         vertex 1.866025e+03 5.000000e+02 1.000000e+03
         vertex 1.029157e+03 9.835038e+02 1.000000e+03
      endloop
   endfacet
   facet normal 0.000000e+00 0.000000e+00 1.000000e+00
      outer loop
         vertex 1.029157e+03 9.835038e+02 1.000000e+03
         vertex 1.866025e+03 5.000000e+02 1.000000e+03
         vertex 1.870356e+03 5.075764e+02 1.000000e+03
      endloop
   endfacet
   facet normal -0.000000e+00 0.000000e+00 1.000000e+00
      outer loop
         vertex 1.029157e+03 9.835038e+02 1.000000e+03
         vertex 1.870356e+03 5.075764e+02 1.000000e+03
         vertex 1.029300e+03 9.837589e+02 1.000000e+03
      endloop
   endfacet
   facet normal 0.000000e+00 0.000000e+00 1.000000e+00
      outer loop
         vertex 1.029300e+03 9.837589e+02 1.000000e+03
         vertex 1.870356e+03 5.075764e+02 1.000000e+03
         vertex 1.874620e+03 5.151904e+02 1.000000e+03
      endloop
   endfacet
   facet normal -0.000000e+00 0.000000e+00 1.000000e+00
      outer loop
         vertex 1.029300e+03 9.837589e+02 1.000000e+03
         vertex 1.874620e+03 5.151904e+02 1.000000e+03
         vertex 1.029440e+03 9.840152e+02 1.000000e+03
      endloop
   endfacet
   facet normal 0.000000e+00 0.000000e+00 1.000000e+00
      outer loop
         vertex 1.029440e+03 9.840152e+02 1.000000e+03
         vertex 1.874620e+03 5.151904e+02 1.000000e+03
         vertex 1.878817e+03 5.228412e+02 1.000000e+03
      endloop
   endfacet
   facet normal -0.000000e+00 0.000000e+00 1.000000e+00
      outer loop
         vertex 1.029440e+03 9.840152e+02 1.000000e+03
         vertex 1.878817e+03 5.228412e+02 1.000000e+03
         vertex 1.029579e+03 9.842727e+02 1.000000e+03
      endloop
   endfacet
   facet normal 0.000000e+00 0.000000e+00 1.000000e+00
      outer loop
         vertex 1.029579e+03 9.842727e+02 1.000000e+03
         vertex 1.878817e+03 5.228412e+02 1.000000e+03
         vertex 1.882948e+03 5.305284e+02 1.000000e+03
      endloop
   endfacet
   facet normal -0.000000e+00 0.000000e+00 1.000000e+00
      outer loop
         vertex 1.029579e+03 9.842727e+02 1.000000e+03
         vertex 1.882948e+03 5.305284e+02 1.000000e+03
         vertex 1.029715e+03 9.845314e+02 1.000000e+03
      endloop
   endfacet
   facet normal 0.000000e+00 0.000000e+00 1.000000e+00
      outer loop
         vertex 1.029715e+03 9.845314e+02 1.000000e+03
         vertex 1.882948e+03 5.305284e+02 1.000000e+03
         vertex 1.887011e+03 5.382514e+02 1.000000e+03
      endloop
   endfacet
   facet normal -0.000000e+00 0.000000e+00 1.000000e+00
      outer loop
         vertex 1.029715e+03 9.845314e+02 1.000000e+03
         vertex 1.887011e+03 5.382514e+02 1.000000e+03
         vertex 1.029849e+03 9.847913e+02 1.000000e+03
      endloop
   endfacet
   facet normal 0.000000e+00 0.000000e+00 1.000000e+00
      outer loop
         vertex 1.029849e+03 9.847913e+02 1.000000e+03
         vertex 1.887011e+03 5.382514e+02 1.000000e+03
         vertex 1.891007e+03 5.460095e+02 1.000000e+03
      endloop
   endfacet
   facet normal -0.000000e+00 0.000000e+00 1.000000e+00
      outer loop
         vertex 1.029849e+03 9.847913e+02 1.000000e+03
         vertex 1.891007e+03 5.460095e+02 1.000000e+03
         vertex 1.029980e+03 9.850524e+02 1.000000e+03
      endloop
   endfacet
   facet normal 0.000000e+00 0.000000e+00 1.000000e+00
      outer loop
         vertex 1.029980e+03 9.850524e+02 1.000000e+03
         vertex 1.891007e+03 5.460095e+02 1.000000e+03
         vertex 1.894934e+03 5.538022e+02 1.000000e+03
      endloop
   endfacet
   facet normal -0.000000e+00 0.000000e+00 1.000000e+00
      outer loop
         vertex 1.029980e+03 9.850524e+02 1.000000e+03
         vertex 1.894934e+03 5.538022e+02 1.000000e+03
         vertex 1.030110e+03 9.853146e+02 1.000000e+03
      endloop
   endfacet
   facet normal 0.000000e+00 0.000000e+00 1.000000e+00
      outer loop
         vertex 1.030110e+03 9.853146e+02 1.000000e+03
         vertex 1.894934e+03 5.538022e+02 1.000000e+03
         vertex 1.898794e+03 5.616288e+02 1.000000e+03
      endloop
   endfacet
   facet normal -0.000000e+00 0.000000e+00 1.000000e+00
      outer loop
         vertex 1.030110e+03 9.853146e+02 1.000000e+03
         vertex 1.898794e+03 5.616288e+02 1.000000e+03
         vertex 1.030237e+03 9.855779e+02 1.000000e+03
      endloop
   endfacet
   facet normal 0.000000e+00 0.000000e+00 1.000000e+00
      outer loop
         vertex 1.030237e+03 9.855779e+02 1.000000e+03
         vertex 1.898794e+03 5.616288e+02 1.000000e+03
         vertex 1.902585e+03 5.694889e+02 1.000000e+03
      endloop
   endfacet
   facet normal -0.000000e+00 0.000000e+00 1.000000e+00
      outer loop
         vertex 1.030237e+03 9.855779e+02 1.000000e+03
         vertex 1.902585e+03 5.694889e+02 1.000000e+03
         vertex 1.030361e+03 9.858423e+02 1.000000e+03
      endloop
   endfacet
   facet normal 0.000000e+00 0.000000e+00 1.000000e+00
      outer loop
         vertex 1.030361e+03 9.858423e+02 1.000000e+03
         vertex 1.902585e+03 5.694889e+02 1.000000e+03
         vertex 1.906308e+03 5.773817e+02 1.000000e+03
      endloop
   endfacet
   facet normal -0.000000e+00 0.000000e+00 1.000000e+00
      outer loop
         vertex 1.030361e+03 9.858423e+02 1.000000e+03
         vertex 1.906308e+03 5.773817e+02 1.000000e+03
         vertex 1.030484e+03 9.861078e+02 1.000000e+03
      endloop
   endfacet
   facet normal 0.000000e+00 0.000000e+00 1.000000e+00
      outer loop
         vertex 1.030484e+03 9.861078e+02 1.000000e+03
         vertex 1.906308e+03 5.773817e+02 1.000000e+03
         vertex 1.909961e+03 5.853068e+02 1.000000e+03
      endloop
   endfacet
   facet normal -0.000000e+00 0.000000e+00 1.000000e+00
      outer loop
         vertex 1.030484e+03 9.861078e+02 1.000000e+03
         vertex 1.909961e+03 5.853068e+02 1.000000e+03
         vertex 1.030604e+03 9.863743e+02 1.000000e+03
      endloop
   endfacet
   facet normal 0.000000e+00 0.000000e+00 1.000000e+00
      outer loop
         vertex 1.030604e+03 9.863743e+02 1.000000e+03
         vertex 1.909961e+03 5.853068e+02 1.000000e+03
         vertex 1.913545e+03 5.932634e+02 1.000000e+03
      endloop
   endfacet
   facet normal -0.000000e+00 0.000000e+00 1.000000e+00
      outer loop
         vertex 1.030604e+03 9.863743e+02 1.000000e+03
         vertex 1.913545e+03 5.932634e+02 1.000000e+03
         vertex 1.030722e+03 9.866419e+02 1.000000e+03
      endloop
   endfacet
   facet normal 0.000000e+00 0.000000e+00 1.000000e+00
      outer loop
         vertex 1.030722e+03 9.866419e+02 1.000000e+03
         vertex 1.913545e+03 5.932634e+02 1.000000e+03
         vertex 1.917060e+03 6.012509e+02 1.000000e+03
      endloop
   endfacet
   facet normal -0.000000e+00 0.000000e+00 1.000000e+00
      outer loop
         vertex 1.030722e+03 9.866419e+02 1.000000e+03
         vertex 1.917060e+03 6.012509e+02 1.000000e+03
         vertex 1.030837e+03 9.869105e+02 1.000000e+03
      endloop
   endfacet
   facet normal 0.000000e+00 0.000000e+00 1.000000e+00
      outer loop
         vertex 1.030837e+03 9.869105e+02 1.000000e+03
         vertex 1.917060e+03 6.012509e+02 1.000000e+03
         vertex 1.920505e+03 6.092689e+02 1.000000e+03
      endloop
   endfacet
   facet normal -0.000000e+00 0.000000e+00 1.000000e+00
      outer loop
         vertex 1.030837e+03 9.869105e+02 1.000000e+03
         vertex 1.920505e+03 6.092689e+02 1.000000e+03
         vertex 1.030950e+03 9.871801e+02 1.000000e+03
      endloop
   endfacet
   facet normal 0.000000e+00 0.000000e+00 1.000000e+00
      outer loop
         vertex 1.030950e+03 9.871801e+02 1.000000e+03
         vertex 1.920505e+03 6.092689e+02 1.000000e+03
         vertex 1.923880e+03 6.173166e+02 1.000000e+03
      endloop
   endfacet
   facet normal -0.000000e+00 0.000000e+00 1.000000e+00
      outer loop
         vertex 1.030950e+03 9.871801e+02 1.000000e+03
         vertex 1.923880e+03 6.173166e+02 1.000000e+03
         vertex 1.031061e+03 9.874507e+02 1.000000e+03
      endloop
   endfacet
   facet normal 0.000000e+00 0.000000e+00 1.000000e+00
      outer loop
         vertex 1.031061e+03 9.874507e+02 1.000000e+03
         vertex 1.923880e+03 6.173166e+02 1.000000e+03
         vertex 1.927184e+03 6.253934e+02 1.000000e+03
      endloop
   endfacet
   facet normal -0.000000e+00 0.000000e+00 1.000000e+00
      outer loop
         vertex 1.031061e+03 9.874507e+02 1.000000e+03
         vertex 1.927184e+03 6.253934e+02 1.000000e+03
         vertex 1.031169e+03 9.877222e+02 1.000000e+03
      endloop
   endfacet
   facet normal 0.000000e+00 0.000000e+00 1.000000e+00
      outer loop
         vertex 1.031169e+03 9.877222e+02 1.000000e+03
         vertex 1.927184e+03 6.253934e+02 1.000000e+03
         vertex 1.930418e+03 6.334988e+02 1.000000e+03
      endloop
   endfacet
   facet normal -0.000000e+00 0.000000e+00 1.000000e+00
      outer loop
         vertex 1.031169e+03 9.877222e+02 1.000000e+03
         vertex 1.930418e+03 6.334988e+02 1.000000e+03
         vertex 1.031275e+03 9.879947e+02 1.000000e+03
      endloop
   endfacet
   facet normal 0.000000e+00 0.000000e+00 1.000000e+00
      outer loop
         vertex 1.031275e+03 9.879947e+02 1.000000e+03
         vertex 1.930418e+03 6.334988e+02 1.000000e+03
         vertex 1.933580e+03 6.416321e+02 1.000000e+03
      endloop
   endfacet
   facet normal 0.000000e+00 0.000000e+00 1.000000e+00
      outer loop
         vertex 1.275637e+03 1.961262e+03 1.000000e+03
         vertex 1.009234e+03 1.032202e+03 1.000000e+03
         vertex 1.284015e+03 1.958820e+03 1.000000e+03
      endloop
   endfacet
   facet normal 0.000000e+00 0.000000e+00 1.000000e+00
      outer loop
         vertex 1.284015e+03 1.958820e+03 1.000000e+03
         vertex 1.009234e+03 1.032202e+03 1.000000e+03
         vertex 1.009515e+03 1.032120e+03 1.000000e+03
      endloop
   endfacet
   facet normal 0.000000e+00 0.000000e+00 1.000000e+00
      outer loop
         vertex 1.284015e+03 1.958820e+03 1.000000e+03
         vertex 1.009515e+03 1.032120e+03 1.000000e+03
         vertex 1.292372e+03 1.956305e+03 1.000000e+03
      endloop
   endfacet
   facet normal 0.000000e+00 0.000000e+00 1.000000e+00
      outer loop
         vertex 1.292372e+03 1.956305e+03 1.000000e+03
         vertex 1.009515e+03 1.032120e+03 1.000000e+03
         vertex 1.009794e+03 1.032036e+03 1.000000e+03
      endloop
   endfacet
   facet normal 0.000000e+00 0.000000e+00 1.000000e+00
      outer loop
         vertex 1.292372e+03 1.956305e+03 1.000000e+03
         vertex 1.009794e+03 1.032036e+03 1.000000e+03
         vertex 1.300706e+03 1.953717e+03 1.000000e+03
      endloop
   endfacet
   facet normal 0.000000e+00 0.000000e+00 1.000000e+00
      outer loop
         vertex 1.300706e+03 1.953717e+03 1.000000e+03
         vertex 1.009794e+03 1.032036e+03 1.000000e+03
         vertex 1.010074e+03 1.031950e+03 1.000000e+03
      endloop
   endfacet
   facet normal 0.000000e+00 0.000000e+00 1.000000e+00
      outer loop
         vertex 1.300706e+03 1.953717e+03 1.000000e+03
         vertex 1.010074e+03 1.031950e+03 1.000000e+03
         vertex 1.309017e+03 1.951057e+03 1.000000e+03
      endloop
   endfacet
   facet normal 0.000000e+00 0.000000e+00 1.000000e+00
      outer loop
         vertex 1.309017e+03 1.951057e+03 1.000000e+03
         vertex 1.010074e+03 1.031950e+03 1.000000e+03
         vertex 1.010352e+03 1.031860e+03 1.000000e+03
      endloop
   endfacet
   facet normal 0.000000e+00 0.000000e+00 1.000000e+00
      outer loop
         vertex 1.309017e+03 1.951057e+03 1.000000e+03
         vertex 1.010352e+03 1.031860e+03 1.000000e+03
         vertex 1.317305e+03 1.948324e+03 1.000000e+03
      endloop
   endfacet
   facet normal 0.000000e+00 0.000000e+00 1.000000e+00
      outer loop
         vertex 1.317305e+03 1.948324e+03 1.000000e+03
         vertex 1.010352e+03 1.031860e+03 1.000000e+03
         vertex 1.010630e+03 1.031769e+03 1.000000e+03
      endloop
   endfacet
   facet normal 0.000000e+00 0.000000e+00 1.000000e+00
      outer loop
         vertex 1.317305e+03 1.948324e+03 1.000000e+03
         vertex 1.010630e+03 1.031769e+03 1.000000e+03
         vertex 1.325568e+03 1.945519e+03 1.000000e+03
      endloop
   endfacet
   facet normal 0.000000e+00 0.000000e+00 1.000000e+00
      outer loop
         vertex 1.325568e+03 1.945519e+03 1.000000e+03
         vertex 1.010630e+03 1.031769e+03 1.000000e+03
         vertex 1.010907e+03 1.031675e+03 1.000000e+03
      endloop
   endfacet
   facet normal 0.000000e+00 0.000000e+00 1.000000e+00
      outer loop
         vertex 1.325568e+03 1.945519e+03 1.000000e+03
         vertex 1.010907e+03 1.031675e+03 1.000000e+03
         vertex 1.333807e+03 1.942641e+03 1.000000e+03
      endloop
   endfacet
   facet normal 0.000000e+00 0.000000e+00 1.000000e+00
      outer loop
         vertex 1.333807e+03 1.942641e+03 1.000000e+03
         vertex 1.010907e+03 1.031675e+03 1.000000e+03
         vertex 1.011183e+03 1.031578e+03 1.000000e+03
      endloop
   endfacet
   facet normal 0.000000e+00 0.000000e+00 1.000000e+00
      outer loop
         vertex 1.333807e+03 1.942641e+03 1.000000e+03
         vertex 1.011183e+03 1.031578e+03 1.000000e+03
         vertex 1.342020e+03 1.939693e+03 1.000000e+03
      endloop
   endfacet
   facet normal 0.000000e+00 0.000000e+00 1.000000e+00
      outer loop
         vertex 1.342020e+03 1.939693e+03 1.000000e+03
         vertex 1.011183e+03 1.031578e+03 1.000000e+03
         vertex 1.011458e+03 1.031480e+03 1.000000e+03
      endloop
   endfacet
   facet normal 0.000000e+00 0.000000e+00 1.000000e+00
      outer loop
         vertex 1.342020e+03 1.939693e+03 1.000000e+03
         vertex 1.011458e+03 1.031480e+03 1.000000e+03
         vertex 1.350207e+03 1.936672e+03 1.000000e+03
      endloop
   endfacet
   facet normal 0.000000e+00 0.000000e+00 1.000000e+00
      outer loop
         vertex 1.350207e+03 1.936672e+03 1.000000e+03
         vertex 1.011458e+03 1.031480e+03 1.000000e+03
         vertex 1.011732e+03 1.031379e+03 1.000000e+03
      endloop
   endfacet
   facet normal 0.000000e+00 0.000000e+00 1.000000e+00
      outer loop
         vertex 1.350207e+03 1.936672e+03 1.000000e+03
         vertex 1.011732e+03 1.031379e+03 1.000000e+03
         vertex 1.358368e+03 1.933580e+03 1.000000e+03
      endloop
   endfacet
   facet normal 0.000000e+00 0.000000e+00 1.000000e+00
      outer loop
         vertex 1.358368e+03 1.933580e+03 1.000000e+03
         vertex 1.011732e+03 1.031379e+03 1.000000e+03
         vertex 1.012005e+03 1.031275e+03 1.000000e+03
      endloop
   endfacet
   facet normal 0.000000e+00 0.000000e+00 1.000000e+00
      outer loop
         vertex 1.358368e+03 1.933580e+03 1.000000e+03
         vertex 1.012005e+03 1.031275e+03 1.000000e+03
         vertex 1.366501e+03 1.930418e+03 1.000000e+03
      endloop
   endfacet
   facet normal 0.000000e+00 0.000000e+00 1.000000e+00
      outer loop
         vertex 1.366501e+03 1.930418e+03 1.000000e+03
         vertex 1.012005e+03 1.031275e+03 1.000000e+03
         vertex 1.012278e+03 1.031169e+03 1.000000e+03
      endloop
   endfacet
   facet normal 0.000000e+00 0.000000e+00 1.000000e+00
      outer loop
         vertex 1.366501e+03 1.930418e+03 1.000000e+03
         vertex 1.012278e+03 1.031169e+03 1.000000e+03
         vertex 1.374607e+03 1.927184e+03 1.000000e+03
      endloop
   endfacet
   facet normal 0.000000e+00 0.000000e+00 1.000000e+00
      outer loop
         vertex 1.374607e+03 1.927184e+03 1.000000e+03
         vertex 1.012278e+03 1.031169e+03 1.000000e+03
         vertex 1.012549e+03 1.031061e+03 1.000000e+03
      endloop
   endfacet
   facet normal 0.000000e+00 0.000000e+00 1.000000e+00
      outer loop
         vertex 1.374607e+03 1.927184e+03 1.000000e+03
         vertex 1.012549e+03 1.031061e+03 1.000000e+03
         vertex 1.382683e+03 1.923880e+03 1.000000e+03
      endloop
   endfacet
   facet normal 0.000000e+00 0.000000e+00 1.000000e+00
      outer loop
         vertex 1.382683e+03 1.923880e+03 1.000000e+03
         vertex 1.012549e+03 1.031061e+03 1.000000e+03
         vertex 1.012820e+03 1.030950e+03 1.000000e+03
      endloop
   endfacet
   facet normal 0.000000e+00 0.000000e+00 1.000000e+00
      outer loop
         vertex 1.382683e+03 1.923880e+03 1.000000e+03
         vertex 1.012820e+03 1.030950e+03 1.000000e+03
         vertex 1.390731e+03 1.920505e+03 1.000000e+03
      endloop
   endfacet
   facet normal 0.000000e+00 0.000000e+00 1.000000e+00
      outer loop
         vertex 1.390731e+03 1.920505e+03 1.000000e+03
         vertex 1.012820e+03 1.030950e+03 1.000000e+03
         vertex 1.013089e+03 1.030837e+03 1.000000e+03
      endloop
   endfacet
   facet normal 0.000000e+00 0.000000e+00 1.000000e+00
      outer loop
         vertex 1.390731e+03 1.920505e+03 1.000000e+03
         vertex 1.013089e+03 1.030837e+03 1.000000e+03
         vertex 1.398749e+03 1.917060e+03 1.000000e+03
      endloop
   endfacet
   facet normal 0.000000e+00 0.000000e+00 1.000000e+00
      outer loop
         vertex 1.398749e+03 1.917060e+03 1.000000e+03
         vertex 1.013089e+03 1.030837e+03 1.000000e+03
         vertex 1.013358e+03 1.030722e+03 1.000000e+03
      endloop
   endfacet
   facet normal 0.000000e+00 0.000000e+00 1.000000e+00
      outer loop
         vertex 1.398749e+03 1.917060e+03 1.000000e+03
         vertex 1.013358e+03 1.030722e+03 1.000000e+03
         vertex 1.406737e+03 1.913545e+03 1.000000e+03
      endloop
   endfacet
   facet normal 0.000000e+00 0.000000e+00 1.000000e+00
      outer loop
         vertex 1.406737e+03 1.913545e+03 1.000000e+03
         vertex 1.013358e+03 1.030722e+03 1.000000e+03
         vertex 1.013626e+03 1.030604e+03 1.000000e+03
      endloop
   endfacet
   facet normal 0.000000e+00 0.000000e+00 1.000000e+00
      outer loop
         vertex 1.406737e+03 1.913545e+03 1.000000e+03
         vertex 1.013626e+03 1.030604e+03 1.000000e+03
         vertex 1.414693e+03 1.909961e+03 1.000000e+03
      endloop
   endfacet
   facet normal 0.000000e+00 0.000000e+00 1.000000e+00
      outer loop
         vertex 1.414693e+03 1.909961e+03 1.000000e+03
         vertex 1.013626e+03 1.030604e+03 1.000000e+03
         vertex 1.013892e+03 1.030484e+03 1.000000e+03
      endloop
   endfacet
   facet normal 0.000000e+00 0.000000e+00 1.000000e+00
      outer loop
         vertex 1.414693e+03 1.909961e+03 1.000000e+03
         vertex 1.013892e+03 1.030484e+03 1.000000e+03
         vertex 1.422618e+03 1.906308e+03 1.000000e+03
      endloop
   endfacet
   facet normal 0.000000e+00 0.000000e+00 1.000000e+00
      outer loop
         vertex 1.422618e+03 1.906308e+03 1.000000e+03
         vertex 1.013892e+03 1.030484e+03 1.000000e+03
         vertex 1.014158e+03 1.030361e+03 1.000000e+03
      endloop
   endfacet
   facet normal 0.000000e+00 0.000000e+00 1.000000e+00
      outer loop
         vertex 1.422618e+03 1.906308e+03 1.000000e+03
         vertex 1.014158e+03 1.030361e+03 1.000000e+03
         vertex 1.430511e+03 1.902585e+03 1.000000e+03
      endloop
   endfacet
   facet normal 0.000000e+00 0.000000e+00 1.000000e+00
      outer loop
         vertex 1.430511e+03 1.902585e+03 1.000000e+03
         vertex 1.014158e+03 1.030361e+03 1.000000e+03
         vertex 1.014422e+03 1.030237e+03 1.000000e+03
      endloop
   endfacet
   facet normal 0.000000e+00 0.000000e+00 1.000000e+00
      outer loop
         vertex 1.430511e+03 1.902585e+03 1.000000e+03
         vertex 1.014422e+03 1.030237e+03 1.000000e+03
         vertex 1.438371e+03 1.898794e+03 1.000000e+03
      endloop
   endfacet
   facet normal 0.000000e+00 0.000000e+00 1.000000e+00
      outer loop
         vertex 1.438371e+03 1.898794e+03 1.000000e+03
         vertex 1.014422e+03 1.030237e+03 1.000000e+03
         vertex 1.014685e+03 1.030110e+03 1.000000e+03
      endloop
   endfacet
   facet normal 0.000000e+00 0.000000e+00 1.000000e+00
      outer loop
         vertex 1.438371e+03 1.898794e+03 1.000000e+03
         vertex 1.014685e+03 1.030110e+03 1.000000e+03
         vertex 1.446198e+03 1.894934e+03 1.000000e+03
      endloop
   endfacet
   facet normal 0.000000e+00 0.000000e+00 1.000000e+00
      outer loop
         vertex 1.446198e+03 1.894934e+03 1.000000e+03
         vertex 1.014685e+03 1.030110e+03 1.000000e+03
         vertex 1.014948e+03 1.029980e+03 1.000000e+03
      endloop
   endfacet
   facet normal 0.000000e+00 0.000000e+00 1.000000e+00
      outer loop
         vertex 1.446198e+03 1.894934e+03 1.000000e+03
         vertex 1.014948e+03 1.029980e+03 1.000000e+03
         vertex 1.453990e+03 1.891007e+03 1.000000e+03
      endloop
   endfacet
   facet normal 0.000000e+00 0.000000e+00 1.000000e+00
      outer loop
         vertex 1.453990e+03 1.891007e+03 1.000000e+03
         vertex 1.014948e+03 1.029980e+03 1.000000e+03
         vertex 1.015209e+03 1.029849e+03 1.000000e+03
      endloop
   endfacet
   facet normal 0.000000e+00 0.000000e+00 1.000000e+00
      outer loop
         vertex 1.453990e+03 1.891007e+03 1.000000e+03
         vertex 1.015209e+03 1.029849e+03 1.000000e+03
         vertex 1.461749e+03 1.887011e+03 1.000000e+03
      endloop
   endfacet
   facet normal 0.000000e+00 0.000000e+00 1.000000e+00
      outer loop
         vertex 1.461749e+03 1.887011e+03 1.000000e+03
         vertex 1.015209e+03 1.029849e+03 1.000000e+03
         vertex 1.015469e+03 1.029715e+03 1.000000e+03
      endloop
   endfacet
   facet normal 0.000000e+00 0.000000e+00 1.000000e+00
      outer loop
         vertex 1.461749e+03 1.887011e+03 1.000000e+03
         vertex 1.015469e+03 1.029715e+03 1.000000e+03
         vertex 1.469472e+03 1.882948e+03 1.000000e+03
      endloop
   endfacet
   facet normal 0.000000e+00 0.000000e+00 1.000000e+00
      outer loop
         vertex 1.469472e+03 1.882948e+03 1.000000e+03
         vertex 1.015469e+03 1.029715e+03 1.000000e+03
         vertex 1.015727e+03 1.029579e+03 1.000000e+03
      endloop
   endfacet
   facet normal 0.000000e+00 0.000000e+00 1.000000e+00
      outer loop
         vertex 1.469472e+03 1.882948e+03 1.000000e+03
         vertex 1.015727e+03 1.029579e+03 1.000000e+03
         vertex 1.477159e+03 1.878817e+03 1.000000e+03
      endloop
   endfacet
   facet normal 0.000000e+00 0.000000e+00 1.000000e+00
      outer loop
         vertex 1.477159e+03 1.878817e+03 1.000000e+03
         vertex 1.015727e+03 1.029579e+03 1.000000e+03
         vertex 1.015985e+03 1.029440e+03 1.000000e+03
      endloop
   endfacet
   facet normal 0.000000e+00 0.000000e+00 1.000000e+00
      outer loop
         vertex 1.477159e+03 1.878817e+03 1.000000e+03
         vertex 1.015985e+03 1.029440e+03 1.000000e+03
         vertex 1.484810e+03 1.874620e+03 1.000000e+03
      endloop
   endfacet
   facet normal 0.000000e+00 0.000000e+00 1.000000e+00
      outer loop
         vertex 1.484810e+03 1.874620e+03 1.000000e+03
         vertex 1.015985e+03 1.029440e+03 1.000000e+03
         vertex 1.016241e+03 1.029300e+03 1.000000e+03
      endloop
   endfacet
   facet normal 0.000000e+00 0.000000e+00 1.000000e+00
      outer loop
         vertex 1.484810e+03 1.874620e+03 1.000000e+03
         vertex 1.016241e+03 1.029300e+03 1.000000e+03
         vertex 1.492424e+03 1.870356e+03 1.000000e+03
      endloop
   endfacet
   facet normal 0.000000e+00 0.000000e+00 1.000000e+00
      outer loop
         vertex 1.492424e+03 1.870356e+03 1.000000e+03
         vertex 1.016241e+03 1.029300e+03 1.000000e+03
         vertex 1.016496e+03 1.029157e+03 1.000000e+03
      endloop
   endfacet
   facet normal 0.000000e+00 0.000000e+00 1.000000e+00
      outer loop
         vertex 1.492424e+03 1.870356e+03 1.000000e+03
         vertex 1.016496e+03 1.029157e+03 1.000000e+03
         vertex 1.500000e+03 1.866025e+03 1.000000e+03
      endloop
   endfacet
   facet normal 0.000000e+00 0.000000e+00 1.000000e+00
      outer loop
         vertex 1.500000e+03 1.866025e+03 1.000000e+03
         vertex 1.016496e+03 1.029157e+03 1.000000e+03
         vertex 1.016750e+03 1.029012e+03 1.000000e+03
      endloop
   endfacet
   facet normal 0.000000e+00 0.000000e+00 1.000000e+00
      outer loop
         vertex 1.500000e+03 1.866025e+03 1.000000e+03
         vertex 1.016750e+03 1.029012e+03 1.000000e+03
         vertex 1.507538e+03 1.861629e+03 1.000000e+03
      endloop
   endfacet
   facet normal 0.000000e+00 0.000000e+00 1.000000e+00
      outer loop
         vertex 1.507538e+03 1.861629e+03 1.000000e+03
         vertex 1.016750e+03 1.029012e+03 1.000000e+03
         vertex 1.017003e+03 1.028865e+03 1.000000e+03
      endloop
   endfacet
   facet normal 0.000000e+00 0.000000e+00 1.000000e+00
      outer loop
         vertex 1.507538e+03 1.861629e+03 1.000000e+03
         vertex 1.017003e+03 1.028865e+03 1.000000e+03
         vertex 1.515038e+03 1.857167e+03 1.000000e+03
      endloop
   endfacet
   facet normal 0.000000e+00 0.000000e+00 1.000000e+00
      outer loop
         vertex 1.515038e+03 1.857167e+03 1.000000e+03
         vertex 1.017003e+03 1.028865e+03 1.000000e+03
         vertex 1.017254e+03 1.028715e+03 1.000000e+03
      endloop
   endfacet
   facet normal 0.000000e+00 0.000000e+00 1.000000e+00
      outer loop
         vertex 1.515038e+03 1.857167e+03 1.000000e+03
         vertex 1.017254e+03 1.028715e+03 1.000000e+03
         vertex 1.522499e+03 1.852640e+03 1.000000e+03
      endloop
   endfacet
   facet normal 0.000000e+00 0.000000e+00 1.000000e+00
      outer loop
         vertex 1.522499e+03 1.852640e+03 1.000000e+03
         vertex 1.017254e+03 1.028715e+03 1.000000e+03
         vertex 1.017504e+03 1.028563e+03 1.000000e+03
      endloop
   endfacet
   facet normal 0.000000e+00 0.000000e+00 1.000000e+00
      outer loop
         vertex 1.522499e+03 1.852640e+03 1.000000e+03
         vertex 1.017504e+03 1.028563e+03 1.000000e+03
         vertex 1.529919e+03 1.848048e+03 1.000000e+03
      endloop
   endfacet
   facet normal 0.000000e+00 0.000000e+00 1.000000e+00
      outer loop
         vertex 1.529919e+03 1.848048e+03 1.000000e+03
         vertex 1.017504e+03 1.028563e+03 1.000000e+03
         vertex 1.017752e+03 1.028410e+03 1.000000e+03
      endloop
   endfacet
   facet normal 0.000000e+00 0.000000e+00 1.000000e+00
      outer loop
         vertex 1.529919e+03 1.848048e+03 1.000000e+03
         vertex 1.017752e+03 1.028410e+03 1.000000e+03
         vertex 1.537300e+03 1.843391e+03 1.000000e+03
      endloop
   endfacet
   facet normal 0.000000e+00 0.000000e+00 1.000000e+00
      outer loop
         vertex 1.537300e+03 1.843391e+03 1.000000e+03
         vertex 1.017752e+03 1.028410e+03 1.000000e+03
         vertex 1.018000e+03 1.028254e+03 1.000000e+03
      endloop
   endfacet
   facet normal 0.000000e+00 0.000000e+00 1.000000e+00
      outer loop
         vertex 1.537300e+03 1.843391e+03 1.000000e+03
         vertex 1.018000e+03 1.028254e+03 1.000000e+03
         vertex 1.544639e+03 1.838671e+03 1.000000e+03
      endloop
   endfacet
   facet normal 0.000000e+00 0.000000e+00 1.000000e+00
      outer loop
         vertex 1.544639e+03 1.838671e+03 1.000000e+03
         vertex 1.018000e+03 1.028254e+03 1.000000e+03
         vertex 1.018245e+03 1.028095e+03 1.000000e+03
      endloop
   endfacet
   facet normal 0.000000e+00 0.000000e+00 1.000000e+00
      outer loop
         vertex 1.544639e+03 1.838671e+03 1.000000e+03
         vertex 1.018245e+03 1.028095e+03 1.000000e+03
         vertex 1.551937e+03 1.833886e+03 1.000000e+03
      endloop
   endfacet
   facet normal 0.000000e+00 0.000000e+00 1.000000e+00
      outer loop
         vertex 1.551937e+03 1.833886e+03 1.000000e+03
         vertex 1.018245e+03 1.028095e+03 1.000000e+03
         vertex 1.018490e+03 1.027935e+03 1.000000e+03
      endloop
   endfacet
   facet normal 0.000000e+00 0.000000e+00 1.000000e+00
      outer loop
         vertex 1.551937e+03 1.833886e+03 1.000000e+03
         vertex 1.018490e+03 1.027935e+03 1.000000e+03
         vertex 1.559193e+03 1.829038e+03 1.000000e+03
      endloop
   endfacet
   facet normal 0.000000e+00 0.000000e+00 1.000000e+00
      outer loop
         vertex 1.559193e+03 1.829038e+03 1.000000e+03
         vertex 1.018490e+03 1.027935e+03 1.000000e+03
         vertex 1.018733e+03 1.027773e+03 1.000000e+03
      endloop
   endfacet
   facet normal 0.000000e+00 0.000000e+00 1.000000e+00
      outer loop
         vertex 1.559193e+03 1.829038e+03 1.000000e+03
         vertex 1.018733e+03 1.027773e+03 1.000000e+03
         vertex 1.566406e+03 1.824126e+03 1.000000e+03
      endloop
   endfacet
   facet normal 0.000000e+00 0.000000e+00 1.000000e+00
      outer loop
         vertex 1.566406e+03 1.824126e+03 1.000000e+03
         vertex 1.018733e+03 1.027773e+03 1.000000e+03
         vertex 1.018975e+03 1.027608e+03 1.000000e+03
      endloop
   endfacet
   facet normal 0.000000e+00 0.000000e+00 1.000000e+00
      outer loop
         vertex 1.566406e+03 1.824126e+03 1.000000e+03
         vertex 1.018975e+03 1.027608e+03 1.000000e+03
         vertex 1.573576e+03 1.819152e+03 1.000000e+03
      endloop
   endfacet
   facet normal 0.000000e+00 0.000000e+00 1.000000e+00
      outer loop
         vertex 1.573576e+03 1.819152e+03 1.000000e+03
         vertex 1.018975e+03 1.027608e+03 1.000000e+03
         vertex 1.019215e+03 1.027442e+03 1.000000e+03
      endloop
   endfacet
   facet normal 0.000000e+00 0.000000e+00 1.000000e+00
      outer loop
         vertex 1.573576e+03 1.819152e+03 1.000000e+03
         vertex 1.019215e+03 1.027442e+03 1.000000e+03
         vertex 1.580703e+03 1.814116e+03 1.000000e+03
      endloop
   endfacet
   facet normal 0.000000e+00 0.000000e+00 1.000000e+00
      outer loop
         vertex 1.580703e+03 1.814116e+03 1.000000e+03
         vertex 1.019215e+03 1.027442e+03 1.000000e+03
         vertex 1.019454e+03 1.027273e+03 1.000000e+03
      endloop
   endfacet
   facet normal 0.000000e+00 0.000000e+00 1.000000e+00
      outer loop
         vertex 1.580703e+03 1.814116e+03 1.000000e+03
         vertex 1.019454e+03 1.027273e+03 1.000000e+03
         vertex 1.587785e+03 1.809017e+03 1.000000e+03
      endloop
   endfacet
   facet normal 0.000000e+00 0.000000e+00 1.000000e+00
      outer loop
         vertex 1.587785e+03 1.809017e+03 1.000000e+03
         vertex 1.019454e+03 1.027273e+03 1.000000e+03
         vertex 1.019691e+03 1.027102e+03 1.000000e+03
      endloop
   endfacet
   facet normal 0.000000e+00 0.000000e+00 1.000000e+00
      outer loop
         vertex 1.587785e+03 1.809017e+03 1.000000e+03
         vertex 1.019691e+03 1.027102e+03 1.000000e+03
         vertex 1.594823e+03 1.803857e+03 1.000000e+03
      endloop
   endfacet
   facet normal 0.000000e+00 0.000000e+00 1.000000e+00
      outer loop
         vertex 1.594823e+03 1.803857e+03 1.000000e+03
         vertex 1.019691e+03 1.027102e+03 1.000000e+03
         vertex 1.019927e+03 1.026929e+03 1.000000e+03
      endloop
   endfacet
   facet normal 0.000000e+00 0.000000e+00 1.000000e+00
      outer loop
         vertex 1.594823e+03 1.803857e+03 1.000000e+03
         vertex 1.019927e+03 1.026929e+03 1.000000e+03
         vertex 1.601815e+03 1.798635e+03 1.000000e+03
      endloop
   endfacet
   facet normal 0.000000e+00 0.000000e+00 1.000000e+00
      outer loop
         vertex 1.601815e+03 1.798635e+03 1.000000e+03
         vertex 1.019927e+03 1.026929e+03 1.000000e+03
         vertex 1.020161e+03 1.026754e+03 1.000000e+03
      endloop
   endfacet
   facet normal 0.000000e+00 0.000000e+00 1.000000e+00
      outer loop
         vertex 1.601815e+03 1.798635e+03 1.000000e+03
         vertex 1.020161e+03 1.026754e+03 1.000000e+03
         vertex 1.608761e+03 1.793353e+03 1.000000e+03
      endloop
   endfacet
   facet normal 0.000000e+00 0.000000e+00 1.000000e+00
      outer loop
         vertex 1.608761e+03 1.793353e+03 1.000000e+03
         vertex 1.020161e+03 1.026754e+03 1.000000e+03
         vertex 1.020394e+03 1.026577e+03 1.000000e+03
      endloop
   endfacet
   facet normal 0.000000e+00 0.000000e+00 1.000000e+00
      outer loop
         vertex 1.608761e+03 1.793353e+03 1.000000e+03
         vertex 1.020394e+03 1.026577e+03 1.000000e+03
         vertex 1.615662e+03 1.788011e+03 1.000000e+03
      endloop
   endfacet
   facet normal 0.000000e+00 0.000000e+00 1.000000e+00
      outer loop
         vertex 1.615662e+03 1.788011e+03 1.000000e+03
         vertex 1.020394e+03 1.026577e+03 1.000000e+03
         vertex 1.020625e+03 1.026398e+03 1.000000e+03
      endloop
   endfacet
   facet normal 0.000000e+00 0.000000e+00 1.000000e+00
      outer loop
         vertex 1.615662e+03 1.788011e+03 1.000000e+03
         vertex 1.020625e+03 1.026398e+03 1.000000e+03
         vertex 1.622515e+03 1.782608e+03 1.000000e+03
      endloop
   endfacet
   facet normal 0.000000e+00 0.000000e+00 1.000000e+00
      outer loop
         vertex 1.622515e+03 1.782608e+03 1.000000e+03
         vertex 1.020625e+03 1.026398e+03 1.000000e+03
         vertex 1.020854e+03 1.026217e+03 1.000000e+03
      endloop
   endfacet
   facet normal 0.000000e+00 0.000000e+00 1.000000e+00
      outer loop
         vertex 1.622515e+03 1.782608e+03 1.000000e+03
         vertex 1.020854e+03 1.026217e+03 1.000000e+03
         vertex 1.629320e+03 1.777146e+03 1.000000e+03
      endloop
   endfacet
   facet normal 0.000000e+00 0.000000e+00 1.000000e+00
      outer loop
         vertex 1.629320e+03 1.777146e+03 1.000000e+03
         vertex 1.020854e+03 1.026217e+03 1.000000e+03
         vertex 1.021082e+03 1.026034e+03 1.000000e+03
      endloop
   endfacet
   facet normal 0.000000e+00 0.000000e+00 1.000000e+00
      outer loop
         vertex 1.629320e+03 1.777146e+03 1.000000e+03
         vertex 1.021082e+03 1.026034e+03 1.000000e+03
         vertex 1.636078e+03 1.771625e+03 1.000000e+03
      endloop
   endfacet
   facet normal 0.000000e+00 0.000000e+00 1.000000e+00
      outer loop
         vertex 1.636078e+03 1.771625e+03 1.000000e+03
         vertex 1.021082e+03 1.026034e+03 1.000000e+03
         vertex 1.021309e+03 1.025849e+03 1.000000e+03
      endloop
   endfacet
   facet normal 0.000000e+00 0.000000e+00 1.000000e+00
      outer loop
         vertex 1.636078e+03 1.771625e+03 1.000000e+03
         vertex 1.021309e+03 1.025849e+03 1.000000e+03
         vertex 1.642788e+03 1.766044e+03 1.000000e+03
      endloop
   endfacet
   facet normal 0.000000e+00 0.000000e+00 1.000000e+00
      outer loop
         vertex 1.642788e+03 1.766044e+03 1.000000e+03
         vertex 1.021309e+03 1.025849e+03 1.000000e+03
         vertex 1.021533e+03 1.025662e+03 1.000000e+03
      endloop
   endfacet
   facet normal 0.000000e+00 0.000000e+00 1.000000e+00
      outer loop
         vertex 1.642788e+03 1.766044e+03 1.000000e+03
         vertex 1.021533e+03 1.025662e+03 1.000000e+03
         vertex 1.649448e+03 1.760406e+03 1.000000e+03
      endloop
   endfacet
   facet normal 0.000000e+00 0.000000e+00 1.000000e+00
      outer loop
         vertex 1.649448e+03 1.760406e+03 1.000000e+03
         vertex 1.021533e+03 1.025662e+03 1.000000e+03
         vertex 1.021757e+03 1.025474e+03 1.000000e+03
      endloop
   endfacet
   facet normal 0.000000e+00 0.000000e+00 1.000000e+00
      outer loop
         vertex 1.649448e+03 1.760406e+03 1.000000e+03
         vertex 1.021757e+03 1.025474e+03 1.000000e+03
         vertex 1.656059e+03 1.754710e+03 1.000000e+03
      endloop
   endfacet
   facet normal 0.000000e+00 0.000000e+00 1.000000e+00
      outer loop
         vertex 1.656059e+03 1.754710e+03 1.000000e+03
         vertex 1.021757e+03 1.025474e+03 1.000000e+03
         vertex 1.021978e+03 1.025283e+03 1.000000e+03
      endloop
   endfacet
   facet normal 0.000000e+00 0.000000e+00 1.000000e+00
      outer loop
         vertex 1.656059e+03 1.754710e+03 1.000000e+03
         vertex 1.021978e+03 1.025283e+03 1.000000e+03
         vertex 1.662620e+03 1.748956e+03 1.000000e+03
      endloop
   endfacet
   facet normal 0.000000e+00 0.000000e+00 1.000000e+00
      outer loop
         vertex 1.662620e+03 1.748956e+03 1.000000e+03
         vertex 1.021978e+03 1.025283e+03 1.000000e+03
         vertex 1.022198e+03 1.025090e+03 1.000000e+03
      endloop
   endfacet
   facet normal 0.000000e+00 0.000000e+00 1.000000e+00
      outer loop
         vertex 1.662620e+03 1.748956e+03 1.000000e+03
         vertex 1.022198e+03 1.025090e+03 1.000000e+03
         vertex 1.669131e+03 1.743145e+03 1.000000e+03
      endloop
   endfacet
   facet normal 0.000000e+00 0.000000e+00 1.000000e+00
      outer loop
         vertex 1.669131e+03 1.743145e+03 1.000000e+03
         vertex 1.022198e+03 1.025090e+03 1.000000e+03
         vertex 1.022416e+03 1.024895e+03 1.000000e+03
      endloop
   endfacet
   facet normal 0.000000e+00 0.000000e+00 1.000000e+00
      outer loop
         vertex 1.669131e+03 1.743145e+03 1.000000e+03
         vertex 1.022416e+03 1.024895e+03 1.000000e+03
         vertex 1.675590e+03 1.737277e+03 1.000000e+03
      endloop
   endfacet
   facet normal 0.000000e+00 0.000000e+00 1.000000e+00
      outer loop
         vertex 1.675590e+03 1.737277e+03 1.000000e+03
         vertex 1.022416e+03 1.024895e+03 1.000000e+03
         vertex 1.022632e+03 1.024699e+03 1.000000e+03
      endloop
   endfacet
   facet normal 0.000000e+00 0.000000e+00 1.000000e+00
      outer loop
         vertex 1.675590e+03 1.737277e+03 1.000000e+03
         vertex 1.022632e+03 1.024699e+03 1.000000e+03
         vertex 1.681998e+03 1.731354e+03 1.000000e+03
      endloop
   endfacet
   facet normal 0.000000e+00 0.000000e+00 1.000000e+00
      outer loop
         vertex 1.681998e+03 1.731354e+03 1.000000e+03
         vertex 1.022632e+03 1.024699e+03 1.000000e+03
         vertex 1.022847e+03 1.024500e+03 1.000000e+03
      endloop
   endfacet
   facet normal 0.000000e+00 0.000000e+00 1.000000e+00
      outer loop
         vertex 1.681998e+03 1.731354e+03 1.000000e+03
         vertex 1.022847e+03 1.024500e+03 1.000000e+03
         vertex 1.688355e+03 1.725374e+03 1.000000e+03
      endloop
   endfacet
   facet normal 0.000000e+00 0.000000e+00 1.000000e+00
      outer loop
         vertex 1.688355e+03 1.725374e+03 1.000000e+03
         vertex 1.022847e+03 1.024500e+03 1.000000e+03
         vertex 1.023060e+03 1.024300e+03 1.000000e+03
      endloop
   endfacet
   facet normal 0.000000e+00 0.000000e+00 1.000000e+00
      outer loop
         vertex 1.688355e+03 1.725374e+03 1.000000e+03
         vertex 1.023060e+03 1.024300e+03 1.000000e+03
         vertex 1.694658e+03 1.719340e+03 1.000000e+03
      endloop
   endfacet
   facet normal 0.000000e+00 0.000000e+00 1.000000e+00
      outer loop
         vertex 1.694658e+03 1.719340e+03 1.000000e+03
         vertex 1.023060e+03 1.024300e+03 1.000000e+03
         vertex 1.023271e+03 1.024098e+03 1.000000e+03
      endloop
   endfacet
   facet normal 0.000000e+00 0.000000e+00 1.000000e+00
      outer loop
         vertex 1.694658e+03 1.719340e+03 1.000000e+03
         vertex 1.023271e+03 1.024098e+03 1.000000e+03
         vertex 1.700909e+03 1.713250e+03 1.000000e+03
      endloop
   endfacet
   facet normal 0.000000e+00 0.000000e+00 1.000000e+00
      outer loop
         vertex 1.700909e+03 1.713250e+03 1.000000e+03
         vertex 1.023271e+03 1.024098e+03 1.000000e+03
         vertex 1.023480e+03 1.023894e+03 1.000000e+03
      endloop
   endfacet
   facet normal 0.000000e+00 0.000000e+00 1.000000e+00
      outer loop
         vertex 1.700909e+03 1.713250e+03 1.000000e+03
         vertex 1.023480e+03 1.023894e+03 1.000000e+03
         vertex 1.707107e+03 1.707107e+03 1.000000e+03
      endloop
   endfacet
   facet normal 0.000000e+00 0.000000e+00 1.000000e+00
      outer loop
         vertex 1.707107e+03 1.707107e+03 1.000000e+03
         vertex 1.023480e+03 1.023894e+03 1.000000e+03
         vertex 1.023688e+03 1.023688e+03 1.000000e+03
      endloop
   endfacet
   facet normal 0.000000e+00 0.000000e+00 1.000000e+00
      outer loop
         vertex 1.707107e+03 1.707107e+03 1.000000e+03
         vertex 1.023688e+03 1.023688e+03 1.000000e+03
         vertex 1.713250e+03 1.700909e+03 1.000000e+03
      endloop
   endfacet
   facet normal 0.000000e+00 0.000000e+00 1.000000e+00
      outer loop
         vertex 1.713250e+03 1.700909e+03 1.000000e+03
         vertex 1.023688e+03 1.023688e+03 1.000000e+03
         vertex 1.023894e+03 1.023480e+03 1.000000e+03
      endloop
   endfacet
   facet normal 0.000000e+00 0.000000e+00 1.000000e+00
      outer loop
         vertex 1.713250e+03 1.700909e+03 1.000000e+03
         vertex 1.023894e+03 1.023480e+03 1.000000e+03
         vertex 1.719340e+03 1.694658e+03 1.000000e+03
      endloop
   endfacet
   facet normal 0.000000e+00 0.000000e+00 1.000000e+00
      outer loop
         vertex 1.719340e+03 1.694658e+03 1.000000e+03
         vertex 1.023894e+03 1.023480e+03 1.000000e+03
         vertex 1.024098e+03 1.023271e+03 1.000000e+03
      endloop
   endfacet
   facet normal 0.000000e+00 0.000000e+00 1.000000e+00
      outer loop
         vertex 1.719340e+03 1.694658e+03 1.000000e+03
         vertex 1.024098e+03 1.023271e+03 1.000000e+03
         vertex 1.725374e+03 1.688355e+03 1.000000e+03
      endloop
   endfacet
   facet normal 0.000000e+00 0.000000e+00 1.000000e+00
      outer loop
         vertex 1.725374e+03 1.688355e+03 1.000000e+03
         vertex 1.024098e+03 1.023271e+03 1.000000e+03
         vertex 1.024300e+03 1.023060e+03 1.000000e+03
      endloop
   endfacet
   facet normal 0.000000e+00 0.000000e+00 1.000000e+00
      outer loop
         vertex 1.725374e+03 1.688355e+03 1.000000e+03
         vertex 1.024300e+03 1.023060e+03 1.000000e+03
         vertex 1.731354e+03 1.681998e+03 1.000000e+03
      endloop
   endfacet
   facet normal 0.000000e+00 0.000000e+00 1.000000e+00
      outer loop
         vertex 1.731354e+03 1.681998e+03 1.000000e+03
         vertex 1.024300e+03 1.023060e+03 1.000000e+03
         vertex 1.024500e+03 1.022847e+03 1.000000e+03
      endloop
   endfacet
   facet normal 0.000000e+00 0.000000e+00 1.000000e+00
      outer loop
         vertex 1.731354e+03 1.681998e+03 1.000000e+03
         vertex 1.024500e+03 1.022847e+03 1.000000e+03
         vertex 1.737277e+03 1.675590e+03 1.000000e+03
      endloop
   endfacet
   facet normal 0.000000e+00 0.000000e+00 1.000000e+00
      outer loop
         vertex 1.737277e+03 1.675590e+03 1.000000e+03
         vertex 1.024500e+03 1.022847e+03 1.000000e+03
         vertex 1.024699e+03 1.022632e+03 1.000000e+03
      endloop
   endfacet
   facet normal 0.000000e+00 0.000000e+00 1.000000e+00
      outer loop
         vertex 1.737277e+03 1.675590e+03 1.000000e+03
         vertex 1.024699e+03 1.022632e+03 1.000000e+03
         vertex 1.743145e+03 1.669131e+03 1.000000e+03
      endloop
   endfacet
   facet normal 0.000000e+00 0.000000e+00 1.000000e+00
      outer loop
         vertex 1.743145e+03 1.669131e+03 1.000000e+03
         vertex 1.024699e+03 1.022632e+03 1.000000e+03
         vertex 1.024895e+03 1.022416e+03 1.000000e+03
      endloop
   endfacet
   facet normal 0.000000e+00 0.000000e+00 1.000000e+00
      outer loop
         vertex 1.743145e+03 1.669131e+03 1.000000e+03
         vertex 1.024895e+03 1.022416e+03 1.000000e+03
         vertex 1.748956e+03 1.662620e+03 1.000000e+03
      endloop
   endfacet
   facet normal 0.000000e+00 0.000000e+00 1.000000e+00
      outer loop
         vertex 1.748956e+03 1.662620e+03 1.000000e+03
         vertex 1.024895e+03 1.022416e+03 1.000000e+03
         vertex 1.025090e+03 1.022198e+03 1.000000e+03
      endloop
   endfacet
   facet normal 0.000000e+00 0.000000e+00 1.000000e+00
      outer loop
         vertex 1.748956e+03 1.662620e+03 1.000000e+03
         vertex 1.025090e+03 1.022198e+03 1.000000e+03
         vertex 1.754710e+03 1.656059e+03 1.000000e+03
      endloop
   endfacet
   facet normal 0.000000e+00 0.000000e+00 1.000000e+00
      outer loop
         vertex 1.754710e+03 1.656059e+03 1.000000e+03
         vertex 1.025090e+03 1.022198e+03 1.000000e+03
         vertex 1.025283e+03 1.021978e+03 1.000000e+03
      endloop
   endfacet
   facet normal 0.000000e+00 0.000000e+00 1.000000e+00
      outer loop
         vertex 1.754710e+03 1.656059e+03 1.000000e+03
         vertex 1.025283e+03 1.021978e+03 1.000000e+03
         vertex 1.760406e+03 1.649448e+03 1.000000e+03
      endloop
   endfacet
   facet normal 0.000000e+00 0.000000e+00 1.000000e+00
      outer loop
         vertex 1.760406e+03 1.649448e+03 1.000000e+03
         vertex 1.025283e+03 1.021978e+03 1.000000e+03
         vertex 1.025474e+03 1.021757e+03 1.000000e+03
      endloop
   endfacet
   facet normal 0.000000e+00 0.000000e+00 1.000000e+00
      outer loop
         vertex 1.760406e+03 1.649448e+03 1.000000e+03
         vertex 1.025474e+03 1.021757e+03 1.000000e+03
         vertex 1.766044e+03 1.642788e+03 1.000000e+03
      endloop
   endfacet
   facet normal 0.000000e+00 0.000000e+00 1.000000e+00
      outer loop
         vertex 1.766044e+03 1.642788e+03 1.000000e+03
         vertex 1.025474e+03 1.021757e+03 1.000000e+03
         vertex 1.025662e+03 1.021533e+03 1.000000e+03
      endloop
   endfacet
   facet normal 0.000000e+00 0.000000e+00 1.000000e+00
      outer loop
         vertex 1.766044e+03 1.642788e+03 1.000000e+03
         vertex 1.025662e+03 1.021533e+03 1.000000e+03
         vertex 1.771625e+03 1.636078e+03 1.000000e+03
      endloop
   endfacet
   facet normal 0.000000e+00 0.000000e+00 1.000000e+00
      outer loop
         vertex 1.771625e+03 1.636078e+03 1.000000e+03
         vertex 1.025662e+03 1.021533e+03 1.000000e+03
         vertex 1.025849e+03 1.021309e+03 1.000000e+03
      endloop
   endfacet
   facet normal 0.000000e+00 0.000000e+00 1.000000e+00
      outer loop
         vertex 1.771625e+03 1.636078e+03 1.000000e+03
         vertex 1.025849e+03 1.021309e+03 1.000000e+03
         vertex 1.777146e+03 1.629320e+03 1.000000e+03
      endloop
   endfacet
   facet normal 0.000000e+00 0.000000e+00 1.000000e+00
      outer loop
         vertex 1.777146e+03 1.629320e+03 1.000000e+03
         vertex 1.025849e+03 1.021309e+03 1.000000e+03
         vertex 1.026034e+03 1.021082e+03 1.000000e+03
      endloop
   endfacet
   facet normal 0.000000e+00 0.000000e+00 1.000000e+00
      outer loop
         vertex 1.777146e+03 1.629320e+03 1.000000e+03
         vertex 1.026034e+03 1.021082e+03 1.000000e+03
         vertex 1.782608e+03 1.622515e+03 1.000000e+03
      endloop
   endfacet
   facet normal 0.000000e+00 0.000000e+00 1.000000e+00
      outer loop
         vertex 1.782608e+03 1.622515e+03 1.000000e+03
         vertex 1.026034e+03 1.021082e+03 1.000000e+03
         vertex 1.026217e+03 1.020854e+03 1.000000e+03
      endloop
   endfacet
   facet normal 0.000000e+00 0.000000e+00 1.000000e+00
      outer loop
         vertex 1.782608e+03 1.622515e+03 1.000000e+03
         vertex 1.026217e+03 1.020854e+03 1.000000e+03
         vertex 1.788011e+03 1.615662e+03 1.000000e+03
      endloop
   endfacet
   facet normal 0.000000e+00 0.000000e+00 1.000000e+00
      outer loop
         vertex 1.788011e+03 1.615662e+03 1.000000e+03
         vertex 1.026217e+03 1.020854e+03 1.000000e+03
         vertex 1.026398e+03 1.020625e+03 1.000000e+03
      endloop
   endfacet
   facet normal 0.000000e+00 0.000000e+00 1.000000e+00
      outer loop
         vertex 1.788011e+03 1.615662e+03 1.000000e+03
         vertex 1.026398e+03 1.020625e+03 1.000000e+03
         vertex 1.793353e+03 1.608761e+03 1.000000e+03
      endloop
   endfacet
   facet normal 0.000000e+00 0.000000e+00 1.000000e+00
      outer loop
         vertex 1.793353e+03 1.608761e+03 1.000000e+03
         vertex 1.026398e+03 1.020625e+03 1.000000e+03
         vertex 1.026577e+03 1.020394e+03 1.000000e+03
      endloop
   endfacet
   facet normal 0.000000e+00 0.000000e+00 1.000000e+00
      outer loop
         vertex 1.793353e+03 1.608761e+03 1.000000e+03
         vertex 1.026577e+03 1.020394e+03 1.000000e+03
         vertex 1.798635e+03 1.601815e+03 1.000000e+03
      endloop
   endfacet
   facet normal 0.000000e+00 0.000000e+00 1.000000e+00
      outer loop
         vertex 1.798635e+03 1.601815e+03 1.000000e+03
         vertex 1.026577e+03 1.020394e+03 1.000000e+03
         vertex 1.026754e+03 1.020161e+03 1.000000e+03
      endloop
   endfacet
   facet normal 0.000000e+00 0.000000e+00 1.000000e+00
      outer loop
         vertex 1.798635e+03 1.601815e+03 1.000000e+03
         vertex 1.026754e+03 1.020161e+03 1.000000e+03
         vertex 1.803857e+03 1.594823e+03 1.000000e+03
      endloop
   endfacet
   facet normal 0.000000e+00 0.000000e+00 1.000000e+00
      outer loop
         vertex 1.803857e+03 1.594823e+03 1.000000e+03
         vertex 1.026754e+03 1.020161e+03 1.000000e+03
         vertex 1.026929e+03 1.019927e+03 1.000000e+03
      endloop
   endfacet
   facet normal 0.000000e+00 0.000000e+00 1.000000e+00
      outer loop
         vertex 1.803857e+03 1.594823e+03 1.000000e+03
         vertex 1.026929e+03 1.019927e+03 1.000000e+03
         vertex 1.809017e+03 1.587785e+03 1.000000e+03
      endloop
   endfacet
   facet normal 0.000000e+00 0.000000e+00 1.000000e+00
      outer loop
         vertex 1.809017e+03 1.587785e+03 1.000000e+03
         vertex 1.026929e+03 1.019927e+03 1.000000e+03
         vertex 1.027102e+03 1.019691e+03 1.000000e+03
      endloop
   endfacet
   facet normal 0.000000e+00 0.000000e+00 1.000000e+00
      outer loop
         vertex 1.809017e+03 1.587785e+03 1.000000e+03
         vertex 1.027102e+03 1.019691e+03 1.000000e+03
         vertex 1.814116e+03 1.580703e+03 1.000000e+03
      endloop
   endfacet
   facet normal 0.000000e+00 0.000000e+00 1.000000e+00
      outer loop
         vertex 1.814116e+03 1.580703e+03 1.000000e+03
         vertex 1.027102e+03 1.019691e+03 1.000000e+03
         vertex 1.027273e+03 1.019454e+03 1.000000e+03
      endloop
   endfacet
   facet normal 0.000000e+00 0.000000e+00 1.000000e+00
      outer loop
         vertex 1.814116e+03 1.580703e+03 1.000000e+03
         vertex 1.027273e+03 1.019454e+03 1.000000e+03
         vertex 1.819152e+03 1.573576e+03 1.000000e+03
      endloop
   endfacet
   facet normal 0.000000e+00 0.000000e+00 1.000000e+00
      outer loop
         vertex 1.819152e+03 1.573576e+03 1.000000e+03
         vertex 1.027273e+03 1.019454e+03 1.000000e+03
         vertex 1.027442e+03 1.019215e+03 1.000000e+03
      endloop
   endfacet
   facet normal 0.000000e+00 0.000000e+00 1.000000e+00
      outer loop
         vertex 1.819152e+03 1.573576e+03 1.000000e+03
         vertex 1.027442e+03 1.019215e+03 1.000000e+03
         vertex 1.824126e+03 1.566406e+03 1.000000e+03
      endloop
   endfacet
   facet normal 0.000000e+00 0.000000e+00 1.000000e+00
      outer loop
         vertex 1.824126e+03 1.566406e+03 1.000000e+03
         vertex 1.027442e+03 1.019215e+03 1.000000e+03
         vertex 1.027608e+03 1.018975e+03 1.000000e+03
      endloop
   endfacet
   facet normal 0.000000e+00 0.000000e+00 1.000000e+00
      outer loop
         vertex 1.824126e+03 1.566406e+03 1.000000e+03
         vertex 1.027608e+03 1.018975e+03 1.000000e+03
         vertex 1.829038e+03 1.559193e+03 1.000000e+03
      endloop
   endfacet
   facet normal 0.000000e+00 0.000000e+00 1.000000e+00
      outer loop
         vertex 1.829038e+03 1.559193e+03 1.000000e+03
         vertex 1.027608e+03 1.018975e+03 1.000000e+03
         vertex 1.027773e+03 1.018733e+03 1.000000e+03
      endloop
   endfacet
   facet normal 0.000000e+00 0.000000e+00 1.000000e+00
      outer loop
         vertex 1.829038e+03 1.559193e+03 1.000000e+03
         vertex 1.027773e+03 1.018733e+03 1.000000e+03
         vertex 1.833886e+03 1.551937e+03 1.000000e+03
      endloop
   endfacet
   facet normal 0.000000e+00 0.000000e+00 1.000000e+00
      outer loop
         vertex 1.833886e+03 1.551937e+03 1.000000e+03
         vertex 1.027773e+03 1.018733e+03 1.000000e+03
         vertex 1.027935e+03 1.018490e+03 1.000000e+03
      endloop
   endfacet
   facet normal 0.000000e+00 0.000000e+00 1.000000e+00
      outer loop
         vertex 1.833886e+03 1.551937e+03 1.000000e+03
         vertex 1.027935e+03 1.018490e+03 1.000000e+03
         vertex 1.838671e+03 1.544639e+03 1.000000e+03
      endloop
   endfacet
   facet normal 0.000000e+00 0.000000e+00 1.000000e+00
      outer loop
         vertex 1.838671e+03 1.544639e+03 1.000000e+03
         vertex 1.027935e+03 1.018490e+03 1.000000e+03
         vertex 1.028095e+03 1.018245e+03 1.000000e+03
      endloop
   endfacet
   facet normal 0.000000e+00 0.000000e+00 1.000000e+00
      outer loop
         vertex 1.838671e+03 1.544639e+03 1.000000e+03
         vertex 1.028095e+03 1.018245e+03 1.000000e+03
         vertex 1.843391e+03 1.537300e+03 1.000000e+03
      endloop
   endfacet
   facet normal 0.000000e+00 0.000000e+00 1.000000e+00
      outer loop
         vertex 1.843391e+03 1.537300e+03 1.000000e+03
         vertex 1.028095e+03 1.018245e+03 1.000000e+03
         vertex 1.028254e+03 1.018000e+03 1.000000e+03
      endloop
   endfacet
   facet normal 0.000000e+00 0.000000e+00 1.000000e+00
      outer loop
         vertex 1.843391e+03 1.537300e+03 1.000000e+03
         vertex 1.028254e+03 1.018000e+03 1.000000e+03
         vertex 1.848048e+03 1.529919e+03 1.000000e+03
      endloop
   endfacet
   facet normal 0.000000e+00 0.000000e+00 1.000000e+00
      outer loop
         vertex 1.848048e+03 1.529919e+03 1.000000e+03
         vertex 1.028254e+03 1.018000e+03 1.000000e+03
         vertex 1.028410e+03 1.017752e+03 1.000000e+03
      endloop
   endfacet
   facet normal 0.000000e+00 0.000000e+00 1.000000e+00
      outer loop
         vertex 1.848048e+03 1.529919e+03 1.000000e+03
         vertex 1.028410e+03 1.017752e+03 1.000000e+03
         vertex 1.852640e+03 1.522499e+03 1.000000e+03
      endloop
   endfacet
   facet normal 0.000000e+00 0.000000e+00 1.000000e+00
      outer loop
         vertex 1.852640e+03 1.522499e+03 1.000000e+03
         vertex 1.028410e+03 1.017752e+03 1.000000e+03
         vertex 1.028563e+03 1.017504e+03 1.000000e+03
      endloop
   endfacet
   facet normal 0.000000e+00 0.000000e+00 1.000000e+00
      outer loop
         vertex 1.852640e+03 1.522499e+03 1.000000e+03
         vertex 1.028563e+03 1.017504e+03 1.000000e+03
         vertex 1.857167e+03 1.515038e+03 1.000000e+03
      endloop
   endfacet
   facet normal 0.000000e+00 0.000000e+00 1.000000e+00
      outer loop
         vertex 1.857167e+03 1.515038e+03 1.000000e+03
         vertex 1.028563e+03 1.017504e+03 1.000000e+03
         vertex 1.028715e+03 1.017254e+03 1.000000e+03
      endloop
   endfacet
   facet normal 0.000000e+00 0.000000e+00 1.000000e+00
      outer loop
         vertex 1.857167e+03 1.515038e+03 1.000000e+03
         vertex 1.028715e+03 1.017254e+03 1.000000e+03
         vertex 1.861629e+03 1.507538e+03 1.000000e+03
      endloop
   endfacet
   facet normal 0.000000e+00 0.000000e+00 1.000000e+00
      outer loop
         vertex 1.861629e+03 1.507538e+03 1.000000e+03
         vertex 1.028715e+03 1.017254e+03 1.000000e+03
         vertex 1.028865e+03 1.017003e+03 1.000000e+03
      endloop
   endfacet
   facet normal 0.000000e+00 0.000000e+00 1.000000e+00
      outer loop
         vertex 1.861629e+03 1.507538e+03 1.000000e+03
         vertex 1.028865e+03 1.017003e+03 1.000000e+03
         vertex 1.866025e+03 1.500000e+03 1.000000e+03
      endloop
   endfacet
   facet normal 0.000000e+00 0.000000e+00 1.000000e+00
      outer loop
         vertex 1.866025e+03 1.500000e+03 1.000000e+03
         vertex 1.028865e+03 1.017003e+03 1.000000e+03
         vertex 1.029012e+03 1.016750e+03 1.000000e+03
      endloop
   endfacet
   facet normal 0.000000e+00 0.000000e+00 1.000000e+00
      outer loop
         vertex 1.866025e+03 1.500000e+03 1.000000e+03
         vertex 1.029012e+03 1.016750e+03 1.000000e+03
         vertex 1.870356e+03 1.492424e+03 1.000000e+03
      endloop
   endfacet
   facet normal 0.000000e+00 0.000000e+00 1.000000e+00
      outer loop
         vertex 1.870356e+03 1.492424e+03 1.000000e+03
         vertex 1.029012e+03 1.016750e+03 1.000000e+03
         vertex 1.029157e+03 1.016496e+03 1.000000e+03
      endloop
   endfacet
   facet normal 0.000000e+00 0.000000e+00 1.000000e+00
      outer loop
         vertex 1.870356e+03 1.492424e+03 1.000000e+03
         vertex 1.029157e+03 1.016496e+03 1.000000e+03
         vertex 1.874620e+03 1.484810e+03 1.000000e+03
      endloop
   endfacet
   facet normal 0.000000e+00 0.000000e+00 1.000000e+00
      outer loop
         vertex 1.874620e+03 1.484810e+03 1.000000e+03
         vertex 1.029157e+03 1.016496e+03 1.000000e+03
         vertex 1.029300e+03 1.016241e+03 1.000000e+03
      endloop
   endfacet
   facet normal 0.000000e+00 0.000000e+00 1.000000e+00
      outer loop
         vertex 1.874620e+03 1.484810e+03 1.000000e+03
         vertex 1.029300e+03 1.016241e+03 1.000000e+03
         vertex 1.878817e+03 1.477159e+03 1.000000e+03
      endloop
   endfacet
   facet normal 0.000000e+00 0.000000e+00 1.000000e+00
      outer loop
         vertex 1.878817e+03 1.477159e+03 1.000000e+03
         vertex 1.029300e+03 1.016241e+03 1.000000e+03
         vertex 1.029440e+03 1.015985e+03 1.000000e+03
      endloop
   endfacet
   facet normal 0.000000e+00 0.000000e+00 1.000000e+00
      outer loop
         vertex 1.878817e+03 1.477159e+03 1.000000e+03
         vertex 1.029440e+03 1.015985e+03 1.000000e+03
         vertex 1.882948e+03 1.469472e+03 1.000000e+03
      endloop
   endfacet
   facet normal 0.000000e+00 0.000000e+00 1.000000e+00
      outer loop
         vertex 1.882948e+03 1.469472e+03 1.000000e+03
         vertex 1.029440e+03 1.015985e+03 1.000000e+03
         vertex 1.029579e+03 1.015727e+03 1.000000e+03
      endloop
   endfacet
   facet normal 0.000000e+00 0.000000e+00 1.000000e+00
      outer loop
         vertex 1.882948e+03 1.469472e+03 1.000000e+03
         vertex 1.029579e+03 1.015727e+03 1.000000e+03
         vertex 1.887011e+03 1.461749e+03 1.000000e+03
      endloop
   endfacet
   facet normal 0.000000e+00 0.000000e+00 1.000000e+00
      outer loop
         vertex 1.887011e+03 1.461749e+03 1.000000e+03
         vertex 1.029579e+03 1.015727e+03 1.000000e+03
         vertex 1.029715e+03 1.015469e+03 1.000000e+03
      endloop
   endfacet
   facet normal 0.000000e+00 0.000000e+00 1.000000e+00
      outer loop
         vertex 1.887011e+03 1.461749e+03 1.000000e+03
         vertex 1.029715e+03 1.015469e+03 1.000000e+03
         vertex 1.891007e+03 1.453990e+03 1.000000e+03
      endloop
   endfacet
   facet normal 0.000000e+00 0.000000e+00 1.000000e+00
      outer loop
         vertex 1.891007e+03 1.453990e+03 1.000000e+03
         vertex 1.029715e+03 1.015469e+03 1.000000e+03
         vertex 1.029849e+03 1.015209e+03 1.000000e+03
      endloop
   endfacet
   facet normal 0.000000e+00 0.000000e+00 1.000000e+00
      outer loop
         vertex 1.891007e+03 1.453990e+03 1.000000e+03
         vertex 1.029849e+03 1.015209e+03 1.000000e+03
         vertex 1.894934e+03 1.446198e+03 1.000000e+03
      endloop
   endfacet
   facet normal 0.000000e+00 0.000000e+00 1.000000e+00
      outer loop
         vertex 1.894934e+03 1.446198e+03 1.000000e+03
         vertex 1.029849e+03 1.015209e+03 1.000000e+03
         vertex 1.029980e+03 1.014948e+03 1.000000e+03
      endloop
   endfacet
   facet normal 0.000000e+00 0.000000e+00 1.000000e+00
      outer loop
         vertex 1.894934e+03 1.446198e+03 1.000000e+03
         vertex 1.029980e+03 1.014948e+03 1.000000e+03
         vertex 1.898794e+03 1.438371e+03 1.000000e+03
      endloop
   endfacet
   facet normal 0.000000e+00 0.000000e+00 1.000000e+00
      outer loop
         vertex 1.898794e+03 1.438371e+03 1.000000e+03
         vertex 1.029980e+03 1.014948e+03 1.000000e+03
         vertex 1.030110e+03 1.014685e+03 1.000000e+03
      endloop
   endfacet
   facet normal 0.000000e+00 0.000000e+00 1.000000e+00
      outer loop
         vertex 1.898794e+03 1.438371e+03 1.000000e+03
         vertex 1.030110e+03 1.014685e+03 1.000000e+03
         vertex 1.902585e+03 1.430511e+03 1.000000e+03
      endloop
   endfacet
   facet normal 0.000000e+00 0.000000e+00 1.000000e+00
      outer loop
         vertex 1.902585e+03 1.430511e+03 1.000000e+03
         vertex 1.030110e+03 1.014685e+03 1.000000e+03
         vertex 1.030237e+03 1.014422e+03 1.000000e+03
      endloop
   endfacet
   facet normal 0.000000e+00 0.000000e+00 1.000000e+00
      outer loop
         vertex 1.902585e+03 1.430511e+03 1.000000e+03
         vertex 1.030237e+03 1.014422e+03 1.000000e+03
         vertex 1.906308e+03 1.422618e+03 1.000000e+03
      endloop
   endfacet
   facet normal 0.000000e+00 0.000000e+00 1.000000e+00
      outer loop
         vertex 1.906308e+03 1.422618e+03 1.000000e+03
         vertex 1.030237e+03 1.014422e+03 1.000000e+03
         vertex 1.030361e+03 1.014158e+03 1.000000e+03
      endloop
   endfacet
   facet normal 0.000000e+00 0.000000e+00 1.000000e+00
      outer loop
         vertex 1.906308e+03 1.422618e+03 1.000000e+03
         vertex 1.030361e+03 1.014158e+03 1.000000e+03
         vertex 1.909961e+03 1.414693e+03 1.000000e+03
      endloop
   endfacet
   facet normal 0.000000e+00 0.000000e+00 1.000000e+00
      outer loop
         vertex 1.909961e+03 1.414693e+03 1.000000e+03
         vertex 1.030361e+03 1.014158e+03 1.000000e+03
         vertex 1.030484e+03 1.013892e+03 1.000000e+03
      endloop
   endfacet
   facet normal 0.000000e+00 0.000000e+00 1.000000e+00
      outer loop
         vertex 1.909961e+03 1.414693e+03 1.000000e+03
         vertex 1.030484e+03 1.013892e+03 1.000000e+03
         vertex 1.913545e+03 1.406737e+03 1.000000e+03
      endloop
   endfacet
   facet normal 0.000000e+00 0.000000e+00 1.000000e+00
      outer loop
         vertex 1.913545e+03 1.406737e+03 1.000000e+03
         vertex 1.030484e+03 1.013892e+03 1.000000e+03
         vertex 1.030604e+03 1.013626e+03 1.000000e+03
      endloop
   endfacet
   facet normal 0.000000e+00 0.000000e+00 1.000000e+00
      outer loop
         vertex 1.913545e+03 1.406737e+03 1.000000e+03
         vertex 1.030604e+03 1.013626e+03 1.000000e+03
         vertex 1.917060e+03 1.398749e+03 1.000000e+03
      endloop
   endfacet
   facet normal 0.000000e+00 0.000000e+00 1.000000e+00
      outer loop
         vertex 1.917060e+03 1.398749e+03 1.000000e+03
         vertex 1.030604e+03 1.013626e+03 1.000000e+03
         vertex 1.030722e+03 1.013358e+03 1.000000e+03
      endloop
   endfacet
   facet normal 0.000000e+00 0.000000e+00 1.000000e+00
      outer loop
         vertex 1.917060e+03 1.398749e+03 1.000000e+03
         vertex 1.030722e+03 1.013358e+03 1.000000e+03
         vertex 1.920505e+03 1.390731e+03 1.000000e+03
      endloop
   endfacet
   facet normal 0.000000e+00 0.000000e+00 1.000000e+00
      outer loop
         vertex 1.920505e+03 1.390731e+03 1.000000e+03
         vertex 1.030722e+03 1.013358e+03 1.000000e+03
         vertex 1.030837e+03 1.013089e+03 1.000000e+03
      endloop
   endfacet
   facet normal 0.000000e+00 0.000000e+00 1.000000e+00
      outer loop
         vertex 1.920505e+03 1.390731e+03 1.000000e+03
         vertex 1.030837e+03 1.013089e+03 1.000000e+03
         vertex 1.923880e+03 1.382683e+03 1.000000e+03
      endloop
   endfacet
   facet normal 0.000000e+00 0.000000e+00 1.000000e+00
      outer loop
         vertex 1.923880e+03 1.382683e+03 1.000000e+03
         vertex 1.030837e+03 1.013089e+03 1.000000e+03
         vertex 1.030950e+03 1.012820e+03 1.000000e+03
      endloop
   endfacet
   facet normal 0.000000e+00 0.000000e+00 1.000000e+00
      outer loop
         vertex 1.923880e+03 1.382683e+03 1.000000e+03
         vertex 1.030950e+03 1.012820e+03 1.000000e+03
         vertex 1.927184e+03 1.374607e+03 1.000000e+03
      endloop
   endfacet
   facet normal 0.000000e+00 0.000000e+00 1.000000e+00
      outer loop
         vertex 1.927184e+03 1.374607e+03 1.000000e+03
         vertex 1.030950e+03 1.012820e+03 1.000000e+03
         vertex 1.031061e+03 1.012549e+03 1.000000e+03
      endloop
   endfacet
   facet normal 0.000000e+00 0.000000e+00 1.000000e+00
      outer loop
         vertex 1.927184e+03 1.374607e+03 1.000000e+03
         vertex 1.031061e+03 1.012549e+03 1.000000e+03
         vertex 1.930418e+03 1.366501e+03 1.000000e+03
      endloop
   endfacet
   facet normal 0.000000e+00 0.000000e+00 1.000000e+00
      outer loop
         vertex 1.930418e+03 1.366501e+03 1.000000e+03
         vertex 1.031061e+03 1.012549e+03 1.000000e+03
         vertex 1.031169e+03 1.012278e+03 1.000000e+03
      endloop
   endfacet
   facet normal 0.000000e+00 0.000000e+00 1.000000e+00
      outer loop
         vertex 1.930418e+03 1.366501e+03 1.000000e+03
         vertex 1.031169e+03 1.012278e+03 1.000000e+03
         vertex 1.933580e+03 1.358368e+03 1.000000e+03
      endloop
   endfacet
   facet normal 0.000000e+00 0.000000e+00 1.000000e+00
      outer loop
         vertex 1.933580e+03 1.358368e+03 1.000000e+03
         vertex 1.031169e+03 1.012278e+03 1.000000e+03
         vertex 1.031275e+03 1.012005e+03 1.000000e+03
      endloop
   endfacet
   facet normal 0.000000e+00 0.000000e+00 1.000000e+00
      outer loop
         vertex 1.933580e+03 1.358368e+03 1.000000e+03
         vertex 1.031275e+03 1.012005e+03 1.000000e+03
         vertex 1.936672e+03 1.350207e+03 1.000000e+03
      endloop
   endfacet
   facet normal 0.000000e+00 0.000000e+00 1.000000e+00
      outer loop
         vertex 1.936672e+03 1.350207e+03 1.000000e+03
         vertex 1.031275e+03 1.012005e+03 1.000000e+03
         vertex 1.031379e+03 1.011732e+03 1.000000e+03
      endloop
   endfacet
   facet normal 0.000000e+00 0.000000e+00 1.000000e+00
      outer loop
         vertex 1.936672e+03 1.350207e+03 1.000000e+03
         vertex 1.031379e+03 1.011732e+03 1.000000e+03
         vertex 1.939693e+03 1.342020e+03 1.000000e+03
      endloop
   endfacet
   facet normal 0.000000e+00 0.000000e+00 1.000000e+00
      outer loop
         vertex 1.939693e+03 1.342020e+03 1.000000e+03
         vertex 1.031379e+03 1.011732e+03 1.000000e+03
         vertex 1.031480e+03 1.011458e+03 1.000000e+03
      endloop
   endfacet
   facet normal 0.000000e+00 0.000000e+00 1.000000e+00
      outer loop
         vertex 1.939693e+03 1.342020e+03 1.000000e+03
         vertex 1.031480e+03 1.011458e+03 1.000000e+03
         vertex 1.942641e+03 1.333807e+03 1.000000e+03
      endloop
   endfacet
   facet normal 0.000000e+00 0.000000e+00 1.000000e+00
      outer loop
         vertex 1.942641e+03 1.333807e+03 1.000000e+03
         vertex 1.031480e+03 1.011458e+03 1.000000e+03
         vertex 1.031578e+03 1.011183e+03 1.000000e+03
      endloop
   endfacet
   facet normal 0.000000e+00 0.000000e+00 1.000000e+00
      outer loop
         vertex 1.942641e+03 1.333807e+03 1.000000e+03
         vertex 1.031578e+03 1.011183e+03 1.000000e+03
         vertex 1.945519e+03 1.325568e+03 1.000000e+03
      endloop
   endfacet
   facet normal 0.000000e+00 0.000000e+00 1.000000e+00
      outer loop
         vertex 1.945519e+03 1.325568e+03 1.000000e+03
         vertex 1.031578e+03 1.011183e+03 1.000000e+03
         vertex 1.031675e+03 1.010907e+03 1.000000e+03
      endloop
   endfacet
   facet normal 0.000000e+00 0.000000e+00 1.000000e+00
      outer loop
         vertex 1.945519e+03 1.325568e+03 1.000000e+03
         vertex 1.031675e+03 1.010907e+03 1.000000e+03
         vertex 1.948324e+03 1.317305e+03 1.000000e+03
      endloop
   endfacet
   facet normal 0.000000e+00 0.000000e+00 1.000000e+00
      outer loop
         vertex 1.948324e+03 1.317305e+03 1.000000e+03
         vertex 1.031675e+03 1.010907e+03 1.000000e+03
         vertex 1.031769e+03 1.010630e+03 1.000000e+03
      endloop
   endfacet
   facet normal 0.000000e+00 0.000000e+00 1.000000e+00
      outer loop
         vertex 1.948324e+03 1.317305e+03 1.000000e+03
         vertex 1.031769e+03 1.010630e+03 1.000000e+03
         vertex 1.951057e+03 1.309017e+03 1.000000e+03
      endloop
   endfacet
   facet normal 0.000000e+00 0.000000e+00 1.000000e+00
      outer loop
         vertex 1.951057e+03 1.309017e+03 1.000000e+03
         vertex 1.031769e+03 1.010630e+03 1.000000e+03
         vertex 1.031860e+03 1.010352e+03 1.000000e+03
      endloop
   endfacet
   facet normal 0.000000e+00 0.000000e+00 1.000000e+00
      outer loop
         vertex 1.951057e+03 1.309017e+03 1.000000e+03
         vertex 1.031860e+03 1.010352e+03 1.000000e+03
         vertex 1.953717e+03 1.300706e+03 1.000000e+03
      endloop
   endfacet
   facet normal 0.000000e+00 0.000000e+00 1.000000e+00
      outer loop
         vertex 1.953717e+03 1.300706e+03 1.000000e+03
         vertex 1.031860e+03 1.010352e+03 1.000000e+03
         vertex 1.031950e+03 1.010074e+03 1.000000e+03
      endloop
   endfacet
   facet normal 0.000000e+00 0.000000e+00 1.000000e+00
      outer loop
         vertex 1.953717e+03 1.300706e+03 1.000000e+03
         vertex 1.031950e+03 1.010074e+03 1.000000e+03
         vertex 1.956305e+03 1.292372e+03 1.000000e+03
      endloop
   endfacet
   facet normal 0.000000e+00 0.000000e+00 1.000000e+00
      outer loop
         vertex 1.956305e+03 1.292372e+03 1.000000e+03
         vertex 1.031950e+03 1.010074e+03 1.000000e+03
         vertex 1.032036e+03 1.009794e+03 1.000000e+03
      endloop
   endfacet
   facet normal 0.000000e+00 0.000000e+00 1.000000e+00
      outer loop
         vertex 1.956305e+03 1.292372e+03 1.000000e+03
         vertex 1.032036e+03 1.009794e+03 1.000000e+03
         vertex 1.958820e+03 1.284015e+03 1.000000e+03
      endloop
   endfacet
   facet normal 0.000000e+00 0.000000e+00 1.000000e+00
      outer loop
         vertex 1.958820e+03 1.284015e+03 1.000000e+03
         vertex 1.032036e+03 1.009794e+03 1.000000e+03
         vertex 1.032120e+03 1.009515e+03 1.000000e+03
      endloop
   endfacet
   facet normal 0.000000e+00 0.000000e+00 1.000000e+00
      outer loop
         vertex 1.958820e+03 1.284015e+03 1.000000e+03
         vertex 1.032120e+03 1.009515e+03 1.000000e+03
         vertex 1.961262e+03 1.275637e+03 1.000000e+03
      endloop
   endfacet
   facet normal 0.000000e+00 0.000000e+00 1.000000e+00
      outer loop
         vertex 1.961262e+03 1.275637e+03 1.000000e+03
         vertex 1.032120e+03 1.009515e+03 1.000000e+03
         vertex 1.032202e+03 1.009234e+03 1.000000e+03
      endloop
   endfacet
   facet normal 0.000000e+00 0.000000e+00 1.000000e+00
      outer loop
         vertex 1.961262e+03 1.275637e+03 1.000000e+03
         vertex 1.032202e+03 1.009234e+03 1.000000e+03
         vertex 1.963630e+03 1.267238e+03 1.000000e+03
      endloop
   endfacet
   facet normal 0.000000e+00 0.000000e+00 1.000000e+00
      outer loop
         vertex 1.963630e+03 1.267238e+03 1.000000e+03
         vertex 1.032202e+03 1.009234e+03 1.000000e+03
         vertex 1.032282e+03 1.008952e+03 1.000000e+03
      endloop
   endfacet
   facet normal 0.000000e+00 0.000000e+00 1.000000e+00
      outer loop
         vertex 1.963630e+03 1.267238e+03 1.000000e+03
         vertex 1.032282e+03 1.008952e+03 1.000000e+03
         vertex 1.965926e+03 1.258819e+03 1.000000e+03
      endloop
   endfacet
   facet normal 0.000000e+00 0.000000e+00 1.000000e+00
      outer loop
         vertex 1.965926e+03 1.258819e+03 1.000000e+03
         vertex 1.032282e+03 1.008952e+03 1.000000e+03
         vertex 1.032359e+03 1.008670e+03 1.000000e+03
      endloop
   endfacet
   facet normal 0.000000e+00 0.000000e+00 1.000000e+00
      outer loop
         vertex 1.965926e+03 1.258819e+03 1.000000e+03
         vertex 1.032359e+03 1.008670e+03 1.000000e+03
         vertex 1.968148e+03 1.250380e+03 1.000000e+03
      endloop
   endfacet
   facet normal 0.000000e+00 0.000000e+00 1.000000e+00
      outer loop
         vertex 1.968148e+03 1.250380e+03 1.000000e+03
         vertex 1.032359e+03 1.008670e+03 1.000000e+03
         vertex 1.032433e+03 1.008388e+03 1.000000e+03
      endloop
   endfacet
   facet normal 0.000000e+00 0.000000e+00 1.000000e+00
      outer loop
         vertex 1.968148e+03 1.250380e+03 1.000000e+03
         vertex 1.032433e+03 1.008388e+03 1.000000e+03
         vertex 1.970296e+03 1.241922e+03 1.000000e+03
      endloop
   endfacet
   facet normal 0.000000e+00 0.000000e+00 1.000000e+00
      outer loop
         vertex 1.970296e+03 1.241922e+03 1.000000e+03
         vertex 1.032433e+03 1.008388e+03 1.000000e+03
         vertex 1.032505e+03 1.008104e+03 1.000000e+03
      endloop
   endfacet
   facet normal 0.000000e+00 0.000000e+00 1.000000e+00
      outer loop
         vertex 1.970296e+03 1.241922e+03 1.000000e+03
         vertex 1.032505e+03 1.008104e+03 1.000000e+03
         vertex 1.972370e+03 1.233445e+03 1.000000e+03
      endloop
   endfacet
   facet normal 0.000000e+00 0.000000e+00 1.000000e+00
      outer loop
         vertex 1.972370e+03 1.233445e+03 1.000000e+03
         vertex 1.032505e+03 1.008104e+03 1.000000e+03
         vertex 1.032574e+03 1.007820e+03 1.000000e+03
      endloop
   endfacet
   facet normal 0.000000e+00 0.000000e+00 1.000000e+00
      outer loop
         vertex 1.972370e+03 1.233445e+03 1.000000e+03
         vertex 1.032574e+03 1.007820e+03 1.000000e+03
         vertex 1.974370e+03 1.224951e+03 1.000000e+03
      endloop
   endfacet
   facet normal 0.000000e+00 0.000000e+00 1.000000e+00
      outer loop
         vertex 1.974370e+03 1.224951e+03 1.000000e+03
         vertex 1.032574e+03 1.007820e+03 1.000000e+03
         vertex 1.032641e+03 1.007536e+03 1.000000e+03
      endloop
   endfacet
   facet normal 0.000000e+00 0.000000e+00 1.000000e+00
      outer loop
         vertex 1.974370e+03 1.224951e+03 1.000000e+03
         vertex 1.032641e+03 1.007536e+03 1.000000e+03
         vertex 1.976296e+03 1.216440e+03 1.000000e+03
      endloop
   endfacet
   facet normal 0.000000e+00 0.000000e+00 1.000000e+00
      outer loop
         vertex 1.976296e+03 1.216440e+03 1.000000e+03
         vertex 1.032641e+03 1.007536e+03 1.000000e+03
         vertex 1.032706e+03 1.007251e+03 1.000000e+03
      endloop
   endfacet
   facet normal 0.000000e+00 0.000000e+00 1.000000e+00
      outer loop
         vertex 1.976296e+03 1.216440e+03 1.000000e+03
         vertex 1.032706e+03 1.007251e+03 1.000000e+03
         vertex 1.978148e+03 1.207912e+03 1.000000e+03
      endloop
   endfacet
   facet normal 0.000000e+00 0.000000e+00 1.000000e+00
      outer loop
         vertex 1.978148e+03 1.207912e+03 1.000000e+03
         vertex 1.032706e+03 1.007251e+03 1.000000e+03
         vertex 1.032768e+03 1.006965e+03 1.000000e+03
      endloop
   endfacet
   facet normal 0.000000e+00 0.000000e+00 1.000000e+00
      outer loop
         vertex 1.978148e+03 1.207912e+03 1.000000e+03
         vertex 1.032768e+03 1.006965e+03 1.000000e+03
         vertex 1.979925e+03 1.199368e+03 1.000000e+03
      endloop
   endfacet
   facet normal 0.000000e+00 0.000000e+00 1.000000e+00
      outer loop
         vertex 1.979925e+03 1.199368e+03 1.000000e+03
         vertex 1.032768e+03 1.006965e+03 1.000000e+03
         vertex 1.032827e+03 1.006679e+03 1.000000e+03
      endloop
   endfacet
   facet normal 0.000000e+00 0.000000e+00 1.000000e+00
      outer loop
         vertex 1.979925e+03 1.199368e+03 1.000000e+03
         vertex 1.032827e+03 1.006679e+03 1.000000e+03
         vertex 1.981627e+03 1.190809e+03 1.000000e+03
      endloop
   endfacet
   facet normal 0.000000e+00 0.000000e+00 1.000000e+00
      outer loop
         vertex 1.981627e+03 1.190809e+03 1.000000e+03
         vertex 1.032827e+03 1.006679e+03 1.000000e+03
         vertex 1.032885e+03 1.006392e+03 1.000000e+03
      endloop
   endfacet
   facet normal 0.000000e+00 0.000000e+00 1.000000e+00
      outer loop
         vertex 1.981627e+03 1.190809e+03 1.000000e+03
         vertex 1.032885e+03 1.006392e+03 1.000000e+03
         vertex 1.983255e+03 1.182236e+03 1.000000e+03
      endloop
   endfacet
   facet normal 0.000000e+00 0.000000e+00 1.000000e+00
      outer loop
         vertex 1.983255e+03 1.182236e+03 1.000000e+03
         vertex 1.032885e+03 1.006392e+03 1.000000e+03
         vertex 1.032939e+03 1.006105e+03 1.000000e+03
      endloop
   endfacet
   facet normal 0.000000e+00 0.000000e+00 1.000000e+00
      outer loop
         vertex 1.983255e+03 1.182236e+03 1.000000e+03
         vertex 1.032939e+03 1.006105e+03 1.000000e+03
         vertex 1.984808e+03 1.173648e+03 1.000000e+03
      endloop
   endfacet
   facet normal 0.000000e+00 0.000000e+00 1.000000e+00
      outer loop
         vertex 1.984808e+03 1.173648e+03 1.000000e+03
         vertex 1.032939e+03 1.006105e+03 1.000000e+03
         vertex 1.032991e+03 1.005817e+03 1.000000e+03
      endloop
   endfacet
   facet normal -0.000000e+00 0.000000e+00 1.000000e+00
      outer loop
         vertex 2.568552e+02 1.669131e+03 1.000000e+03
         vertex 9.751046e+02 1.022416e+03 1.000000e+03
         vertex 2.627227e+02 1.675590e+03 1.000000e+03
      endloop
   endfacet
   facet normal 0.000000e+00 0.000000e+00 1.000000e+00
      outer loop
         vertex 2.627227e+02 1.675590e+03 1.000000e+03
         vertex 9.751046e+02 1.022416e+03 1.000000e+03
         vertex 9.753012e+02 1.022632e+03 1.000000e+03
      endloop
   endfacet
   facet normal -0.000000e+00 0.000000e+00 1.000000e+00
      outer loop
         vertex 2.627227e+02 1.675590e+03 1.000000e+03
         vertex 9.753012e+02 1.022632e+03 1.000000e+03
         vertex 2.686463e+02 1.681998e+03 1.000000e+03
      endloop
   endfacet
   facet normal 0.000000e+00 0.000000e+00 1.000000e+00
      outer loop
         vertex 2.686463e+02 1.681998e+03 1.000000e+03
         vertex 9.753012e+02 1.022632e+03 1.000000e+03
         vertex 9.754997e+02 1.022847e+03 1.000000e+03
      endloop
   endfacet
   facet normal -0.000000e+00 0.000000e+00 1.000000e+00
      outer loop
         vertex 2.686463e+02 1.681998e+03 1.000000e+03
         vertex 9.754997e+02 1.022847e+03 1.000000e+03
         vertex 2.746256e+02 1.688355e+03 1.000000e+03
      endloop
   endfacet
   facet normal 0.000000e+00 0.000000e+00 1.000000e+00
      outer loop
         vertex 2.746256e+02 1.688355e+03 1.000000e+03
         vertex 9.754997e+02 1.022847e+03 1.000000e+03
         vertex 9.757000e+02 1.023060e+03 1.000000e+03
      endloop
   endfacet
   facet normal -0.000000e+00 0.000000e+00 1.000000e+00
      outer loop
         vertex 2.746256e+02 1.688355e+03 1.000000e+03
         vertex 9.757000e+02 1.023060e+03 1.000000e+03
         vertex 2.806602e+02 1.694658e+03 1.000000e+03
      endloop
   endfacet
   facet normal 0.000000e+00 0.000000e+00 1.000000e+00
      outer loop
         vertex 2.806602e+02 1.694658e+03 1.000000e+03
         vertex 9.757000e+02 1.023060e+03 1.000000e+03
         vertex 9.759021e+02 1.023271e+03 1.000000e+03
      endloop
   endfacet
   facet normal -0.000000e+00 0.000000e+00 1.000000e+00
      outer loop
         vertex 2.806602e+02 1.694658e+03 1.000000e+03
         vertex 9.759021e+02 1.023271e+03 1.000000e+03
         vertex 2.867495e+02 1.700909e+03 1.000000e+03
      endloop
   endfacet
   facet normal 0.000000e+00 0.000000e+00 1.000000e+00
      outer loop
         vertex 2.867495e+02 1.700909e+03 1.000000e+03
         vertex 9.759021e+02 1.023271e+03 1.000000e+03
         vertex 9.761061e+02 1.023480e+03 1.000000e+03
      endloop
   endfacet
   facet normal -0.000000e+00 0.000000e+00 1.000000e+00
      outer loop
         vertex 2.867495e+02 1.700909e+03 1.000000e+03
         vertex 9.761061e+02 1.023480e+03 1.000000e+03
         vertex 2.928932e+02 1.707107e+03 1.000000e+03
      endloop
   endfacet
   facet normal 0.000000e+00 0.000000e+00 1.000000e+00
      outer loop
         vertex 2.928932e+02 1.707107e+03 1.000000e+03
         vertex 9.761061e+02 1.023480e+03 1.000000e+03
         vertex 9.763119e+02 1.023688e+03 1.000000e+03
      endloop
   endfacet
   facet normal -0.000000e+00 0.000000e+00 1.000000e+00
      outer loop
         vertex 2.928932e+02 1.707107e+03 1.000000e+03
         vertex 9.763119e+02 1.023688e+03 1.000000e+03
         vertex 2.990907e+02 1.713250e+03 1.000000e+03
      endloop
   endfacet
   facet normal 0.000000e+00 0.000000e+00 1.000000e+00
      outer loop
         vertex 2.990907e+02 1.713250e+03 1.000000e+03
         vertex 9.763119e+02 1.023688e+03 1.000000e+03
         vertex 9.765195e+02 1.023894e+03 1.000000e+03
      endloop
   endfacet
   facet normal -0.000000e+00 0.000000e+00 1.000000e+00
      outer loop
         vertex 2.990907e+02 1.713250e+03 1.000000e+03
         vertex 9.765195e+02 1.023894e+03 1.000000e+03
         vertex 3.053416e+02 1.719340e+03 1.000000e+03
      endloop
   endfacet
   facet normal 0.000000e+00 0.000000e+00 1.000000e+00
      outer loop
         vertex 3.053416e+02 1.719340e+03 1.000000e+03
         vertex 9.765195e+02 1.023894e+03 1.000000e+03
         vertex 9.767289e+02 1.024098e+03 1.000000e+03
      endloop
   endfacet
   facet normal -0.000000e+00 0.000000e+00 1.000000e+00
      outer loop
         vertex 3.053416e+02 1.719340e+03 1.000000e+03
         vertex 9.767289e+02 1.024098e+03 1.000000e+03
         vertex 3.116454e+02 1.725374e+03 1.000000e+03
      endloop
   endfacet
   facet normal 0.000000e+00 0.000000e+00 1.000000e+00
      outer loop
         vertex 3.116454e+02 1.725374e+03 1.000000e+03
         vertex 9.767289e+02 1.024098e+03 1.000000e+03
         vertex 9.769401e+02 1.024300e+03 1.000000e+03
      endloop
   endfacet
   facet normal -0.000000e+00 0.000000e+00 1.000000e+00
      outer loop
         vertex 3.116454e+02 1.725374e+03 1.000000e+03
         vertex 9.769401e+02 1.024300e+03 1.000000e+03
         vertex 3.180016e+02 1.731354e+03 1.000000e+03
      endloop
   endfacet
   facet normal 0.000000e+00 0.000000e+00 1.000000e+00
      outer loop
         vertex 3.180016e+02 1.731354e+03 1.000000e+03
         vertex 9.769401e+02 1.024300e+03 1.000000e+03
         vertex 9.771531e+02 1.024500e+03 1.000000e+03
      endloop
   endfacet
   facet normal -0.000000e+00 0.000000e+00 1.000000e+00
      outer loop
         vertex 3.180016e+02 1.731354e+03 1.000000e+03
         vertex 9.771531e+02 1.024500e+03 1.000000e+03
         vertex 3.244098e+02 1.737277e+03 1.000000e+03
      endloop
   endfacet
   facet normal 0.000000e+00 0.000000e+00 1.000000e+00
      outer loop
         vertex 3.244098e+02 1.737277e+03 1.000000e+03
         vertex 9.771531e+02 1.024500e+03 1.000000e+03
         vertex 9.773677e+02 1.024699e+03 1.000000e+03
      endloop
   endfacet
   facet normal -0.000000e+00 0.000000e+00 1.000000e+00
      outer loop
         vertex 3.244098e+02 1.737277e+03 1.000000e+03
         vertex 9.773677e+02 1.024699e+03 1.000000e+03
         vertex 3.308694e+02 1.743145e+03 1.000000e+03
      endloop
   endfacet
   facet normal 0.000000e+00 0.000000e+00 1.000000e+00
      outer loop
         vertex 3.308694e+02 1.743145e+03 1.000000e+03
         vertex 9.773677e+02 1.024699e+03 1.000000e+03
         vertex 9.775841e+02 1.024895e+03 1.000000e+03
      endloop
   endfacet
   facet normal -0.000000e+00 0.000000e+00 1.000000e+00
      outer loop
         vertex 3.308694e+02 1.743145e+03 1.000000e+03
         vertex 9.775841e+02 1.024895e+03 1.000000e+03
         vertex 3.373799e+02 1.748956e+03 1.000000e+03
      endloop
   endfacet
   facet normal 0.000000e+00 0.000000e+00 1.000000e+00
      outer loop
         vertex 3.373799e+02 1.748956e+03 1.000000e+03
         vertex 9.775841e+02 1.024895e+03 1.000000e+03
         vertex 9.778022e+02 1.025090e+03 1.000000e+03
      endloop
   endfacet
   facet normal -0.000000e+00 0.000000e+00 1.000000e+00
      outer loop
         vertex 3.373799e+02 1.748956e+03 1.000000e+03
         vertex 9.778022e+02 1.025090e+03 1.000000e+03
         vertex 3.439410e+02 1.754710e+03 1.000000e+03
      endloop
   endfacet
   facet normal 0.000000e+00 0.000000e+00 1.000000e+00
      outer loop
         vertex 3.439410e+02 1.754710e+03 1.000000e+03
         vertex 9.778022e+02 1.025090e+03 1.000000e+03
         vertex 9.780220e+02 1.025283e+03 1.000000e+03
      endloop
   endfacet
   facet normal -0.000000e+00 0.000000e+00 1.000000e+00
      outer loop
         vertex 3.439410e+02 1.754710e+03 1.000000e+03
         vertex 9.780220e+02 1.025283e+03 1.000000e+03
         vertex 3.505520e+02 1.760406e+03 1.000000e+03
      endloop
   endfacet
   facet normal 0.000000e+00 0.000000e+00 1.000000e+00
      outer loop
         vertex 3.505520e+02 1.760406e+03 1.000000e+03
         vertex 9.780220e+02 1.025283e+03 1.000000e+03
         vertex 9.782435e+02 1.025474e+03 1.000000e+03
      endloop
   endfacet
   facet normal -0.000000e+00 0.000000e+00 1.000000e+00
      outer loop
         vertex 3.505520e+02 1.760406e+03 1.000000e+03
         vertex 9.782435e+02 1.025474e+03 1.000000e+03
         vertex 3.572124e+02 1.766044e+03 1.000000e+03
      endloop
   endfacet
   facet normal 0.000000e+00 0.000000e+00 1.000000e+00
      outer loop
         vertex 3.572124e+02 1.766044e+03 1.000000e+03
         vertex 9.782435e+02 1.025474e+03 1.000000e+03
         vertex 9.784666e+02 1.025662e+03 1.000000e+03
      endloop
   endfacet
   facet normal -0.000000e+00 0.000000e+00 1.000000e+00
      outer loop
         vertex 3.572124e+02 1.766044e+03 1.000000e+03
         vertex 9.784666e+02 1.025662e+03 1.000000e+03
         vertex 3.639218e+02 1.771625e+03 1.000000e+03
      endloop
   endfacet
   facet normal 0.000000e+00 0.000000e+00 1.000000e+00
      outer loop
         vertex 3.639218e+02 1.771625e+03 1.000000e+03
         vertex 9.784666e+02 1.025662e+03 1.000000e+03
         vertex 9.786914e+02 1.025849e+03 1.000000e+03
      endloop
   endfacet
   facet normal -0.000000e+00 0.000000e+00 1.000000e+00
      outer loop
         vertex 3.639218e+02 1.771625e+03 1.000000e+03
         vertex 9.786914e+02 1.025849e+03 1.000000e+03
         vertex 3.706796e+02 1.777146e+03 1.000000e+03
      endloop
   endfacet
   facet normal 0.000000e+00 0.000000e+00 1.000000e+00
      outer loop
         vertex 3.706796e+02 1.777146e+03 1.000000e+03
         vertex 9.786914e+02 1.025849e+03 1.000000e+03
         vertex 9.789178e+02 1.026034e+03 1.000000e+03
      endloop
   endfacet
   facet normal -0.000000e+00 0.000000e+00 1.000000e+00
      outer loop
         vertex 3.706796e+02 1.777146e+03 1.000000e+03
         vertex 9.789178e+02 1.026034e+03 1.000000e+03
         vertex 3.774853e+02 1.782608e+03 1.000000e+03
      endloop
   endfacet
   facet normal 0.000000e+00 0.000000e+00 1.000000e+00
      outer loop
         vertex 3.774853e+02 1.782608e+03 1.000000e+03
         vertex 9.789178e+02 1.026034e+03 1.000000e+03
         vertex 9.791458e+02 1.026217e+03 1.000000e+03
      endloop
   endfacet
   facet normal -0.000000e+00 0.000000e+00 1.000000e+00
      outer loop
         vertex 3.774853e+02 1.782608e+03 1.000000e+03
         vertex 9.791458e+02 1.026217e+03 1.000000e+03
         vertex 3.843385e+02 1.788011e+03 1.000000e+03
      endloop
   endfacet
   facet normal 0.000000e+00 0.000000e+00 1.000000e+00
      outer loop
         vertex 3.843385e+02 1.788011e+03 1.000000e+03
         vertex 9.791458e+02 1.026217e+03 1.000000e+03
         vertex 9.793753e+02 1.026398e+03 1.000000e+03
      endloop
   endfacet
   facet normal -0.000000e+00 0.000000e+00 1.000000e+00
      outer loop
         vertex 3.843385e+02 1.788011e+03 1.000000e+03
         vertex 9.793753e+02 1.026398e+03 1.000000e+03
         vertex 3.912386e+02 1.793353e+03 1.000000e+03
      endloop
   endfacet
   facet normal 0.000000e+00 0.000000e+00 1.000000e+00
      outer loop
         vertex 3.912386e+02 1.793353e+03 1.000000e+03
         vertex 9.793753e+02 1.026398e+03 1.000000e+03
         vertex 9.796065e+02 1.026577e+03 1.000000e+03
      endloop
   endfacet
   facet normal -0.000000e+00 0.000000e+00 1.000000e+00
      outer loop
         vertex 3.912386e+02 1.793353e+03 1.000000e+03
         vertex 9.796065e+02 1.026577e+03 1.000000e+03
         vertex 3.981850e+02 1.798635e+03 1.000000e+03
      endloop
   endfacet
   facet normal 0.000000e+00 0.000000e+00 1.000000e+00
      outer loop
         vertex 3.981850e+02 1.798635e+03 1.000000e+03
         vertex 9.796065e+02 1.026577e+03 1.000000e+03
         vertex 9.798392e+02 1.026754e+03 1.000000e+03
      endloop
   endfacet
   facet normal -0.000000e+00 0.000000e+00 1.000000e+00
      outer loop
         vertex 3.981850e+02 1.798635e+03 1.000000e+03
         vertex 9.798392e+02 1.026754e+03 1.000000e+03
         vertex 4.051772e+02 1.803857e+03 1.000000e+03
      endloop
   endfacet
   facet normal 0.000000e+00 0.000000e+00 1.000000e+00
      outer loop
         vertex 4.051772e+02 1.803857e+03 1.000000e+03
         vertex 9.798392e+02 1.026754e+03 1.000000e+03
         vertex 9.800734e+02 1.026929e+03 1.000000e+03
      endloop
   endfacet
   facet normal -0.000000e+00 0.000000e+00 1.000000e+00
      outer loop
         vertex 4.051772e+02 1.803857e+03 1.000000e+03
         vertex 9.800734e+02 1.026929e+03 1.000000e+03
         vertex 4.122148e+02 1.809017e+03 1.000000e+03
      endloop
   endfacet
   facet normal 0.000000e+00 0.000000e+00 1.000000e+00
      outer loop
         vertex 4.122148e+02 1.809017e+03 1.000000e+03
         vertex 9.800734e+02 1.026929e+03 1.000000e+03
         vertex 9.803092e+02 1.027102e+03 1.000000e+03
      endloop
   endfacet
   facet normal -0.000000e+00 0.000000e+00 1.000000e+00
      outer loop
         vertex 4.122148e+02 1.809017e+03 1.000000e+03
         vertex 9.803092e+02 1.027102e+03 1.000000e+03
         vertex 4.192970e+02 1.814116e+03 1.000000e+03
      endloop
   endfacet
   facet normal 0.000000e+00 0.000000e+00 1.000000e+00
      outer loop
         vertex 4.192970e+02 1.814116e+03 1.000000e+03
         vertex 9.803092e+02 1.027102e+03 1.000000e+03
         vertex 9.805465e+02 1.027273e+03 1.000000e+03
      endloop
   endfacet
   facet normal -0.000000e+00 0.000000e+00 1.000000e+00
      outer loop
         vertex 4.192970e+02 1.814116e+03 1.000000e+03
         vertex 9.805465e+02 1.027273e+03 1.000000e+03
         vertex 4.264235e+02 1.819152e+03 1.000000e+03
      endloop
   endfacet
   facet normal 0.000000e+00 0.000000e+00 1.000000e+00
      outer loop
         vertex 4.264235e+02 1.819152e+03 1.000000e+03
         vertex 9.805465e+02 1.027273e+03 1.000000e+03
         vertex 9.807852e+02 1.027442e+03 1.000000e+03
      endloop
   endfacet
   facet normal -0.000000e+00 0.000000e+00 1.000000e+00
      outer loop
         vertex 4.264235e+02 1.819152e+03 1.000000e+03
         vertex 9.807852e+02 1.027442e+03 1.000000e+03
         vertex 4.335938e+02 1.824126e+03 1.000000e+03
      endloop
   endfacet
   facet normal 0.000000e+00 0.000000e+00 1.000000e+00
      outer loop
         vertex 4.335938e+02 1.824126e+03 1.000000e+03
         vertex 9.807852e+02 1.027442e+03 1.000000e+03
         vertex 9.810254e+02 1.027608e+03 1.000000e+03
      endloop
   endfacet
   facet normal -0.000000e+00 0.000000e+00 1.000000e+00
      outer loop
         vertex 4.335938e+02 1.824126e+03 1.000000e+03
         vertex 9.810254e+02 1.027608e+03 1.000000e+03
         vertex 4.408071e+02 1.829038e+03 1.000000e+03
      endloop
   endfacet
   facet normal 0.000000e+00 0.000000e+00 1.000000e+00
      outer loop
         vertex 4.408071e+02 1.829038e+03 1.000000e+03
         vertex 9.810254e+02 1.027608e+03 1.000000e+03
         vertex 9.812670e+02 1.027773e+03 1.000000e+03
      endloop
   endfacet
   facet normal -0.000000e+00 0.000000e+00 1.000000e+00
      outer loop
         vertex 4.408071e+02 1.829038e+03 1.000000e+03
         vertex 9.812670e+02 1.027773e+03 1.000000e+03
         vertex 4.480630e+02 1.833886e+03 1.000000e+03
      endloop
   endfacet
   facet normal 0.000000e+00 0.000000e+00 1.000000e+00
      outer loop
         vertex 4.480630e+02 1.833886e+03 1.000000e+03
         vertex 9.812670e+02 1.027773e+03 1.000000e+03
         vertex 9.815101e+02 1.027935e+03 1.000000e+03
      endloop
   endfacet
   facet normal -0.000000e+00 0.000000e+00 1.000000e+00
      outer loop
         vertex 4.480630e+02 1.833886e+03 1.000000e+03
         vertex 9.815101e+02 1.027935e+03 1.000000e+03
         vertex 4.553609e+02 1.838671e+03 1.000000e+03
      endloop
   endfacet
   facet normal 0.000000e+00 0.000000e+00 1.000000e+00
      outer loop
         vertex 4.553609e+02 1.838671e+03 1.000000e+03
         vertex 9.815101e+02 1.027935e+03 1.000000e+03
         vertex 9.817546e+02 1.028095e+03 1.000000e+03
      endloop
   endfacet
   facet normal -0.000000e+00 0.000000e+00 1.000000e+00
      outer loop
         vertex 4.553609e+02 1.838671e+03 1.000000e+03
         vertex 9.817546e+02 1.028095e+03 1.000000e+03
         vertex 4.627004e+02 1.843391e+03 1.000000e+03
      endloop
   endfacet
   facet normal 0.000000e+00 0.000000e+00 1.000000e+00
      outer loop
         vertex 4.627004e+02 1.843391e+03 1.000000e+03
         vertex 9.817546e+02 1.028095e+03 1.000000e+03
         vertex 9.820005e+02 1.028254e+03 1.000000e+03
      endloop
   endfacet
   facet normal -0.000000e+00 0.000000e+00 1.000000e+00
      outer loop
         vertex 4.627004e+02 1.843391e+03 1.000000e+03
         vertex 9.820005e+02 1.028254e+03 1.000000e+03
         vertex 4.700807e+02 1.848048e+03 1.000000e+03
      endloop
   endfacet
   facet normal 0.000000e+00 0.000000e+00 1.000000e+00
      outer loop
         vertex 4.700807e+02 1.848048e+03 1.000000e+03
         vertex 9.820005e+02 1.028254e+03 1.000000e+03
         vertex 9.822477e+02 1.028410e+03 1.000000e+03
      endloop
   endfacet
   facet normal -0.000000e+00 0.000000e+00 1.000000e+00
      outer loop
         vertex 4.700807e+02 1.848048e+03 1.000000e+03
         vertex 9.822477e+02 1.028410e+03 1.000000e+03
         vertex 4.775015e+02 1.852640e+03 1.000000e+03
      endloop
   endfacet
   facet normal 0.000000e+00 0.000000e+00 1.000000e+00
      outer loop
         vertex 4.775015e+02 1.852640e+03 1.000000e+03
         vertex 9.822477e+02 1.028410e+03 1.000000e+03
         vertex 9.824963e+02 1.028563e+03 1.000000e+03
      endloop
   endfacet
   facet normal -0.000000e+00 0.000000e+00 1.000000e+00
      outer loop
         vertex 4.775015e+02 1.852640e+03 1.000000e+03
         vertex 9.824963e+02 1.028563e+03 1.000000e+03
         vertex 4.849619e+02 1.857167e+03 1.000000e+03
      endloop
   endfacet
   facet normal 0.000000e+00 0.000000e+00 1.000000e+00
      outer loop
         vertex 4.849619e+02 1.857167e+03 1.000000e+03
         vertex 9.824963e+02 1.028563e+03 1.000000e+03
         vertex 9.827462e+02 1.028715e+03 1.000000e+03
      endloop
   endfacet
   facet normal -0.000000e+00 0.000000e+00 1.000000e+00
      outer loop
         vertex 4.849619e+02 1.857167e+03 1.000000e+03
         vertex 9.827462e+02 1.028715e+03 1.000000e+03
         vertex 4.924616e+02 1.861629e+03 1.000000e+03
      endloop
   endfacet
   facet normal 0.000000e+00 0.000000e+00 1.000000e+00
      outer loop
         vertex 4.924616e+02 1.861629e+03 1.000000e+03
         vertex 9.827462e+02 1.028715e+03 1.000000e+03
         vertex 9.829975e+02 1.028865e+03 1.000000e+03
      endloop
   endfacet
   facet normal -0.000000e+00 0.000000e+00 1.000000e+00
      outer loop
         vertex 4.924616e+02 1.861629e+03 1.000000e+03
         vertex 9.829975e+02 1.028865e+03 1.000000e+03
         vertex 5.000000e+02 1.866025e+03 1.000000e+03
      endloop
   endfacet
   facet normal 0.000000e+00 0.000000e+00 1.000000e+00
      outer loop
         vertex 5.000000e+02 1.866025e+03 1.000000e+03
         vertex 9.829975e+02 1.028865e+03 1.000000e+03
         vertex 9.832500e+02 1.029012e+03 1.000000e+03
      endloop
   endfacet
   facet normal -0.000000e+00 0.000000e+00 1.000000e+00
      outer loop
         vertex 5.000000e+02 1.866025e+03 1.000000e+03
         vertex 9.832500e+02 1.029012e+03 1.000000e+03
         vertex 5.075764e+02 1.870356e+03 1.000000e+03
      endloop
   endfacet
   facet normal 0.000000e+00 0.000000e+00 1.000000e+00
      outer loop
         vertex 5.075764e+02 1.870356e+03 1.000000e+03
         vertex 9.832500e+02 1.029012e+03 1.000000e+03
         vertex 9.835038e+02 1.029157e+03 1.000000e+03
      endloop
   endfacet
   facet normal -0.000000e+00 0.000000e+00 1.000000e+00
      outer loop
         vertex 5.075764e+02 1.870356e+03 1.000000e+03
         vertex 9.835038e+02 1.029157e+03 1.000000e+03
         vertex 5.151904e+02 1.874620e+03 1.000000e+03
      endloop
   endfacet
   facet normal 0.000000e+00 0.000000e+00 1.000000e+00
      outer loop
         vertex 5.151904e+02 1.874620e+03 1.000000e+03
         vertex 9.835038e+02 1.029157e+03 1.000000e+03
         vertex 9.837589e+02 1.029300e+03 1.000000e+03
      endloop
   endfacet
   facet normal -0.000000e+00 0.000000e+00 1.000000e+00
      outer loop
         vertex 5.151904e+02 1.874620e+03 1.000000e+03
         vertex 9.837589e+02 1.029300e+03 1.000000e+03
         vertex 5.228412e+02 1.878817e+03 1.000000e+03
      endloop
   endfacet
   facet normal 0.000000e+00 0.000000e+00 1.000000e+00
      outer loop
         vertex 5.228412e+02 1.878817e+03 1.000000e+03
         vertex 9.837589e+02 1.029300e+03 1.000000e+03
         vertex 9.840152e+02 1.029440e+03 1.000000e+03
      endloop
   endfacet
   facet normal -0.000000e+00 0.000000e+00 1.000000e+00
      outer loop
         vertex 5.228412e+02 1.878817e+03 1.000000e+03
         vertex 9.840152e+02 1.029440e+03 1.000000e+03
         vertex 5.305284e+02 1.882948e+03 1.000000e+03
      endloop
   endfacet
   facet normal 0.000000e+00 0.000000e+00 1.000000e+00
      outer loop
         vertex 5.305284e+02 1.882948e+03 1.000000e+03
         vertex 9.840152e+02 1.029440e+03 1.000000e+03
         vertex 9.842727e+02 1.029579e+03 1.000000e+03
      endloop
   endfacet
   facet normal -0.000000e+00 0.000000e+00 1.000000e+00
      outer loop
         vertex 5.305284e+02 1.882948e+03 1.000000e+03
         vertex 9.842727e+02 1.029579e+03 1.000000e+03
         vertex 5.382514e+02 1.887011e+03 1.000000e+03
      endloop
   endfacet
   facet normal 0.000000e+00 0.000000e+00 1.000000e+00
      outer loop
         vertex 5.382514e+02 1.887011e+03 1.000000e+03
         vertex 9.842727e+02 1.029579e+03 1.000000e+03
         vertex 9.845314e+02 1.029715e+03 1.000000e+03
      endloop
   endfacet
   facet normal -0.000000e+00 0.000000e+00 1.000000e+00
      outer loop
         vertex 5.382514e+02 1.887011e+03 1.000000e+03
         vertex 9.845314e+02 1.029715e+03 1.000000e+03
         vertex 5.460095e+02 1.891007e+03 1.000000e+03
      endloop
   endfacet
   facet normal 0.000000e+00 0.000000e+00 1.000000e+00
      outer loop
         vertex 5.460095e+02 1.891007e+03 1.000000e+03
         vertex 9.845314e+02 1.029715e+03 1.000000e+03
         vertex 9.847913e+02 1.029849e+03 1.000000e+03
      endloop
   endfacet
   facet normal -0.000000e+00 0.000000e+00 1.000000e+00
      outer loop
         vertex 5.460095e+02 1.891007e+03 1.000000e+03
         vertex 9.847913e+02 1.029849e+03 1.000000e+03
         vertex 5.538022e+02 1.894934e+03 1.000000e+03
      endloop
   endfacet
   facet normal 0.000000e+00 0.000000e+00 1.000000e+00
      outer loop
         vertex 5.538022e+02 1.894934e+03 1.000000e+03
         vertex 9.847913e+02 1.029849e+03 1.000000e+03
         vertex 9.850524e+02 1.029980e+03 1.000000e+03
      endloop
   endfacet
   facet normal -0.000000e+00 0.000000e+00 1.000000e+00
      outer loop
         vertex 5.538022e+02 1.894934e+03 1.000000e+03
         vertex 9.850524e+02 1.029980e+03 1.000000e+03
         vertex 5.616288e+02 1.898794e+03 1.000000e+03
      endloop
   endfacet
   facet normal 0.000000e+00 0.000000e+00 1.000000e+00
      outer loop
         vertex 5.616288e+02 1.898794e+03 1.000000e+03
         vertex 9.850524e+02 1.029980e+03 1.000000e+03
         vertex 9.853146e+02 1.030110e+03 1.000000e+03
      endloop
   endfacet
   facet normal -0.000000e+00 0.000000e+00 1.000000e+00
      outer loop
         vertex 5.616288e+02 1.898794e+03 1.000000e+03
         vertex 9.853146e+02 1.030110e+03 1.000000e+03
         vertex 5.694889e+02 1.902585e+03 1.000000e+03
      endloop
   endfacet
   facet normal 0.000000e+00 0.000000e+00 1.000000e+00
      outer loop
         vertex 5.694889e+02 1.902585e+03 1.000000e+03
         vertex 9.853146e+02 1.030110e+03 1.000000e+03
         vertex 9.855779e+02 1.030237e+03 1.000000e+03
      endloop
   endfacet
   facet normal -0.000000e+00 0.000000e+00 1.000000e+00
      outer loop
         vertex 5.694889e+02 1.902585e+03 1.000000e+03
         vertex 9.855779e+02 1.030237e+03 1.000000e+03
         vertex 5.773817e+02 1.906308e+03 1.000000e+03
      endloop
   endfacet
   facet normal 0.000000e+00 0.000000e+00 1.000000e+00
      outer loop
         vertex 5.773817e+02 1.906308e+03 1.000000e+03
         vertex 9.855779e+02 1.030237e+03 1.000000e+03
         vertex 9.858423e+02 1.030361e+03 1.000000e+03
      endloop
   endfacet
   facet normal -0.000000e+00 0.000000e+00 1.000000e+00
      outer loop
         vertex 5.773817e+02 1.906308e+03 1.000000e+03
         vertex 9.858423e+02 1.030361e+03 1.000000e+03
         vertex 5.853068e+02 1.909961e+03 1.000000e+03
      endloop
   endfacet
   facet normal 0.000000e+00 0.000000e+00 1.000000e+00
      outer loop
         vertex 5.853068e+02 1.909961e+03 1.000000e+03
         vertex 9.858423e+02 1.030361e+03 1.000000e+03
         vertex 9.861078e+02 1.030484e+03 1.000000e+03
      endloop
   endfacet
   facet normal -0.000000e+00 0.000000e+00 1.000000e+00
      outer loop
         vertex 5.853068e+02 1.909961e+03 1.000000e+03
         vertex 9.861078e+02 1.030484e+03 1.000000e+03
         vertex 5.932634e+02 1.913545e+03 1.000000e+03
      endloop
   endfacet
   facet normal 0.000000e+00 0.000000e+00 1.000000e+00
      outer loop
         vertex 5.932634e+02 1.913545e+03 1.000000e+03
         vertex 9.861078e+02 1.030484e+03 1.000000e+03
         vertex 9.863743e+02 1.030604e+03 1.000000e+03
      endloop
   endfacet
   facet normal -0.000000e+00 0.000000e+00 1.000000e+00
      outer loop
         vertex 5.932634e+02 1.913545e+03 1.000000e+03
         vertex 9.863743e+02 1.030604e+03 1.000000e+03
         vertex 6.012509e+02 1.917060e+03 1.000000e+03
      endloop
   endfacet
   facet normal 0.000000e+00 0.000000e+00 1.000000e+00
      outer loop
         vertex 6.012509e+02 1.917060e+03 1.000000e+03
         vertex 9.863743e+02 1.030604e+03 1.000000e+03
         vertex 9.866419e+02 1.030722e+03 1.000000e+03
      endloop
   endfacet
   facet normal -0.000000e+00 0.000000e+00 1.000000e+00
      outer loop
         vertex 6.012509e+02 1.917060e+03 1.000000e+03
         vertex 9.866419e+02 1.030722e+03 1.000000e+03
         vertex 6.092689e+02 1.920505e+03 1.000000e+03
      endloop
   endfacet
   facet normal 0.000000e+00 0.000000e+00 1.000000e+00
      outer loop
         vertex 6.092689e+02 1.920505e+03 1.000000e+03
         vertex 9.866419e+02 1.030722e+03 1.000000e+03
         vertex 9.869105e+02 1.030837e+03 1.000000e+03
      endloop
   endfacet
   facet normal -0.000000e+00 0.000000e+00 1.000000e+00
      outer loop
         vertex 6.092689e+02 1.920505e+03 1.000000e+03
         vertex 9.869105e+02 1.030837e+03 1.000000e+03
         vertex 6.173166e+02 1.923880e+03 1.000000e+03
      endloop
   endfacet
   facet normal 0.000000e+00 0.000000e+00 1.000000e+00
      outer loop
         vertex 6.173166e+02 1.923880e+03 1.000000e+03
         vertex 9.869105e+02 1.030837e+03 1.000000e+03
         vertex 9.871801e+02 1.030950e+03 1.000000e+03
      endloop
   endfacet
   facet normal -0.000000e+00 0.000000e+00 1.000000e+00
      outer loop
         vertex 6.173166e+02 1.923880e+03 1.000000e+03
         vertex 9.871801e+02 1.030950e+03 1.000000e+03
         vertex 6.253934e+02 1.927184e+03 1.000000e+03
      endloop
   endfacet
   facet normal 0.000000e+00 0.000000e+00 1.000000e+00
      outer loop
         vertex 6.253934e+02 1.927184e+03 1.000000e+03
         vertex 9.871801e+02 1.030950e+03 1.000000e+03
         vertex 9.874507e+02 1.031061e+03 1.000000e+03
      endloop
   endfacet
   facet normal -0.000000e+00 0.000000e+00 1.000000e+00
      outer loop
         vertex 6.253934e+02 1.927184e+03 1.000000e+03
         vertex 9.874507e+02 1.031061e+03 1.000000e+03
         vertex 6.334988e+02 1.930418e+03 1.000000e+03
      endloop
   endfacet
   facet normal 0.000000e+00 0.000000e+00 1.000000e+00
      outer loop
         vertex 6.334988e+02 1.930418e+03 1.000000e+03
         vertex 9.874507e+02 1.031061e+03 1.000000e+03
         vertex 9.877222e+02 1.031169e+03 1.000000e+03
      endloop
   endfacet
   facet normal -0.000000e+00 0.000000e+00 1.000000e+00
      outer loop
         vertex 6.334988e+02 1.930418e+03 1.000000e+03
         vertex 9.877222e+02 1.031169e+03 1.000000e+03
         vertex 6.416321e+02 1.933580e+03 1.000000e+03
      endloop
   endfacet
   facet normal 0.000000e+00 0.000000e+00 1.000000e+00
      outer loop
         vertex 6.416321e+02 1.933580e+03 1.000000e+03
         vertex 9.877222e+02 1.031169e+03 1.000000e+03
         vertex 9.879947e+02 1.031275e+03 1.000000e+03
      endloop
   endfacet
   facet normal -0.000000e+00 0.000000e+00 1.000000e+00
      outer loop
         vertex 6.416321e+02 1.933580e+03 1.000000e+03
         vertex 9.879947e+02 1.031275e+03 1.000000e+03
         vertex 6.497926e+02 1.936672e+03 1.000000e+03
      endloop
   endfacet
   facet normal 0.000000e+00 0.000000e+00 1.000000e+00
      outer loop
         vertex 6.497926e+02 1.936672e+03 1.000000e+03
         vertex 9.879947e+02 1.031275e+03 1.000000e+03
         vertex 9.882681e+02 1.031379e+03 1.000000e+03
      endloop
   endfacet
   facet normal -0.000000e+00 0.000000e+00 1.000000e+00
      outer loop
         vertex 6.497926e+02 1.936672e+03 1.000000e+03
         vertex 9.882681e+02 1.031379e+03 1.000000e+03
         vertex 6.579798e+02 1.939693e+03 1.000000e+03
      endloop
   endfacet
   facet normal 0.000000e+00 0.000000e+00 1.000000e+00
      outer loop
         vertex 6.579798e+02 1.939693e+03 1.000000e+03
         vertex 9.882681e+02 1.031379e+03 1.000000e+03
         vertex 9.885423e+02 1.031480e+03 1.000000e+03
      endloop
   endfacet
   facet normal -0.000000e+00 0.000000e+00 1.000000e+00
      outer loop
         vertex 6.579798e+02 1.939693e+03 1.000000e+03
         vertex 9.885423e+02 1.031480e+03 1.000000e+03
         vertex 6.661931e+02 1.942641e+03 1.000000e+03
      endloop
   endfacet
   facet normal 0.000000e+00 0.000000e+00 1.000000e+00
      outer loop
         vertex 6.661931e+02 1.942641e+03 1.000000e+03
         vertex 9.885423e+02 1.031480e+03 1.000000e+03
         vertex 9.888175e+02 1.031578e+03 1.000000e+03
      endloop
   endfacet
   facet normal -0.000000e+00 0.000000e+00 1.000000e+00
      outer loop
         vertex 6.661931e+02 1.942641e+03 1.000000e+03
         vertex 9.888175e+02 1.031578e+03 1.000000e+03
         vertex 6.744318e+02 1.945519e+03 1.000000e+03
      endloop
   endfacet
   facet normal 0.000000e+00 0.000000e+00 1.000000e+00
      outer loop
         vertex 6.744318e+02 1.945519e+03 1.000000e+03
         vertex 9.888175e+02 1.031578e+03 1.000000e+03
         vertex 9.890935e+02 1.031675e+03 1.000000e+03
      endloop
   endfacet
   facet normal -0.000000e+00 0.000000e+00 1.000000e+00
      outer loop
         vertex 6.744318e+02 1.945519e+03 1.000000e+03
         vertex 9.890935e+02 1.031675e+03 1.000000e+03
         vertex 6.826953e+02 1.948324e+03 1.000000e+03
      endloop
   endfacet
   facet normal 0.000000e+00 0.000000e+00 1.000000e+00
      outer loop
         vertex 6.826953e+02 1.948324e+03 1.000000e+03
         vertex 9.890935e+02 1.031675e+03 1.000000e+03
         vertex 9.893703e+02 1.031769e+03 1.000000e+03
      endloop
   endfacet
   facet normal -0.000000e+00 0.000000e+00 1.000000e+00
      outer loop
         vertex 6.826953e+02 1.948324e+03 1.000000e+03
         vertex 9.893703e+02 1.031769e+03 1.000000e+03
         vertex 6.909830e+02 1.951057e+03 1.000000e+03
      endloop
   endfacet
   facet normal 0.000000e+00 0.000000e+00 1.000000e+00
      outer loop
         vertex 6.909830e+02 1.951057e+03 1.000000e+03
         vertex 9.893703e+02 1.031769e+03 1.000000e+03
         vertex 9.896479e+02 1.031860e+03 1.000000e+03
      endloop
   endfacet
   facet normal -0.000000e+00 0.000000e+00 1.000000e+00
      outer loop
         vertex 6.909830e+02 1.951057e+03 1.000000e+03
         vertex 9.896479e+02 1.031860e+03 1.000000e+03
         vertex 6.992942e+02 1.953717e+03 1.000000e+03
      endloop
   endfacet
   facet normal 0.000000e+00 0.000000e+00 1.000000e+00
      outer loop
         vertex 6.992942e+02 1.953717e+03 1.000000e+03
         vertex 9.896479e+02 1.031860e+03 1.000000e+03
         vertex 9.899264e+02 1.031950e+03 1.000000e+03
      endloop
   endfacet
   facet normal -0.000000e+00 0.000000e+00 1.000000e+00
      outer loop
         vertex 6.992942e+02 1.953717e+03 1.000000e+03
         vertex 9.899264e+02 1.031950e+03 1.000000e+03
         vertex 7.076283e+02 1.956305e+03 1.000000e+03
      endloop
   endfacet
   facet normal 0.000000e+00 0.000000e+00 1.000000e+00
      outer loop
         vertex 7.076283e+02 1.956305e+03 1.000000e+03
         vertex 9.899264e+02 1.031950e+03 1.000000e+03
         vertex 9.902055e+02 1.032036e+03 1.000000e+03
      endloop
   endfacet
   facet normal -0.000000e+00 0.000000e+00 1.000000e+00
      outer loop
         vertex 7.076283e+02 1.956305e+03 1.000000e+03
         vertex 9.902055e+02 1.032036e+03 1.000000e+03
         vertex 7.159846e+02 1.958820e+03 1.000000e+03
      endloop
   endfacet
   facet normal 0.000000e+00 0.000000e+00 1.000000e+00
      outer loop
         vertex 7.159846e+02 1.958820e+03 1.000000e+03
         vertex 9.902055e+02 1.032036e+03 1.000000e+03
         vertex 9.904855e+02 1.032120e+03 1.000000e+03
      endloop
   endfacet
   facet normal -0.000000e+00 0.000000e+00 1.000000e+00
      outer loop
         vertex 7.159846e+02 1.958820e+03 1.000000e+03
         vertex 9.904855e+02 1.032120e+03 1.000000e+03
         vertex 7.243626e+02 1.961262e+03 1.000000e+03
      endloop
   endfacet
   facet normal 0.000000e+00 0.000000e+00 1.000000e+00
      outer loop
         vertex 7.243626e+02 1.961262e+03 1.000000e+03
         vertex 9.904855e+02 1.032120e+03 1.000000e+03
         vertex 9.907661e+02 1.032202e+03 1.000000e+03
      endloop
   endfacet
   facet normal -0.000000e+00 0.000000e+00 1.000000e+00
      outer loop
         vertex 7.243626e+02 1.961262e+03 1.000000e+03
         vertex 9.907661e+02 1.032202e+03 1.000000e+03
         vertex 7.327616e+02 1.963630e+03 1.000000e+03
      endloop
   endfacet
   facet normal 0.000000e+00 0.000000e+00 1.000000e+00
      outer loop
         vertex 7.327616e+02 1.963630e+03 1.000000e+03
         vertex 9.907661e+02 1.032202e+03 1.000000e+03
         vertex 9.910475e+02 1.032282e+03 1.000000e+03
      endloop
   endfacet
   facet normal -0.000000e+00 0.000000e+00 1.000000e+00
      outer loop
         vertex 7.327616e+02 1.963630e+03 1.000000e+03
         vertex 9.910475e+02 1.032282e+03 1.000000e+03
         vertex 7.411810e+02 1.965926e+03 1.000000e+03
      endloop
   endfacet
   facet normal 0.000000e+00 0.000000e+00 1.000000e+00
      outer loop
         vertex 7.411810e+02 1.965926e+03 1.000000e+03
         vertex 9.910475e+02 1.032282e+03 1.000000e+03
         vertex 9.913296e+02 1.032359e+03 1.000000e+03
      endloop
   endfacet
   facet normal -0.000000e+00 0.000000e+00 1.000000e+00
      outer loop
         vertex 7.411810e+02 1.965926e+03 1.000000e+03
         vertex 9.913296e+02 1.032359e+03 1.000000e+03
         vertex 7.496200e+02 1.968148e+03 1.000000e+03
      endloop
   endfacet
   facet normal 0.000000e+00 0.000000e+00 1.000000e+00
      outer loop
         vertex 7.496200e+02 1.968148e+03 1.000000e+03
         vertex 9.913296e+02 1.032359e+03 1.000000e+03
         vertex 9.916123e+02 1.032433e+03 1.000000e+03
      endloop
   endfacet
   facet normal -0.000000e+00 0.000000e+00 1.000000e+00
      outer loop
         vertex 7.496200e+02 1.968148e+03 1.000000e+03
         vertex 9.916123e+02 1.032433e+03 1.000000e+03
         vertex 7.580781e+02 1.970296e+03 1.000000e+03
      endloop
   endfacet
   facet normal 0.000000e+00 0.000000e+00 1.000000e+00
      outer loop
         vertex 7.580781e+02 1.970296e+03 1.000000e+03
         vertex 9.916123e+02 1.032433e+03 1.000000e+03
         vertex 9.918956e+02 1.032505e+03 1.000000e+03
      endloop
   endfacet
   facet normal -0.000000e+00 0.000000e+00 1.000000e+00
      outer loop
         vertex 7.580781e+02 1.970296e+03 1.000000e+03
         vertex 9.918956e+02 1.032505e+03 1.000000e+03
         vertex 7.665546e+02 1.972370e+03 1.000000e+03
      endloop
   endfacet
   facet normal 0.000000e+00 0.000000e+00 1.000000e+00
      outer loop
         vertex 7.665546e+02 1.972370e+03 1.000000e+03
         vertex 9.918956e+02 1.032505e+03 1.000000e+03
         vertex 9.921796e+02 1.032574e+03 1.000000e+03
      endloop
   endfacet
   facet normal -0.000000e+00 0.000000e+00 1.000000e+00
      outer loop
         vertex 7.665546e+02 1.972370e+03 1.000000e+03
         vertex 9.921796e+02 1.032574e+03 1.000000e+03
         vertex 7.750489e+02 1.974370e+03 1.000000e+03
      endloop
   endfacet
   facet normal 0.000000e+00 0.000000e+00 1.000000e+00
      outer loop
         vertex 7.750489e+02 1.974370e+03 1.000000e+03
         vertex 9.921796e+02 1.032574e+03 1.000000e+03
         vertex 9.924641e+02 1.032641e+03 1.000000e+03
      endloop
   endfacet
   facet normal -0.000000e+00 0.000000e+00 1.000000e+00
      outer loop
         vertex 7.750489e+02 1.974370e+03 1.000000e+03
         vertex 9.924641e+02 1.032641e+03 1.000000e+03
         vertex 7.835604e+02 1.976296e+03 1.000000e+03
      endloop
   endfacet
   facet normal 0.000000e+00 0.000000e+00 1.000000e+00
      outer loop
         vertex 7.835604e+02 1.976296e+03 1.000000e+03
         vertex 9.924641e+02 1.032641e+03 1.000000e+03
         vertex 9.927493e+02 1.032706e+03 1.000000e+03
      endloop
   endfacet
   facet normal -0.000000e+00 0.000000e+00 1.000000e+00
      outer loop
         vertex 7.835604e+02 1.976296e+03 1.000000e+03
         vertex 9.927493e+02 1.032706e+03 1.000000e+03
         vertex 7.920883e+02 1.978148e+03 1.000000e+03
      endloop
   endfacet
   facet normal 0.000000e+00 0.000000e+00 1.000000e+00
      outer loop
         vertex 7.920883e+02 1.978148e+03 1.000000e+03
         vertex 9.927493e+02 1.032706e+03 1.000000e+03
         vertex 9.930350e+02 1.032768e+03 1.000000e+03
      endloop
   endfacet
   facet normal -0.000000e+00 0.000000e+00 1.000000e+00
      outer loop
         vertex 7.920883e+02 1.978148e+03 1.000000e+03
         vertex 9.930350e+02 1.032768e+03 1.000000e+03
         vertex 8.006321e+02 1.979925e+03 1.000000e+03
      endloop
   endfacet
   facet normal 0.000000e+00 0.000000e+00 1.000000e+00
      outer loop
         vertex 8.006321e+02 1.979925e+03 1.000000e+03
         vertex 9.930350e+02 1.032768e+03 1.000000e+03
         vertex 9.933212e+02 1.032827e+03 1.000000e+03
      endloop
   endfacet
   facet normal -0.000000e+00 0.000000e+00 1.000000e+00
      outer loop
         vertex 8.006321e+02 1.979925e+03 1.000000e+03
         vertex 9.933212e+02 1.032827e+03 1.000000e+03
         vertex 8.091910e+02 1.981627e+03 1.000000e+03
      endloop
   endfacet
   facet normal 0.000000e+00 0.000000e+00 1.000000e+00
      outer loop
         vertex 8.091910e+02 1.981627e+03 1.000000e+03
         vertex 9.933212e+02 1.032827e+03 1.000000e+03
         vertex 9.936079e+02 1.032885e+03 1.000000e+03
      endloop
   endfacet
   facet normal -0.000000e+00 0.000000e+00 1.000000e+00
      outer loop
         vertex 8.091910e+02 1.981627e+03 1.000000e+03
         vertex 9.936079e+02 1.032885e+03 1.000000e+03
         vertex 8.177645e+02 1.983255e+03 1.000000e+03
      endloop
   endfacet
   facet normal 0.000000e+00 0.000000e+00 1.000000e+00
      outer loop
         vertex 8.177645e+02 1.983255e+03 1.000000e+03
         vertex 9.936079e+02 1.032885e+03 1.000000e+03
         vertex 9.938951e+02 1.032939e+03 1.000000e+03
      endloop
   endfacet
   facet normal -0.000000e+00 0.000000e+00 1.000000e+00
      outer loop
         vertex 8.177645e+02 1.983255e+03 1.000000e+03
         vertex 9.938951e+02 1.032939e+03 1.000000e+03
         vertex 8.263518e+02 1.984808e+03 1.000000e+03
      endloop
   endfacet
   facet normal 0.000000e+00 0.000000e+00 1.000000e+00
      outer loop
         vertex 8.263518e+02 1.984808e+03 1.000000e+03
         vertex 9.938951e+02 1.032939e+03 1.000000e+03
         vertex 9.941828e+02 1.032991e+03 1.000000e+03
      endloop
   endfacet
   facet normal -0.000000e+00 0.000000e+00 1.000000e+00
      outer loop
         vertex 8.263518e+02 1.984808e+03 1.000000e+03
         vertex 9.941828e+02 1.032991e+03 1.000000e+03
         vertex 8.349524e+02 1.986286e+03 1.000000e+03
      endloop
   endfacet
   facet normal 0.000000e+00 0.000000e+00 1.000000e+00
      outer loop
         vertex 8.349524e+02 1.986286e+03 1.000000e+03
         vertex 9.941828e+02 1.032991e+03 1.000000e+03
         vertex 9.944709e+02 1.033041e+03 1.000000e+03
      endloop
   endfacet
   facet normal -0.000000e+00 0.000000e+00 1.000000e+00
      outer loop
         vertex 8.349524e+02 1.986286e+03 1.000000e+03
         vertex 9.944709e+02 1.033041e+03 1.000000e+03
         vertex 8.435655e+02 1.987688e+03 1.000000e+03
      endloop
   endfacet
   facet normal 0.000000e+00 0.000000e+00 1.000000e+00
      outer loop
         vertex 8.435655e+02 1.987688e+03 1.000000e+03
         vertex 9.944709e+02 1.033041e+03 1.000000e+03
         vertex 9.947594e+02 1.033088e+03 1.000000e+03
      endloop
   endfacet
   facet normal -0.000000e+00 0.000000e+00 1.000000e+00
      outer loop
         vertex 8.435655e+02 1.987688e+03 1.000000e+03
         vertex 9.947594e+02 1.033088e+03 1.000000e+03
         vertex 8.521906e+02 1.989016e+03 1.000000e+03
      endloop
   endfacet
   facet normal 0.000000e+00 0.000000e+00 1.000000e+00
      outer loop
         vertex 8.521906e+02 1.989016e+03 1.000000e+03
         vertex 9.947594e+02 1.033088e+03 1.000000e+03
         vertex 9.950484e+02 1.033132e+03 1.000000e+03
      endloop
   endfacet
   facet normal -0.000000e+00 0.000000e+00 1.000000e+00
      outer loop
         vertex 8.521906e+02 1.989016e+03 1.000000e+03
         vertex 9.950484e+02 1.033132e+03 1.000000e+03
         vertex 8.608269e+02 1.990268e+03 1.000000e+03
      endloop
   endfacet
   facet normal 0.000000e+00 0.000000e+00 1.000000e+00
      outer loop
         vertex 8.608269e+02 1.990268e+03 1.000000e+03
         vertex 9.950484e+02 1.033132e+03 1.000000e+03
         vertex 9.953377e+02 1.033174e+03 1.000000e+03
      endloop
   endfacet
   facet normal -0.000000e+00 0.000000e+00 1.000000e+00
      outer loop
         vertex 8.608269e+02 1.990268e+03 1.000000e+03
         vertex 9.953377e+02 1.033174e+03 1.000000e+03
         vertex 8.694738e+02 1.991445e+03 1.000000e+03
      endloop
   endfacet
   facet normal 0.000000e+00 0.000000e+00 1.000000e+00
      outer loop
         vertex 8.694738e+02 1.991445e+03 1.000000e+03
         vertex 9.953377e+02 1.033174e+03 1.000000e+03
         vertex 9.956274e+02 1.033213e+03 1.000000e+03
      endloop
   endfacet
   facet normal -0.000000e+00 0.000000e+00 1.000000e+00
      outer loop
         vertex 8.694738e+02 1.991445e+03 1.000000e+03
         vertex 9.956274e+02 1.033213e+03 1.000000e+03
         vertex 8.781307e+02 1.992546e+03 1.000000e+03
      endloop
   endfacet
   facet normal 0.000000e+00 0.000000e+00 1.000000e+00
      outer loop
         vertex 8.781307e+02 1.992546e+03 1.000000e+03
         vertex 9.956274e+02 1.033213e+03 1.000000e+03
         vertex 9.959174e+02 1.033250e+03 1.000000e+03
      endloop
   endfacet
   facet normal -0.000000e+00 0.000000e+00 1.000000e+00
      outer loop
         vertex 8.781307e+02 1.992546e+03 1.000000e+03
         vertex 9.959174e+02 1.033250e+03 1.000000e+03
         vertex 8.867968e+02 1.993572e+03 1.000000e+03
      endloop
   endfacet
   facet normal 0.000000e+00 0.000000e+00 1.000000e+00
      outer loop
         vertex 8.867968e+02 1.993572e+03 1.000000e+03
         vertex 9.959174e+02 1.033250e+03 1.000000e+03
         vertex 9.962077e+02 1.033285e+03 1.000000e+03
      endloop
   endfacet
   facet normal -0.000000e+00 0.000000e+00 1.000000e+00
      outer loop
         vertex 8.867968e+02 1.993572e+03 1.000000e+03
         vertex 9.962077e+02 1.033285e+03 1.000000e+03
         vertex 8.954715e+02 1.994522e+03 1.000000e+03
      endloop
   endfacet
   facet normal 0.000000e+00 0.000000e+00 1.000000e+00
      outer loop
         vertex 8.954715e+02 1.994522e+03 1.000000e+03
         vertex 9.962077e+02 1.033285e+03 1.000000e+03
         vertex 9.964983e+02 1.033316e+03 1.000000e+03
      endloop
   endfacet
   facet normal -0.000000e+00 0.000000e+00 1.000000e+00
      outer loop
         vertex 8.954715e+02 1.994522e+03 1.000000e+03
         vertex 9.964983e+02 1.033316e+03 1.000000e+03
         vertex 9.041542e+02 1.995396e+03 1.000000e+03
      endloop
   endfacet
   facet normal 0.000000e+00 0.000000e+00 1.000000e+00
      outer loop
         vertex 9.041542e+02 1.995396e+03 1.000000e+03
         vertex 9.964983e+02 1.033316e+03 1.000000e+03
         vertex 9.967892e+02 1.033346e+03 1.000000e+03
      endloop
   endfacet
   facet normal -0.000000e+00 0.000000e+00 1.000000e+00
      outer loop
         vertex 9.041542e+02 1.995396e+03 1.000000e+03
         vertex 9.967892e+02 1.033346e+03 1.000000e+03
         vertex 9.128443e+02 1.996195e+03 1.000000e+03
      endloop
   endfacet
   facet normal 0.000000e+00 0.000000e+00 1.000000e+00
      outer loop
         vertex 9.128443e+02 1.996195e+03 1.000000e+03
         vertex 9.967892e+02 1.033346e+03 1.000000e+03
         vertex 9.970803e+02 1.033373e+03 1.000000e+03
      endloop
   endfacet
   facet normal -0.000000e+00 0.000000e+00 1.000000e+00
      outer loop
         vertex 9.128443e+02 1.996195e+03 1.000000e+03
         vertex 9.970803e+02 1.033373e+03 1.000000e+03
         vertex 9.215409e+02 1.996917e+03 1.000000e+03
      endloop
   endfacet
   facet normal 0.000000e+00 0.000000e+00 1.000000e+00
      outer loop
         vertex 9.215409e+02 1.996917e+03 1.000000e+03
         vertex 9.970803e+02 1.033373e+03 1.000000e+03
         vertex 9.973716e+02 1.033397e+03 1.000000e+03
      endloop
   endfacet
   facet normal -0.000000e+00 0.000000e+00 1.000000e+00
      outer loop
         vertex 9.215409e+02 1.996917e+03 1.000000e+03
         vertex 9.973716e+02 1.033397e+03 1.000000e+03
         vertex 9.302435e+02 1.997564e+03 1.000000e+03
      endloop
   endfacet
   facet normal 0.000000e+00 0.000000e+00 1.000000e+00
      outer loop
         vertex 9.302435e+02 1.997564e+03 1.000000e+03
         vertex 9.973716e+02 1.033397e+03 1.000000e+03
         vertex 9.976632e+02 1.033418e+03 1.000000e+03
      endloop
   endfacet
   facet normal -0.000000e+00 0.000000e+00 1.000000e+00
      outer loop
         vertex 9.302435e+02 1.997564e+03 1.000000e+03
         vertex 9.976632e+02 1.033418e+03 1.000000e+03
         vertex 9.389515e+02 1.998135e+03 1.000000e+03
      endloop
   endfacet
   facet normal 0.000000e+00 0.000000e+00 1.000000e+00
      outer loop
         vertex 9.389515e+02 1.998135e+03 1.000000e+03
         vertex 9.976632e+02 1.033418e+03 1.000000e+03
         vertex 9.979549e+02 1.033438e+03 1.000000e+03
      endloop
   endfacet
   facet normal -0.000000e+00 0.000000e+00 1.000000e+00
      outer loop
         vertex 9.389515e+02 1.998135e+03 1.000000e+03
         vertex 9.979549e+02 1.033438e+03 1.000000e+03
         vertex 9.476640e+02 1.998630e+03 1.000000e+03
      endloop
   endfacet
   facet normal 0.000000e+00 0.000000e+00 1.000000e+00
      outer loop
         vertex 9.476640e+02 1.998630e+03 1.000000e+03
         vertex 9.979549e+02 1.033438e+03 1.000000e+03
         vertex 9.982467e+02 1.033454e+03 1.000000e+03
      endloop
   endfacet
   facet normal -0.000000e+00 0.000000e+00 1.000000e+00
      outer loop
         vertex 9.476640e+02 1.998630e+03 1.000000e+03
         vertex 9.982467e+02 1.033454e+03 1.000000e+03
         vertex 9.563806e+02 1.999048e+03 1.000000e+03
      endloop
   endfacet
   facet normal 0.000000e+00 0.000000e+00 1.000000e+00
      outer loop
         vertex 9.563806e+02 1.999048e+03 1.000000e+03
         vertex 9.982467e+02 1.033454e+03 1.000000e+03
         vertex 9.985388e+02 1.033468e+03 1.000000e+03
      endloop
   endfacet
   facet normal -0.000000e+00 0.000000e+00 1.000000e+00
      outer loop
         vertex 9.563806e+02 1.999048e+03 1.000000e+03
         vertex 9.985388e+02 1.033468e+03 1.000000e+03
         vertex 9.651005e+02 1.999391e+03 1.000000e+03
      endloop
   endfacet
   facet normal 0.000000e+00 0.000000e+00 1.000000e+00
      outer loop
         vertex 9.651005e+02 1.999391e+03 1.000000e+03
         vertex 9.985388e+02 1.033468e+03 1.000000e+03
         vertex 9.988309e+02 1.033480e+03 1.000000e+03
      endloop
   endfacet
   facet normal -0.000000e+00 0.000000e+00 1.000000e+00
      outer loop
         vertex 9.651005e+02 1.999391e+03 1.000000e+03
         vertex 9.988309e+02 1.033480e+03 1.000000e+03
         vertex 9.738231e+02 1.999657e+03 1.000000e+03
      endloop
   endfacet
   facet normal 0.000000e+00 0.000000e+00 1.000000e+00
      outer loop
         vertex 9.738231e+02 1.999657e+03 1.000000e+03
         vertex 9.988309e+02 1.033480e+03 1.000000e+03
         vertex 9.991231e+02 1.033489e+03 1.000000e+03
      endloop
   endfacet
   facet normal -0.000000e+00 0.000000e+00 1.000000e+00
      outer loop
         vertex 9.738231e+02 1.999657e+03 1.000000e+03
         vertex 9.991231e+02 1.033489e+03 1.000000e+03
         vertex 9.825476e+02 1.999848e+03 1.000000e+03
      endloop
   endfacet
   facet normal 0.000000e+00 0.000000e+00 1.000000e+00
      outer loop
         vertex 9.825476e+02 1.999848e+03 1.000000e+03
         vertex 9.991231e+02 1.033489e+03 1.000000e+03
         vertex 9.994153e+02 1.033495e+03 1.000000e+03
      endloop
   endfacet
   facet normal -0.000000e+00 0.000000e+00 1.000000e+00
      outer loop
         vertex 9.825476e+02 1.999848e+03 1.000000e+03
         vertex 9.994153e+02 1.033495e+03 1.000000e+03
         vertex 9.912735e+02 1.999962e+03 1.000000e+03
      endloop
   endfacet
   facet normal 0.000000e+00 0.000000e+00 1.000000e+00
      outer loop
         vertex 9.912735e+02 1.999962e+03 1.000000e+03
         vertex 9.994153e+02 1.033495e+03 1.000000e+03
         vertex 9.997077e+02 1.033499e+03 1.000000e+03
      endloop
   endfacet
   facet normal -0.000000e+00 0.000000e+00 1.000000e+00
      outer loop
         vertex 9.912735e+02 1.999962e+03 1.000000e+03
         vertex 9.997077e+02 1.033499e+03 1.000000e+03
         vertex 1.000000e+03 2.000000e+03 1.000000e+03
      endloop
   endfacet
   facet normal 0.000000e+00 0.000000e+00 1.000000e+00
      outer loop
         vertex 1.000000e+03 2.000000e+03 1.000000e+03
         vertex 9.997077e+02 1.033499e+03 1.000000e+03
         vertex 1.000000e+03 1.033500e+03 1.000000e+03
      endloop
   endfacet
   facet normal 0.000000e+00 0.000000e+00 1.000000e+00
      outer loop
         vertex 1.000000e+03 2.000000e+03 1.000000e+03
         vertex 1.000000e+03 1.033500e+03 1.000000e+03
         vertex 1.008727e+03 1.999962e+03 1.000000e+03
      endloop
   endfacet
   facet normal 0.000000e+00 0.000000e+00 1.000000e+00
      outer loop
         vertex 1.008727e+03 1.999962e+03 1.000000e+03
         vertex 1.000000e+03 1.033500e+03 1.000000e+03
         vertex 1.000292e+03 1.033499e+03 1.000000e+03
      endloop
   endfacet
   facet normal 0.000000e+00 0.000000e+00 1.000000e+00
      outer loop
         vertex 1.008727e+03 1.999962e+03 1.000000e+03
         vertex 1.000292e+03 1.033499e+03 1.000000e+03
         vertex 1.017452e+03 1.999848e+03 1.000000e+03
      endloop
   endfacet
   facet normal 0.000000e+00 0.000000e+00 1.000000e+00
      outer loop
         vertex 1.017452e+03 1.999848e+03 1.000000e+03
         vertex 1.000292e+03 1.033499e+03 1.000000e+03
         vertex 1.000585e+03 1.033495e+03 1.000000e+03
      endloop
   endfacet
   facet normal 0.000000e+00 0.000000e+00 1.000000e+00
      outer loop
         vertex 1.017452e+03 1.999848e+03 1.000000e+03
         vertex 1.000585e+03 1.033495e+03 1.000000e+03
         vertex 1.026177e+03 1.999657e+03 1.000000e+03
      endloop
   endfacet
   facet normal 0.000000e+00 0.000000e+00 1.000000e+00
      outer loop
         vertex 1.026177e+03 1.999657e+03 1.000000e+03
         vertex 1.000585e+03 1.033495e+03 1.000000e+03
         vertex 1.000877e+03 1.033489e+03 1.000000e+03
      endloop
   endfacet
   facet normal 0.000000e+00 0.000000e+00 1.000000e+00
      outer loop
         vertex 1.026177e+03 1.999657e+03 1.000000e+03
         vertex 1.000877e+03 1.033489e+03 1.000000e+03
         vertex 1.034899e+03 1.999391e+03 1.000000e+03
      endloop
   endfacet
   facet normal 0.000000e+00 0.000000e+00 1.000000e+00
      outer loop
         vertex 1.034899e+03 1.999391e+03 1.000000e+03
         vertex 1.000877e+03 1.033489e+03 1.000000e+03
         vertex 1.001169e+03 1.033480e+03 1.000000e+03
      endloop
   endfacet
   facet normal 0.000000e+00 0.000000e+00 1.000000e+00
      outer loop
         vertex 1.034899e+03 1.999391e+03 1.000000e+03
         vertex 1.001169e+03 1.033480e+03 1.000000e+03
         vertex 1.043619e+03 1.999048e+03 1.000000e+03
      endloop
   endfacet
   facet normal 0.000000e+00 0.000000e+00 1.000000e+00
      outer loop
         vertex 1.043619e+03 1.999048e+03 1.000000e+03
         vertex 1.001169e+03 1.033480e+03 1.000000e+03
         vertex 1.001461e+03 1.033468e+03 1.000000e+03
      endloop
   endfacet
   facet normal 0.000000e+00 0.000000e+00 1.000000e+00
      outer loop
         vertex 1.043619e+03 1.999048e+03 1.000000e+03
         vertex 1.001461e+03 1.033468e+03 1.000000e+03
         vertex 1.052336e+03 1.998630e+03 1.000000e+03
      endloop
   endfacet
   facet normal 0.000000e+00 0.000000e+00 1.000000e+00
      outer loop
         vertex 1.052336e+03 1.998630e+03 1.000000e+03
         vertex 1.001461e+03 1.033468e+03 1.000000e+03
         vertex 1.001753e+03 1.033454e+03 1.000000e+03
      endloop
   endfacet
   facet normal 0.000000e+00 0.000000e+00 1.000000e+00
      outer loop
         vertex 1.052336e+03 1.998630e+03 1.000000e+03
         vertex 1.001753e+03 1.033454e+03 1.000000e+03
         vertex 1.061049e+03 1.998135e+03 1.000000e+03
      endloop
   endfacet
   facet normal 0.000000e+00 0.000000e+00 1.000000e+00
      outer loop
         vertex 1.061049e+03 1.998135e+03 1.000000e+03
         vertex 1.001753e+03 1.033454e+03 1.000000e+03
         vertex 1.002045e+03 1.033438e+03 1.000000e+03
      endloop
   endfacet
   facet normal 0.000000e+00 0.000000e+00 1.000000e+00
      outer loop
         vertex 1.061049e+03 1.998135e+03 1.000000e+03
         vertex 1.002045e+03 1.033438e+03 1.000000e+03
         vertex 1.069756e+03 1.997564e+03 1.000000e+03
      endloop
   endfacet
   facet normal 0.000000e+00 0.000000e+00 1.000000e+00
      outer loop
         vertex 1.069756e+03 1.997564e+03 1.000000e+03
         vertex 1.002045e+03 1.033438e+03 1.000000e+03
         vertex 1.002337e+03 1.033418e+03 1.000000e+03
      endloop
   endfacet
   facet normal 0.000000e+00 0.000000e+00 1.000000e+00
      outer loop
         vertex 1.069756e+03 1.997564e+03 1.000000e+03
         vertex 1.002337e+03 1.033418e+03 1.000000e+03
         vertex 1.078459e+03 1.996917e+03 1.000000e+03
      endloop
   endfacet
   facet normal 0.000000e+00 0.000000e+00 1.000000e+00
      outer loop
         vertex 1.078459e+03 1.996917e+03 1.000000e+03
         vertex 1.002337e+03 1.033418e+03 1.000000e+03
         vertex 1.002628e+03 1.033397e+03 1.000000e+03
      endloop
   endfacet
   facet normal 0.000000e+00 0.000000e+00 1.000000e+00
      outer loop
         vertex 1.078459e+03 1.996917e+03 1.000000e+03
         vertex 1.002628e+03 1.033397e+03 1.000000e+03
         vertex 1.087156e+03 1.996195e+03 1.000000e+03
      endloop
   endfacet
   facet normal 0.000000e+00 0.000000e+00 1.000000e+00
      outer loop
         vertex 1.087156e+03 1.996195e+03 1.000000e+03
         vertex 1.002628e+03 1.033397e+03 1.000000e+03
         vertex 1.002920e+03 1.033373e+03 1.000000e+03
      endloop
   endfacet
   facet normal 0.000000e+00 0.000000e+00 1.000000e+00
      outer loop
         vertex 1.087156e+03 1.996195e+03 1.000000e+03
         vertex 1.002920e+03 1.033373e+03 1.000000e+03
         vertex 1.095846e+03 1.995396e+03 1.000000e+03
      endloop
   endfacet
   facet normal 0.000000e+00 0.000000e+00 1.000000e+00
      outer loop
         vertex 1.095846e+03 1.995396e+03 1.000000e+03
         vertex 1.002920e+03 1.033373e+03 1.000000e+03
         vertex 1.003211e+03 1.033346e+03 1.000000e+03
      endloop
   endfacet
   facet normal 0.000000e+00 0.000000e+00 1.000000e+00
      outer loop
         vertex 1.095846e+03 1.995396e+03 1.000000e+03
         vertex 1.003211e+03 1.033346e+03 1.000000e+03
         vertex 1.104528e+03 1.994522e+03 1.000000e+03
      endloop
   endfacet
   facet normal 0.000000e+00 0.000000e+00 1.000000e+00
      outer loop
         vertex 1.104528e+03 1.994522e+03 1.000000e+03
         vertex 1.003211e+03 1.033346e+03 1.000000e+03
         vertex 1.003502e+03 1.033316e+03 1.000000e+03
      endloop
   endfacet
   facet normal 0.000000e+00 0.000000e+00 1.000000e+00
      outer loop
         vertex 1.104528e+03 1.994522e+03 1.000000e+03
         vertex 1.003502e+03 1.033316e+03 1.000000e+03
         vertex 1.113203e+03 1.993572e+03 1.000000e+03
      endloop
   endfacet
   facet normal 0.000000e+00 0.000000e+00 1.000000e+00
      outer loop
         vertex 1.113203e+03 1.993572e+03 1.000000e+03
         vertex 1.003502e+03 1.033316e+03 1.000000e+03
         vertex 1.003792e+03 1.033285e+03 1.000000e+03
      endloop
   endfacet
   facet normal 0.000000e+00 0.000000e+00 1.000000e+00
      outer loop
         vertex 1.113203e+03 1.993572e+03 1.000000e+03
         vertex 1.003792e+03 1.033285e+03 1.000000e+03
         vertex 1.121869e+03 1.992546e+03 1.000000e+03
      endloop
   endfacet
   facet normal 0.000000e+00 0.000000e+00 1.000000e+00
      outer loop
         vertex 1.121869e+03 1.992546e+03 1.000000e+03
         vertex 1.003792e+03 1.033285e+03 1.000000e+03
         vertex 1.004083e+03 1.033250e+03 1.000000e+03
      endloop
   endfacet
   facet normal 0.000000e+00 0.000000e+00 1.000000e+00
      outer loop
         vertex 1.121869e+03 1.992546e+03 1.000000e+03
         vertex 1.004083e+03 1.033250e+03 1.000000e+03
         vertex 1.130526e+03 1.991445e+03 1.000000e+03
      endloop
   endfacet
   facet normal 0.000000e+00 0.000000e+00 1.000000e+00
      outer loop
         vertex 1.130526e+03 1.991445e+03 1.000000e+03
         vertex 1.004083e+03 1.033250e+03 1.000000e+03
         vertex 1.004373e+03 1.033213e+03 1.000000e+03
      endloop
   endfacet
   facet normal 0.000000e+00 0.000000e+00 1.000000e+00
      outer loop
         vertex 1.130526e+03 1.991445e+03 1.000000e+03
         vertex 1.004373e+03 1.033213e+03 1.000000e+03
         vertex 1.139173e+03 1.990268e+03 1.000000e+03
      endloop
   endfacet
   facet normal 0.000000e+00 0.000000e+00 1.000000e+00
      outer loop
         vertex 1.139173e+03 1.990268e+03 1.000000e+03
         vertex 1.004373e+03 1.033213e+03 1.000000e+03
         vertex 1.004662e+03 1.033174e+03 1.000000e+03
      endloop
   endfacet
   facet normal 0.000000e+00 0.000000e+00 1.000000e+00
      outer loop
         vertex 1.139173e+03 1.990268e+03 1.000000e+03
         vertex 1.004662e+03 1.033174e+03 1.000000e+03
         vertex 1.147809e+03 1.989016e+03 1.000000e+03
      endloop
   endfacet
   facet normal 0.000000e+00 0.000000e+00 1.000000e+00
      outer loop
         vertex 1.147809e+03 1.989016e+03 1.000000e+03
         vertex 1.004662e+03 1.033174e+03 1.000000e+03
         vertex 1.004952e+03 1.033132e+03 1.000000e+03
      endloop
   endfacet
   facet normal 0.000000e+00 0.000000e+00 1.000000e+00
      outer loop
         vertex 1.147809e+03 1.989016e+03 1.000000e+03
         vertex 1.004952e+03 1.033132e+03 1.000000e+03
         vertex 1.156434e+03 1.987688e+03 1.000000e+03
      endloop
   endfacet
   facet normal 0.000000e+00 0.000000e+00 1.000000e+00
      outer loop
         vertex 1.156434e+03 1.987688e+03 1.000000e+03
         vertex 1.004952e+03 1.033132e+03 1.000000e+03
         vertex 1.005241e+03 1.033088e+03 1.000000e+03
      endloop
   endfacet
   facet normal 0.000000e+00 0.000000e+00 1.000000e+00
      outer loop
         vertex 1.156434e+03 1.987688e+03 1.000000e+03
         vertex 1.005241e+03 1.033088e+03 1.000000e+03
         vertex 1.165048e+03 1.986286e+03 1.000000e+03
      endloop
   endfacet
   facet normal 0.000000e+00 0.000000e+00 1.000000e+00
      outer loop
         vertex 1.165048e+03 1.986286e+03 1.000000e+03
         vertex 1.005241e+03 1.033088e+03 1.000000e+03
         vertex 1.005529e+03 1.033041e+03 1.000000e+03
      endloop
   endfacet
   facet normal 0.000000e+00 0.000000e+00 1.000000e+00
      outer loop
         vertex 1.165048e+03 1.986286e+03 1.000000e+03
         vertex 1.005529e+03 1.033041e+03 1.000000e+03
         vertex 1.173648e+03 1.984808e+03 1.000000e+03
      endloop
   endfacet
   facet normal 0.000000e+00 0.000000e+00 1.000000e+00
      outer loop
         vertex 1.173648e+03 1.984808e+03 1.000000e+03
         vertex 1.005529e+03 1.033041e+03 1.000000e+03
         vertex 1.005817e+03 1.032991e+03 1.000000e+03
      endloop
   endfacet
   facet normal 0.000000e+00 0.000000e+00 1.000000e+00
      outer loop
         vertex 1.173648e+03 1.984808e+03 1.000000e+03
         vertex 1.005817e+03 1.032991e+03 1.000000e+03
         vertex 1.182236e+03 1.983255e+03 1.000000e+03
      endloop
   endfacet
   facet normal 0.000000e+00 0.000000e+00 1.000000e+00
      outer loop
         vertex 1.182236e+03 1.983255e+03 1.000000e+03
         vertex 1.005817e+03 1.032991e+03 1.000000e+03
         vertex 1.006105e+03 1.032939e+03 1.000000e+03
      endloop
   endfacet
   facet normal 0.000000e+00 0.000000e+00 1.000000e+00
      outer loop
         vertex 1.182236e+03 1.983255e+03 1.000000e+03
         vertex 1.006105e+03 1.032939e+03 1.000000e+03
         vertex 1.190809e+03 1.981627e+03 1.000000e+03
      endloop
   endfacet
   facet normal 0.000000e+00 0.000000e+00 1.000000e+00
      outer loop
         vertex 1.190809e+03 1.981627e+03 1.000000e+03
         vertex 1.006105e+03 1.032939e+03 1.000000e+03
         vertex 1.006392e+03 1.032885e+03 1.000000e+03
      endloop
   endfacet
   facet normal 0.000000e+00 0.000000e+00 1.000000e+00
      outer loop
         vertex 1.190809e+03 1.981627e+03 1.000000e+03
         vertex 1.006392e+03 1.032885e+03 1.000000e+03
         vertex 1.199368e+03 1.979925e+03 1.000000e+03
      endloop
   endfacet
   facet normal 0.000000e+00 0.000000e+00 1.000000e+00
      outer loop
         vertex 1.199368e+03 1.979925e+03 1.000000e+03
         vertex 1.006392e+03 1.032885e+03 1.000000e+03
         vertex 1.006679e+03 1.032827e+03 1.000000e+03
      endloop
   endfacet
   facet normal 0.000000e+00 0.000000e+00 1.000000e+00
      outer loop
         vertex 1.199368e+03 1.979925e+03 1.000000e+03
         vertex 1.006679e+03 1.032827e+03 1.000000e+03
         vertex 1.207912e+03 1.978148e+03 1.000000e+03
      endloop
   endfacet
   facet normal 0.000000e+00 0.000000e+00 1.000000e+00
      outer loop
         vertex 1.207912e+03 1.978148e+03 1.000000e+03
         vertex 1.006679e+03 1.032827e+03 1.000000e+03
         vertex 1.006965e+03 1.032768e+03 1.000000e+03
      endloop
   endfacet
   facet normal 0.000000e+00 0.000000e+00 1.000000e+00
      outer loop
         vertex 1.207912e+03 1.978148e+03 1.000000e+03
         vertex 1.006965e+03 1.032768e+03 1.000000e+03
         vertex 1.216440e+03 1.976296e+03 1.000000e+03
      endloop
   endfacet
   facet normal 0.000000e+00 0.000000e+00 1.000000e+00
      outer loop
         vertex 1.216440e+03 1.976296e+03 1.000000e+03
         vertex 1.006965e+03 1.032768e+03 1.000000e+03
         vertex 1.007251e+03 1.032706e+03 1.000000e+03
      endloop
   endfacet
   facet normal 0.000000e+00 0.000000e+00 1.000000e+00
      outer loop
         vertex 1.216440e+03 1.976296e+03 1.000000e+03
         vertex 1.007251e+03 1.032706e+03 1.000000e+03
         vertex 1.224951e+03 1.974370e+03 1.000000e+03
      endloop
   endfacet
   facet normal 0.000000e+00 0.000000e+00 1.000000e+00
      outer loop
         vertex 1.224951e+03 1.974370e+03 1.000000e+03
         vertex 1.007251e+03 1.032706e+03 1.000000e+03
         vertex 1.007536e+03 1.032641e+03 1.000000e+03
      endloop
   endfacet
   facet normal 0.000000e+00 0.000000e+00 1.000000e+00
      outer loop
         vertex 1.224951e+03 1.974370e+03 1.000000e+03
         vertex 1.007536e+03 1.032641e+03 1.000000e+03
         vertex 1.233445e+03 1.972370e+03 1.000000e+03
      endloop
   endfacet
   facet normal 0.000000e+00 0.000000e+00 1.000000e+00
      outer loop
         vertex 1.233445e+03 1.972370e+03 1.000000e+03
         vertex 1.007536e+03 1.032641e+03 1.000000e+03
         vertex 1.007820e+03 1.032574e+03 1.000000e+03
      endloop
   endfacet
   facet normal 0.000000e+00 0.000000e+00 1.000000e+00
      outer loop
         vertex 1.233445e+03 1.972370e+03 1.000000e+03
         vertex 1.007820e+03 1.032574e+03 1.000000e+03
         vertex 1.241922e+03 1.970296e+03 1.000000e+03
      endloop
   endfacet
   facet normal 0.000000e+00 0.000000e+00 1.000000e+00
      outer loop
         vertex 1.241922e+03 1.970296e+03 1.000000e+03
         vertex 1.007820e+03 1.032574e+03 1.000000e+03
         vertex 1.008104e+03 1.032505e+03 1.000000e+03
      endloop
   endfacet
   facet normal 0.000000e+00 0.000000e+00 1.000000e+00
      outer loop
         vertex 1.241922e+03 1.970296e+03 1.000000e+03
         vertex 1.008104e+03 1.032505e+03 1.000000e+03
         vertex 1.250380e+03 1.968148e+03 1.000000e+03
      endloop
   endfacet
   facet normal 0.000000e+00 0.000000e+00 1.000000e+00
      outer loop
         vertex 1.250380e+03 1.968148e+03 1.000000e+03
         vertex 1.008104e+03 1.032505e+03 1.000000e+03
         vertex 1.008388e+03 1.032433e+03 1.000000e+03
      endloop
   endfacet
   facet normal 0.000000e+00 0.000000e+00 1.000000e+00
      outer loop
         vertex 1.250380e+03 1.968148e+03 1.000000e+03
         vertex 1.008388e+03 1.032433e+03 1.000000e+03
         vertex 1.258819e+03 1.965926e+03 1.000000e+03
      endloop
   endfacet
   facet normal 0.000000e+00 0.000000e+00 1.000000e+00
      outer loop
         vertex 1.258819e+03 1.965926e+03 1.000000e+03
         vertex 1.008388e+03 1.032433e+03 1.000000e+03
         vertex 1.008670e+03 1.032359e+03 1.000000e+03
      endloop
   endfacet
   facet normal 0.000000e+00 0.000000e+00 1.000000e+00
      outer loop
         vertex 1.258819e+03 1.965926e+03 1.000000e+03
         vertex 1.008670e+03 1.032359e+03 1.000000e+03
         vertex 1.267238e+03 1.963630e+03 1.000000e+03
      endloop
   endfacet
   facet normal 0.000000e+00 0.000000e+00 1.000000e+00
      outer loop
         vertex 1.267238e+03 1.963630e+03 1.000000e+03
         vertex 1.008670e+03 1.032359e+03 1.000000e+03
         vertex 1.008952e+03 1.032282e+03 1.000000e+03
      endloop
   endfacet
   facet normal 0.000000e+00 0.000000e+00 1.000000e+00
      outer loop
         vertex 1.267238e+03 1.963630e+03 1.000000e+03
         vertex 1.008952e+03 1.032282e+03 1.000000e+03
         vertex 1.275637e+03 1.961262e+03 1.000000e+03
      endloop
   endfacet
   facet normal 0.000000e+00 0.000000e+00 1.000000e+00
      outer loop
         vertex 1.275637e+03 1.961262e+03 1.000000e+03
         vertex 1.008952e+03 1.032282e+03 1.000000e+03
         vertex 1.009234e+03 1.032202e+03 1.000000e+03
      endloop
   endfacet
   facet normal 0.000000e+00 -0.000000e+00 1.000000e+00
      outer loop
         vertex 1.428327e+02 4.849619e+02 1.000000e+03
         vertex 9.712849e+02 9.827462e+02 1.000000e+03
         vertex 1.383708e+02 4.924616e+02 1.000000e+03
      endloop
   endfacet
   facet normal 0.000000e+00 0.000000e+00 1.000000e+00
      outer loop
         vertex 1.383708e+02 4.924616e+02 1.000000e+03
         vertex 9.712849e+02 9.827462e+02 1.000000e+03
         vertex 9.711354e+02 9.829975e+02 1.000000e+03
      endloop
   endfacet
   facet normal 0.000000e+00 -0.000000e+00 1.000000e+00
      outer loop
         vertex 1.383708e+02 4.924616e+02 1.000000e+03
         vertex 9.711354e+02 9.829975e+02 1.000000e+03
         vertex 1.339746e+02 5.000000e+02 1.000000e+03
      endloop
   endfacet
   facet normal 0.000000e+00 0.000000e+00 1.000000e+00
      outer loop
         vertex 1.339746e+02 5.000000e+02 1.000000e+03
         vertex 9.711354e+02 9.829975e+02 1.000000e+03
         vertex 9.709881e+02 9.832500e+02 1.000000e+03
      endloop
   endfacet
   facet normal 0.000000e+00 -0.000000e+00 1.000000e+00
      outer loop
         vertex 1.339746e+02 5.000000e+02 1.000000e+03
         vertex 9.709881e+02 9.832500e+02 1.000000e+03
         vertex 1.296443e+02 5.075764e+02 1.000000e+03
      endloop
   endfacet
   facet normal 0.000000e+00 0.000000e+00 1.000000e+00
      outer loop
         vertex 1.296443e+02 5.075764e+02 1.000000e+03
         vertex 9.709881e+02 9.832500e+02 1.000000e+03
         vertex 9.708431e+02 9.835038e+02 1.000000e+03
      endloop
   endfacet
   facet normal 0.000000e+00 -0.000000e+00 1.000000e+00
      outer loop
         vertex 1.296443e+02 5.075764e+02 1.000000e+03
         vertex 9.708431e+02 9.835038e+02 1.000000e+03
         vertex 1.253803e+02 5.151904e+02 1.000000e+03
      endloop
   endfacet
   facet normal 0.000000e+00 0.000000e+00 1.000000e+00
      outer loop
         vertex 1.253803e+02 5.151904e+02 1.000000e+03
         vertex 9.708431e+02 9.835038e+02 1.000000e+03
         vertex 9.707002e+02 9.837589e+02 1.000000e+03
      endloop
   endfacet
   facet normal 0.000000e+00 -0.000000e+00 1.000000e+00
      outer loop
         vertex 1.253803e+02 5.151904e+02 1.000000e+03
         vertex 9.707002e+02 9.837589e+02 1.000000e+03
         vertex 1.211829e+02 5.228412e+02 1.000000e+03
      endloop
   endfacet
   facet normal 0.000000e+00 0.000000e+00 1.000000e+00
      outer loop
         vertex 1.211829e+02 5.228412e+02 1.000000e+03
         vertex 9.707002e+02 9.837589e+02 1.000000e+03
         vertex 9.705596e+02 9.840152e+02 1.000000e+03
      endloop
   endfacet
   facet normal 0.000000e+00 -0.000000e+00 1.000000e+00
      outer loop
         vertex 1.211829e+02 5.228412e+02 1.000000e+03
         vertex 9.705596e+02 9.840152e+02 1.000000e+03
         vertex 1.170524e+02 5.305284e+02 1.000000e+03
      endloop
   endfacet
   facet normal 0.000000e+00 0.000000e+00 1.000000e+00
      outer loop
         vertex 1.170524e+02 5.305284e+02 1.000000e+03
         vertex 9.705596e+02 9.840152e+02 1.000000e+03
         vertex 9.704213e+02 9.842727e+02 1.000000e+03
      endloop
   endfacet
   facet normal 0.000000e+00 -0.000000e+00 1.000000e+00
      outer loop
         vertex 1.170524e+02 5.305284e+02 1.000000e+03
         vertex 9.704213e+02 9.842727e+02 1.000000e+03
         vertex 1.129892e+02 5.382514e+02 1.000000e+03
      endloop
   endfacet
   facet normal 0.000000e+00 0.000000e+00 1.000000e+00
      outer loop
         vertex 1.129892e+02 5.382514e+02 1.000000e+03
         vertex 9.704213e+02 9.842727e+02 1.000000e+03
         vertex 9.702851e+02 9.845314e+02 1.000000e+03
      endloop
   endfacet
   facet normal 0.000000e+00 -0.000000e+00 1.000000e+00
      outer loop
         vertex 1.129892e+02 5.382514e+02 1.000000e+03
         vertex 9.702851e+02 9.845314e+02 1.000000e+03
         vertex 1.089935e+02 5.460095e+02 1.000000e+03
      endloop
   endfacet
   facet normal 0.000000e+00 0.000000e+00 1.000000e+00
      outer loop
         vertex 1.089935e+02 5.460095e+02 1.000000e+03
         vertex 9.702851e+02 9.845314e+02 1.000000e+03
         vertex 9.701513e+02 9.847913e+02 1.000000e+03
      endloop
   endfacet
   facet normal 0.000000e+00 -0.000000e+00 1.000000e+00
      outer loop
         vertex 1.089935e+02 5.460095e+02 1.000000e+03
         vertex 9.701513e+02 9.847913e+02 1.000000e+03
         vertex 1.050656e+02 5.538022e+02 1.000000e+03
      endloop
   endfacet
   facet normal 0.000000e+00 0.000000e+00 1.000000e+00
      outer loop
         vertex 1.050656e+02 5.538022e+02 1.000000e+03
         vertex 9.701513e+02 9.847913e+02 1.000000e+03
         vertex 9.700197e+02 9.850524e+02 1.000000e+03
      endloop
   endfacet
   facet normal 0.000000e+00 -0.000000e+00 1.000000e+00
      outer loop
         vertex 1.050656e+02 5.538022e+02 1.000000e+03
         vertex 9.700197e+02 9.850524e+02 1.000000e+03
         vertex 1.012059e+02 5.616288e+02 1.000000e+03
      endloop
   endfacet
   facet normal 0.000000e+00 0.000000e+00 1.000000e+00
      outer loop
         vertex 1.012059e+02 5.616288e+02 1.000000e+03
         vertex 9.700197e+02 9.850524e+02 1.000000e+03
         vertex 9.698904e+02 9.853146e+02 1.000000e+03
      endloop
   endfacet
   facet normal 0.000000e+00 -0.000000e+00 1.000000e+00
      outer loop
         vertex 1.012059e+02 5.616288e+02 1.000000e+03
         vertex 9.698904e+02 9.853146e+02 1.000000e+03
         vertex 9.741473e+01 5.694889e+02 1.000000e+03
      endloop
   endfacet
   facet normal 0.000000e+00 0.000000e+00 1.000000e+00
      outer loop
         vertex 9.741473e+01 5.694889e+02 1.000000e+03
         vertex 9.698904e+02 9.853146e+02 1.000000e+03
         vertex 9.697634e+02 9.855779e+02 1.000000e+03
      endloop
   endfacet
   facet normal 0.000000e+00 -0.000000e+00 1.000000e+00
      outer loop
         vertex 9.741473e+01 5.694889e+02 1.000000e+03
         vertex 9.697634e+02 9.855779e+02 1.000000e+03
         vertex 9.369218e+01 5.773817e+02 1.000000e+03
      endloop
   endfacet
   facet normal 0.000000e+00 0.000000e+00 1.000000e+00
      outer loop
         vertex 9.369218e+01 5.773817e+02 1.000000e+03
         vertex 9.697634e+02 9.855779e+02 1.000000e+03
         vertex 9.696387e+02 9.858423e+02 1.000000e+03
      endloop
   endfacet
   facet normal 0.000000e+00 -0.000000e+00 1.000000e+00
      outer loop
         vertex 9.369218e+01 5.773817e+02 1.000000e+03
         vertex 9.696387e+02 9.858423e+02 1.000000e+03
         vertex 9.003872e+01 5.853068e+02 1.000000e+03
      endloop
   endfacet
   facet normal 0.000000e+00 0.000000e+00 1.000000e+00
      outer loop
         vertex 9.003872e+01 5.853068e+02 1.000000e+03
         vertex 9.696387e+02 9.858423e+02 1.000000e+03
         vertex 9.695163e+02 9.861078e+02 1.000000e+03
      endloop
   endfacet
   facet normal 0.000000e+00 -0.000000e+00 1.000000e+00
      outer loop
         vertex 9.003872e+01 5.853068e+02 1.000000e+03
         vertex 9.695163e+02 9.861078e+02 1.000000e+03
         vertex 8.645457e+01 5.932634e+02 1.000000e+03
      endloop
   endfacet
   facet normal 0.000000e+00 0.000000e+00 1.000000e+00
      outer loop
         vertex 8.645457e+01 5.932634e+02 1.000000e+03
         vertex 9.695163e+02 9.861078e+02 1.000000e+03
         vertex 9.693962e+02 9.863743e+02 1.000000e+03
      endloop
   endfacet
   facet normal 0.000000e+00 -0.000000e+00 1.000000e+00
      outer loop
         vertex 8.645457e+01 5.932634e+02 1.000000e+03
         vertex 9.693962e+02 9.863743e+02 1.000000e+03
         vertex 8.293992e+01 6.012509e+02 1.000000e+03
      endloop
   endfacet
   facet normal 0.000000e+00 0.000000e+00 1.000000e+00
      outer loop
         vertex 8.293992e+01 6.012509e+02 1.000000e+03
         vertex 9.693962e+02 9.863743e+02 1.000000e+03
         vertex 9.692785e+02 9.866419e+02 1.000000e+03
      endloop
   endfacet
   facet normal 0.000000e+00 -0.000000e+00 1.000000e+00
      outer loop
         vertex 8.293992e+01 6.012509e+02 1.000000e+03
         vertex 9.692785e+02 9.866419e+02 1.000000e+03
         vertex 7.949513e+01 6.092689e+02 1.000000e+03
      endloop
   endfacet
   facet normal 0.000000e+00 0.000000e+00 1.000000e+00
      outer loop
         vertex 7.949513e+01 6.092689e+02 1.000000e+03
         vertex 9.692785e+02 9.866419e+02 1.000000e+03
         vertex 9.691631e+02 9.869105e+02 1.000000e+03
      endloop
   endfacet
   facet normal 0.000000e+00 -0.000000e+00 1.000000e+00
      outer loop
         vertex 7.949513e+01 6.092689e+02 1.000000e+03
         vertex 9.691631e+02 9.869105e+02 1.000000e+03
         vertex 7.612050e+01 6.173166e+02 1.000000e+03
      endloop
   endfacet
   facet normal 0.000000e+00 0.000000e+00 1.000000e+00
      outer loop
         vertex 7.612050e+01 6.173166e+02 1.000000e+03
         vertex 9.691631e+02 9.869105e+02 1.000000e+03
         vertex 9.690500e+02 9.871801e+02 1.000000e+03
      endloop
   endfacet
   facet normal 0.000000e+00 -0.000000e+00 1.000000e+00
      outer loop
         vertex 7.612050e+01 6.173166e+02 1.000000e+03
         vertex 9.690500e+02 9.871801e+02 1.000000e+03
         vertex 7.281613e+01 6.253934e+02 1.000000e+03
      endloop
   endfacet
   facet normal 0.000000e+00 0.000000e+00 1.000000e+00
      outer loop
         vertex 7.281613e+01 6.253934e+02 1.000000e+03
         vertex 9.690500e+02 9.871801e+02 1.000000e+03
         vertex 9.689393e+02 9.874507e+02 1.000000e+03
      endloop
   endfacet
   facet normal 0.000000e+00 -0.000000e+00 1.000000e+00
      outer loop
         vertex 7.281613e+01 6.253934e+02 1.000000e+03
         vertex 9.689393e+02 9.874507e+02 1.000000e+03
         vertex 6.958240e+01 6.334988e+02 1.000000e+03
      endloop
   endfacet
   facet normal 0.000000e+00 0.000000e+00 1.000000e+00
      outer loop
         vertex 6.958240e+01 6.334988e+02 1.000000e+03
         vertex 9.689393e+02 9.874507e+02 1.000000e+03
         vertex 9.688310e+02 9.877222e+02 1.000000e+03
      endloop
   endfacet
   facet normal 0.000000e+00 -0.000000e+00 1.000000e+00
      outer loop
         vertex 6.958240e+01 6.334988e+02 1.000000e+03
         vertex 9.688310e+02 9.877222e+02 1.000000e+03
         vertex 6.641960e+01 6.416321e+02 1.000000e+03
      endloop
   endfacet
   facet normal 0.000000e+00 0.000000e+00 1.000000e+00
      outer loop
         vertex 6.641960e+01 6.416321e+02 1.000000e+03
         vertex 9.688310e+02 9.877222e+02 1.000000e+03
         vertex 9.687251e+02 9.879947e+02 1.000000e+03
      endloop
   endfacet
   facet normal 0.000000e+00 -0.000000e+00 1.000000e+00
      outer loop
         vertex 6.641960e+01 6.416321e+02 1.000000e+03
         vertex 9.687251e+02 9.879947e+02 1.000000e+03
         vertex 6.332779e+01 6.497926e+02 1.000000e+03
      endloop
   endfacet
   facet normal 0.000000e+00 0.000000e+00 1.000000e+00
      outer loop
         vertex 6.332779e+01 6.497926e+02 1.000000e+03
         vertex 9.687251e+02 9.879947e+02 1.000000e+03
         vertex 9.686215e+02 9.882681e+02 1.000000e+03
      endloop
   endfacet
   facet normal 0.000000e+00 -0.000000e+00 1.000000e+00
      outer loop
         vertex 6.332779e+01 6.497926e+02 1.000000e+03
         vertex 9.686215e+02 9.882681e+02 1.000000e+03
         vertex 6.030738e+01 6.579798e+02 1.000000e+03
      endloop
   endfacet
   facet normal 0.000000e+00 0.000000e+00 1.000000e+00
      outer loop
         vertex 6.030738e+01 6.579798e+02 1.000000e+03
         vertex 9.686215e+02 9.882681e+02 1.000000e+03
         vertex 9.685203e+02 9.885423e+02 1.000000e+03
      endloop
   endfacet
   facet normal 0.000000e+00 -0.000000e+00 1.000000e+00
      outer loop
         vertex 6.030738e+01 6.579798e+02 1.000000e+03
         vertex 9.685203e+02 9.885423e+02 1.000000e+03
         vertex 5.735850e+01 6.661931e+02 1.000000e+03
      endloop
   endfacet
   facet normal 0.000000e+00 0.000000e+00 1.000000e+00
      outer loop
         vertex 5.735850e+01 6.661931e+02 1.000000e+03
         vertex 9.685203e+02 9.885423e+02 1.000000e+03
         vertex 9.684215e+02 9.888175e+02 1.000000e+03
      endloop
   endfacet
   facet normal 0.000000e+00 -0.000000e+00 1.000000e+00
      outer loop
         vertex 5.735850e+01 6.661931e+02 1.000000e+03
         vertex 9.684215e+02 9.888175e+02 1.000000e+03
         vertex 5.448145e+01 6.744318e+02 1.000000e+03
      endloop
   endfacet
   facet normal 0.000000e+00 0.000000e+00 1.000000e+00
      outer loop
         vertex 5.448145e+01 6.744318e+02 1.000000e+03
         vertex 9.684215e+02 9.888175e+02 1.000000e+03
         vertex 9.683251e+02 9.890935e+02 1.000000e+03
      endloop
   endfacet
   facet normal 0.000000e+00 -0.000000e+00 1.000000e+00
      outer loop
         vertex 5.448145e+01 6.744318e+02 1.000000e+03
         vertex 9.683251e+02 9.890935e+02 1.000000e+03
         vertex 5.167633e+01 6.826953e+02 1.000000e+03
      endloop
   endfacet
   facet normal 0.000000e+00 0.000000e+00 1.000000e+00
      outer loop
         vertex 5.167633e+01 6.826953e+02 1.000000e+03
         vertex 9.683251e+02 9.890935e+02 1.000000e+03
         vertex 9.682312e+02 9.893703e+02 1.000000e+03
      endloop
   endfacet
   facet normal 0.000000e+00 -0.000000e+00 1.000000e+00
      outer loop
         vertex 5.167633e+01 6.826953e+02 1.000000e+03
         vertex 9.682312e+02 9.893703e+02 1.000000e+03
         vertex 4.894346e+01 6.909830e+02 1.000000e+03
      endloop
   endfacet
   facet normal 0.000000e+00 0.000000e+00 1.000000e+00
      outer loop
         vertex 4.894346e+01 6.909830e+02 1.000000e+03
         vertex 9.682312e+02 9.893703e+02 1.000000e+03
         vertex 9.681396e+02 9.896479e+02 1.000000e+03
      endloop
   endfacet
   facet normal 0.000000e+00 -0.000000e+00 1.000000e+00
      outer loop
         vertex 4.894346e+01 6.909830e+02 1.000000e+03
         vertex 9.681396e+02 9.896479e+02 1.000000e+03
         vertex 4.628307e+01 6.992942e+02 1.000000e+03
      endloop
   endfacet
   facet normal 0.000000e+00 0.000000e+00 1.000000e+00
      outer loop
         vertex 4.628307e+01 6.992942e+02 1.000000e+03
         vertex 9.681396e+02 9.896479e+02 1.000000e+03
         vertex 9.680505e+02 9.899264e+02 1.000000e+03
      endloop
   endfacet
   facet normal 0.000000e+00 -0.000000e+00 1.000000e+00
      outer loop
         vertex 4.628307e+01 6.992942e+02 1.000000e+03
         vertex 9.680505e+02 9.899264e+02 1.000000e+03
         vertex 4.369527e+01 7.076283e+02 1.000000e+03
      endloop
   endfacet
   facet normal 0.000000e+00 0.000000e+00 1.000000e+00
      outer loop
         vertex 4.369527e+01 7.076283e+02 1.000000e+03
         vertex 9.680505e+02 9.899264e+02 1.000000e+03
         vertex 9.679638e+02 9.902055e+02 1.000000e+03
      endloop
   endfacet
   facet normal 0.000000e+00 -0.000000e+00 1.000000e+00
      outer loop
         vertex 4.369527e+01 7.076283e+02 1.000000e+03
         vertex 9.679638e+02 9.902055e+02 1.000000e+03
         vertex 4.118025e+01 7.159846e+02 1.000000e+03
      endloop
   endfacet
   facet normal 0.000000e+00 0.000000e+00 1.000000e+00
      outer loop
         vertex 4.118025e+01 7.159846e+02 1.000000e+03
         vertex 9.679638e+02 9.902055e+02 1.000000e+03
         vertex 9.678795e+02 9.904855e+02 1.000000e+03
      endloop
   endfacet
   facet normal 0.000000e+00 -0.000000e+00 1.000000e+00
      outer loop
         vertex 4.118025e+01 7.159846e+02 1.000000e+03
         vertex 9.678795e+02 9.904855e+02 1.000000e+03
         vertex 3.873831e+01 7.243626e+02 1.000000e+03
      endloop
   endfacet
   facet normal 0.000000e+00 0.000000e+00 1.000000e+00
      outer loop
         vertex 3.873831e+01 7.243626e+02 1.000000e+03
         vertex 9.678795e+02 9.904855e+02 1.000000e+03
         vertex 9.677977e+02 9.907661e+02 1.000000e+03
      endloop
   endfacet
   facet normal 0.000000e+00 -0.000000e+00 1.000000e+00
      outer loop
         vertex 3.873831e+01 7.243626e+02 1.000000e+03
         vertex 9.677977e+02 9.907661e+02 1.000000e+03
         vertex 3.636956e+01 7.327616e+02 1.000000e+03
      endloop
   endfacet
   facet normal 0.000000e+00 0.000000e+00 1.000000e+00
      outer loop
         vertex 3.636956e+01 7.327616e+02 1.000000e+03
         vertex 9.677977e+02 9.907661e+02 1.000000e+03
         vertex 9.677184e+02 9.910475e+02 1.000000e+03
      endloop
   endfacet
   facet normal 0.000000e+00 -0.000000e+00 1.000000e+00
      outer loop
         vertex 3.636956e+01 7.327616e+02 1.000000e+03
         vertex 9.677184e+02 9.910475e+02 1.000000e+03
         vertex 3.407419e+01 7.411810e+02 1.000000e+03
      endloop
   endfacet
   facet normal 0.000000e+00 0.000000e+00 1.000000e+00
      outer loop
         vertex 3.407419e+01 7.411810e+02 1.000000e+03
         vertex 9.677184e+02 9.910475e+02 1.000000e+03
         vertex 9.676415e+02 9.913296e+02 1.000000e+03
      endloop
   endfacet
   facet normal 0.000000e+00 -0.000000e+00 1.000000e+00
      outer loop
         vertex 3.407419e+01 7.411810e+02 1.000000e+03
         vertex 9.676415e+02 9.913296e+02 1.000000e+03
         vertex 3.185236e+01 7.496200e+02 1.000000e+03
      endloop
   endfacet
   facet normal 0.000000e+00 0.000000e+00 1.000000e+00
      outer loop
         vertex 3.185236e+01 7.496200e+02 1.000000e+03
         vertex 9.676415e+02 9.913296e+02 1.000000e+03
         vertex 9.675671e+02 9.916123e+02 1.000000e+03
      endloop
   endfacet
   facet normal 0.000000e+00 -0.000000e+00 1.000000e+00
      outer loop
         vertex 3.185236e+01 7.496200e+02 1.000000e+03
         vertex 9.675671e+02 9.916123e+02 1.000000e+03
         vertex 2.970427e+01 7.580781e+02 1.000000e+03
      endloop
   endfacet
   facet normal 0.000000e+00 0.000000e+00 1.000000e+00
      outer loop
         vertex 2.970427e+01 7.580781e+02 1.000000e+03
         vertex 9.675671e+02 9.916123e+02 1.000000e+03
         vertex 9.674951e+02 9.918956e+02 1.000000e+03
      endloop
   endfacet
   facet normal 0.000000e+00 -0.000000e+00 1.000000e+00
      outer loop
         vertex 2.970427e+01 7.580781e+02 1.000000e+03
         vertex 9.674951e+02 9.918956e+02 1.000000e+03
         vertex 2.763009e+01 7.665546e+02 1.000000e+03
      endloop
   endfacet
   facet normal 0.000000e+00 0.000000e+00 1.000000e+00
      outer loop
         vertex 2.763009e+01 7.665546e+02 1.000000e+03
         vertex 9.674951e+02 9.918956e+02 1.000000e+03
         vertex 9.674256e+02 9.921796e+02 1.000000e+03
      endloop
   endfacet
   facet normal 0.000000e+00 -0.000000e+00 1.000000e+00
      outer loop
         vertex 2.763009e+01 7.665546e+02 1.000000e+03
         vertex 9.674256e+02 9.921796e+02 1.000000e+03
         vertex 2.562994e+01 7.750489e+02 1.000000e+03
      endloop
   endfacet
   facet normal 0.000000e+00 0.000000e+00 1.000000e+00
      outer loop
         vertex 2.562994e+01 7.750489e+02 1.000000e+03
         vertex 9.674256e+02 9.921796e+02 1.000000e+03
         vertex 9.673586e+02 9.924641e+02 1.000000e+03
      endloop
   endfacet
   facet normal 0.000000e+00 -0.000000e+00 1.000000e+00
      outer loop
         vertex 2.562994e+01 7.750489e+02 1.000000e+03
         vertex 9.673586e+02 9.924641e+02 1.000000e+03
         vertex 2.370399e+01 7.835604e+02 1.000000e+03
      endloop
   endfacet
   facet normal 0.000000e+00 0.000000e+00 1.000000e+00
      outer loop
         vertex 2.370399e+01 7.835604e+02 1.000000e+03
         vertex 9.673586e+02 9.924641e+02 1.000000e+03
         vertex 9.672941e+02 9.927493e+02 1.000000e+03
      endloop
   endfacet
   facet normal 0.000000e+00 -0.000000e+00 1.000000e+00
      outer loop
         vertex 2.370399e+01 7.835604e+02 1.000000e+03
         vertex 9.672941e+02 9.927493e+02 1.000000e+03
         vertex 2.185237e+01 7.920883e+02 1.000000e+03
      endloop
   endfacet
   facet normal 0.000000e+00 0.000000e+00 1.000000e+00
      outer loop
         vertex 2.185237e+01 7.920883e+02 1.000000e+03
         vertex 9.672941e+02 9.927493e+02 1.000000e+03
         vertex 9.672321e+02 9.930350e+02 1.000000e+03
      endloop
   endfacet
   facet normal 0.000000e+00 -0.000000e+00 1.000000e+00
      outer loop
         vertex 2.185237e+01 7.920883e+02 1.000000e+03
         vertex 9.672321e+02 9.930350e+02 1.000000e+03
         vertex 2.007532e+01 8.006321e+02 1.000000e+03
      endloop
   endfacet
   facet normal 0.000000e+00 0.000000e+00 1.000000e+00
      outer loop
         vertex 2.007532e+01 8.006321e+02 1.000000e+03
         vertex 9.672321e+02 9.930350e+02 1.000000e+03
         vertex 9.671725e+02 9.933212e+02 1.000000e+03
      endloop
   endfacet
   facet normal 0.000000e+00 -0.000000e+00 1.000000e+00
      outer loop
         vertex 2.007532e+01 8.006321e+02 1.000000e+03
         vertex 9.671725e+02 9.933212e+02 1.000000e+03
         vertex 1.837283e+01 8.091910e+02 1.000000e+03
      endloop
   endfacet
   facet normal 0.000000e+00 0.000000e+00 1.000000e+00
      outer loop
         vertex 1.837283e+01 8.091910e+02 1.000000e+03
         vertex 9.671725e+02 9.933212e+02 1.000000e+03
         vertex 9.671155e+02 9.936079e+02 1.000000e+03
      endloop
   endfacet
   facet normal 0.000000e+00 -0.000000e+00 1.000000e+00
      outer loop
         vertex 1.837283e+01 8.091910e+02 1.000000e+03
         vertex 9.671155e+02 9.936079e+02 1.000000e+03
         vertex 1.674509e+01 8.177645e+02 1.000000e+03
      endloop
   endfacet
   facet normal 0.000000e+00 0.000000e+00 1.000000e+00
      outer loop
         vertex 1.674509e+01 8.177645e+02 1.000000e+03
         vertex 9.671155e+02 9.936079e+02 1.000000e+03
         vertex 9.670610e+02 9.938951e+02 1.000000e+03
      endloop
   endfacet
   facet normal 0.000000e+00 -0.000000e+00 1.000000e+00
      outer loop
         vertex 1.674509e+01 8.177645e+02 1.000000e+03
         vertex 9.670610e+02 9.938951e+02 1.000000e+03
         vertex 1.519227e+01 8.263518e+02 1.000000e+03
      endloop
   endfacet
   facet normal 0.000000e+00 0.000000e+00 1.000000e+00
      outer loop
         vertex 1.519227e+01 8.263518e+02 1.000000e+03
         vertex 9.670610e+02 9.938951e+02 1.000000e+03
         vertex 9.670089e+02 9.941828e+02 1.000000e+03
      endloop
   endfacet
   facet normal 0.000000e+00 -0.000000e+00 1.000000e+00
      outer loop
         vertex 1.519227e+01 8.263518e+02 1.000000e+03
         vertex 9.670089e+02 9.941828e+02 1.000000e+03
         vertex 1.371437e+01 8.349524e+02 1.000000e+03
      endloop
   endfacet
   facet normal 0.000000e+00 0.000000e+00 1.000000e+00
      outer loop
         vertex 1.371437e+01 8.349524e+02 1.000000e+03
         vertex 9.670089e+02 9.941828e+02 1.000000e+03
         vertex 9.669594e+02 9.944709e+02 1.000000e+03
      endloop
   endfacet
   facet normal 0.000000e+00 -0.000000e+00 1.000000e+00
      outer loop
         vertex 1.371437e+01 8.349524e+02 1.000000e+03
         vertex 9.669594e+02 9.944709e+02 1.000000e+03
         vertex 1.231164e+01 8.435655e+02 1.000000e+03
      endloop
   endfacet
   facet normal 0.000000e+00 0.000000e+00 1.000000e+00
      outer loop
         vertex 1.231164e+01 8.435655e+02 1.000000e+03
         vertex 9.669594e+02 9.944709e+02 1.000000e+03
         vertex 9.669124e+02 9.947594e+02 1.000000e+03
      endloop
   endfacet
   facet normal 0.000000e+00 -0.000000e+00 1.000000e+00
      outer loop
         vertex 1.231164e+01 8.435655e+02 1.000000e+03
         vertex 9.669124e+02 9.947594e+02 1.000000e+03
         vertex 1.098412e+01 8.521906e+02 1.000000e+03
      endloop
   endfacet
   facet normal 0.000000e+00 0.000000e+00 1.000000e+00
      outer loop
         vertex 1.098412e+01 8.521906e+02 1.000000e+03
         vertex 9.669124e+02 9.947594e+02 1.000000e+03
         vertex 9.668680e+02 9.950484e+02 1.000000e+03
      endloop
   endfacet
   facet normal 0.000000e+00 -0.000000e+00 1.000000e+00
      outer loop
         vertex 1.098412e+01 8.521906e+02 1.000000e+03
         vertex 9.668680e+02 9.950484e+02 1.000000e+03
         vertex 9.731948e+00 8.608269e+02 1.000000e+03
      endloop
   endfacet
   facet normal 0.000000e+00 0.000000e+00 1.000000e+00
      outer loop
         vertex 9.731948e+00 8.608269e+02 1.000000e+03
         vertex 9.668680e+02 9.950484e+02 1.000000e+03
         vertex 9.668260e+02 9.953377e+02 1.000000e+03
      endloop
   endfacet
   facet normal 0.000000e+00 -0.000000e+00 1.000000e+00
      outer loop
         vertex 9.731948e+00 8.608269e+02 1.000000e+03
         vertex 9.668260e+02 9.953377e+02 1.000000e+03
         vertex 8.555114e+00 8.694738e+02 1.000000e+03
      endloop
   endfacet
   facet normal 0.000000e+00 0.000000e+00 1.000000e+00
      outer loop
         vertex 8.555114e+00 8.694738e+02 1.000000e+03
         vertex 9.668260e+02 9.953377e+02 1.000000e+03
         vertex 9.667866e+02 9.956274e+02 1.000000e+03
      endloop
   endfacet
   facet normal 0.000000e+00 -0.000000e+00 1.000000e+00
      outer loop
         vertex 8.555114e+00 8.694738e+02 1.000000e+03
         vertex 9.667866e+02 9.956274e+02 1.000000e+03
         vertex 7.453859e+00 8.781307e+02 1.000000e+03
      endloop
   endfacet
   facet normal 0.000000e+00 0.000000e+00 1.000000e+00
      outer loop
         vertex 7.453859e+00 8.781307e+02 1.000000e+03
         vertex 9.667866e+02 9.956274e+02 1.000000e+03
         vertex 9.667497e+02 9.959174e+02 1.000000e+03
      endloop
   endfacet
   facet normal 0.000000e+00 -0.000000e+00 1.000000e+00
      outer loop
         vertex 7.453859e+00 8.781307e+02 1.000000e+03
         vertex 9.667497e+02 9.959174e+02 1.000000e+03
         vertex 6.428123e+00 8.867968e+02 1.000000e+03
      endloop
   endfacet
   facet normal 0.000000e+00 0.000000e+00 1.000000e+00
      outer loop
         vertex 6.428123e+00 8.867968e+02 1.000000e+03
         vertex 9.667497e+02 9.959174e+02 1.000000e+03
         vertex 9.667153e+02 9.962077e+02 1.000000e+03
      endloop
   endfacet
   facet normal 0.000000e+00 -0.000000e+00 1.000000e+00
      outer loop
         vertex 6.428123e+00 8.867968e+02 1.000000e+03
         vertex 9.667153e+02 9.962077e+02 1.000000e+03
         vertex 5.478084e+00 8.954715e+02 1.000000e+03
      endloop
   endfacet
   facet normal 0.000000e+00 0.000000e+00 1.000000e+00
      outer loop
         vertex 5.478084e+00 8.954715e+02 1.000000e+03
         vertex 9.667153e+02 9.962077e+02 1.000000e+03
         vertex 9.666835e+02 9.964983e+02 1.000000e+03
      endloop
   endfacet
   facet normal 0.000000e+00 -0.000000e+00 1.000000e+00
      outer loop
         vertex 5.478084e+00 8.954715e+02 1.000000e+03
         vertex 9.666835e+02 9.964983e+02 1.000000e+03
         vertex 4.603803e+00 9.041542e+02 1.000000e+03
      endloop
   endfacet
   facet normal 0.000000e+00 0.000000e+00 1.000000e+00
      outer loop
         vertex 4.603803e+00 9.041542e+02 1.000000e+03
         vertex 9.666835e+02 9.964983e+02 1.000000e+03
         vertex 9.666542e+02 9.967892e+02 1.000000e+03
      endloop
   endfacet
   facet normal 0.000000e+00 -0.000000e+00 1.000000e+00
      outer loop
         vertex 4.603803e+00 9.041542e+02 1.000000e+03
         vertex 9.666542e+02 9.967892e+02 1.000000e+03
         vertex 3.805280e+00 9.128443e+02 1.000000e+03
      endloop
   endfacet
   facet normal 0.000000e+00 0.000000e+00 1.000000e+00
      outer loop
         vertex 3.805280e+00 9.128443e+02 1.000000e+03
         vertex 9.666542e+02 9.967892e+02 1.000000e+03
         vertex 9.666275e+02 9.970803e+02 1.000000e+03
      endloop
   endfacet
   facet normal 0.000000e+00 -0.000000e+00 1.000000e+00
      outer loop
         vertex 3.805280e+00 9.128443e+02 1.000000e+03
         vertex 9.666275e+02 9.970803e+02 1.000000e+03
         vertex 3.082693e+00 9.215409e+02 1.000000e+03
      endloop
   endfacet
   facet normal 0.000000e+00 0.000000e+00 1.000000e+00
      outer loop
         vertex 3.082693e+00 9.215409e+02 1.000000e+03
         vertex 9.666275e+02 9.970803e+02 1.000000e+03
         vertex 9.666033e+02 9.973716e+02 1.000000e+03
      endloop
   endfacet
   facet normal 0.000000e+00 -0.000000e+00 1.000000e+00
      outer loop
         vertex 3.082693e+00 9.215409e+02 1.000000e+03
         vertex 9.666033e+02 9.973716e+02 1.000000e+03
         vertex 2.435923e+00 9.302435e+02 1.000000e+03
      endloop
   endfacet
   facet normal 0.000000e+00 0.000000e+00 1.000000e+00
      outer loop
         vertex 2.435923e+00 9.302435e+02 1.000000e+03
         vertex 9.666033e+02 9.973716e+02 1.000000e+03
         vertex 9.665816e+02 9.976632e+02 1.000000e+03
      endloop
   endfacet
   facet normal 0.000000e+00 -0.000000e+00 1.000000e+00
      outer loop
         vertex 2.435923e+00 9.302435e+02 1.000000e+03
         vertex 9.665816e+02 9.976632e+02 1.000000e+03
         vertex 1.865208e+00 9.389515e+02 1.000000e+03
      endloop
   endfacet
   facet normal 0.000000e+00 0.000000e+00 1.000000e+00
      outer loop
         vertex 1.865208e+00 9.389515e+02 1.000000e+03
         vertex 9.665816e+02 9.976632e+02 1.000000e+03
         vertex 9.665625e+02 9.979549e+02 1.000000e+03
      endloop
   endfacet
   facet normal 0.000000e+00 -0.000000e+00 1.000000e+00
      outer loop
         vertex 1.865208e+00 9.389515e+02 1.000000e+03
         vertex 9.665625e+02 9.979549e+02 1.000000e+03
         vertex 1.370490e+00 9.476640e+02 1.000000e+03
      endloop
   endfacet
   facet normal 0.000000e+00 0.000000e+00 1.000000e+00
      outer loop
         vertex 1.370490e+00 9.476640e+02 1.000000e+03
         vertex 9.665625e+02 9.979549e+02 1.000000e+03
         vertex 9.665459e+02 9.982467e+02 1.000000e+03
      endloop
   endfacet
   facet normal 0.000000e+00 -0.000000e+00 1.000000e+00
      outer loop
         vertex 1.370490e+00 9.476640e+02 1.000000e+03
         vertex 9.665459e+02 9.982467e+02 1.000000e+03
         vertex 9.517670e-01 9.563806e+02 1.000000e+03
      endloop
   endfacet
   facet normal 0.000000e+00 0.000000e+00 1.000000e+00
      outer loop
         vertex 9.517670e-01 9.563806e+02 1.000000e+03
         vertex 9.665459e+02 9.982467e+02 1.000000e+03
         vertex 9.665319e+02 9.985388e+02 1.000000e+03
      endloop
   endfacet
   facet normal 0.000000e+00 -0.000000e+00 1.000000e+00
      outer loop
         vertex 9.517670e-01 9.563806e+02 1.000000e+03
         vertex 9.665319e+02 9.985388e+02 1.000000e+03
         vertex 6.091595e-01 9.651005e+02 1.000000e+03
      endloop
   endfacet
   facet normal 0.000000e+00 0.000000e+00 1.000000e+00
      outer loop
         vertex 6.091595e-01 9.651005e+02 1.000000e+03
         vertex 9.665319e+02 9.985388e+02 1.000000e+03
         vertex 9.665204e+02 9.988309e+02 1.000000e+03
      endloop
   endfacet
   facet normal 0.000000e+00 -0.000000e+00 1.000000e+00
      outer loop
         vertex 6.091595e-01 9.651005e+02 1.000000e+03
         vertex 9.665204e+02 9.988309e+02 1.000000e+03
         vertex 3.426671e-01 9.738231e+02 1.000000e+03
      endloop
   endfacet
   facet normal 0.000000e+00 0.000000e+00 1.000000e+00
      outer loop
         vertex 3.426671e-01 9.738231e+02 1.000000e+03
         vertex 9.665204e+02 9.988309e+02 1.000000e+03
         vertex 9.665115e+02 9.991231e+02 1.000000e+03
      endloop
   endfacet
   facet normal 0.000000e+00 -0.000000e+00 1.000000e+00
      outer loop
         vertex 3.426671e-01 9.738231e+02 1.000000e+03
         vertex 9.665115e+02 9.991231e+02 1.000000e+03
         vertex 1.522899e-01 9.825476e+02 1.000000e+03
      endloop
   endfacet
   facet normal 0.000000e+00 0.000000e+00 1.000000e+00
      outer loop
         vertex 1.522899e-01 9.825476e+02 1.000000e+03
         vertex 9.665115e+02 9.991231e+02 1.000000e+03
         vertex 9.665051e+02 9.994153e+02 1.000000e+03
      endloop
   endfacet
   facet normal 0.000000e+00 -0.000000e+00 1.000000e+00
      outer loop
         vertex 1.522899e-01 9.825476e+02 1.000000e+03
         vertex 9.665051e+02 9.994153e+02 1.000000e+03
         vertex 3.808737e-02 9.912735e+02 1.000000e+03
      endloop
   endfacet
   facet normal 0.000000e+00 0.000000e+00 1.000000e+00
      outer loop
         vertex 3.808737e-02 9.912735e+02 1.000000e+03
         vertex 9.665051e+02 9.994153e+02 1.000000e+03
         vertex 9.665013e+02 9.997077e+02 1.000000e+03
      endloop
   endfacet
   facet normal 0.000000e+00 -0.000000e+00 1.000000e+00
      outer loop
         vertex 3.808737e-02 9.912735e+02 1.000000e+03
         vertex 9.665013e+02 9.997077e+02 1.000000e+03
         vertex 0.000000e+00 1.000000e+03 1.000000e+03
      endloop
   endfacet
   facet normal 0.000000e+00 0.000000e+00 1.000000e+00
      outer loop
         vertex 0.000000e+00 1.000000e+03 1.000000e+03
         vertex 9.665013e+02 9.997077e+02 1.000000e+03
         vertex 9.665000e+02 1.000000e+03 1.000000e+03
      endloop
   endfacet
   facet normal -0.000000e+00 0.000000e+00 1.000000e+00
      outer loop
         vertex 0.000000e+00 1.000000e+03 1.000000e+03
         vertex 9.665000e+02 1.000000e+03 1.000000e+03
         vertex 3.808737e-02 1.008727e+03 1.000000e+03
      endloop
   endfacet
   facet normal 0.000000e+00 0.000000e+00 1.000000e+00
      outer loop
         vertex 3.808737e-02 1.008727e+03 1.000000e+03
         vertex 9.665000e+02 1.000000e+03 1.000000e+03
         vertex 9.665013e+02 1.000292e+03 1.000000e+03
      endloop
   endfacet
   facet normal -0.000000e+00 0.000000e+00 1.000000e+00
      outer loop
         vertex 3.808737e-02 1.008727e+03 1.000000e+03
         vertex 9.665013e+02 1.000292e+03 1.000000e+03
         vertex 1.522899e-01 1.017452e+03 1.000000e+03
      endloop
   endfacet
   facet normal 0.000000e+00 0.000000e+00 1.000000e+00
      outer loop
         vertex 1.522899e-01 1.017452e+03 1.000000e+03
         vertex 9.665013e+02 1.000292e+03 1.000000e+03
         vertex 9.665051e+02 1.000585e+03 1.000000e+03
      endloop
   endfacet
   facet normal -0.000000e+00 0.000000e+00 1.000000e+00
      outer loop
         vertex 1.522899e-01 1.017452e+03 1.000000e+03
         vertex 9.665051e+02 1.000585e+03 1.000000e+03
         vertex 3.426671e-01 1.026177e+03 1.000000e+03
      endloop
   endfacet
   facet normal 0.000000e+00 0.000000e+00 1.000000e+00
      outer loop
         vertex 3.426671e-01 1.026177e+03 1.000000e+03
         vertex 9.665051e+02 1.000585e+03 1.000000e+03
         vertex 9.665115e+02 1.000877e+03 1.000000e+03
      endloop
   endfacet
   facet normal -0.000000e+00 0.000000e+00 1.000000e+00
      outer loop
         vertex 3.426671e-01 1.026177e+03 1.000000e+03
         vertex 9.665115e+02 1.000877e+03 1.000000e+03
         vertex 6.091595e-01 1.034899e+03 1.000000e+03
      endloop
   endfacet
   facet normal 0.000000e+00 0.000000e+00 1.000000e+00
      outer loop
         vertex 6.091595e-01 1.034899e+03 1.000000e+03
         vertex 9.665115e+02 1.000877e+03 1.000000e+03
         vertex 9.665204e+02 1.001169e+03 1.000000e+03
      endloop
   endfacet
   facet normal -0.000000e+00 0.000000e+00 1.000000e+00
      outer loop
         vertex 6.091595e-01 1.034899e+03 1.000000e+03
         vertex 9.665204e+02 1.001169e+03 1.000000e+03
         vertex 9.517670e-01 1.043619e+03 1.000000e+03
      endloop
   endfacet
   facet normal 0.000000e+00 0.000000e+00 1.000000e+00
      outer loop
         vertex 9.517670e-01 1.043619e+03 1.000000e+03
         vertex 9.665204e+02 1.001169e+03 1.000000e+03
         vertex 9.665319e+02 1.001461e+03 1.000000e+03
      endloop
   endfacet
   facet normal -0.000000e+00 0.000000e+00 1.000000e+00
      outer loop
         vertex 9.517670e-01 1.043619e+03 1.000000e+03
         vertex 9.665319e+02 1.001461e+03 1.000000e+03
         vertex 1.370490e+00 1.052336e+03 1.000000e+03
      endloop
   endfacet
   facet normal 0.000000e+00 0.000000e+00 1.000000e+00
      outer loop
         vertex 1.370490e+00 1.052336e+03 1.000000e+03
         vertex 9.665319e+02 1.001461e+03 1.000000e+03
         vertex 9.665459e+02 1.001753e+03 1.000000e+03
      endloop
   endfacet
   facet normal -0.000000e+00 0.000000e+00 1.000000e+00
      outer loop
         vertex 1.370490e+00 1.052336e+03 1.000000e+03
         vertex 9.665459e+02 1.001753e+03 1.000000e+03
         vertex 1.865208e+00 1.061049e+03 1.000000e+03
      endloop
   endfacet
   facet normal 0.000000e+00 0.000000e+00 1.000000e+00
      outer loop
         vertex 1.865208e+00 1.061049e+03 1.000000e+03
         vertex 9.665459e+02 1.001753e+03 1.000000e+03
         vertex 9.665625e+02 1.002045e+03 1.000000e+03
      endloop
   endfacet
   facet normal -0.000000e+00 0.000000e+00 1.000000e+00
      outer loop
         vertex 1.865208e+00 1.061049e+03 1.000000e+03
         vertex 9.665625e+02 1.002045e+03 1.000000e+03
         vertex 2.435923e+00 1.069756e+03 1.000000e+03
      endloop
   endfacet
   facet normal 0.000000e+00 0.000000e+00 1.000000e+00
      outer loop
         vertex 2.435923e+00 1.069756e+03 1.000000e+03
         vertex 9.665625e+02 1.002045e+03 1.000000e+03
         vertex 9.665816e+02 1.002337e+03 1.000000e+03
      endloop
   endfacet
   facet normal -0.000000e+00 0.000000e+00 1.000000e+00
      outer loop
         vertex 2.435923e+00 1.069756e+03 1.000000e+03
         vertex 9.665816e+02 1.002337e+03 1.000000e+03
         vertex 3.082693e+00 1.078459e+03 1.000000e+03
      endloop
   endfacet
   facet normal 0.000000e+00 0.000000e+00 1.000000e+00
      outer loop
         vertex 3.082693e+00 1.078459e+03 1.000000e+03
         vertex 9.665816e+02 1.002337e+03 1.000000e+03
         vertex 9.666033e+02 1.002628e+03 1.000000e+03
      endloop
   endfacet
   facet normal -0.000000e+00 0.000000e+00 1.000000e+00
      outer loop
         vertex 3.082693e+00 1.078459e+03 1.000000e+03
         vertex 9.666033e+02 1.002628e+03 1.000000e+03
         vertex 3.805280e+00 1.087156e+03 1.000000e+03
      endloop
   endfacet
   facet normal 0.000000e+00 0.000000e+00 1.000000e+00
      outer loop
         vertex 3.805280e+00 1.087156e+03 1.000000e+03
         vertex 9.666033e+02 1.002628e+03 1.000000e+03
         vertex 9.666275e+02 1.002920e+03 1.000000e+03
      endloop
   endfacet
   facet normal -0.000000e+00 0.000000e+00 1.000000e+00
      outer loop
         vertex 3.805280e+00 1.087156e+03 1.000000e+03
         vertex 9.666275e+02 1.002920e+03 1.000000e+03
         vertex 4.603803e+00 1.095846e+03 1.000000e+03
      endloop
   endfacet
   facet normal 0.000000e+00 0.000000e+00 1.000000e+00
      outer loop
         vertex 4.603803e+00 1.095846e+03 1.000000e+03
         vertex 9.666275e+02 1.002920e+03 1.000000e+03
         vertex 9.666542e+02 1.003211e+03 1.000000e+03
      endloop
   endfacet
   facet normal -0.000000e+00 0.000000e+00 1.000000e+00
      outer loop
         vertex 4.603803e+00 1.095846e+03 1.000000e+03
         vertex 9.666542e+02 1.003211e+03 1.000000e+03
         vertex 5.478084e+00 1.104528e+03 1.000000e+03
      endloop
   endfacet
   facet normal 0.000000e+00 0.000000e+00 1.000000e+00
      outer loop
         vertex 5.478084e+00 1.104528e+03 1.000000e+03
         vertex 9.666542e+02 1.003211e+03 1.000000e+03
         vertex 9.666835e+02 1.003502e+03 1.000000e+03
      endloop
   endfacet
   facet normal -0.000000e+00 0.000000e+00 1.000000e+00
      outer loop
         vertex 5.478084e+00 1.104528e+03 1.000000e+03
         vertex 9.666835e+02 1.003502e+03 1.000000e+03
         vertex 6.428123e+00 1.113203e+03 1.000000e+03
      endloop
   endfacet
   facet normal 0.000000e+00 0.000000e+00 1.000000e+00
      outer loop
         vertex 6.428123e+00 1.113203e+03 1.000000e+03
         vertex 9.666835e+02 1.003502e+03 1.000000e+03
         vertex 9.667153e+02 1.003792e+03 1.000000e+03
      endloop
   endfacet
   facet normal -0.000000e+00 0.000000e+00 1.000000e+00
      outer loop
         vertex 6.428123e+00 1.113203e+03 1.000000e+03
         vertex 9.667153e+02 1.003792e+03 1.000000e+03
         vertex 7.453859e+00 1.121869e+03 1.000000e+03
      endloop
   endfacet
   facet normal 0.000000e+00 0.000000e+00 1.000000e+00
      outer loop
         vertex 7.453859e+00 1.121869e+03 1.000000e+03
         vertex 9.667153e+02 1.003792e+03 1.000000e+03
         vertex 9.667497e+02 1.004083e+03 1.000000e+03
      endloop
   endfacet
   facet normal -0.000000e+00 0.000000e+00 1.000000e+00
      outer loop
         vertex 7.453859e+00 1.121869e+03 1.000000e+03
         vertex 9.667497e+02 1.004083e+03 1.000000e+03
         vertex 8.555114e+00 1.130526e+03 1.000000e+03
      endloop
   endfacet
   facet normal 0.000000e+00 0.000000e+00 1.000000e+00
      outer loop
         vertex 8.555114e+00 1.130526e+03 1.000000e+03
         vertex 9.667497e+02 1.004083e+03 1.000000e+03
         vertex 9.667866e+02 1.004373e+03 1.000000e+03
      endloop
   endfacet
   facet normal -0.000000e+00 0.000000e+00 1.000000e+00
      outer loop
         vertex 8.555114e+00 1.130526e+03 1.000000e+03
         vertex 9.667866e+02 1.004373e+03 1.000000e+03
         vertex 9.731948e+00 1.139173e+03 1.000000e+03
      endloop
   endfacet
   facet normal 0.000000e+00 0.000000e+00 1.000000e+00
      outer loop
         vertex 9.731948e+00 1.139173e+03 1.000000e+03
         vertex 9.667866e+02 1.004373e+03 1.000000e+03
         vertex 9.668260e+02 1.004662e+03 1.000000e+03
      endloop
   endfacet
   facet normal -0.000000e+00 0.000000e+00 1.000000e+00
      outer loop
         vertex 9.731948e+00 1.139173e+03 1.000000e+03
         vertex 9.668260e+02 1.004662e+03 1.000000e+03
         vertex 1.098412e+01 1.147809e+03 1.000000e+03
      endloop
   endfacet
   facet normal 0.000000e+00 0.000000e+00 1.000000e+00
      outer loop
         vertex 1.098412e+01 1.147809e+03 1.000000e+03
         vertex 9.668260e+02 1.004662e+03 1.000000e+03
         vertex 9.668680e+02 1.004952e+03 1.000000e+03
      endloop
   endfacet
   facet normal -0.000000e+00 0.000000e+00 1.000000e+00
      outer loop
         vertex 1.098412e+01 1.147809e+03 1.000000e+03
         vertex 9.668680e+02 1.004952e+03 1.000000e+03
         vertex 1.231164e+01 1.156434e+03 1.000000e+03
      endloop
   endfacet
   facet normal 0.000000e+00 0.000000e+00 1.000000e+00
      outer loop
         vertex 1.231164e+01 1.156434e+03 1.000000e+03
         vertex 9.668680e+02 1.004952e+03 1.000000e+03
         vertex 9.669124e+02 1.005241e+03 1.000000e+03
      endloop
   endfacet
   facet normal -0.000000e+00 0.000000e+00 1.000000e+00
      outer loop
         vertex 1.231164e+01 1.156434e+03 1.000000e+03
         vertex 9.669124e+02 1.005241e+03 1.000000e+03
         vertex 1.371437e+01 1.165048e+03 1.000000e+03
      endloop
   endfacet
   facet normal 0.000000e+00 0.000000e+00 1.000000e+00
      outer loop
         vertex 1.371437e+01 1.165048e+03 1.000000e+03
         vertex 9.669124e+02 1.005241e+03 1.000000e+03
         vertex 9.669594e+02 1.005529e+03 1.000000e+03
      endloop
   endfacet
   facet normal -0.000000e+00 0.000000e+00 1.000000e+00
      outer loop
         vertex 1.371437e+01 1.165048e+03 1.000000e+03
         vertex 9.669594e+02 1.005529e+03 1.000000e+03
         vertex 1.519227e+01 1.173648e+03 1.000000e+03
      endloop
   endfacet
   facet normal 0.000000e+00 0.000000e+00 1.000000e+00
      outer loop
         vertex 1.519227e+01 1.173648e+03 1.000000e+03
         vertex 9.669594e+02 1.005529e+03 1.000000e+03
         vertex 9.670089e+02 1.005817e+03 1.000000e+03
      endloop
   endfacet
   facet normal -0.000000e+00 0.000000e+00 1.000000e+00
      outer loop
         vertex 1.519227e+01 1.173648e+03 1.000000e+03
         vertex 9.670089e+02 1.005817e+03 1.000000e+03
         vertex 1.674509e+01 1.182236e+03 1.000000e+03
      endloop
   endfacet
   facet normal 0.000000e+00 0.000000e+00 1.000000e+00
      outer loop
         vertex 1.674509e+01 1.182236e+03 1.000000e+03
         vertex 9.670089e+02 1.005817e+03 1.000000e+03
         vertex 9.670610e+02 1.006105e+03 1.000000e+03
      endloop
   endfacet
   facet normal -0.000000e+00 0.000000e+00 1.000000e+00
      outer loop
         vertex 1.674509e+01 1.182236e+03 1.000000e+03
         vertex 9.670610e+02 1.006105e+03 1.000000e+03
         vertex 1.837283e+01 1.190809e+03 1.000000e+03
      endloop
   endfacet
   facet normal 0.000000e+00 0.000000e+00 1.000000e+00
      outer loop
         vertex 1.837283e+01 1.190809e+03 1.000000e+03
         vertex 9.670610e+02 1.006105e+03 1.000000e+03
         vertex 9.671155e+02 1.006392e+03 1.000000e+03
      endloop
   endfacet
   facet normal -0.000000e+00 0.000000e+00 1.000000e+00
      outer loop
         vertex 1.837283e+01 1.190809e+03 1.000000e+03
         vertex 9.671155e+02 1.006392e+03 1.000000e+03
         vertex 2.007532e+01 1.199368e+03 1.000000e+03
      endloop
   endfacet
   facet normal 0.000000e+00 0.000000e+00 1.000000e+00
      outer loop
         vertex 2.007532e+01 1.199368e+03 1.000000e+03
         vertex 9.671155e+02 1.006392e+03 1.000000e+03
         vertex 9.671725e+02 1.006679e+03 1.000000e+03
      endloop
   endfacet
   facet normal -0.000000e+00 0.000000e+00 1.000000e+00
      outer loop
         vertex 2.007532e+01 1.199368e+03 1.000000e+03
         vertex 9.671725e+02 1.006679e+03 1.000000e+03
         vertex 2.185237e+01 1.207912e+03 1.000000e+03
      endloop
   endfacet
   facet normal 0.000000e+00 0.000000e+00 1.000000e+00
      outer loop
         vertex 2.185237e+01 1.207912e+03 1.000000e+03
         vertex 9.671725e+02 1.006679e+03 1.000000e+03
         vertex 9.672321e+02 1.006965e+03 1.000000e+03
      endloop
   endfacet
   facet normal -0.000000e+00 0.000000e+00 1.000000e+00
      outer loop
         vertex 2.185237e+01 1.207912e+03 1.000000e+03
         vertex 9.672321e+02 1.006965e+03 1.000000e+03
         vertex 2.370399e+01 1.216440e+03 1.000000e+03
      endloop
   endfacet
   facet normal 0.000000e+00 0.000000e+00 1.000000e+00
      outer loop
         vertex 2.370399e+01 1.216440e+03 1.000000e+03
         vertex 9.672321e+02 1.006965e+03 1.000000e+03
         vertex 9.672941e+02 1.007251e+03 1.000000e+03
      endloop
   endfacet
   facet normal -0.000000e+00 0.000000e+00 1.000000e+00
      outer loop
         vertex 2.370399e+01 1.216440e+03 1.000000e+03
         vertex 9.672941e+02 1.007251e+03 1.000000e+03
         vertex 2.562994e+01 1.224951e+03 1.000000e+03
      endloop
   endfacet
   facet normal 0.000000e+00 0.000000e+00 1.000000e+00
      outer loop
         vertex 2.562994e+01 1.224951e+03 1.000000e+03
         vertex 9.672941e+02 1.007251e+03 1.000000e+03
         vertex 9.673586e+02 1.007536e+03 1.000000e+03
      endloop
   endfacet
   facet normal -0.000000e+00 0.000000e+00 1.000000e+00
      outer loop
         vertex 2.562994e+01 1.224951e+03 1.000000e+03
         vertex 9.673586e+02 1.007536e+03 1.000000e+03
         vertex 2.763009e+01 1.233445e+03 1.000000e+03
      endloop
   endfacet
   facet normal 0.000000e+00 0.000000e+00 1.000000e+00
      outer loop
         vertex 2.763009e+01 1.233445e+03 1.000000e+03
         vertex 9.673586e+02 1.007536e+03 1.000000e+03
         vertex 9.674256e+02 1.007820e+03 1.000000e+03
      endloop
   endfacet
   facet normal -0.000000e+00 0.000000e+00 1.000000e+00
      outer loop
         vertex 2.763009e+01 1.233445e+03 1.000000e+03
         vertex 9.674256e+02 1.007820e+03 1.000000e+03
         vertex 2.970427e+01 1.241922e+03 1.000000e+03
      endloop
   endfacet
   facet normal 0.000000e+00 0.000000e+00 1.000000e+00
      outer loop
         vertex 2.970427e+01 1.241922e+03 1.000000e+03
         vertex 9.674256e+02 1.007820e+03 1.000000e+03
         vertex 9.674951e+02 1.008104e+03 1.000000e+03
      endloop
   endfacet
   facet normal -0.000000e+00 0.000000e+00 1.000000e+00
      outer loop
         vertex 2.970427e+01 1.241922e+03 1.000000e+03
         vertex 9.674951e+02 1.008104e+03 1.000000e+03
         vertex 3.185236e+01 1.250380e+03 1.000000e+03
      endloop
   endfacet
   facet normal 0.000000e+00 0.000000e+00 1.000000e+00
      outer loop
         vertex 3.185236e+01 1.250380e+03 1.000000e+03
         vertex 9.674951e+02 1.008104e+03 1.000000e+03
         vertex 9.675671e+02 1.008388e+03 1.000000e+03
      endloop
   endfacet
   facet normal -0.000000e+00 0.000000e+00 1.000000e+00
      outer loop
         vertex 3.185236e+01 1.250380e+03 1.000000e+03
         vertex 9.675671e+02 1.008388e+03 1.000000e+03
         vertex 3.407419e+01 1.258819e+03 1.000000e+03
      endloop
   endfacet
   facet normal 0.000000e+00 0.000000e+00 1.000000e+00
      outer loop
         vertex 3.407419e+01 1.258819e+03 1.000000e+03
         vertex 9.675671e+02 1.008388e+03 1.000000e+03
         vertex 9.676415e+02 1.008670e+03 1.000000e+03
      endloop
   endfacet
   facet normal -0.000000e+00 0.000000e+00 1.000000e+00
      outer loop
         vertex 3.407419e+01 1.258819e+03 1.000000e+03
         vertex 9.676415e+02 1.008670e+03 1.000000e+03
         vertex 3.636956e+01 1.267238e+03 1.000000e+03
      endloop
   endfacet
   facet normal 0.000000e+00 0.000000e+00 1.000000e+00
      outer loop
         vertex 3.636956e+01 1.267238e+03 1.000000e+03
         vertex 9.676415e+02 1.008670e+03 1.000000e+03
         vertex 9.677184e+02 1.008952e+03 1.000000e+03
      endloop
   endfacet
   facet normal -0.000000e+00 0.000000e+00 1.000000e+00
      outer loop
         vertex 3.636956e+01 1.267238e+03 1.000000e+03
         vertex 9.677184e+02 1.008952e+03 1.000000e+03
         vertex 3.873831e+01 1.275637e+03 1.000000e+03
      endloop
   endfacet
   facet normal 0.000000e+00 0.000000e+00 1.000000e+00
      outer loop
         vertex 3.873831e+01 1.275637e+03 1.000000e+03
         vertex 9.677184e+02 1.008952e+03 1.000000e+03
         vertex 9.677977e+02 1.009234e+03 1.000000e+03
      endloop
   endfacet
   facet normal -0.000000e+00 0.000000e+00 1.000000e+00
      outer loop
         vertex 3.873831e+01 1.275637e+03 1.000000e+03
         vertex 9.677977e+02 1.009234e+03 1.000000e+03
         vertex 4.118025e+01 1.284015e+03 1.000000e+03
      endloop
   endfacet
   facet normal 0.000000e+00 0.000000e+00 1.000000e+00
      outer loop
         vertex 4.118025e+01 1.284015e+03 1.000000e+03
         vertex 9.677977e+02 1.009234e+03 1.000000e+03
         vertex 9.678795e+02 1.009515e+03 1.000000e+03
      endloop
   endfacet
   facet normal -0.000000e+00 0.000000e+00 1.000000e+00
      outer loop
         vertex 4.118025e+01 1.284015e+03 1.000000e+03
         vertex 9.678795e+02 1.009515e+03 1.000000e+03
         vertex 4.369527e+01 1.292372e+03 1.000000e+03
      endloop
   endfacet
   facet normal 0.000000e+00 0.000000e+00 1.000000e+00
      outer loop
         vertex 4.369527e+01 1.292372e+03 1.000000e+03
         vertex 9.678795e+02 1.009515e+03 1.000000e+03
         vertex 9.679638e+02 1.009794e+03 1.000000e+03
      endloop
   endfacet
   facet normal -0.000000e+00 0.000000e+00 1.000000e+00
      outer loop
         vertex 4.369527e+01 1.292372e+03 1.000000e+03
         vertex 9.679638e+02 1.009794e+03 1.000000e+03
         vertex 4.628307e+01 1.300706e+03 1.000000e+03
      endloop
   endfacet
   facet normal 0.000000e+00 0.000000e+00 1.000000e+00
      outer loop
         vertex 4.628307e+01 1.300706e+03 1.000000e+03
         vertex 9.679638e+02 1.009794e+03 1.000000e+03
         vertex 9.680505e+02 1.010074e+03 1.000000e+03
      endloop
   endfacet
   facet normal -0.000000e+00 0.000000e+00 1.000000e+00
      outer loop
         vertex 4.628307e+01 1.300706e+03 1.000000e+03
         vertex 9.680505e+02 1.010074e+03 1.000000e+03
         vertex 4.894346e+01 1.309017e+03 1.000000e+03
      endloop
   endfacet
   facet normal 0.000000e+00 0.000000e+00 1.000000e+00
      outer loop
         vertex 4.894346e+01 1.309017e+03 1.000000e+03
         vertex 9.680505e+02 1.010074e+03 1.000000e+03
         vertex 9.681396e+02 1.010352e+03 1.000000e+03
      endloop
   endfacet
   facet normal -0.000000e+00 0.000000e+00 1.000000e+00
      outer loop
         vertex 4.894346e+01 1.309017e+03 1.000000e+03
         vertex 9.681396e+02 1.010352e+03 1.000000e+03
         vertex 5.167633e+01 1.317305e+03 1.000000e+03
      endloop
   endfacet
   facet normal 0.000000e+00 0.000000e+00 1.000000e+00
      outer loop
         vertex 5.167633e+01 1.317305e+03 1.000000e+03
         vertex 9.681396e+02 1.010352e+03 1.000000e+03
         vertex 9.682312e+02 1.010630e+03 1.000000e+03
      endloop
   endfacet
   facet normal -0.000000e+00 0.000000e+00 1.000000e+00
      outer loop
         vertex 5.167633e+01 1.317305e+03 1.000000e+03
         vertex 9.682312e+02 1.010630e+03 1.000000e+03
         vertex 5.448145e+01 1.325568e+03 1.000000e+03
      endloop
   endfacet
   facet normal 0.000000e+00 0.000000e+00 1.000000e+00
      outer loop
         vertex 5.448145e+01 1.325568e+03 1.000000e+03
         vertex 9.682312e+02 1.010630e+03 1.000000e+03
         vertex 9.683251e+02 1.010907e+03 1.000000e+03
      endloop
   endfacet
   facet normal -0.000000e+00 0.000000e+00 1.000000e+00
      outer loop
         vertex 5.448145e+01 1.325568e+03 1.000000e+03
         vertex 9.683251e+02 1.010907e+03 1.000000e+03
         vertex 5.735850e+01 1.333807e+03 1.000000e+03
      endloop
   endfacet
   facet normal 0.000000e+00 0.000000e+00 1.000000e+00
      outer loop
         vertex 5.735850e+01 1.333807e+03 1.000000e+03
         vertex 9.683251e+02 1.010907e+03 1.000000e+03
         vertex 9.684215e+02 1.011183e+03 1.000000e+03
      endloop
   endfacet
   facet normal -0.000000e+00 0.000000e+00 1.000000e+00
      outer loop
         vertex 5.735850e+01 1.333807e+03 1.000000e+03
         vertex 9.684215e+02 1.011183e+03 1.000000e+03
         vertex 6.030738e+01 1.342020e+03 1.000000e+03
      endloop
   endfacet
   facet normal 0.000000e+00 0.000000e+00 1.000000e+00
      outer loop
         vertex 6.030738e+01 1.342020e+03 1.000000e+03
         vertex 9.684215e+02 1.011183e+03 1.000000e+03
         vertex 9.685203e+02 1.011458e+03 1.000000e+03
      endloop
   endfacet
   facet normal -0.000000e+00 0.000000e+00 1.000000e+00
      outer loop
         vertex 6.030738e+01 1.342020e+03 1.000000e+03
         vertex 9.685203e+02 1.011458e+03 1.000000e+03
         vertex 6.332779e+01 1.350207e+03 1.000000e+03
      endloop
   endfacet
   facet normal 0.000000e+00 0.000000e+00 1.000000e+00
      outer loop
         vertex 6.332779e+01 1.350207e+03 1.000000e+03
         vertex 9.685203e+02 1.011458e+03 1.000000e+03
         vertex 9.686215e+02 1.011732e+03 1.000000e+03
      endloop
   endfacet
   facet normal -0.000000e+00 0.000000e+00 1.000000e+00
      outer loop
         vertex 6.332779e+01 1.350207e+03 1.000000e+03
         vertex 9.686215e+02 1.011732e+03 1.000000e+03
         vertex 6.641960e+01 1.358368e+03 1.000000e+03
      endloop
   endfacet
   facet normal 0.000000e+00 0.000000e+00 1.000000e+00
      outer loop
         vertex 6.641960e+01 1.358368e+03 1.000000e+03
         vertex 9.686215e+02 1.011732e+03 1.000000e+03
         vertex 9.687251e+02 1.012005e+03 1.000000e+03
      endloop
   endfacet
   facet normal -0.000000e+00 0.000000e+00 1.000000e+00
      outer loop
         vertex 6.641960e+01 1.358368e+03 1.000000e+03
         vertex 9.687251e+02 1.012005e+03 1.000000e+03
         vertex 6.958240e+01 1.366501e+03 1.000000e+03
      endloop
   endfacet
   facet normal 0.000000e+00 0.000000e+00 1.000000e+00
      outer loop
         vertex 6.958240e+01 1.366501e+03 1.000000e+03
         vertex 9.687251e+02 1.012005e+03 1.000000e+03
         vertex 9.688310e+02 1.012278e+03 1.000000e+03
      endloop
   endfacet
   facet normal -0.000000e+00 0.000000e+00 1.000000e+00
      outer loop
         vertex 6.958240e+01 1.366501e+03 1.000000e+03
         vertex 9.688310e+02 1.012278e+03 1.000000e+03
         vertex 7.281613e+01 1.374607e+03 1.000000e+03
      endloop
   endfacet
   facet normal 0.000000e+00 0.000000e+00 1.000000e+00
      outer loop
         vertex 7.281613e+01 1.374607e+03 1.000000e+03
         vertex 9.688310e+02 1.012278e+03 1.000000e+03
         vertex 9.689393e+02 1.012549e+03 1.000000e+03
      endloop
   endfacet
   facet normal -0.000000e+00 0.000000e+00 1.000000e+00
      outer loop
         vertex 7.281613e+01 1.374607e+03 1.000000e+03
         vertex 9.689393e+02 1.012549e+03 1.000000e+03
         vertex 7.612050e+01 1.382683e+03 1.000000e+03
      endloop
   endfacet
   facet normal 0.000000e+00 0.000000e+00 1.000000e+00
      outer loop
         vertex 7.612050e+01 1.382683e+03 1.000000e+03
         vertex 9.689393e+02 1.012549e+03 1.000000e+03
         vertex 9.690500e+02 1.012820e+03 1.000000e+03
      endloop
   endfacet
   facet normal -0.000000e+00 0.000000e+00 1.000000e+00
      outer loop
         vertex 7.612050e+01 1.382683e+03 1.000000e+03
         vertex 9.690500e+02 1.012820e+03 1.000000e+03
         vertex 7.949513e+01 1.390731e+03 1.000000e+03
      endloop
   endfacet
   facet normal 0.000000e+00 0.000000e+00 1.000000e+00
      outer loop
         vertex 7.949513e+01 1.390731e+03 1.000000e+03
         vertex 9.690500e+02 1.012820e+03 1.000000e+03
         vertex 9.691631e+02 1.013089e+03 1.000000e+03
      endloop
   endfacet
   facet normal -0.000000e+00 0.000000e+00 1.000000e+00
      outer loop
         vertex 7.949513e+01 1.390731e+03 1.000000e+03
         vertex 9.691631e+02 1.013089e+03 1.000000e+03
         vertex 8.293992e+01 1.398749e+03 1.000000e+03
      endloop
   endfacet
   facet normal 0.000000e+00 0.000000e+00 1.000000e+00
      outer loop
         vertex 8.293992e+01 1.398749e+03 1.000000e+03
         vertex 9.691631e+02 1.013089e+03 1.000000e+03
         vertex 9.692785e+02 1.013358e+03 1.000000e+03
      endloop
   endfacet
   facet normal -0.000000e+00 0.000000e+00 1.000000e+00
      outer loop
         vertex 8.293992e+01 1.398749e+03 1.000000e+03
         vertex 9.692785e+02 1.013358e+03 1.000000e+03
         vertex 8.645457e+01 1.406737e+03 1.000000e+03
      endloop
   endfacet
   facet normal 0.000000e+00 0.000000e+00 1.000000e+00
      outer loop
         vertex 8.645457e+01 1.406737e+03 1.000000e+03
         vertex 9.692785e+02 1.013358e+03 1.000000e+03
         vertex 9.693962e+02 1.013626e+03 1.000000e+03
      endloop
   endfacet
   facet normal -0.000000e+00 0.000000e+00 1.000000e+00
      outer loop
         vertex 8.645457e+01 1.406737e+03 1.000000e+03
         vertex 9.693962e+02 1.013626e+03 1.000000e+03
         vertex 9.003872e+01 1.414693e+03 1.000000e+03
      endloop
   endfacet
   facet normal 0.000000e+00 0.000000e+00 1.000000e+00
      outer loop
         vertex 9.003872e+01 1.414693e+03 1.000000e+03
         vertex 9.693962e+02 1.013626e+03 1.000000e+03
         vertex 9.695163e+02 1.013892e+03 1.000000e+03
      endloop
   endfacet
   facet normal -0.000000e+00 0.000000e+00 1.000000e+00
      outer loop
         vertex 9.003872e+01 1.414693e+03 1.000000e+03
         vertex 9.695163e+02 1.013892e+03 1.000000e+03
         vertex 9.369218e+01 1.422618e+03 1.000000e+03
      endloop
   endfacet
   facet normal 0.000000e+00 0.000000e+00 1.000000e+00
      outer loop
         vertex 9.369218e+01 1.422618e+03 1.000000e+03
         vertex 9.695163e+02 1.013892e+03 1.000000e+03
         vertex 9.696387e+02 1.014158e+03 1.000000e+03
      endloop
   endfacet
   facet normal -0.000000e+00 0.000000e+00 1.000000e+00
      outer loop
         vertex 9.369218e+01 1.422618e+03 1.000000e+03
         vertex 9.696387e+02 1.014158e+03 1.000000e+03
         vertex 9.741473e+01 1.430511e+03 1.000000e+03
      endloop
   endfacet
   facet normal 0.000000e+00 0.000000e+00 1.000000e+00
      outer loop
         vertex 9.741473e+01 1.430511e+03 1.000000e+03
         vertex 9.696387e+02 1.014158e+03 1.000000e+03
         vertex 9.697634e+02 1.014422e+03 1.000000e+03
      endloop
   endfacet
   facet normal -0.000000e+00 0.000000e+00 1.000000e+00
      outer loop
         vertex 9.741473e+01 1.430511e+03 1.000000e+03
         vertex 9.697634e+02 1.014422e+03 1.000000e+03
         vertex 1.012059e+02 1.438371e+03 1.000000e+03
      endloop
   endfacet
   facet normal 0.000000e+00 0.000000e+00 1.000000e+00
      outer loop
         vertex 1.012059e+02 1.438371e+03 1.000000e+03
         vertex 9.697634e+02 1.014422e+03 1.000000e+03
         vertex 9.698904e+02 1.014685e+03 1.000000e+03
      endloop
   endfacet
   facet normal -0.000000e+00 0.000000e+00 1.000000e+00
      outer loop
         vertex 1.012059e+02 1.438371e+03 1.000000e+03
         vertex 9.698904e+02 1.014685e+03 1.000000e+03
         vertex 1.050656e+02 1.446198e+03 1.000000e+03
      endloop
   endfacet
   facet normal 0.000000e+00 0.000000e+00 1.000000e+00
      outer loop
         vertex 1.050656e+02 1.446198e+03 1.000000e+03
         vertex 9.698904e+02 1.014685e+03 1.000000e+03
         vertex 9.700197e+02 1.014948e+03 1.000000e+03
      endloop
   endfacet
   facet normal -0.000000e+00 0.000000e+00 1.000000e+00
      outer loop
         vertex 1.050656e+02 1.446198e+03 1.000000e+03
         vertex 9.700197e+02 1.014948e+03 1.000000e+03
         vertex 1.089935e+02 1.453990e+03 1.000000e+03
      endloop
   endfacet
   facet normal 0.000000e+00 0.000000e+00 1.000000e+00
      outer loop
         vertex 1.089935e+02 1.453990e+03 1.000000e+03
         vertex 9.700197e+02 1.014948e+03 1.000000e+03
         vertex 9.701513e+02 1.015209e+03 1.000000e+03
      endloop
   endfacet
   facet normal -0.000000e+00 0.000000e+00 1.000000e+00
      outer loop
         vertex 1.089935e+02 1.453990e+03 1.000000e+03
         vertex 9.701513e+02 1.015209e+03 1.000000e+03
         vertex 1.129892e+02 1.461749e+03 1.000000e+03
      endloop
   endfacet
   facet normal 0.000000e+00 0.000000e+00 1.000000e+00
      outer loop
         vertex 1.129892e+02 1.461749e+03 1.000000e+03
         vertex 9.701513e+02 1.015209e+03 1.000000e+03
         vertex 9.702851e+02 1.015469e+03 1.000000e+03
      endloop
   endfacet
   facet normal -0.000000e+00 0.000000e+00 1.000000e+00
      outer loop
         vertex 1.129892e+02 1.461749e+03 1.000000e+03
         vertex 9.702851e+02 1.015469e+03 1.000000e+03
         vertex 1.170524e+02 1.469472e+03 1.000000e+03
      endloop
   endfacet
   facet normal 0.000000e+00 0.000000e+00 1.000000e+00
      outer loop
         vertex 1.170524e+02 1.469472e+03 1.000000e+03
         vertex 9.702851e+02 1.015469e+03 1.000000e+03
         vertex 9.704213e+02 1.015727e+03 1.000000e+03
      endloop
   endfacet
   facet normal -0.000000e+00 0.000000e+00 1.000000e+00
      outer loop
         vertex 1.170524e+02 1.469472e+03 1.000000e+03
         vertex 9.704213e+02 1.015727e+03 1.000000e+03
         vertex 1.211829e+02 1.477159e+03 1.000000e+03
      endloop
   endfacet
   facet normal 0.000000e+00 0.000000e+00 1.000000e+00
      outer loop
         vertex 1.211829e+02 1.477159e+03 1.000000e+03
         vertex 9.704213e+02 1.015727e+03 1.000000e+03
         vertex 9.705596e+02 1.015985e+03 1.000000e+03
      endloop
   endfacet
   facet normal -0.000000e+00 0.000000e+00 1.000000e+00
      outer loop
         vertex 1.211829e+02 1.477159e+03 1.000000e+03
         vertex 9.705596e+02 1.015985e+03 1.000000e+03
         vertex 1.253803e+02 1.484810e+03 1.000000e+03
      endloop
   endfacet
   facet normal 0.000000e+00 0.000000e+00 1.000000e+00
      outer loop
         vertex 1.253803e+02 1.484810e+03 1.000000e+03
         vertex 9.705596e+02 1.015985e+03 1.000000e+03
         vertex 9.707002e+02 1.016241e+03 1.000000e+03
      endloop
   endfacet
   facet normal -0.000000e+00 0.000000e+00 1.000000e+00
      outer loop
         vertex 1.253803e+02 1.484810e+03 1.000000e+03
         vertex 9.707002e+02 1.016241e+03 1.000000e+03
         vertex 1.296443e+02 1.492424e+03 1.000000e+03
      endloop
   endfacet
   facet normal 0.000000e+00 0.000000e+00 1.000000e+00
      outer loop
         vertex 1.296443e+02 1.492424e+03 1.000000e+03
         vertex 9.707002e+02 1.016241e+03 1.000000e+03
         vertex 9.708431e+02 1.016496e+03 1.000000e+03
      endloop
   endfacet
   facet normal -0.000000e+00 0.000000e+00 1.000000e+00
      outer loop
         vertex 1.296443e+02 1.492424e+03 1.000000e+03
         vertex 9.708431e+02 1.016496e+03 1.000000e+03
         vertex 1.339746e+02 1.500000e+03 1.000000e+03
      endloop
   endfacet
   facet normal 0.000000e+00 0.000000e+00 1.000000e+00
      outer loop
         vertex 1.339746e+02 1.500000e+03 1.000000e+03
         vertex 9.708431e+02 1.016496e+03 1.000000e+03
         vertex 9.709881e+02 1.016750e+03 1.000000e+03
      endloop
   endfacet
   facet normal -0.000000e+00 0.000000e+00 1.000000e+00
      outer loop
         vertex 1.339746e+02 1.500000e+03 1.000000e+03
         vertex 9.709881e+02 1.016750e+03 1.000000e+03
         vertex 1.383708e+02 1.507538e+03 1.000000e+03
      endloop
   endfacet
   facet normal 0.000000e+00 0.000000e+00 1.000000e+00
      outer loop
         vertex 1.383708e+02 1.507538e+03 1.000000e+03
         vertex 9.709881e+02 1.016750e+03 1.000000e+03
         vertex 9.711354e+02 1.017003e+03 1.000000e+03
      endloop
   endfacet
   facet normal -0.000000e+00 0.000000e+00 1.000000e+00
      outer loop
         vertex 1.383708e+02 1.507538e+03 1.000000e+03
         vertex 9.711354e+02 1.017003e+03 1.000000e+03
         vertex 1.428327e+02 1.515038e+03 1.000000e+03
      endloop
   endfacet
   facet normal 0.000000e+00 0.000000e+00 1.000000e+00
      outer loop
         vertex 1.428327e+02 1.515038e+03 1.000000e+03
         vertex 9.711354e+02 1.017003e+03 1.000000e+03
         vertex 9.712849e+02 1.017254e+03 1.000000e+03
      endloop
   endfacet
   facet normal -0.000000e+00 0.000000e+00 1.000000e+00
      outer loop
         vertex 1.428327e+02 1.515038e+03 1.000000e+03
         vertex 9.712849e+02 1.017254e+03 1.000000e+03
         vertex 1.473598e+02 1.522499e+03 1.000000e+03
      endloop
   endfacet
   facet normal 0.000000e+00 0.000000e+00 1.000000e+00
      outer loop
         vertex 1.473598e+02 1.522499e+03 1.000000e+03
         vertex 9.712849e+02 1.017254e+03 1.000000e+03
         vertex 9.714366e+02 1.017504e+03 1.000000e+03
      endloop
   endfacet
   facet normal -0.000000e+00 0.000000e+00 1.000000e+00
      outer loop
         vertex 1.473598e+02 1.522499e+03 1.000000e+03
         vertex 9.714366e+02 1.017504e+03 1.000000e+03
         vertex 1.519519e+02 1.529919e+03 1.000000e+03
      endloop
   endfacet
   facet normal 0.000000e+00 0.000000e+00 1.000000e+00
      outer loop
         vertex 1.519519e+02 1.529919e+03 1.000000e+03
         vertex 9.714366e+02 1.017504e+03 1.000000e+03
         vertex 9.715904e+02 1.017752e+03 1.000000e+03
      endloop
   endfacet
   facet normal -0.000000e+00 0.000000e+00 1.000000e+00
      outer loop
         vertex 1.519519e+02 1.529919e+03 1.000000e+03
         vertex 9.715904e+02 1.017752e+03 1.000000e+03
         vertex 1.566086e+02 1.537300e+03 1.000000e+03
      endloop
   endfacet
   facet normal 0.000000e+00 0.000000e+00 1.000000e+00
      outer loop
         vertex 1.566086e+02 1.537300e+03 1.000000e+03
         vertex 9.715904e+02 1.017752e+03 1.000000e+03
         vertex 9.717464e+02 1.018000e+03 1.000000e+03
      endloop
   endfacet
   facet normal -0.000000e+00 0.000000e+00 1.000000e+00
      outer loop
         vertex 1.566086e+02 1.537300e+03 1.000000e+03
         vertex 9.717464e+02 1.018000e+03 1.000000e+03
         vertex 1.613294e+02 1.544639e+03 1.000000e+03
      endloop
   endfacet
   facet normal 0.000000e+00 0.000000e+00 1.000000e+00
      outer loop
         vertex 1.613294e+02 1.544639e+03 1.000000e+03
         vertex 9.717464e+02 1.018000e+03 1.000000e+03
         vertex 9.719045e+02 1.018245e+03 1.000000e+03
      endloop
   endfacet
   facet normal 0.000000e+00 0.000000e+00 1.000000e+00
      outer loop
         vertex 1.087156e+03 3.805280e+00 1.000000e+03
         vertex 1.002920e+03 9.666275e+02 1.000000e+03
         vertex 1.078459e+03 3.082693e+00 1.000000e+03
      endloop
   endfacet
   facet normal 0.000000e+00 0.000000e+00 1.000000e+00
      outer loop
         vertex 1.078459e+03 3.082693e+00 1.000000e+03
         vertex 1.002920e+03 9.666275e+02 1.000000e+03
         vertex 1.002628e+03 9.666033e+02 1.000000e+03
      endloop
   endfacet
   facet normal 0.000000e+00 0.000000e+00 1.000000e+00
      outer loop
         vertex 1.078459e+03 3.082693e+00 1.000000e+03
         vertex 1.002628e+03 9.666033e+02 1.000000e+03
         vertex 1.069756e+03 2.435923e+00 1.000000e+03
      endloop
   endfacet
   facet normal 0.000000e+00 0.000000e+00 1.000000e+00
      outer loop
         vertex 1.069756e+03 2.435923e+00 1.000000e+03
         vertex 1.002628e+03 9.666033e+02 1.000000e+03
         vertex 1.002337e+03 9.665816e+02 1.000000e+03
      endloop
   endfacet
   facet normal 0.000000e+00 0.000000e+00 1.000000e+00
      outer loop
         vertex 1.069756e+03 2.435923e+00 1.000000e+03
         vertex 1.002337e+03 9.665816e+02 1.000000e+03
         vertex 1.061049e+03 1.865208e+00 1.000000e+03
      endloop
   endfacet
   facet normal 0.000000e+00 0.000000e+00 1.000000e+00
      outer loop
         vertex 1.061049e+03 1.865208e+00 1.000000e+03
         vertex 1.002337e+03 9.665816e+02 1.000000e+03
         vertex 1.002045e+03 9.665625e+02 1.000000e+03
      endloop
   endfacet
   facet normal 0.000000e+00 0.000000e+00 1.000000e+00
      outer loop
         vertex 1.061049e+03 1.865208e+00 1.000000e+03
         vertex 1.002045e+03 9.665625e+02 1.000000e+03
         vertex 1.052336e+03 1.370490e+00 1.000000e+03
      endloop
   endfacet
   facet normal 0.000000e+00 0.000000e+00 1.000000e+00
      outer loop
         vertex 1.052336e+03 1.370490e+00 1.000000e+03
         vertex 1.002045e+03 9.665625e+02 1.000000e+03
         vertex 1.001753e+03 9.665459e+02 1.000000e+03
      endloop
   endfacet
   facet normal 0.000000e+00 0.000000e+00 1.000000e+00
      outer loop
         vertex 1.052336e+03 1.370490e+00 1.000000e+03
         vertex 1.001753e+03 9.665459e+02 1.000000e+03
         vertex 1.043619e+03 9.517670e-01 1.000000e+03
      endloop
   endfacet
   facet normal 0.000000e+00 0.000000e+00 1.000000e+00
      outer loop
         vertex 1.043619e+03 9.517670e-01 1.000000e+03
         vertex 1.001753e+03 9.665459e+02 1.000000e+03
         vertex 1.001461e+03 9.665319e+02 1.000000e+03
      endloop
   endfacet
   facet normal 0.000000e+00 0.000000e+00 1.000000e+00
      outer loop
         vertex 1.043619e+03 9.517670e-01 1.000000e+03
         vertex 1.001461e+03 9.665319e+02 1.000000e+03
         vertex 1.034899e+03 6.091595e-01 1.000000e+03
      endloop
   endfacet
   facet normal 0.000000e+00 0.000000e+00 1.000000e+00
      outer loop
         vertex 1.034899e+03 6.091595e-01 1.000000e+03
         vertex 1.001461e+03 9.665319e+02 1.000000e+03
         vertex 1.001169e+03 9.665204e+02 1.000000e+03
      endloop
   endfacet
   facet normal 0.000000e+00 0.000000e+00 1.000000e+00
      outer loop
         vertex 1.034899e+03 6.091595e-01 1.000000e+03
         vertex 1.001169e+03 9.665204e+02 1.000000e+03
         vertex 1.026177e+03 3.426671e-01 1.000000e+03
      endloop
   endfacet
   facet normal 0.000000e+00 0.000000e+00 1.000000e+00
      outer loop
         vertex 1.026177e+03 3.426671e-01 1.000000e+03
         vertex 1.001169e+03 9.665204e+02 1.000000e+03
         vertex 1.000877e+03 9.665115e+02 1.000000e+03
      endloop
   endfacet
   facet normal 0.000000e+00 0.000000e+00 1.000000e+00
      outer loop
         vertex 1.026177e+03 3.426671e-01 1.000000e+03
         vertex 1.000877e+03 9.665115e+02 1.000000e+03
         vertex 1.017452e+03 1.522899e-01 1.000000e+03
      endloop
   endfacet
   facet normal 0.000000e+00 0.000000e+00 1.000000e+00
      outer loop
         vertex 1.017452e+03 1.522899e-01 1.000000e+03
         vertex 1.000877e+03 9.665115e+02 1.000000e+03
         vertex 1.000585e+03 9.665051e+02 1.000000e+03
      endloop
   endfacet
   facet normal 0.000000e+00 0.000000e+00 1.000000e+00
      outer loop
         vertex 1.017452e+03 1.522899e-01 1.000000e+03
         vertex 1.000585e+03 9.665051e+02 1.000000e+03
         vertex 1.008727e+03 3.808737e-02 1.000000e+03
      endloop
   endfacet
   facet normal 0.000000e+00 0.000000e+00 1.000000e+00
      outer loop
         vertex 1.008727e+03 3.808737e-02 1.000000e+03
         vertex 1.000585e+03 9.665051e+02 1.000000e+03
         vertex 1.000292e+03 9.665013e+02 1.000000e+03
      endloop
   endfacet
   facet normal 0.000000e+00 0.000000e+00 1.000000e+00
      outer loop
         vertex 1.008727e+03 3.808737e-02 1.000000e+03
         vertex 1.000292e+03 9.665013e+02 1.000000e+03
         vertex 1.000000e+03 0.000000e+00 1.000000e+03
      endloop
   endfacet
   facet normal 0.000000e+00 0.000000e+00 1.000000e+00
      outer loop
         vertex 1.000000e+03 0.000000e+00 1.000000e+03
         vertex 1.000292e+03 9.665013e+02 1.000000e+03
         vertex 1.000000e+03 9.665000e+02 1.000000e+03
      endloop
   endfacet
   facet normal 0.000000e+00 -0.000000e+00 1.000000e+00
      outer loop
         vertex 1.000000e+03 0.000000e+00 1.000000e+03
         vertex 1.000000e+03 9.665000e+02 1.000000e+03
         vertex 9.912735e+02 3.808737e-02 1.000000e+03
      endloop
   endfacet
   facet normal 0.000000e+00 0.000000e+00 1.000000e+00
      outer loop
         vertex 9.912735e+02 3.808737e-02 1.000000e+03
         vertex 1.000000e+03 9.665000e+02 1.000000e+03
         vertex 9.997077e+02 9.665013e+02 1.000000e+03
      endloop
   endfacet
   facet normal 0.000000e+00 -0.000000e+00 1.000000e+00
      outer loop
         vertex 9.912735e+02 3.808737e-02 1.000000e+03
         vertex 9.997077e+02 9.665013e+02 1.000000e+03
         vertex 9.825476e+02 1.522899e-01 1.000000e+03
      endloop
   endfacet
   facet normal 0.000000e+00 0.000000e+00 1.000000e+00
      outer loop
         vertex 9.825476e+02 1.522899e-01 1.000000e+03
         vertex 9.997077e+02 9.665013e+02 1.000000e+03
         vertex 9.994153e+02 9.665051e+02 1.000000e+03
      endloop
   endfacet
   facet normal 0.000000e+00 -0.000000e+00 1.000000e+00
      outer loop
         vertex 9.825476e+02 1.522899e-01 1.000000e+03
         vertex 9.994153e+02 9.665051e+02 1.000000e+03
         vertex 9.738231e+02 3.426671e-01 1.000000e+03
      endloop
   endfacet
   facet normal 0.000000e+00 0.000000e+00 1.000000e+00
      outer loop
         vertex 9.738231e+02 3.426671e-01 1.000000e+03
         vertex 9.994153e+02 9.665051e+02 1.000000e+03
         vertex 9.991231e+02 9.665115e+02 1.000000e+03
      endloop
   endfacet
   facet normal 0.000000e+00 -0.000000e+00 1.000000e+00
      outer loop
         vertex 9.738231e+02 3.426671e-01 1.000000e+03
         vertex 9.991231e+02 9.665115e+02 1.000000e+03
         vertex 9.651005e+02 6.091595e-01 1.000000e+03
      endloop
   endfacet
   facet normal 0.000000e+00 0.000000e+00 1.000000e+00
      outer loop
         vertex 9.651005e+02 6.091595e-01 1.000000e+03
         vertex 9.991231e+02 9.665115e+02 1.000000e+03
         vertex 9.988309e+02 9.665204e+02 1.000000e+03
      endloop
   endfacet
   facet normal 0.000000e+00 -0.000000e+00 1.000000e+00
      outer loop
         vertex 9.651005e+02 6.091595e-01 1.000000e+03
         vertex 9.988309e+02 9.665204e+02 1.000000e+03
         vertex 9.563806e+02 9.517670e-01 1.000000e+03
      endloop
   endfacet
   facet normal 0.000000e+00 0.000000e+00 1.000000e+00
      outer loop
         vertex 9.563806e+02 9.517670e-01 1.000000e+03
         vertex 9.988309e+02 9.665204e+02 1.000000e+03
         vertex 9.985388e+02 9.665319e+02 1.000000e+03
      endloop
   endfacet
   facet normal 0.000000e+00 -0.000000e+00 1.000000e+00
      outer loop
         vertex 9.563806e+02 9.517670e-01 1.000000e+03
         vertex 9.985388e+02 9.665319e+02 1.000000e+03
         vertex 9.476640e+02 1.370490e+00 1.000000e+03
      endloop
   endfacet
   facet normal 0.000000e+00 0.000000e+00 1.000000e+00
      outer loop
         vertex 9.476640e+02 1.370490e+00 1.000000e+03
         vertex 9.985388e+02 9.665319e+02 1.000000e+03
         vertex 9.982467e+02 9.665459e+02 1.000000e+03
      endloop
   endfacet
   facet normal 0.000000e+00 -0.000000e+00 1.000000e+00
      outer loop
         vertex 9.476640e+02 1.370490e+00 1.000000e+03
         vertex 9.982467e+02 9.665459e+02 1.000000e+03
         vertex 9.389515e+02 1.865208e+00 1.000000e+03
      endloop
   endfacet
   facet normal 0.000000e+00 0.000000e+00 1.000000e+00
      outer loop
         vertex 9.389515e+02 1.865208e+00 1.000000e+03
         vertex 9.982467e+02 9.665459e+02 1.000000e+03
         vertex 9.979549e+02 9.665625e+02 1.000000e+03
      endloop
   endfacet
   facet normal 0.000000e+00 -0.000000e+00 1.000000e+00
      outer loop
         vertex 9.389515e+02 1.865208e+00 1.000000e+03
         vertex 9.979549e+02 9.665625e+02 1.000000e+03
         vertex 9.302435e+02 2.435923e+00 1.000000e+03
      endloop
   endfacet
   facet normal 0.000000e+00 0.000000e+00 1.000000e+00
      outer loop
         vertex 9.302435e+02 2.435923e+00 1.000000e+03
         vertex 9.979549e+02 9.665625e+02 1.000000e+03
         vertex 9.976632e+02 9.665816e+02 1.000000e+03
      endloop
   endfacet
   facet normal 0.000000e+00 -0.000000e+00 1.000000e+00
      outer loop
         vertex 9.302435e+02 2.435923e+00 1.000000e+03
         vertex 9.976632e+02 9.665816e+02 1.000000e+03
         vertex 9.215409e+02 3.082693e+00 1.000000e+03
      endloop
   endfacet
   facet normal 0.000000e+00 0.000000e+00 1.000000e+00
      outer loop
         vertex 9.215409e+02 3.082693e+00 1.000000e+03
         vertex 9.976632e+02 9.665816e+02 1.000000e+03
         vertex 9.973716e+02 9.666033e+02 1.000000e+03
      endloop
   endfacet
   facet normal 0.000000e+00 -0.000000e+00 1.000000e+00
      outer loop
         vertex 9.215409e+02 3.082693e+00 1.000000e+03
         vertex 9.973716e+02 9.666033e+02 1.000000e+03
         vertex 9.128443e+02 3.805280e+00 1.000000e+03
      endloop
   endfacet
   facet normal 0.000000e+00 0.000000e+00 1.000000e+00
      outer loop
         vertex 9.128443e+02 3.805280e+00 1.000000e+03
         vertex 9.973716e+02 9.666033e+02 1.000000e+03
         vertex 9.970803e+02 9.666275e+02 1.000000e+03
      endloop
   endfacet
   facet normal 0.000000e+00 -0.000000e+00 1.000000e+00
      outer loop
         vertex 9.128443e+02 3.805280e+00 1.000000e+03
         vertex 9.970803e+02 9.666275e+02 1.000000e+03
         vertex 9.041542e+02 4.603803e+00 1.000000e+03
      endloop
   endfacet
   facet normal 0.000000e+00 0.000000e+00 1.000000e+00
      outer loop
         vertex 9.041542e+02 4.603803e+00 1.000000e+03
         vertex 9.970803e+02 9.666275e+02 1.000000e+03
         vertex 9.967892e+02 9.666542e+02 1.000000e+03
      endloop
   endfacet
   facet normal 0.000000e+00 -0.000000e+00 1.000000e+00
      outer loop
         vertex 9.041542e+02 4.603803e+00 1.000000e+03
         vertex 9.967892e+02 9.666542e+02 1.000000e+03
         vertex 8.954715e+02 5.478084e+00 1.000000e+03
      endloop
   endfacet
   facet normal 0.000000e+00 0.000000e+00 1.000000e+00
      outer loop
         vertex 8.954715e+02 5.478084e+00 1.000000e+03
         vertex 9.967892e+02 9.666542e+02 1.000000e+03
         vertex 9.964983e+02 9.666835e+02 1.000000e+03
      endloop
   endfacet
   facet normal 0.000000e+00 -0.000000e+00 1.000000e+00
      outer loop
         vertex 8.954715e+02 5.478084e+00 1.000000e+03
         vertex 9.964983e+02 9.666835e+02 1.000000e+03
         vertex 8.867968e+02 6.428123e+00 1.000000e+03
      endloop
   endfacet
   facet normal 0.000000e+00 0.000000e+00 1.000000e+00
      outer loop
         vertex 8.867968e+02 6.428123e+00 1.000000e+03
         vertex 9.964983e+02 9.666835e+02 1.000000e+03
         vertex 9.962077e+02 9.667153e+02 1.000000e+03
      endloop
   endfacet
   facet normal 0.000000e+00 -0.000000e+00 1.000000e+00
      outer loop
         vertex 8.867968e+02 6.428123e+00 1.000000e+03
         vertex 9.962077e+02 9.667153e+02 1.000000e+03
         vertex 8.781307e+02 7.453859e+00 1.000000e+03
      endloop
   endfacet
   facet normal 0.000000e+00 0.000000e+00 1.000000e+00
      outer loop
         vertex 8.781307e+02 7.453859e+00 1.000000e+03
         vertex 9.962077e+02 9.667153e+02 1.000000e+03
         vertex 9.959174e+02 9.667497e+02 1.000000e+03
      endloop
   endfacet
   facet normal 0.000000e+00 -0.000000e+00 1.000000e+00
      outer loop
         vertex 8.781307e+02 7.453859e+00 1.000000e+03
         vertex 9.959174e+02 9.667497e+02 1.000000e+03
         vertex 8.694738e+02 8.555114e+00 1.000000e+03
      endloop
   endfacet
   facet normal 0.000000e+00 0.000000e+00 1.000000e+00
      outer loop
         vertex 8.694738e+02 8.555114e+00 1.000000e+03
         vertex 9.959174e+02 9.667497e+02 1.000000e+03
         vertex 9.956274e+02 9.667866e+02 1.000000e+03
      endloop
   endfacet
   facet normal 0.000000e+00 -0.000000e+00 1.000000e+00
      outer loop
         vertex 8.694738e+02 8.555114e+00 1.000000e+03
         vertex 9.956274e+02 9.667866e+02 1.000000e+03
         vertex 8.608269e+02 9.731948e+00 1.000000e+03
      endloop
   endfacet
   facet normal 0.000000e+00 0.000000e+00 1.000000e+00
      outer loop
         vertex 8.608269e+02 9.731948e+00 1.000000e+03
         vertex 9.956274e+02 9.667866e+02 1.000000e+03
         vertex 9.953377e+02 9.668260e+02 1.000000e+03
      endloop
   endfacet
   facet normal 0.000000e+00 -0.000000e+00 1.000000e+00
      outer loop
         vertex 8.608269e+02 9.731948e+00 1.000000e+03
         vertex 9.953377e+02 9.668260e+02 1.000000e+03
         vertex 8.521906e+02 1.098412e+01 1.000000e+03
      endloop
   endfacet
   facet normal 0.000000e+00 0.000000e+00 1.000000e+00
      outer loop
         vertex 8.521906e+02 1.098412e+01 1.000000e+03
         vertex 9.953377e+02 9.668260e+02 1.000000e+03
         vertex 9.950484e+02 9.668680e+02 1.000000e+03
      endloop
   endfacet
   facet normal 0.000000e+00 -0.000000e+00 1.000000e+00
      outer loop
         vertex 8.521906e+02 1.098412e+01 1.000000e+03
         vertex 9.950484e+02 9.668680e+02 1.000000e+03
         vertex 8.435655e+02 1.231164e+01 1.000000e+03
      endloop
   endfacet
   facet normal 0.000000e+00 0.000000e+00 1.000000e+00
      outer loop
         vertex 8.435655e+02 1.231164e+01 1.000000e+03
         vertex 9.950484e+02 9.668680e+02 1.000000e+03
         vertex 9.947594e+02 9.669124e+02 1.000000e+03
      endloop
   endfacet
   facet normal 0.000000e+00 -0.000000e+00 1.000000e+00
      outer loop
         vertex 8.435655e+02 1.231164e+01 1.000000e+03
         vertex 9.947594e+02 9.669124e+02 1.000000e+03
         vertex 8.349524e+02 1.371437e+01 1.000000e+03
      endloop
   endfacet
   facet normal 0.000000e+00 0.000000e+00 1.000000e+00
      outer loop
         vertex 8.349524e+02 1.371437e+01 1.000000e+03
         vertex 9.947594e+02 9.669124e+02 1.000000e+03
         vertex 9.944709e+02 9.669594e+02 1.000000e+03
      endloop
   endfacet
   facet normal 0.000000e+00 -0.000000e+00 1.000000e+00
      outer loop
         vertex 8.349524e+02 1.371437e+01 1.000000e+03
         vertex 9.944709e+02 9.669594e+02 1.000000e+03
         vertex 8.263518e+02 1.519227e+01 1.000000e+03
      endloop
   endfacet
   facet normal 0.000000e+00 0.000000e+00 1.000000e+00
      outer loop
         vertex 8.263518e+02 1.519227e+01 1.000000e+03
         vertex 9.944709e+02 9.669594e+02 1.000000e+03
         vertex 9.941828e+02 9.670089e+02 1.000000e+03
      endloop
   endfacet
   facet normal 0.000000e+00 -0.000000e+00 1.000000e+00
      outer loop
         vertex 8.263518e+02 1.519227e+01 1.000000e+03
         vertex 9.941828e+02 9.670089e+02 1.000000e+03
         vertex 8.177645e+02 1.674509e+01 1.000000e+03
      endloop
   endfacet
   facet normal 0.000000e+00 0.000000e+00 1.000000e+00
      outer loop
         vertex 8.177645e+02 1.674509e+01 1.000000e+03
         vertex 9.941828e+02 9.670089e+02 1.000000e+03
         vertex 9.938951e+02 9.670610e+02 1.000000e+03
      endloop
   endfacet
   facet normal 0.000000e+00 -0.000000e+00 1.000000e+00
      outer loop
         vertex 8.177645e+02 1.674509e+01 1.000000e+03
         vertex 9.938951e+02 9.670610e+02 1.000000e+03
         vertex 8.091910e+02 1.837283e+01 1.000000e+03
      endloop
   endfacet
   facet normal 0.000000e+00 0.000000e+00 1.000000e+00
      outer loop
         vertex 8.091910e+02 1.837283e+01 1.000000e+03
         vertex 9.938951e+02 9.670610e+02 1.000000e+03
         vertex 9.936079e+02 9.671155e+02 1.000000e+03
      endloop
   endfacet
   facet normal 0.000000e+00 -0.000000e+00 1.000000e+00
      outer loop
         vertex 8.091910e+02 1.837283e+01 1.000000e+03
         vertex 9.936079e+02 9.671155e+02 1.000000e+03
         vertex 8.006321e+02 2.007532e+01 1.000000e+03
      endloop
   endfacet
   facet normal 0.000000e+00 0.000000e+00 1.000000e+00
      outer loop
         vertex 8.006321e+02 2.007532e+01 1.000000e+03
         vertex 9.936079e+02 9.671155e+02 1.000000e+03
         vertex 9.933212e+02 9.671725e+02 1.000000e+03
      endloop
   endfacet
   facet normal 0.000000e+00 -0.000000e+00 1.000000e+00
      outer loop
         vertex 8.006321e+02 2.007532e+01 1.000000e+03
         vertex 9.933212e+02 9.671725e+02 1.000000e+03
         vertex 7.920883e+02 2.185237e+01 1.000000e+03
      endloop
   endfacet
   facet normal 0.000000e+00 0.000000e+00 1.000000e+00
      outer loop
         vertex 7.920883e+02 2.185237e+01 1.000000e+03
         vertex 9.933212e+02 9.671725e+02 1.000000e+03
         vertex 9.930350e+02 9.672321e+02 1.000000e+03
      endloop
   endfacet
   facet normal 0.000000e+00 -0.000000e+00 1.000000e+00
      outer loop
         vertex 7.920883e+02 2.185237e+01 1.000000e+03
         vertex 9.930350e+02 9.672321e+02 1.000000e+03
         vertex 7.835604e+02 2.370399e+01 1.000000e+03
      endloop
   endfacet
   facet normal 0.000000e+00 0.000000e+00 1.000000e+00
      outer loop
         vertex 7.835604e+02 2.370399e+01 1.000000e+03
         vertex 9.930350e+02 9.672321e+02 1.000000e+03
         vertex 9.927493e+02 9.672941e+02 1.000000e+03
      endloop
   endfacet
   facet normal 0.000000e+00 -0.000000e+00 1.000000e+00
      outer loop
         vertex 7.835604e+02 2.370399e+01 1.000000e+03
         vertex 9.927493e+02 9.672941e+02 1.000000e+03
         vertex 7.750489e+02 2.562994e+01 1.000000e+03
      endloop
   endfacet
   facet normal 0.000000e+00 0.000000e+00 1.000000e+00
      outer loop
         vertex 7.750489e+02 2.562994e+01 1.000000e+03
         vertex 9.927493e+02 9.672941e+02 1.000000e+03
         vertex 9.924641e+02 9.673586e+02 1.000000e+03
      endloop
   endfacet
   facet normal 0.000000e+00 -0.000000e+00 1.000000e+00
      outer loop
         vertex 7.750489e+02 2.562994e+01 1.000000e+03
         vertex 9.924641e+02 9.673586e+02 1.000000e+03
         vertex 7.665546e+02 2.763009e+01 1.000000e+03
      endloop
   endfacet
   facet normal 0.000000e+00 0.000000e+00 1.000000e+00
      outer loop
         vertex 7.665546e+02 2.763009e+01 1.000000e+03
         vertex 9.924641e+02 9.673586e+02 1.000000e+03
         vertex 9.921796e+02 9.674256e+02 1.000000e+03
      endloop
   endfacet
   facet normal 0.000000e+00 -0.000000e+00 1.000000e+00
      outer loop
         vertex 7.665546e+02 2.763009e+01 1.000000e+03
         vertex 9.921796e+02 9.674256e+02 1.000000e+03
         vertex 7.580781e+02 2.970427e+01 1.000000e+03
      endloop
   endfacet
   facet normal 0.000000e+00 0.000000e+00 1.000000e+00
      outer loop
         vertex 7.580781e+02 2.970427e+01 1.000000e+03
         vertex 9.921796e+02 9.674256e+02 1.000000e+03
         vertex 9.918956e+02 9.674951e+02 1.000000e+03
      endloop
   endfacet
   facet normal 0.000000e+00 -0.000000e+00 1.000000e+00
      outer loop
         vertex 7.580781e+02 2.970427e+01 1.000000e+03
         vertex 9.918956e+02 9.674951e+02 1.000000e+03
         vertex 7.496200e+02 3.185236e+01 1.000000e+03
      endloop
   endfacet
   facet normal 0.000000e+00 0.000000e+00 1.000000e+00
      outer loop
         vertex 7.496200e+02 3.185236e+01 1.000000e+03
         vertex 9.918956e+02 9.674951e+02 1.000000e+03
         vertex 9.916123e+02 9.675671e+02 1.000000e+03
      endloop
   endfacet
   facet normal 0.000000e+00 -0.000000e+00 1.000000e+00
      outer loop
         vertex 7.496200e+02 3.185236e+01 1.000000e+03
         vertex 9.916123e+02 9.675671e+02 1.000000e+03
         vertex 7.411810e+02 3.407419e+01 1.000000e+03
      endloop
   endfacet
   facet normal 0.000000e+00 0.000000e+00 1.000000e+00
      outer loop
         vertex 7.411810e+02 3.407419e+01 1.000000e+03
         vertex 9.916123e+02 9.675671e+02 1.000000e+03
         vertex 9.913296e+02 9.676415e+02 1.000000e+03
      endloop
   endfacet
   facet normal 0.000000e+00 -0.000000e+00 1.000000e+00
      outer loop
         vertex 7.411810e+02 3.407419e+01 1.000000e+03
         vertex 9.913296e+02 9.676415e+02 1.000000e+03
         vertex 7.327616e+02 3.636956e+01 1.000000e+03
      endloop
   endfacet
   facet normal 0.000000e+00 0.000000e+00 1.000000e+00
      outer loop
         vertex 7.327616e+02 3.636956e+01 1.000000e+03
         vertex 9.913296e+02 9.676415e+02 1.000000e+03
         vertex 9.910475e+02 9.677184e+02 1.000000e+03
      endloop
   endfacet
   facet normal 0.000000e+00 -0.000000e+00 1.000000e+00
      outer loop
         vertex 7.327616e+02 3.636956e+01 1.000000e+03
         vertex 9.910475e+02 9.677184e+02 1.000000e+03
         vertex 7.243626e+02 3.873831e+01 1.000000e+03
      endloop
   endfacet
   facet normal 0.000000e+00 0.000000e+00 1.000000e+00
      outer loop
         vertex 7.243626e+02 3.873831e+01 1.000000e+03
         vertex 9.910475e+02 9.677184e+02 1.000000e+03
         vertex 9.907661e+02 9.677977e+02 1.000000e+03
      endloop
   endfacet
   facet normal 0.000000e+00 -0.000000e+00 1.000000e+00
      outer loop
         vertex 7.243626e+02 3.873831e+01 1.000000e+03
         vertex 9.907661e+02 9.677977e+02 1.000000e+03
         vertex 7.159846e+02 4.118025e+01 1.000000e+03
      endloop
   endfacet
   facet normal 0.000000e+00 0.000000e+00 1.000000e+00
      outer loop
         vertex 7.159846e+02 4.118025e+01 1.000000e+03
         vertex 9.907661e+02 9.677977e+02 1.000000e+03
         vertex 9.904855e+02 9.678795e+02 1.000000e+03
      endloop
   endfacet
   facet normal 0.000000e+00 -0.000000e+00 1.000000e+00
      outer loop
         vertex 7.159846e+02 4.118025e+01 1.000000e+03
         vertex 9.904855e+02 9.678795e+02 1.000000e+03
         vertex 7.076283e+02 4.369527e+01 1.000000e+03
      endloop
   endfacet
   facet normal 0.000000e+00 0.000000e+00 1.000000e+00
      outer loop
         vertex 7.076283e+02 4.369527e+01 1.000000e+03
         vertex 9.904855e+02 9.678795e+02 1.000000e+03
         vertex 9.902055e+02 9.679638e+02 1.000000e+03
      endloop
   endfacet
   facet normal 0.000000e+00 -0.000000e+00 1.000000e+00
      outer loop
         vertex 7.076283e+02 4.369527e+01 1.000000e+03
         vertex 9.902055e+02 9.679638e+02 1.000000e+03
         vertex 6.992942e+02 4.628307e+01 1.000000e+03
      endloop
   endfacet
   facet normal 0.000000e+00 0.000000e+00 1.000000e+00
      outer loop
         vertex 6.992942e+02 4.628307e+01 1.000000e+03
         vertex 9.902055e+02 9.679638e+02 1.000000e+03
         vertex 9.899264e+02 9.680505e+02 1.000000e+03
      endloop
   endfacet
   facet normal 0.000000e+00 -0.000000e+00 1.000000e+00
      outer loop
         vertex 6.992942e+02 4.628307e+01 1.000000e+03
         vertex 9.899264e+02 9.680505e+02 1.000000e+03
         vertex 6.909830e+02 4.894346e+01 1.000000e+03
      endloop
   endfacet
   facet normal 0.000000e+00 0.000000e+00 1.000000e+00
      outer loop
         vertex 6.909830e+02 4.894346e+01 1.000000e+03
         vertex 9.899264e+02 9.680505e+02 1.000000e+03
         vertex 9.896479e+02 9.681396e+02 1.000000e+03
      endloop
   endfacet
   facet normal 0.000000e+00 -0.000000e+00 1.000000e+00
      outer loop
         vertex 6.909830e+02 4.894346e+01 1.000000e+03
         vertex 9.896479e+02 9.681396e+02 1.000000e+03
         vertex 6.826953e+02 5.167633e+01 1.000000e+03
      endloop
   endfacet
   facet normal 0.000000e+00 0.000000e+00 1.000000e+00
      outer loop
         vertex 6.826953e+02 5.167633e+01 1.000000e+03
         vertex 9.896479e+02 9.681396e+02 1.000000e+03
         vertex 9.893703e+02 9.682312e+02 1.000000e+03
      endloop
   endfacet
   facet normal 0.000000e+00 -0.000000e+00 1.000000e+00
      outer loop
         vertex 6.826953e+02 5.167633e+01 1.000000e+03
         vertex 9.893703e+02 9.682312e+02 1.000000e+03
         vertex 6.744318e+02 5.448145e+01 1.000000e+03
      endloop
   endfacet
   facet normal 0.000000e+00 0.000000e+00 1.000000e+00
      outer loop
         vertex 6.744318e+02 5.448145e+01 1.000000e+03
         vertex 9.893703e+02 9.682312e+02 1.000000e+03
         vertex 9.890935e+02 9.683251e+02 1.000000e+03
      endloop
   endfacet
   facet normal 0.000000e+00 -0.000000e+00 1.000000e+00
      outer loop
         vertex 6.744318e+02 5.448145e+01 1.000000e+03
         vertex 9.890935e+02 9.683251e+02 1.000000e+03
         vertex 6.661931e+02 5.735850e+01 1.000000e+03
      endloop
   endfacet
   facet normal 0.000000e+00 0.000000e+00 1.000000e+00
      outer loop
         vertex 6.661931e+02 5.735850e+01 1.000000e+03
         vertex 9.890935e+02 9.683251e+02 1.000000e+03
         vertex 9.888175e+02 9.684215e+02 1.000000e+03
      endloop
   endfacet
   facet normal 0.000000e+00 -0.000000e+00 1.000000e+00
      outer loop
         vertex 6.661931e+02 5.735850e+01 1.000000e+03
         vertex 9.888175e+02 9.684215e+02 1.000000e+03
         vertex 6.579798e+02 6.030738e+01 1.000000e+03
      endloop
   endfacet
   facet normal 0.000000e+00 0.000000e+00 1.000000e+00
      outer loop
         vertex 6.579798e+02 6.030738e+01 1.000000e+03
         vertex 9.888175e+02 9.684215e+02 1.000000e+03
         vertex 9.885423e+02 9.685203e+02 1.000000e+03
      endloop
   endfacet
   facet normal 0.000000e+00 -0.000000e+00 1.000000e+00
      outer loop
         vertex 6.579798e+02 6.030738e+01 1.000000e+03
         vertex 9.885423e+02 9.685203e+02 1.000000e+03
         vertex 6.497926e+02 6.332779e+01 1.000000e+03
      endloop
   endfacet
   facet normal 0.000000e+00 0.000000e+00 1.000000e+00
      outer loop
         vertex 6.497926e+02 6.332779e+01 1.000000e+03
         vertex 9.885423e+02 9.685203e+02 1.000000e+03
         vertex 9.882681e+02 9.686215e+02 1.000000e+03
      endloop
   endfacet
   facet normal 0.000000e+00 -0.000000e+00 1.000000e+00
      outer loop
         vertex 6.497926e+02 6.332779e+01 1.000000e+03
         vertex 9.882681e+02 9.686215e+02 1.000000e+03
         vertex 6.416321e+02 6.641960e+01 1.000000e+03
      endloop
   endfacet
   facet normal 0.000000e+00 0.000000e+00 1.000000e+00
      outer loop
         vertex 6.416321e+02 6.641960e+01 1.000000e+03
         vertex 9.882681e+02 9.686215e+02 1.000000e+03
         vertex 9.879947e+02 9.687251e+02 1.000000e+03
      endloop
   endfacet
   facet normal 0.000000e+00 -0.000000e+00 1.000000e+00
      outer loop
         vertex 6.416321e+02 6.641960e+01 1.000000e+03
         vertex 9.879947e+02 9.687251e+02 1.000000e+03
         vertex 6.334988e+02 6.958240e+01 1.000000e+03
      endloop
   endfacet
   facet normal 0.000000e+00 0.000000e+00 1.000000e+00
      outer loop
         vertex 6.334988e+02 6.958240e+01 1.000000e+03
         vertex 9.879947e+02 9.687251e+02 1.000000e+03
         vertex 9.877222e+02 9.688310e+02 1.000000e+03
      endloop
   endfacet
   facet normal 0.000000e+00 -0.000000e+00 1.000000e+00
      outer loop
         vertex 6.334988e+02 6.958240e+01 1.000000e+03
         vertex 9.877222e+02 9.688310e+02 1.000000e+03
         vertex 6.253934e+02 7.281613e+01 1.000000e+03
      endloop
   endfacet
   facet normal 0.000000e+00 0.000000e+00 1.000000e+00
      outer loop
         vertex 6.253934e+02 7.281613e+01 1.000000e+03
         vertex 9.877222e+02 9.688310e+02 1.000000e+03
         vertex 9.874507e+02 9.689393e+02 1.000000e+03
      endloop
   endfacet
   facet normal 0.000000e+00 -0.000000e+00 1.000000e+00
      outer loop
         vertex 6.253934e+02 7.281613e+01 1.000000e+03
         vertex 9.874507e+02 9.689393e+02 1.000000e+03
         vertex 6.173166e+02 7.612050e+01 1.000000e+03
      endloop
   endfacet
   facet normal 0.000000e+00 0.000000e+00 1.000000e+00
      outer loop
         vertex 6.173166e+02 7.612050e+01 1.000000e+03
         vertex 9.874507e+02 9.689393e+02 1.000000e+03
         vertex 9.871801e+02 9.690500e+02 1.000000e+03
      endloop
   endfacet
   facet normal 0.000000e+00 -0.000000e+00 1.000000e+00
      outer loop
         vertex 6.173166e+02 7.612050e+01 1.000000e+03
         vertex 9.871801e+02 9.690500e+02 1.000000e+03
         vertex 6.092689e+02 7.949513e+01 1.000000e+03
      endloop
   endfacet
   facet normal 0.000000e+00 0.000000e+00 1.000000e+00
      outer loop
         vertex 6.092689e+02 7.949513e+01 1.000000e+03
         vertex 9.871801e+02 9.690500e+02 1.000000e+03
         vertex 9.869105e+02 9.691631e+02 1.000000e+03
      endloop
   endfacet
   facet normal 0.000000e+00 -0.000000e+00 1.000000e+00
      outer loop
         vertex 6.092689e+02 7.949513e+01 1.000000e+03
         vertex 9.869105e+02 9.691631e+02 1.000000e+03
         vertex 6.012509e+02 8.293992e+01 1.000000e+03
      endloop
   endfacet
   facet normal 0.000000e+00 0.000000e+00 1.000000e+00
      outer loop
         vertex 6.012509e+02 8.293992e+01 1.000000e+03
         vertex 9.869105e+02 9.691631e+02 1.000000e+03
         vertex 9.866419e+02 9.692785e+02 1.000000e+03
      endloop
   endfacet
   facet normal 0.000000e+00 -0.000000e+00 1.000000e+00
      outer loop
         vertex 6.012509e+02 8.293992e+01 1.000000e+03
         vertex 9.866419e+02 9.692785e+02 1.000000e+03
         vertex 5.932634e+02 8.645457e+01 1.000000e+03
      endloop
   endfacet
   facet normal 0.000000e+00 0.000000e+00 1.000000e+00
      outer loop
         vertex 5.932634e+02 8.645457e+01 1.000000e+03
         vertex 9.866419e+02 9.692785e+02 1.000000e+03
         vertex 9.863743e+02 9.693962e+02 1.000000e+03
      endloop
   endfacet
   facet normal 0.000000e+00 -0.000000e+00 1.000000e+00
      outer loop
         vertex 5.932634e+02 8.645457e+01 1.000000e+03
         vertex 9.863743e+02 9.693962e+02 1.000000e+03
         vertex 5.853068e+02 9.003872e+01 1.000000e+03
      endloop
   endfacet
   facet normal 0.000000e+00 0.000000e+00 1.000000e+00
      outer loop
         vertex 5.853068e+02 9.003872e+01 1.000000e+03
         vertex 9.863743e+02 9.693962e+02 1.000000e+03
         vertex 9.861078e+02 9.695163e+02 1.000000e+03
      endloop
   endfacet
   facet normal 0.000000e+00 -0.000000e+00 1.000000e+00
      outer loop
         vertex 5.853068e+02 9.003872e+01 1.000000e+03
         vertex 9.861078e+02 9.695163e+02 1.000000e+03
         vertex 5.773817e+02 9.369218e+01 1.000000e+03
      endloop
   endfacet
   facet normal 0.000000e+00 0.000000e+00 1.000000e+00
      outer loop
         vertex 5.773817e+02 9.369218e+01 1.000000e+03
         vertex 9.861078e+02 9.695163e+02 1.000000e+03
         vertex 9.858423e+02 9.696387e+02 1.000000e+03
      endloop
   endfacet
   facet normal 0.000000e+00 -0.000000e+00 1.000000e+00
      outer loop
         vertex 5.773817e+02 9.369218e+01 1.000000e+03
         vertex 9.858423e+02 9.696387e+02 1.000000e+03
         vertex 5.694889e+02 9.741473e+01 1.000000e+03
      endloop
   endfacet
   facet normal 0.000000e+00 0.000000e+00 1.000000e+00
      outer loop
         vertex 5.694889e+02 9.741473e+01 1.000000e+03
         vertex 9.858423e+02 9.696387e+02 1.000000e+03
         vertex 9.855779e+02 9.697634e+02 1.000000e+03
      endloop
   endfacet
   facet normal 0.000000e+00 -0.000000e+00 1.000000e+00
      outer loop
         vertex 5.694889e+02 9.741473e+01 1.000000e+03
         vertex 9.855779e+02 9.697634e+02 1.000000e+03
         vertex 5.616288e+02 1.012059e+02 1.000000e+03
      endloop
   endfacet
   facet normal 0.000000e+00 0.000000e+00 1.000000e+00
      outer loop
         vertex 5.616288e+02 1.012059e+02 1.000000e+03
         vertex 9.855779e+02 9.697634e+02 1.000000e+03
         vertex 9.853146e+02 9.698904e+02 1.000000e+03
      endloop
   endfacet
   facet normal 0.000000e+00 -0.000000e+00 1.000000e+00
      outer loop
         vertex 5.616288e+02 1.012059e+02 1.000000e+03
         vertex 9.853146e+02 9.698904e+02 1.000000e+03
         vertex 5.538022e+02 1.050656e+02 1.000000e+03
      endloop
   endfacet
   facet normal 0.000000e+00 0.000000e+00 1.000000e+00
      outer loop
         vertex 5.538022e+02 1.050656e+02 1.000000e+03
         vertex 9.853146e+02 9.698904e+02 1.000000e+03
         vertex 9.850524e+02 9.700197e+02 1.000000e+03
      endloop
   endfacet
   facet normal 0.000000e+00 -0.000000e+00 1.000000e+00
      outer loop
         vertex 5.538022e+02 1.050656e+02 1.000000e+03
         vertex 9.850524e+02 9.700197e+02 1.000000e+03
         vertex 5.460095e+02 1.089935e+02 1.000000e+03
      endloop
   endfacet
   facet normal 0.000000e+00 0.000000e+00 1.000000e+00
      outer loop
         vertex 5.460095e+02 1.089935e+02 1.000000e+03
         vertex 9.850524e+02 9.700197e+02 1.000000e+03
         vertex 9.847913e+02 9.701513e+02 1.000000e+03
      endloop
   endfacet
   facet normal 0.000000e+00 -0.000000e+00 1.000000e+00
      outer loop
         vertex 5.460095e+02 1.089935e+02 1.000000e+03
         vertex 9.847913e+02 9.701513e+02 1.000000e+03
         vertex 5.382514e+02 1.129892e+02 1.000000e+03
      endloop
   endfacet
   facet normal 0.000000e+00 0.000000e+00 1.000000e+00
      outer loop
         vertex 5.382514e+02 1.129892e+02 1.000000e+03
         vertex 9.847913e+02 9.701513e+02 1.000000e+03
         vertex 9.845314e+02 9.702851e+02 1.000000e+03
      endloop
   endfacet
   facet normal 0.000000e+00 -0.000000e+00 1.000000e+00
      outer loop
         vertex 5.382514e+02 1.129892e+02 1.000000e+03
         vertex 9.845314e+02 9.702851e+02 1.000000e+03
         vertex 5.305284e+02 1.170524e+02 1.000000e+03
      endloop
   endfacet
   facet normal 0.000000e+00 0.000000e+00 1.000000e+00
      outer loop
         vertex 5.305284e+02 1.170524e+02 1.000000e+03
         vertex 9.845314e+02 9.702851e+02 1.000000e+03
         vertex 9.842727e+02 9.704213e+02 1.000000e+03
      endloop
   endfacet
   facet normal 0.000000e+00 -0.000000e+00 1.000000e+00
      outer loop
         vertex 5.305284e+02 1.170524e+02 1.000000e+03
         vertex 9.842727e+02 9.704213e+02 1.000000e+03
         vertex 5.228412e+02 1.211829e+02 1.000000e+03
      endloop
   endfacet
   facet normal 0.000000e+00 0.000000e+00 1.000000e+00
      outer loop
         vertex 5.228412e+02 1.211829e+02 1.000000e+03
         vertex 9.842727e+02 9.704213e+02 1.000000e+03
         vertex 9.840152e+02 9.705596e+02 1.000000e+03
      endloop
   endfacet
   facet normal 0.000000e+00 -0.000000e+00 1.000000e+00
      outer loop
         vertex 5.228412e+02 1.211829e+02 1.000000e+03
         vertex 9.840152e+02 9.705596e+02 1.000000e+03
         vertex 5.151904e+02 1.253803e+02 1.000000e+03
      endloop
   endfacet
   facet normal 0.000000e+00 0.000000e+00 1.000000e+00
      outer loop
         vertex 5.151904e+02 1.253803e+02 1.000000e+03
         vertex 9.840152e+02 9.705596e+02 1.000000e+03
         vertex 9.837589e+02 9.707002e+02 1.000000e+03
      endloop
   endfacet
   facet normal 0.000000e+00 -0.000000e+00 1.000000e+00
      outer loop
         vertex 5.151904e+02 1.253803e+02 1.000000e+03
         vertex 9.837589e+02 9.707002e+02 1.000000e+03
         vertex 5.075764e+02 1.296443e+02 1.000000e+03
      endloop
   endfacet
   facet normal 0.000000e+00 0.000000e+00 1.000000e+00
      outer loop
         vertex 5.075764e+02 1.296443e+02 1.000000e+03
         vertex 9.837589e+02 9.707002e+02 1.000000e+03
         vertex 9.835038e+02 9.708431e+02 1.000000e+03
      endloop
   endfacet
   facet normal 0.000000e+00 -0.000000e+00 1.000000e+00
      outer loop
         vertex 5.075764e+02 1.296443e+02 1.000000e+03
         vertex 9.835038e+02 9.708431e+02 1.000000e+03
         vertex 5.000000e+02 1.339746e+02 1.000000e+03
      endloop
   endfacet
   facet normal 0.000000e+00 0.000000e+00 1.000000e+00
      outer loop
         vertex 5.000000e+02 1.339746e+02 1.000000e+03
         vertex 9.835038e+02 9.708431e+02 1.000000e+03
         vertex 9.832500e+02 9.709881e+02 1.000000e+03
      endloop
   endfacet
   facet normal 0.000000e+00 -0.000000e+00 1.000000e+00
      outer loop
         vertex 5.000000e+02 1.339746e+02 1.000000e+03
         vertex 9.832500e+02 9.709881e+02 1.000000e+03
         vertex 4.924616e+02 1.383708e+02 1.000000e+03
      endloop
   endfacet
   facet normal 0.000000e+00 0.000000e+00 1.000000e+00
      outer loop
         vertex 4.924616e+02 1.383708e+02 1.000000e+03
         vertex 9.832500e+02 9.709881e+02 1.000000e+03
         vertex 9.829975e+02 9.711354e+02 1.000000e+03
      endloop
   endfacet
   facet normal 0.000000e+00 -0.000000e+00 1.000000e+00
      outer loop
         vertex 4.924616e+02 1.383708e+02 1.000000e+03
         vertex 9.829975e+02 9.711354e+02 1.000000e+03
         vertex 4.849619e+02 1.428327e+02 1.000000e+03
      endloop
   endfacet
   facet normal 0.000000e+00 0.000000e+00 1.000000e+00
      outer loop
         vertex 4.849619e+02 1.428327e+02 1.000000e+03
         vertex 9.829975e+02 9.711354e+02 1.000000e+03
         vertex 9.827462e+02 9.712849e+02 1.000000e+03
      endloop
   endfacet
   facet normal 0.000000e+00 -0.000000e+00 1.000000e+00
      outer loop
         vertex 4.849619e+02 1.428327e+02 1.000000e+03
         vertex 9.827462e+02 9.712849e+02 1.000000e+03
         vertex 4.775015e+02 1.473598e+02 1.000000e+03
      endloop
   endfacet
   facet normal 0.000000e+00 0.000000e+00 1.000000e+00
      outer loop
         vertex 4.775015e+02 1.473598e+02 1.000000e+03
         vertex 9.827462e+02 9.712849e+02 1.000000e+03
         vertex 9.824963e+02 9.714366e+02 1.000000e+03
      endloop
   endfacet
   facet normal 0.000000e+00 -0.000000e+00 1.000000e+00
      outer loop
         vertex 4.775015e+02 1.473598e+02 1.000000e+03
         vertex 9.824963e+02 9.714366e+02 1.000000e+03
         vertex 4.700807e+02 1.519519e+02 1.000000e+03
      endloop
   endfacet
   facet normal 0.000000e+00 0.000000e+00 1.000000e+00
      outer loop
         vertex 4.700807e+02 1.519519e+02 1.000000e+03
         vertex 9.824963e+02 9.714366e+02 1.000000e+03
         vertex 9.822477e+02 9.715904e+02 1.000000e+03
      endloop
   endfacet
   facet normal 0.000000e+00 -0.000000e+00 1.000000e+00
      outer loop
         vertex 4.700807e+02 1.519519e+02 1.000000e+03
         vertex 9.822477e+02 9.715904e+02 1.000000e+03
         vertex 4.627004e+02 1.566086e+02 1.000000e+03
      endloop
   endfacet
   facet normal 0.000000e+00 0.000000e+00 1.000000e+00
      outer loop
         vertex 4.627004e+02 1.566086e+02 1.000000e+03
         vertex 9.822477e+02 9.715904e+02 1.000000e+03
         vertex 9.820005e+02 9.717464e+02 1.000000e+03
      endloop
   endfacet
   facet normal 0.000000e+00 -0.000000e+00 1.000000e+00
      outer loop
         vertex 4.627004e+02 1.566086e+02 1.000000e+03
         vertex 9.820005e+02 9.717464e+02 1.000000e+03
         vertex 4.553609e+02 1.613294e+02 1.000000e+03
      endloop
   endfacet
   facet normal 0.000000e+00 0.000000e+00 1.000000e+00
      outer loop
         vertex 4.553609e+02 1.613294e+02 1.000000e+03
         vertex 9.820005e+02 9.717464e+02 1.000000e+03
         vertex 9.817546e+02 9.719045e+02 1.000000e+03
      endloop
   endfacet
   facet normal 0.000000e+00 -0.000000e+00 1.000000e+00
      outer loop
         vertex 4.553609e+02 1.613294e+02 1.000000e+03
         vertex 9.817546e+02 9.719045e+02 1.000000e+03
         vertex 4.480630e+02 1.661142e+02 1.000000e+03
      endloop
   endfacet
   facet normal 0.000000e+00 0.000000e+00 1.000000e+00
      outer loop
         vertex 4.480630e+02 1.661142e+02 1.000000e+03
         vertex 9.817546e+02 9.719045e+02 1.000000e+03
         vertex 9.815101e+02 9.720648e+02 1.000000e+03
      endloop
   endfacet
   facet normal 0.000000e+00 -0.000000e+00 1.000000e+00
      outer loop
         vertex 4.480630e+02 1.661142e+02 1.000000e+03
         vertex 9.815101e+02 9.720648e+02 1.000000e+03
         vertex 4.408071e+02 1.709625e+02 1.000000e+03
      endloop
   endfacet
   facet normal 0.000000e+00 0.000000e+00 1.000000e+00
      outer loop
         vertex 4.408071e+02 1.709625e+02 1.000000e+03
         vertex 9.815101e+02 9.720648e+02 1.000000e+03
         vertex 9.812670e+02 9.722272e+02 1.000000e+03
      endloop
   endfacet
   facet normal 0.000000e+00 -0.000000e+00 1.000000e+00
      outer loop
         vertex 4.408071e+02 1.709625e+02 1.000000e+03
         vertex 9.812670e+02 9.722272e+02 1.000000e+03
         vertex 4.335938e+02 1.758738e+02 1.000000e+03
      endloop
   endfacet
   facet normal 0.000000e+00 0.000000e+00 1.000000e+00
      outer loop
         vertex 4.335938e+02 1.758738e+02 1.000000e+03
         vertex 9.812670e+02 9.722272e+02 1.000000e+03
         vertex 9.810254e+02 9.723918e+02 1.000000e+03
      endloop
   endfacet
   facet normal 0.000000e+00 -0.000000e+00 1.000000e+00
      outer loop
         vertex 4.335938e+02 1.758738e+02 1.000000e+03
         vertex 9.810254e+02 9.723918e+02 1.000000e+03
         vertex 4.264235e+02 1.808479e+02 1.000000e+03
      endloop
   endfacet
   facet normal 0.000000e+00 0.000000e+00 1.000000e+00
      outer loop
         vertex 4.264235e+02 1.808479e+02 1.000000e+03
         vertex 9.810254e+02 9.723918e+02 1.000000e+03
         vertex 9.807852e+02 9.725584e+02 1.000000e+03
      endloop
   endfacet
   facet normal 0.000000e+00 -0.000000e+00 1.000000e+00
      outer loop
         vertex 4.264235e+02 1.808479e+02 1.000000e+03
         vertex 9.807852e+02 9.725584e+02 1.000000e+03
         vertex 4.192970e+02 1.858845e+02 1.000000e+03
      endloop
   endfacet
   facet normal 0.000000e+00 0.000000e+00 1.000000e+00
      outer loop
         vertex 4.192970e+02 1.858845e+02 1.000000e+03
         vertex 9.807852e+02 9.725584e+02 1.000000e+03
         vertex 9.805465e+02 9.727271e+02 1.000000e+03
      endloop
   endfacet
   facet normal 0.000000e+00 -0.000000e+00 1.000000e+00
      outer loop
         vertex 4.192970e+02 1.858845e+02 1.000000e+03
         vertex 9.805465e+02 9.727271e+02 1.000000e+03
         vertex 4.122148e+02 1.909830e+02 1.000000e+03
      endloop
   endfacet
   facet normal 0.000000e+00 0.000000e+00 1.000000e+00
      outer loop
         vertex 4.122148e+02 1.909830e+02 1.000000e+03
         vertex 9.805465e+02 9.727271e+02 1.000000e+03
         vertex 9.803092e+02 9.728979e+02 1.000000e+03
      endloop
   endfacet
   facet normal 0.000000e+00 -0.000000e+00 1.000000e+00
      outer loop
         vertex 4.122148e+02 1.909830e+02 1.000000e+03
         vertex 9.803092e+02 9.728979e+02 1.000000e+03
         vertex 4.051772e+02 1.961432e+02 1.000000e+03
      endloop
   endfacet
   facet normal 0.000000e+00 0.000000e+00 1.000000e+00
      outer loop
         vertex 4.051772e+02 1.961432e+02 1.000000e+03
         vertex 9.803092e+02 9.728979e+02 1.000000e+03
         vertex 9.800734e+02 9.730708e+02 1.000000e+03
      endloop
   endfacet
   facet normal 0.000000e+00 -0.000000e+00 1.000000e+00
      outer loop
         vertex 4.051772e+02 1.961432e+02 1.000000e+03
         vertex 9.800734e+02 9.730708e+02 1.000000e+03
         vertex 3.981850e+02 2.013645e+02 1.000000e+03
      endloop
   endfacet
   facet normal 0.000000e+00 0.000000e+00 1.000000e+00
      outer loop
         vertex 3.981850e+02 2.013645e+02 1.000000e+03
         vertex 9.800734e+02 9.730708e+02 1.000000e+03
         vertex 9.798392e+02 9.732457e+02 1.000000e+03
      endloop
   endfacet
   facet normal 0.000000e+00 -0.000000e+00 1.000000e+00
      outer loop
         vertex 3.981850e+02 2.013645e+02 1.000000e+03
         vertex 9.798392e+02 9.732457e+02 1.000000e+03
         vertex 3.912386e+02 2.066467e+02 1.000000e+03
      endloop
   endfacet
   facet normal 0.000000e+00 0.000000e+00 1.000000e+00
      outer loop
         vertex 3.912386e+02 2.066467e+02 1.000000e+03
         vertex 9.798392e+02 9.732457e+02 1.000000e+03
         vertex 9.796065e+02 9.734227e+02 1.000000e+03
      endloop
   endfacet
   facet normal 0.000000e+00 -0.000000e+00 1.000000e+00
      outer loop
         vertex 3.912386e+02 2.066467e+02 1.000000e+03
         vertex 9.796065e+02 9.734227e+02 1.000000e+03
         vertex 3.843385e+02 2.119892e+02 1.000000e+03
      endloop
   endfacet
   facet normal 0.000000e+00 0.000000e+00 1.000000e+00
      outer loop
         vertex 3.843385e+02 2.119892e+02 1.000000e+03
         vertex 9.796065e+02 9.734227e+02 1.000000e+03
         vertex 9.793753e+02 9.736016e+02 1.000000e+03
      endloop
   endfacet
   facet normal 0.000000e+00 -0.000000e+00 1.000000e+00
      outer loop
         vertex 3.843385e+02 2.119892e+02 1.000000e+03
         vertex 9.793753e+02 9.736016e+02 1.000000e+03
         vertex 3.774853e+02 2.173918e+02 1.000000e+03
      endloop
   endfacet
   facet normal 0.000000e+00 0.000000e+00 1.000000e+00
      outer loop
         vertex 3.774853e+02 2.173918e+02 1.000000e+03
         vertex 9.793753e+02 9.736016e+02 1.000000e+03
         vertex 9.791458e+02 9.737826e+02 1.000000e+03
      endloop
   endfacet
   facet normal 0.000000e+00 -0.000000e+00 1.000000e+00
      outer loop
         vertex 3.774853e+02 2.173918e+02 1.000000e+03
         vertex 9.791458e+02 9.737826e+02 1.000000e+03
         vertex 3.706796e+02 2.228540e+02 1.000000e+03
      endloop
   endfacet
   facet normal 0.000000e+00 0.000000e+00 1.000000e+00
      outer loop
         vertex 3.706796e+02 2.228540e+02 1.000000e+03
         vertex 9.791458e+02 9.737826e+02 1.000000e+03
         vertex 9.789178e+02 9.739656e+02 1.000000e+03
      endloop
   endfacet
   facet normal 0.000000e+00 -0.000000e+00 1.000000e+00
      outer loop
         vertex 3.706796e+02 2.228540e+02 1.000000e+03
         vertex 9.789178e+02 9.739656e+02 1.000000e+03
         vertex 3.639218e+02 2.283754e+02 1.000000e+03
      endloop
   endfacet
   facet normal 0.000000e+00 0.000000e+00 1.000000e+00
      outer loop
         vertex 3.639218e+02 2.283754e+02 1.000000e+03
         vertex 9.789178e+02 9.739656e+02 1.000000e+03
         vertex 9.786914e+02 9.741506e+02 1.000000e+03
      endloop
   endfacet
   facet normal 0.000000e+00 -0.000000e+00 1.000000e+00
      outer loop
         vertex 3.639218e+02 2.283754e+02 1.000000e+03
         vertex 9.786914e+02 9.741506e+02 1.000000e+03
         vertex 3.572124e+02 2.339556e+02 1.000000e+03
      endloop
   endfacet
   facet normal 0.000000e+00 0.000000e+00 1.000000e+00
      outer loop
         vertex 3.572124e+02 2.339556e+02 1.000000e+03
         vertex 9.786914e+02 9.741506e+02 1.000000e+03
         vertex 9.784666e+02 9.743375e+02 1.000000e+03
      endloop
   endfacet
   facet normal 0.000000e+00 -0.000000e+00 1.000000e+00
      outer loop
         vertex 3.572124e+02 2.339556e+02 1.000000e+03
         vertex 9.784666e+02 9.743375e+02 1.000000e+03
         vertex 3.505520e+02 2.395940e+02 1.000000e+03
      endloop
   endfacet
   facet normal 0.000000e+00 0.000000e+00 1.000000e+00
      outer loop
         vertex 3.505520e+02 2.395940e+02 1.000000e+03
         vertex 9.784666e+02 9.743375e+02 1.000000e+03
         vertex 9.782435e+02 9.745264e+02 1.000000e+03
      endloop
   endfacet
   facet normal 0.000000e+00 -0.000000e+00 1.000000e+00
      outer loop
         vertex 3.505520e+02 2.395940e+02 1.000000e+03
         vertex 9.782435e+02 9.745264e+02 1.000000e+03
         vertex 3.439410e+02 2.452904e+02 1.000000e+03
      endloop
   endfacet
   facet normal 0.000000e+00 0.000000e+00 1.000000e+00
      outer loop
         vertex 3.439410e+02 2.452904e+02 1.000000e+03
         vertex 9.782435e+02 9.745264e+02 1.000000e+03
         vertex 9.780220e+02 9.747172e+02 1.000000e+03
      endloop
   endfacet
   facet normal 0.000000e+00 -0.000000e+00 1.000000e+00
      outer loop
         vertex 3.439410e+02 2.452904e+02 1.000000e+03
         vertex 9.780220e+02 9.747172e+02 1.000000e+03
         vertex 3.373799e+02 2.510443e+02 1.000000e+03
      endloop
   endfacet
   facet normal 0.000000e+00 0.000000e+00 1.000000e+00
      outer loop
         vertex 3.373799e+02 2.510443e+02 1.000000e+03
         vertex 9.780220e+02 9.747172e+02 1.000000e+03
         vertex 9.778022e+02 9.749100e+02 1.000000e+03
      endloop
   endfacet
   facet normal 0.000000e+00 -0.000000e+00 1.000000e+00
      outer loop
         vertex 3.373799e+02 2.510443e+02 1.000000e+03
         vertex 9.778022e+02 9.749100e+02 1.000000e+03
         vertex 3.308694e+02 2.568552e+02 1.000000e+03
      endloop
   endfacet
   facet normal 0.000000e+00 0.000000e+00 1.000000e+00
      outer loop
         vertex 3.308694e+02 2.568552e+02 1.000000e+03
         vertex 9.778022e+02 9.749100e+02 1.000000e+03
         vertex 9.775841e+02 9.751046e+02 1.000000e+03
      endloop
   endfacet
   facet normal 0.000000e+00 -0.000000e+00 1.000000e+00
      outer loop
         vertex 3.308694e+02 2.568552e+02 1.000000e+03
         vertex 9.775841e+02 9.751046e+02 1.000000e+03
         vertex 3.244098e+02 2.627227e+02 1.000000e+03
      endloop
   endfacet
   facet normal 0.000000e+00 0.000000e+00 1.000000e+00
      outer loop
         vertex 3.244098e+02 2.627227e+02 1.000000e+03
         vertex 9.775841e+02 9.751046e+02 1.000000e+03
         vertex 9.773677e+02 9.753012e+02 1.000000e+03
      endloop
   endfacet
   facet normal 0.000000e+00 -0.000000e+00 1.000000e+00
      outer loop
         vertex 3.244098e+02 2.627227e+02 1.000000e+03
         vertex 9.773677e+02 9.753012e+02 1.000000e+03
         vertex 3.180016e+02 2.686463e+02 1.000000e+03
      endloop
   endfacet
   facet normal 0.000000e+00 0.000000e+00 1.000000e+00
      outer loop
         vertex 3.180016e+02 2.686463e+02 1.000000e+03
         vertex 9.773677e+02 9.753012e+02 1.000000e+03
         vertex 9.771531e+02 9.754997e+02 1.000000e+03
      endloop
   endfacet
   facet normal 0.000000e+00 -0.000000e+00 1.000000e+00
      outer loop
         vertex 3.180016e+02 2.686463e+02 1.000000e+03
         vertex 9.771531e+02 9.754997e+02 1.000000e+03
         vertex 3.116454e+02 2.746256e+02 1.000000e+03
      endloop
   endfacet
   facet normal 0.000000e+00 0.000000e+00 1.000000e+00
      outer loop
         vertex 3.116454e+02 2.746256e+02 1.000000e+03
         vertex 9.771531e+02 9.754997e+02 1.000000e+03
         vertex 9.769401e+02 9.757000e+02 1.000000e+03
      endloop
   endfacet
   facet normal 0.000000e+00 -0.000000e+00 1.000000e+00
      outer loop
         vertex 3.116454e+02 2.746256e+02 1.000000e+03
         vertex 9.769401e+02 9.757000e+02 1.000000e+03
         vertex 3.053416e+02 2.806602e+02 1.000000e+03
      endloop
   endfacet
   facet normal 0.000000e+00 0.000000e+00 1.000000e+00
      outer loop
         vertex 3.053416e+02 2.806602e+02 1.000000e+03
         vertex 9.769401e+02 9.757000e+02 1.000000e+03
         vertex 9.767289e+02 9.759021e+02 1.000000e+03
      endloop
   endfacet
   facet normal 0.000000e+00 -0.000000e+00 1.000000e+00
      outer loop
         vertex 3.053416e+02 2.806602e+02 1.000000e+03
         vertex 9.767289e+02 9.759021e+02 1.000000e+03
         vertex 2.990907e+02 2.867495e+02 1.000000e+03
      endloop
   endfacet
   facet normal 0.000000e+00 0.000000e+00 1.000000e+00
      outer loop
         vertex 2.990907e+02 2.867495e+02 1.000000e+03
         vertex 9.767289e+02 9.759021e+02 1.000000e+03
         vertex 9.765195e+02 9.761061e+02 1.000000e+03
      endloop
   endfacet
   facet normal 0.000000e+00 -0.000000e+00 1.000000e+00
      outer loop
         vertex 2.990907e+02 2.867495e+02 1.000000e+03
         vertex 9.765195e+02 9.761061e+02 1.000000e+03
         vertex 2.928932e+02 2.928932e+02 1.000000e+03
      endloop
   endfacet
   facet normal 0.000000e+00 0.000000e+00 1.000000e+00
      outer loop
         vertex 2.928932e+02 2.928932e+02 1.000000e+03
         vertex 9.765195e+02 9.761061e+02 1.000000e+03
         vertex 9.763119e+02 9.763119e+02 1.000000e+03
      endloop
   endfacet
   facet normal 0.000000e+00 -0.000000e+00 1.000000e+00
      outer loop
         vertex 2.928932e+02 2.928932e+02 1.000000e+03
         vertex 9.763119e+02 9.763119e+02 1.000000e+03
         vertex 2.867495e+02 2.990907e+02 1.000000e+03
      endloop
   endfacet
   facet normal 0.000000e+00 0.000000e+00 1.000000e+00
      outer loop
         vertex 2.867495e+02 2.990907e+02 1.000000e+03
         vertex 9.763119e+02 9.763119e+02 1.000000e+03
         vertex 9.761061e+02 9.765195e+02 1.000000e+03
      endloop
   endfacet
   facet normal 0.000000e+00 -0.000000e+00 1.000000e+00
      outer loop
         vertex 2.867495e+02 2.990907e+02 1.000000e+03
         vertex 9.761061e+02 9.765195e+02 1.000000e+03
         vertex 2.806602e+02 3.053416e+02 1.000000e+03
      endloop
   endfacet
   facet normal 0.000000e+00 0.000000e+00 1.000000e+00
      outer loop
         vertex 2.806602e+02 3.053416e+02 1.000000e+03
         vertex 9.761061e+02 9.765195e+02 1.000000e+03
         vertex 9.759021e+02 9.767289e+02 1.000000e+03
      endloop
   endfacet
   facet normal 0.000000e+00 -0.000000e+00 1.000000e+00
      outer loop
         vertex 2.806602e+02 3.053416e+02 1.000000e+03
         vertex 9.759021e+02 9.767289e+02 1.000000e+03
         vertex 2.746256e+02 3.116454e+02 1.000000e+03
      endloop
   endfacet
   facet normal 0.000000e+00 0.000000e+00 1.000000e+00
      outer loop
         vertex 2.746256e+02 3.116454e+02 1.000000e+03
         vertex 9.759021e+02 9.767289e+02 1.000000e+03
         vertex 9.757000e+02 9.769401e+02 1.000000e+03
      endloop
   endfacet
   facet normal 0.000000e+00 -0.000000e+00 1.000000e+00
      outer loop
         vertex 2.746256e+02 3.116454e+02 1.000000e+03
         vertex 9.757000e+02 9.769401e+02 1.000000e+03
         vertex 2.686463e+02 3.180016e+02 1.000000e+03
      endloop
   endfacet
   facet normal 0.000000e+00 0.000000e+00 1.000000e+00
      outer loop
         vertex 2.686463e+02 3.180016e+02 1.000000e+03
         vertex 9.757000e+02 9.769401e+02 1.000000e+03
         vertex 9.754997e+02 9.771531e+02 1.000000e+03
      endloop
   endfacet
   facet normal 0.000000e+00 -0.000000e+00 1.000000e+00
      outer loop
         vertex 2.686463e+02 3.180016e+02 1.000000e+03
         vertex 9.754997e+02 9.771531e+02 1.000000e+03
         vertex 2.627227e+02 3.244098e+02 1.000000e+03
      endloop
   endfacet
   facet normal 0.000000e+00 0.000000e+00 1.000000e+00
      outer loop
         vertex 2.627227e+02 3.244098e+02 1.000000e+03
         vertex 9.754997e+02 9.771531e+02 1.000000e+03
         vertex 9.753012e+02 9.773677e+02 1.000000e+03
      endloop
   endfacet
   facet normal 0.000000e+00 -0.000000e+00 1.000000e+00
      outer loop
         vertex 2.627227e+02 3.244098e+02 1.000000e+03
         vertex 9.753012e+02 9.773677e+02 1.000000e+03
         vertex 2.568552e+02 3.308694e+02 1.000000e+03
      endloop
   endfacet
   facet normal 0.000000e+00 0.000000e+00 1.000000e+00
      outer loop
         vertex 2.568552e+02 3.308694e+02 1.000000e+03
         vertex 9.753012e+02 9.773677e+02 1.000000e+03
         vertex 9.751046e+02 9.775841e+02 1.000000e+03
      endloop
   endfacet
   facet normal 0.000000e+00 -0.000000e+00 1.000000e+00
      outer loop
         vertex 2.568552e+02 3.308694e+02 1.000000e+03
         vertex 9.751046e+02 9.775841e+02 1.000000e+03
         vertex 2.510443e+02 3.373799e+02 1.000000e+03
      endloop
   endfacet
   facet normal 0.000000e+00 0.000000e+00 1.000000e+00
      outer loop
         vertex 2.510443e+02 3.373799e+02 1.000000e+03
         vertex 9.751046e+02 9.775841e+02 1.000000e+03
         vertex 9.749100e+02 9.778022e+02 1.000000e+03
      endloop
   endfacet
   facet normal 0.000000e+00 -0.000000e+00 1.000000e+00
      outer loop
         vertex 2.510443e+02 3.373799e+02 1.000000e+03
         vertex 9.749100e+02 9.778022e+02 1.000000e+03
         vertex 2.452904e+02 3.439410e+02 1.000000e+03
      endloop
   endfacet
   facet normal 0.000000e+00 0.000000e+00 1.000000e+00
      outer loop
         vertex 2.452904e+02 3.439410e+02 1.000000e+03
         vertex 9.749100e+02 9.778022e+02 1.000000e+03
         vertex 9.747172e+02 9.780220e+02 1.000000e+03
      endloop
   endfacet
   facet normal 0.000000e+00 -0.000000e+00 1.000000e+00
      outer loop
         vertex 2.452904e+02 3.439410e+02 1.000000e+03
         vertex 9.747172e+02 9.780220e+02 1.000000e+03
         vertex 2.395940e+02 3.505520e+02 1.000000e+03
      endloop
   endfacet
   facet normal 0.000000e+00 0.000000e+00 1.000000e+00
      outer loop
         vertex 2.395940e+02 3.505520e+02 1.000000e+03
         vertex 9.747172e+02 9.780220e+02 1.000000e+03
         vertex 9.745264e+02 9.782435e+02 1.000000e+03
      endloop
   endfacet
   facet normal 0.000000e+00 -0.000000e+00 1.000000e+00
      outer loop
         vertex 2.395940e+02 3.505520e+02 1.000000e+03
         vertex 9.745264e+02 9.782435e+02 1.000000e+03
         vertex 2.339556e+02 3.572124e+02 1.000000e+03
      endloop
   endfacet
   facet normal 0.000000e+00 0.000000e+00 1.000000e+00
      outer loop
         vertex 2.339556e+02 3.572124e+02 1.000000e+03
         vertex 9.745264e+02 9.782435e+02 1.000000e+03
         vertex 9.743375e+02 9.784666e+02 1.000000e+03
      endloop
   endfacet
   facet normal 0.000000e+00 -0.000000e+00 1.000000e+00
      outer loop
         vertex 2.339556e+02 3.572124e+02 1.000000e+03
         vertex 9.743375e+02 9.784666e+02 1.000000e+03
         vertex 2.283754e+02 3.639218e+02 1.000000e+03
      endloop
   endfacet
   facet normal 0.000000e+00 0.000000e+00 1.000000e+00
      outer loop
         vertex 2.283754e+02 3.639218e+02 1.000000e+03
         vertex 9.743375e+02 9.784666e+02 1.000000e+03
         vertex 9.741506e+02 9.786914e+02 1.000000e+03
      endloop
   endfacet
   facet normal 0.000000e+00 -0.000000e+00 1.000000e+00
      outer loop
         vertex 2.283754e+02 3.639218e+02 1.000000e+03
         vertex 9.741506e+02 9.786914e+02 1.000000e+03
         vertex 2.228540e+02 3.706796e+02 1.000000e+03
      endloop
   endfacet
   facet normal 0.000000e+00 0.000000e+00 1.000000e+00
      outer loop
         vertex 2.228540e+02 3.706796e+02 1.000000e+03
         vertex 9.741506e+02 9.786914e+02 1.000000e+03
         vertex 9.739656e+02 9.789178e+02 1.000000e+03
      endloop
   endfacet
   facet normal 0.000000e+00 -0.000000e+00 1.000000e+00
      outer loop
         vertex 2.228540e+02 3.706796e+02 1.000000e+03
         vertex 9.739656e+02 9.789178e+02 1.000000e+03
         vertex 2.173918e+02 3.774853e+02 1.000000e+03
      endloop
   endfacet
   facet normal 0.000000e+00 0.000000e+00 1.000000e+00
      outer loop
         vertex 2.173918e+02 3.774853e+02 1.000000e+03
         vertex 9.739656e+02 9.789178e+02 1.000000e+03
         vertex 9.737826e+02 9.791458e+02 1.000000e+03
      endloop
   endfacet
   facet normal 0.000000e+00 -0.000000e+00 1.000000e+00
      outer loop
         vertex 2.173918e+02 3.774853e+02 1.000000e+03
         vertex 9.737826e+02 9.791458e+02 1.000000e+03
         vertex 2.119892e+02 3.843385e+02 1.000000e+03
      endloop
   endfacet
   facet normal 0.000000e+00 0.000000e+00 1.000000e+00
      outer loop
         vertex 2.119892e+02 3.843385e+02 1.000000e+03
         vertex 9.737826e+02 9.791458e+02 1.000000e+03
         vertex 9.736016e+02 9.793753e+02 1.000000e+03
      endloop
   endfacet
   facet normal 0.000000e+00 -0.000000e+00 1.000000e+00
      outer loop
         vertex 2.119892e+02 3.843385e+02 1.000000e+03
         vertex 9.736016e+02 9.793753e+02 1.000000e+03
         vertex 2.066467e+02 3.912386e+02 1.000000e+03
      endloop
   endfacet
   facet normal 0.000000e+00 0.000000e+00 1.000000e+00
      outer loop
         vertex 2.066467e+02 3.912386e+02 1.000000e+03
         vertex 9.736016e+02 9.793753e+02 1.000000e+03
         vertex 9.734227e+02 9.796065e+02 1.000000e+03
      endloop
   endfacet
   facet normal 0.000000e+00 -0.000000e+00 1.000000e+00
      outer loop
         vertex 2.066467e+02 3.912386e+02 1.000000e+03
         vertex 9.734227e+02 9.796065e+02 1.000000e+03
         vertex 2.013645e+02 3.981850e+02 1.000000e+03
      endloop
   endfacet
   facet normal 0.000000e+00 0.000000e+00 1.000000e+00
      outer loop
         vertex 2.013645e+02 3.981850e+02 1.000000e+03
         vertex 9.734227e+02 9.796065e+02 1.000000e+03
         vertex 9.732457e+02 9.798392e+02 1.000000e+03
      endloop
   endfacet
   facet normal 0.000000e+00 -0.000000e+00 1.000000e+00
      outer loop
         vertex 2.013645e+02 3.981850e+02 1.000000e+03
         vertex 9.732457e+02 9.798392e+02 1.000000e+03
         vertex 1.961432e+02 4.051772e+02 1.000000e+03
      endloop
   endfacet
   facet normal 0.000000e+00 0.000000e+00 1.000000e+00
      outer loop
         vertex 1.961432e+02 4.051772e+02 1.000000e+03
         vertex 9.732457e+02 9.798392e+02 1.000000e+03
         vertex 9.730708e+02 9.800734e+02 1.000000e+03
      endloop
   endfacet
   facet normal 0.000000e+00 -0.000000e+00 1.000000e+00
      outer loop
         vertex 1.961432e+02 4.051772e+02 1.000000e+03
         vertex 9.730708e+02 9.800734e+02 1.000000e+03
         vertex 1.909830e+02 4.122148e+02 1.000000e+03
      endloop
   endfacet
   facet normal 0.000000e+00 0.000000e+00 1.000000e+00
      outer loop
         vertex 1.909830e+02 4.122148e+02 1.000000e+03
         vertex 9.730708e+02 9.800734e+02 1.000000e+03
         vertex 9.728979e+02 9.803092e+02 1.000000e+03
      endloop
   endfacet
   facet normal 0.000000e+00 -0.000000e+00 1.000000e+00
      outer loop
         vertex 1.909830e+02 4.122148e+02 1.000000e+03
         vertex 9.728979e+02 9.803092e+02 1.000000e+03
         vertex 1.858845e+02 4.192970e+02 1.000000e+03
      endloop
   endfacet
   facet normal 0.000000e+00 0.000000e+00 1.000000e+00
      outer loop
         vertex 1.858845e+02 4.192970e+02 1.000000e+03
         vertex 9.728979e+02 9.803092e+02 1.000000e+03
         vertex 9.727271e+02 9.805465e+02 1.000000e+03
      endloop
   endfacet
   facet normal 0.000000e+00 -0.000000e+00 1.000000e+00
      outer loop
         vertex 1.858845e+02 4.192970e+02 1.000000e+03
         vertex 9.727271e+02 9.805465e+02 1.000000e+03
         vertex 1.808479e+02 4.264235e+02 1.000000e+03
      endloop
   endfacet
   facet normal 0.000000e+00 0.000000e+00 1.000000e+00
      outer loop
         vertex 1.808479e+02 4.264235e+02 1.000000e+03
         vertex 9.727271e+02 9.805465e+02 1.000000e+03
         vertex 9.725584e+02 9.807852e+02 1.000000e+03
      endloop
   endfacet
   facet normal 0.000000e+00 -0.000000e+00 1.000000e+00
      outer loop
         vertex 1.808479e+02 4.264235e+02 1.000000e+03
         vertex 9.725584e+02 9.807852e+02 1.000000e+03
         vertex 1.758738e+02 4.335938e+02 1.000000e+03
      endloop
   endfacet
   facet normal 0.000000e+00 0.000000e+00 1.000000e+00
      outer loop
         vertex 1.758738e+02 4.335938e+02 1.000000e+03
         vertex 9.725584e+02 9.807852e+02 1.000000e+03
         vertex 9.723918e+02 9.810254e+02 1.000000e+03
      endloop
   endfacet
   facet normal 0.000000e+00 -0.000000e+00 1.000000e+00
      outer loop
         vertex 1.758738e+02 4.335938e+02 1.000000e+03
         vertex 9.723918e+02 9.810254e+02 1.000000e+03
         vertex 1.709625e+02 4.408071e+02 1.000000e+03
      endloop
   endfacet
   facet normal 0.000000e+00 0.000000e+00 1.000000e+00
      outer loop
         vertex 1.709625e+02 4.408071e+02 1.000000e+03
         vertex 9.723918e+02 9.810254e+02 1.000000e+03
         vertex 9.722272e+02 9.812670e+02 1.000000e+03
      endloop
   endfacet
   facet normal 0.000000e+00 -0.000000e+00 1.000000e+00
      outer loop
         vertex 1.709625e+02 4.408071e+02 1.000000e+03
         vertex 9.722272e+02 9.812670e+02 1.000000e+03
         vertex 1.661142e+02 4.480630e+02 1.000000e+03
      endloop
   endfacet
   facet normal 0.000000e+00 0.000000e+00 1.000000e+00
      outer loop
         vertex 1.661142e+02 4.480630e+02 1.000000e+03
         vertex 9.722272e+02 9.812670e+02 1.000000e+03
         vertex 9.720648e+02 9.815101e+02 1.000000e+03
      endloop
   endfacet
   facet normal 0.000000e+00 -0.000000e+00 1.000000e+00
      outer loop
         vertex 1.661142e+02 4.480630e+02 1.000000e+03
         vertex 9.720648e+02 9.815101e+02 1.000000e+03
         vertex 1.613294e+02 4.553609e+02 1.000000e+03
      endloop
   endfacet
   facet normal 0.000000e+00 0.000000e+00 1.000000e+00
      outer loop
         vertex 1.613294e+02 4.553609e+02 1.000000e+03
         vertex 9.720648e+02 9.815101e+02 1.000000e+03
         vertex 9.719045e+02 9.817546e+02 1.000000e+03
      endloop
   endfacet
   facet normal 0.000000e+00 -0.000000e+00 1.000000e+00
      outer loop
         vertex 1.613294e+02 4.553609e+02 1.000000e+03
         vertex 9.719045e+02 9.817546e+02 1.000000e+03
         vertex 1.566086e+02 4.627004e+02 1.000000e+03
      endloop
   endfacet
   facet normal 0.000000e+00 0.000000e+00 1.000000e+00
      outer loop
         vertex 1.566086e+02 4.627004e+02 1.000000e+03
         vertex 9.719045e+02 9.817546e+02 1.000000e+03
         vertex 9.717464e+02 9.820005e+02 1.000000e+03
      endloop
   endfacet
   facet normal 0.000000e+00 -0.000000e+00 1.000000e+00
      outer loop
         vertex 1.566086e+02 4.627004e+02 1.000000e+03
         vertex 9.717464e+02 9.820005e+02 1.000000e+03
         vertex 1.519519e+02 4.700807e+02 1.000000e+03
      endloop
   endfacet
   facet normal 0.000000e+00 0.000000e+00 1.000000e+00
      outer loop
         vertex 1.519519e+02 4.700807e+02 1.000000e+03
         vertex 9.717464e+02 9.820005e+02 1.000000e+03
         vertex 9.715904e+02 9.822477e+02 1.000000e+03
      endloop
   endfacet
   facet normal 0.000000e+00 -0.000000e+00 1.000000e+00
      outer loop
         vertex 1.519519e+02 4.700807e+02 1.000000e+03
         vertex 9.715904e+02 9.822477e+02 1.000000e+03
         vertex 1.473598e+02 4.775015e+02 1.000000e+03
      endloop
   endfacet
   facet normal 0.000000e+00 0.000000e+00 1.000000e+00
      outer loop
         vertex 1.473598e+02 4.775015e+02 1.000000e+03
         vertex 9.715904e+02 9.822477e+02 1.000000e+03
         vertex 9.714366e+02 9.824963e+02 1.000000e+03
      endloop
   endfacet
   facet normal 0.000000e+00 -0.000000e+00 1.000000e+00
      outer loop
         vertex 1.473598e+02 4.775015e+02 1.000000e+03
         vertex 9.714366e+02 9.824963e+02 1.000000e+03
         vertex 1.428327e+02 4.849619e+02 1.000000e+03
      endloop
   endfacet
   facet normal 0.000000e+00 0.000000e+00 1.000000e+00
      outer loop
         vertex 1.428327e+02 4.849619e+02 1.000000e+03
         vertex 9.714366e+02 9.824963e+02 1.000000e+03
         vertex 9.712849e+02 9.827462e+02 1.000000e+03
      endloop
   endfacet
endsolid A_buet_konveks_gap1000_0